﻿;;;;;;;;;;
;;;;;;;;;;
;;;;;;;;;;
;;;;;;;;;;
;;;;;;;;;;
Return to Contents;;;;;;;;;;
_;;;;;;;;;;
Table 3a: Appointments by Status, at National, Regional, STP and CCG level, England, July 20203;;;;;;;;;;
;;;;Count of Open GP Practices1;Count of Included GP Practices;Count of Appointments;;"Count of Appointments by 
Appointment Status";;
Type;NHS Area Code;ONS Code;Name;;;Total;;Attended;DNA;Unknown2
Type;NHS Area Code;ONS Code;Name;Open Active Practices;Included Practices;Total;_;Attended;DNA;Unknown
National;ENG;ENG;England;6 717;6 542;22 413 336;;20 538 092;690 411;1 184 833
Region;Y56;E40000003;London;1 240;1 190;3 207 428;;2 962 009;121 030;124 389
Region;Y58;E40000006;South West;573;565;2 585 106;;2 361 514;71 865;151 727
Region;Y59;E40000005;South East;868;839;3 331 656;;3 088 348;97 716;145 592
Region;Y60;E40000008;Midlands;1 313;1 296;4 233 213;;3 871 599;134 634;226 980
Region;Y61;E40000007;East of England;679;667;2 653 063;;2 430 947;59 336;162 780
Region;Y62;E40000010;North West;1 013;966;2 568 078;;2 355 432;104 874;107 772
Region;Y63;E40000009;North East and Yorkshire;1 031;1 019;3 834 792;;3 468 243;100 956;265 593
STP;QE1;E54000048;Healthier Lancashire And South Cumbria  STP;206;200;626 295;;582 736;22 536;21 023
STP;QF7;E54000009;South Yorkshire And Bassetlaw  STP;189;189;661 452;;591 373;19 020;51 059
STP;QGH;E54000019;Herefordshire And Worcestershire  STP;83;83;323 125;;304 486;10 221;8 418
STP;QH8;E54000026;Mid And South Essex  STP;154;150;444 369;;408 974;7 570;27 825
STP;QHG;E54000024;Bedfordshire, Luton And Milton Keynes  STP;98;97;378 301;;343 870;8 559;25 872
STP;QHL;E54000017;Birmingham And Solihull  STP;163;159;465 281;;425 854;19 099;20 328
STP;QHM;E54000050;Cumbria And North East  STP;369;367;1 365 376;;1 245 266;40 971;79 139
STP;QJ2;E54000012;Joined Up Care Derbyshire  STP;112;112;467 423;;418 604;10 000;38 819
STP;QJG;E54000023;Suffolk And North East Essex  STP;96;94;421 818;;390 335;8 843;22 640
STP;QJK;E54000037;Devon  STP;123;121;608 676;;552 717;15 914;40 045
STP;QJM;E54000013;Lincolnshire  STP;85;85;297 015;;268 718;7 814;20 483
STP;QK1;E54000015;Leicester, Leicestershire And Rutland  STP;134;133;456 706;;416 981;11 025;28 700
STP;QKK;E54000030;Our Healthier South East London  STP;210;201;622 988;;571 119;27 013;24 856
STP;QKS;E54000032;Kent And Medway  STP;202;188;636 758;;586 282;21 428;29 048
STP;QM7;E54000025;Hertfordshire And West Essex  STP;139;136;537 073;;492 071;13 406;31 596
STP;QMF;E54000029;East London Health And Care Partnership  STP;282;274;691 891;;639 202;27 911;24 778
STP;QMJ;E54000028;North London Partners In Health And Care  STP;207;184;478 466;;443 306;19 085;16 075
STP;QMM;E54000022;Norfolk And Waveney Health And Care Partnership  STP;106;104;473 296;;430 861;10 865;31 570
STP;QNC;E54000010;Staffordshire And Stoke On Trent  STP;150;149;382 981;;355 018;13 199;14 764
STP;QNQ;E54000034;Frimley Health And Care Ics  STP;74;71;266 980;;251 482;8 252;7 246
STP;QNX;E54000053;Sussex And East Surrey Health And Care Partnership  STP;176;173;700 181;;636 030;17 358;46 793
STP;QOC;E54000011;Shropshire And Telford And Wrekin  STP;54;54;198 794;;187 455;5 934;5 405
STP;QOP;E54000007;Greater Manchester Health And Social Care Partnership  STP;448;411;950 126;;861 069;43 552;45 505
STP;QOQ;E54000051;Humber, Coast And Vale  STP;184;181;697 614;;625 612;15 874;56 128
STP;QOX;E54000040;Bath And North East Somerset, Swindon And Wiltshire  STP;93;92;430 278;;389 574;7 816;32 888
STP;QPM;E54000020;Northamptonshire  STP;70;69;305 928;;279 742;6 494;19 692
STP;QR1;E54000043;Gloucestershire  STP;74;71;273 646;;251 285;6 340;16 021
STP;QRL;E54000042;Hampshire And The Isle Of Wight  STP;150;145;671 915;;626 475;18 967;26 473
STP;QRV;E54000027;North West London Health And Care Partnership  STP;358;353;872 474;;806 062;26 205;40 207
STP;QSL;E54000038;Somerset  STP;65;65;239 881;;223 108;8 288;8 485
STP;QT1;E54000014;Nottingham And Nottinghamshire Health And Care  STP;130;123;456 346;;406 186;12 902;37 258
STP;QT6;E54000036;Cornwall And The Isles Of Scilly Health And Social Care Partnership  STP;59;59;305 476;;276 858;12 921;15 697
STP;QU9;E54000044;Buckinghamshire, Oxfordshire And Berkshire West  STP;162;159;681 258;;637 924;19 215;24 119
STP;QUA;E54000016;The Black Country And West Birmingham  STP;209;207;520 446;;474 352;24 710;21 384
STP;QUE;E54000021;Cambridgeshire And Peterborough  STP;86;86;398 206;;364 836;10 093;23 277
STP;QUY;E54000039;Bristol, North Somerset And South Gloucestershire  STP;79;78;376 999;;353 130;13 443;10 426
STP;QVV;E54000041;Dorset  STP;80;79;350 150;;314 842;7 143;28 165
STP;QWE;E54000031;South West London Health And Care Partnership  STP;183;178;541 609;;502 320;20 816;18 473
STP;QWO;E54000054;West Yorkshire And Harrogate (Health And Care Partnership)  STP;289;282;1 110 350;;1 005 992;25 091;79 267
STP;QWU;E54000018;Coventry And Warwickshire  STP;123;122;359 168;;334 203;13 236;11 729
STP;QXU;E54000052;Surrey Heartlands Health And Care Partnership  STP;104;103;374 564;;350 155;12 496;11 913
STP;QYG;E54000008;Cheshire And Merseyside  STP;359;355;991 657;;911 627;38 786;41 244
CCG;00L;E38000130;NHS Northumberland CCG;41;41;156 063;;141 080;3 939;11 044
CCG;00N;E38000163;NHS South Tyneside CCG;21;21;55 149;;51 706;1 770;1 673
CCG;00P;E38000176;NHS Sunderland CCG;39;38;116 789;;107 152;5 602;4 035
CCG;00Q;E38000014;NHS Blackburn with Darwen CCG;23;23;58 027;;53 610;3 041;1 376
CCG;00R;E38000015;NHS Blackpool CCG;18;17;75 096;;70 784;3 120;1 192
CCG;00T;E38000016;NHS Bolton CCG;49;49;122 253;;111 027;5 664;5 562
CCG;00V;E38000024;NHS Bury CCG;26;9;17 232;;13 858;939;2 435
CCG;00X;E38000034;NHS Chorley and South Ribble CCG;26;25;58 100;;53 380;1 886;2 834
CCG;00Y;E38000135;NHS Oldham CCG;42;42;84 356;;78 202;3 668;2 486
CCG;01A;E38000050;NHS East Lancashire CCG;48;48;132 699;;122 799;5 083;4 817
CCG;01D;E38000080;NHS Heywood, Middleton and Rochdale CCG;41;36;79 472;;73 785;3 400;2 287
CCG;01E;E38000227;NHS Greater Preston CCG;23;22;65 154;;60 659;2 486;2 009
CCG;01F;E38000068;NHS Halton CCG;14;14;48 717;;44 114;2 166;2 437
CCG;01G;E38000143;NHS Salford CCG;41;35;109 285;;93 376;5 306;10 603
CCG;01H;E38000215;NHS North Cumbria CCG;39;39;146 755;;136 418;4 633;5 704
CCG;01J;E38000091;NHS Knowsley CCG;25;25;66 213;;60 275;2 741;3 197
CCG;01K;E38000228;NHS Morecambe Bay CCG;34;32;124 439;;116 898;4 111;3 430
CCG;01T;E38000161;NHS South Sefton CCG;31;30;47 488;;44 719;1 714;1 055
CCG;01V;E38000170;NHS Southport and Formby CCG;17;17;47 884;;44 731;1 369;1 784
CCG;01W;E38000174;NHS Stockport CCG;37;37;118 510;;109 392;4 698;4 420
CCG;01X;E38000172;NHS St Helens CCG;33;32;64 917;;59 311;2 780;2 826
CCG;01Y;E38000182;NHS Tameside and Glossop CCG;37;37;91 355;;83 413;4 115;3 827
CCG;02A;E38000187;NHS Trafford CCG;30;28;46 877;;42 342;2 362;2 173
CCG;02E;E38000194;NHS Warrington CCG;26;26;87 106;;80 823;1 983;4 300
CCG;02G;E38000200;NHS West Lancashire CCG;15;15;38 667;;35 482;1 176;2 009
CCG;02H;E38000205;NHS Wigan Borough CCG;60;55;79 657;;71 481;3 450;4 726
CCG;02M;E38000226;NHS Fylde and Wyre CCG;19;18;74 113;;69 124;1 633;3 356
CCG;02P;E38000006;NHS Barnsley CCG;33;33;106 909;;96 056;3 070;7 783
CCG;02Q;E38000008;NHS Bassetlaw CCG;9;9;52 325;;45 883;1 432;5 010
CCG;02T;E38000025;NHS Calderdale CCG;22;21;80 695;;74 534;1 683;4 478
CCG;02X;E38000044;NHS Doncaster CCG;39;39;126 003;;115 342;3 745;6 916
CCG;02Y;E38000052;NHS East Riding of Yorkshire CCG;29;29;113 108;;105 065;2 629;5 414
CCG;03A;E38000064;NHS Greater Huddersfield CCG;38;37;101 906;;93 814;2 287;5 805
CCG;03F;E38000085;NHS Hull CCG;33;33;101 648;;89 366;3 931;8 351
CCG;03H;E38000119;NHS North East Lincolnshire CCG;26;24;80 839;;72 139;1 750;6 950
CCG;03J;E38000121;NHS North Kirklees CCG;28;27;87 318;;81 083;1 782;4 453
CCG;03K;E38000122;NHS North Lincolnshire CCG;19;19;82 465;;71 732;1 257;9 476
CCG;03L;E38000141;NHS Rotherham CCG;29;29;118 725;;106 123;3 206;9 396
CCG;03N;E38000146;NHS Sheffield CCG;79;79;257 490;;227 969;7 567;21 954
CCG;03Q;E38000188;NHS Vale of York CCG;26;25;119 818;;111 284;2 812;5 722
CCG;03R;E38000190;NHS Wakefield CCG;37;35;178 052;;160 035;4 185;13 832
CCG;03W;E38000051;NHS East Leicestershire and Rutland CCG;31;30;143 954;;133 986;3 895;6 073
CCG;04C;E38000097;NHS Leicester City CCG;57;57;152 122;;137 835;4 084;10 203
CCG;04F;E38000107;NHS Milton Keynes CCG;25;25;105 131;;94 998;2 263;7 870
CCG;04V;E38000201;NHS West Leicestershire CCG;46;46;160 630;;145 160;3 046;12 424
CCG;04Y;E38000028;NHS Cannock Chase CCG;24;23;46 424;;43 173;1 206;2 045
CCG;05A;E38000038;NHS Coventry and Rugby CCG;66;66;174 098;;161 198;7 109;5 791
CCG;05C;E38000046;NHS Dudley CCG;44;43;115 448;;104 745;6 380;4 323
CCG;05D;E38000053;NHS East Staffordshire CCG;18;18;52 398;;46 250;1 926;4 222
CCG;05G;E38000126;NHS North Staffordshire CCG;30;30;73 117;;69 101;2 064;1 952
CCG;05H;E38000195;NHS Warwickshire North CCG;25;24;60 044;;55 568;2 843;1 633
CCG;05L;E38000144;NHS Sandwell and West Birmingham CCG;75;74;208 988;;190 063;9 941;8 984
CCG;05N;E38000147;NHS Shropshire CCG;41;41;129 109;;121 631;3 486;3 992
CCG;05Q;E38000153;NHS South East Staffordshire and Seisdon Peninsula CCG;24;24;69 716;;65 626;2 250;1 840
CCG;05R;E38000164;NHS South Warwickshire CCG;32;32;125 026;;117 437;3 284;4 305
CCG;05V;E38000173;NHS Stafford and Surrounds CCG;14;14;56 757;;53 327;1 716;1 714
CCG;05W;E38000175;NHS Stoke on Trent CCG;40;40;84 569;;77 541;4 037;2 991
CCG;05X;E38000183;NHS Telford and Wrekin CCG;13;13;69 685;;65 824;2 448;1 413
CCG;05Y;E38000191;NHS Walsall CCG;52;52;109 247;;99 223;4 675;5 349
CCG;06A;E38000210;NHS Wolverhampton CCG;38;38;86 763;;80 321;3 714;2 728
CCG;06F;E38000010;NHS Bedfordshire CCG;47;46;193 055;;174 893;3 785;14 377
CCG;06H;E38000026;NHS Cambridgeshire and Peterborough CCG;86;86;398 206;;364 836;10 093;23 277
CCG;06K;E38000049;NHS East and North Hertfordshire CCG;54;51;212 317;;189 740;3 859;18 718
CCG;06L;E38000086;NHS Ipswich and East Suffolk CCG;39;38;175 617;;160 250;2 712;12 655
CCG;06N;E38000079;NHS Herts Valley CCG;55;55;209 130;;194 645;6 922;7 563
CCG;06P;E38000102;NHS Luton CCG;26;26;80 115;;73 979;2 511;3 625
CCG;06Q;E38000106;NHS Mid Essex CCG;42;39;154 713;;142 256;3 014;9 443
CCG;06T;E38000117;NHS North East Essex CCG;33;32;146 214;;136 184;4 569;5 461
CCG;07G;E38000185;NHS Thurrock CCG;27;27;72 426;;67 646;1 513;3 267
CCG;07H;E38000197;NHS West Essex CCG;30;30;115 626;;107 686;2 625;5 315
CCG;07K;E38000204;NHS West Suffolk CCG;24;24;99 987;;93 901;1 562;4 524
CCG;07L;E38000004;NHS Barking and Dagenham CCG;33;32;68 382;;61 924;3 133;3 325
CCG;07P;E38000020;NHS Brent CCG;52;52;138 301;;125 374;5 555;7 372
CCG;07T;E38000035;NHS City and Hackney CCG;40;40;114 276;;105 467;5 479;3 330
CCG;07W;E38000048;NHS Ealing CCG;76;74;165 801;;155 319;3 541;6 941
CCG;07Y;E38000084;NHS Hounslow CCG;46;46;109 586;;99 811;2 464;7 311
CCG;08C;E38000070;NHS Hammersmith and Fulham CCG;30;28;83 626;;78 170;1 836;3 620
CCG;08E;E38000074;NHS Harrow CCG;33;33;100 307;;92 529;4 277;3 501
CCG;08F;E38000077;NHS Havering CCG;41;40;83 137;;77 509;2 458;3 170
CCG;08G;E38000082;NHS Hillingdon CCG;45;45;99 350;;93 032;3 559;2 759
CCG;08M;E38000113;NHS Newham CCG;50;47;120 247;;110 392;6 099;3 756
CCG;08N;E38000138;NHS Redbridge CCG;42;41;93 388;;85 150;3 491;4 747
CCG;08V;E38000186;NHS Tower Hamlets CCG;36;35;124 009;;115 115;5 097;3 797
CCG;08W;E38000192;NHS Waltham Forest CCG;40;39;88 452;;83 645;2 154;2 653
CCG;08Y;E38000202;NHS West London CCG;42;42;104 844;;96 226;2 791;5 827
CCG;09A;E38000031;NHS Central London (Westminster) CCG;34;33;70 659;;65 601;2 182;2 876
CCG;09D;E38000021;NHS Brighton and Hove CCG;34;34;113 447;;102 972;2 869;7 606
CCG;10C;E38000178;NHS Surrey Heath CCG;7;7;35 556;;34 171;895;490
CCG;10J;E38000120;NHS North Hampshire CCG;15;15;86 398;;82 536;2 347;1 515
CCG;10K;E38000059;NHS Fareham and Gosport CCG;17;16;65 989;;63 310;1 516;1 163
CCG;10L;E38000087;NHS Isle of Wight CCG;12;12;65 975;;58 706;2 556;4 713
CCG;10Q;E38000136;NHS Oxfordshire CCG;67;67;291 970;;274 958;8 433;8 579
CCG;10R;E38000137;NHS Portsmouth CCG;14;13;75 198;;69 595;1 745;3 858
CCG;10V;E38000154;NHS South Eastern Hampshire CCG;20;20;80 558;;73 026;3 620;3 912
CCG;10X;E38000167;NHS Southampton CCG;26;26;95 735;;89 683;2 778;3 274
CCG;11A;E38000198;NHS West Hampshire CCG;46;43;202 062;;189 619;4 405;8 038
CCG;11J;E38000045;NHS Dorset CCG;80;79;350 150;;314 842;7 143;28 165
CCG;11M;E38000062;NHS Gloucestershire CCG;74;71;273 646;;251 285;6 340;16 021
CCG;11N;E38000089;NHS Kernow CCG;59;59;305 476;;276 858;12 921;15 697
CCG;11X;E38000150;NHS Somerset CCG;65;65;239 881;;223 108;8 288;8 485
CCG;12F;E38000208;NHS Wirral CCG;47;47;148 697;;135 767;5 647;7 283
CCG;13T;E38000212;NHS Newcastle Gateshead CCG;60;60;202 013;;185 325;6 677;10 011
CCG;14L;E38000217;NHS Manchester CCG;85;83;201 129;;184 193;9 950;6 986
CCG;14Y;E38000223;NHS Buckinghamshire CCG;49;48;197 803;;187 102;5 253;5 448
CCG;15A;E38000221;NHS Berkshire West CCG;46;44;191 485;;175 864;5 529;10 092
CCG;15C;E38000222;NHS Bristol, North Somerset and South Gloucestershire CCG;79;78;376 999;;353 130;13 443;10 426
CCG;15D;E38000224;NHS East Berkshire CCG;47;44;149 541;;139 762;5 272;4 507
CCG;15E;E38000220;NHS Birmingham and Solihull CCG;163;159;465 281;;425 854;19 099;20 328
CCG;15F;E38000225;NHS Leeds CCG;93;93;370 052;;333 015;10 219;26 818
CCG;15M;E38000229;NHS Derby and Derbyshire CCG;112;112;467 423;;418 604;10 000;38 819
CCG;15N;E38000230;NHS Devon CCG;123;121;608 676;;552 717;15 914;40 045
CCG;16C;E38000247;NHS Tees Valley CCG;81;80;309 796;;277 049;9 741;23 006
CCG;18C;E38000236;NHS Herefordshire CCG;83;83;323 125;;304 486;10 221;8 418
CCG;26A;E38000239;NHS Norfolk and Waveney CCG;106;104;473 296;;430 861;10 865;31 570
CCG;27D;E38000233;NHS Cheshire CCG;79;79;275 401;;255 089;10 560;9 752
CCG;36J;E38000232;NHS Bradford District and Craven CCG;71;69;292 327;;263 511;4 935;23 881
CCG;36L;E38000245;NHS South West London CCG;183;178;541 609;;502 320;20 816;18 473
CCG;42D;E38000241;NHS North Yorkshire CCG;51;51;199 736;;176 026;3 495;20 215
CCG;52R;E38000243;NHS Nottingham and Nottinghamshire CCG;130;123;456 346;;406 186;12 902;37 258
CCG;70F;E38000248;NHS West Sussex CCG;81;80;355 273;;321 744;6 914;26 615
CCG;71E;E38000238;NHS Lincolnshire CCG;85;85;297 015;;268 718;7 814;20 483
CCG;72Q;E38000244;NHS South East London CCG;210;201;622 988;;571 119;27 013;24 856
CCG;78H;E38000242;NHS Northamptonshire CCG;70;69;305 928;;279 742;6 494;19 692
CCG;84H;E38000234;NHS County Durham CCG;63;63;284 606;;260 583;6 021;18 002
CCG;91Q;E38000237;NHS Kent and Medway CCG;202;188;636 758;;586 282;21 428;29 048
CCG;92A;E38000246;NHS Surrey Heartlands CCG;104;103;374 564;;350 155;12 496;11 913
CCG;92G;E38000231;NHS Bath and North East Somerset, Swindon and Wiltshire CCG;93;92;430 278;;389 574;7 816;32 888
CCG;93C;E38000240;NHS North Central London CCG;207;184;478 466;;443 306;19 085;16 075
CCG;97R;E38000235;NHS East Sussex CCG;61;59;231 461;;211 314;7 575;12 572
CCG;99A;E38000101;NHS Liverpool CCG;87;85;205 234;;186 798;9 826;8 610
CCG;99C;E38000127;NHS North Tyneside CCG;25;25;94 205;;85 953;2 588;5 664
CCG;99E;E38000007;NHS Basildon and Brentwood CCG;35;35;94 643;;86 207;1 395;7 041
CCG;99F;E38000030;NHS Castle Point and Rochford CCG;23;23;59 652;;54 802;710;4 140
CCG;99G;E38000168;NHS Southend CCG;27;26;62 935;;58 063;938;3 934
CCG;99M;E38000118;NHS North East Hampshire and Farnham CCG;20;20;81 883;;77 549;2 085;2 249
;;;;;;;;;;
;;;;;;;;;;
;;;;;;;;;;
Notes:;;;;;;;;;;
1;CCGs are only included if there is data for more than one practice within the CCG, therefore the total count of open GP practices by CCG may not equal the national total;;;;;;;;;
2;"At the time of the appointment a ‘Booked’ status will usually be changed to either ‘Attended’ or ‘DNA’. In some cases (4-7% of monthly appointments), the final status of an appointment remains as ‘Booked’. It is not known from the data whether these appointments were actually attended or not. From a sample audit these were found to be consultations where the status has not been updated to say if patients had attended or not. 
For this reason, these appointments are reported as ""Unknown"" status";;;;;;;;;
3;See 'Coronavirus Impact' tab for further information;;;;;;;;;
Copyright © 2020 Health and Social Care Information Centre. The Health and Social Care Information Centre is a non-departmental body created by statute, also known as NHS Digital.;;;;;;;;;;
;;;;;;;;;;
;;;;;;;;;;
;;;;;;;;;;
;;;;;;;;;;
;;;;;;;;;;
;;;;;;;;;;
;;;;;;;;;;
;;;;;;;;;;
;;;;;;;;;;
;;;;;;;;;;
;;;;;;;;;;
;;;;;;;;;;
;;;;;;;;;;
;;;;;;;;;;
;;;;;;;;;;
;;;;;;;;;;
;;;;;;;;;;
;;;;;;;;;;
;;;;;;;;;;
;;;;;;;;;;
;;;;;;;;;;
;;;;;;;;;;
;;;;;;;;;;
;;;;;;;;;;
;;;;;;;;;;
;;;;;;;;;;
;;;;;;;;;;
;;;;;;;;;;
;;;;;;;;;;
;;;;;;;;;;
;;;;;;;;;;
;;;;;;;;;;
;;;;;;;;;;
;;;;;;;;;;
;;;;;;;;;;
;;;;;;;;;;
;;;;;;;;;;
;;;;;;;;;;
;;;;;;;;;;
;;;;;;;;;;
;;;;;;;;;;
;;;;;;;;;;
;;;;;;;;;;
;;;;;;;;;;
;;;;;;;;;;
;;;;;;;;;;
;;;;;;;;;;
;;;;;;;;;;
;;;;;;;;;;
;;;;;;;;;;
;;;;;;;;;;
;;;;;;;;;;
;;;;;;;;;;
;;;;;;;;;;
;;;;;;;;;;
;;;;;;;;;;
;;;;;;;;;;
;;;;;;;;;;
;;;;;;;;;;
;;;;;;;;;;
;;;;;;;;;;
;;;;;;;;;;
;;;;;;;;;;
;;;;;;;;;;
;;;;;;;;;;
;;;;;;;;;;
;;;;;;;;;;
;;;;;;;;;;
;;;;;;;;;;
;;;;;;;;;;
;;;;;;;;;;
;;;;;;;;;;
;;;;;;;;;;
;;;;;;;;;;
;;;;;;;;;;
;;;;;;;;;;
;;;;;;;;;;
;;;;;;;;;;
;;;;;;;;;;
;;;;;;;;;;
;;;;;;;;;;
;;;;;;;;;;
;;;;;;;;;;
;;;;;;;;;;
;;;;;;;;;;
;;;;;;;;;;
;;;;;;;;;;
;;;;;;;;;;
;;;;;;;;;;
;;;;;;;;;;
;;;;;;;;;;
;;;;;;;;;;
;;;;;;;;;;
;;;;;;;;;;
;;;;;;;;;;
;;;;;;;;;;
;;;;;;;;;;
;;;;;;;;;;
;;;;;;;;;;
;;;;;;;;;;
;;;;;;;;;;
;;;;;;;;;;
;;;;;;;;;;
;;;;;;;;;;
;;;;;;;;;;
;;;;;;;;;;
;;;;;;;;;;
;;;;;;;;;;
;;;;;;;;;;
;;;;;;;;;;
;;;;;;;;;;
;;;;;;;;;;
;;;;;;;;;;
;;;;;;;;;;
;;;;;;;;;;
;;;;;;;;;;
;;;;;;;;;;
;;;;;;;;;;
;;;;;;;;;;
;;;;;;;;;;
;;;;;;;;;;
;;;;;;;;;;
;;;;;;;;;;
;;;;;;;;;;
;;;;;;;;;;
;;;;;;;;;;
;;;;;;;;;;
;;;;;;;;;;
;;;;;;;;;;
;;;;;;;;;;
;;;;;;;;;;
;;;;;;;;;;
;;;;;;;;;;
;;;;;;;;;;
;;;;;;;;;;
;;;;;;;;;;
;;;;;;;;;;
;;;;;;;;;;
;;;;;;;;;;
;;;;;;;;;;
;;;;;;;;;;
;;;;;;;;;;
;;;;;;;;;;
;;;;;;;;;;
;;;;;;;;;;
;;;;;;;;;;
;;;;;;;;;;
;;;;;;;;;;
;;;;;;;;;;
;;;;;;;;;;
;;;;;;;;;;
;;;;;;;;;;
;;;;;;;;;;
;;;;;;;;;;
;;;;;;;;;;
;;;;;;;;;;
;;;;;;;;;;
;;;;;;;;;;
;;;;;;;;;;
;;;;;;;;;;
;;;;;;;;;;
;;;;;;;;;;
;;;;;;;;;;
;;;;;;;;;;
;;;;;;;;;;
;;;;;;;;;;
;;;;;;;;;;
;;;;;;;;;;
;;;;;;;;;;
;;;;;;;;;;
;;;;;;;;;;
;;;;;;;;;;
;;;;;;;;;;
;;;;;;;;;;
;;;;;;;;;;
;;;;;;;;;;
;;;;;;;;;;
;;;;;;;;;;
;;;;;;;;;;
;;;;;;;;;;
;;;;;;;;;;
;;;;;;;;;;
;;;;;;;;;;
;;;;;;;;;;
;;;;;;;;;;
;;;;;;;;;;
;;;;;;;;;;
;;;;;;;;;;
;;;;;;;;;;
;;;;;;;;;;
;;;;;;;;;;
;;;;;;;;;;
;;;;;;;;;;
;;;;;;;;;;
;;;;;;;;;;
;;;;;;;;;;
;;;;;;;;;;
;;;;;;;;;;
;;;;;;;;;;
;;;;;;;;;;
;;;;;;;;;;
;;;;;;;;;;
;;;;;;;;;;
;;;;;;;;;;
;;;;;;;;;;
;;;;;;;;;;
;;;;;;;;;;
;;;;;;;;;;
;;;;;;;;;;
;;;;;;;;;;
;;;;;;;;;;
;;;;;;;;;;
;;;;;;;;;;
;;;;;;;;;;
;;;;;;;;;;
;;;;;;;;;;
;;;;;;;;;;
;;;;;;;;;;
;;;;;;;;;;
;;;;;;;;;;
;;;;;;;;;;
;;;;;;;;;;
;;;;;;;;;;
;;;;;;;;;;
;;;;;;;;;;
;;;;;;;;;;
;;;;;;;;;;
;;;;;;;;;;
;;;;;;;;;;
;;;;;;;;;;
;;;;;;;;;;
;;;;;;;;;;
;;;;;;;;;;
;;;;;;;;;;
;;;;;;;;;;
;;;;;;;;;;
;;;;;;;;;;
;;;;;;;;;;
;;;;;;;;;;
;;;;;;;;;;
;;;;;;;;;;
;;;;;;;;;;
;;;;;;;;;;
;;;;;;;;;;
;;;;;;;;;;
;;;;;;;;;;
;;;;;;;;;;
;;;;;;;;;;
;;;;;;;;;;
;;;;;;;;;;
;;;;;;;;;;
;;;;;;;;;;
;;;;;;;;;;
;;;;;;;;;;
;;;;;;;;;;
;;;;;;;;;;
;;;;;;;;;;
;;;;;;;;;;
;;;;;;;;;;
;;;;;;;;;;
;;;;;;;;;;
;;;;;;;;;;
;;;;;;;;;;
;;;;;;;;;;
;;;;;;;;;;
;;;;;;;;;;
;;;;;;;;;;
;;;;;;;;;;
;;;;;;;;;;
;;;;;;;;;;
;;;;;;;;;;
;;;;;;;;;;
;;;;;;;;;;
;;;;;;;;;;
;;;;;;;;;;
;;;;;;;;;;
;;;;;;;;;;
;;;;;;;;;;
;;;;;;;;;;
;;;;;;;;;;
;;;;;;;;;;
;;;;;;;;;;
;;;;;;;;;;
;;;;;;;;;;
;;;;;;;;;;
;;;;;;;;;;
;;;;;;;;;;
;;;;;;;;;;
;;;;;;;;;;
;;;;;;;;;;
;;;;;;;;;;
;;;;;;;;;;
;;;;;;;;;;
;;;;;;;;;;
;;;;;;;;;;
;;;;;;;;;;
;;;;;;;;;;
;;;;;;;;;;
;;;;;;;;;;
;;;;;;;;;;
;;;;;;;;;;
;;;;;;;;;;
;;;;;;;;;;
;;;;;;;;;;
;;;;;;;;;;
;;;;;;;;;;
;;;;;;;;;;
;;;;;;;;;;
;;;;;;;;;;
;;;;;;;;;;
;;;;;;;;;;
;;;;;;;;;;
;;;;;;;;;;
;;;;;;;;;;
;;;;;;;;;;
;;;;;;;;;;
;;;;;;;;;;
;;;;;;;;;;
;;;;;;;;;;
;;;;;;;;;;
;;;;;;;;;;
;;;;;;;;;;
;;;;;;;;;;
;;;;;;;;;;
;;;;;;;;;;
;;;;;;;;;;
;;;;;;;;;;
;;;;;;;;;;
;;;;;;;;;;
;;;;;;;;;;
;;;;;;;;;;
;;;;;;;;;;
;;;;;;;;;;
;;;;;;;;;;
;;;;;;;;;;
;;;;;;;;;;
;;;;;;;;;;
;;;;;;;;;;
;;;;;;;;;;
;;;;;;;;;;
;;;;;;;;;;
;;;;;;;;;;
;;;;;;;;;;
;;;;;;;;;;
;;;;;;;;;;
;;;;;;;;;;
;;;;;;;;;;
;;;;;;;;;;
;;;;;;;;;;
;;;;;;;;;;
;;;;;;;;;;
;;;;;;;;;;
;;;;;;;;;;
;;;;;;;;;;
;;;;;;;;;;
;;;;;;;;;;
;;;;;;;;;;
;;;;;;;;;;
;;;;;;;;;;
;;;;;;;;;;
;;;;;;;;;;
;;;;;;;;;;
;;;;;;;;;;
;;;;;;;;;;
;;;;;;;;;;
;;;;;;;;;;
;;;;;;;;;;
;;;;;;;;;;
;;;;;;;;;;
;;;;;;;;;;
;;;;;;;;;;
;;;;;;;;;;
;;;;;;;;;;
;;;;;;;;;;
;;;;;;;;;;
;;;;;;;;;;
;;;;;;;;;;
;;;;;;;;;;
;;;;;;;;;;
;;;;;;;;;;
;;;;;;;;;;
;;;;;;;;;;
;;;;;;;;;;
;;;;;;;;;;
;;;;;;;;;;
;;;;;;;;;;
;;;;;;;;;;
;;;;;;;;;;
;;;;;;;;;;
;;;;;;;;;;
;;;;;;;;;;
;;;;;;;;;;
;;;;;;;;;;
;;;;;;;;;;
;;;;;;;;;;
;;;;;;;;;;
;;;;;;;;;;
;;;;;;;;;;
;;;;;;;;;;
;;;;;;;;;;
;;;;;;;;;;
;;;;;;;;;;
;;;;;;;;;;
;;;;;;;;;;
;;;;;;;;;;
;;;;;;;;;;
;;;;;;;;;;
;;;;;;;;;;
;;;;;;;;;;
;;;;;;;;;;
;;;;;;;;;;
;;;;;;;;;;
;;;;;;;;;;
;;;;;;;;;;
;;;;;;;;;;
;;;;;;;;;;
;;;;;;;;;;
;;;;;;;;;;
;;;;;;;;;;
;;;;;;;;;;
;;;;;;;;;;
;;;;;;;;;;
;;;;;;;;;;
;;;;;;;;;;
;;;;;;;;;;
;;;;;;;;;;
;;;;;;;;;;
;;;;;;;;;;
;;;;;;;;;;
;;;;;;;;;;
;;;;;;;;;;
;;;;;;;;;;
;;;;;;;;;;
;;;;;;;;;;
;;;;;;;;;;
;;;;;;;;;;
;;;;;;;;;;
;;;;;;;;;;
;;;;;;;;;;
;;;;;;;;;;
;;;;;;;;;;
;;;;;;;;;;
;;;;;;;;;;
;;;;;;;;;;
;;;;;;;;;;
;;;;;;;;;;
;;;;;;;;;;
;;;;;;;;;;
;;;;;;;;;;
;;;;;;;;;;
;;;;;;;;;;
;;;;;;;;;;
;;;;;;;;;;
;;;;;;;;;;
;;;;;;;;;;
;;;;;;;;;;
;;;;;;;;;;
;;;;;;;;;;
;;;;;;;;;;
;;;;;;;;;;
;;;;;;;;;;
;;;;;;;;;;
;;;;;;;;;;
;;;;;;;;;;
;;;;;;;;;;
;;;;;;;;;;
;;;;;;;;;;
;;;;;;;;;;
;;;;;;;;;;
;;;;;;;;;;
;;;;;;;;;;
;;;;;;;;;;
;;;;;;;;;;
;;;;;;;;;;
;;;;;;;;;;
;;;;;;;;;;
;;;;;;;;;;
;;;;;;;;;;
;;;;;;;;;;
;;;;;;;;;;
;;;;;;;;;;
;;;;;;;;;;
;;;;;;;;;;
;;;;;;;;;;
;;;;;;;;;;
;;;;;;;;;;
;;;;;;;;;;
;;;;;;;;;;
;;;;;;;;;;
;;;;;;;;;;
;;;;;;;;;;
;;;;;;;;;;
;;;;;;;;;;
;;;;;;;;;;
;;;;;;;;;;
;;;;;;;;;;
;;;;;;;;;;
;;;;;;;;;;
;;;;;;;;;;
;;;;;;;;;;
;;;;;;;;;;
;;;;;;;;;;
;;;;;;;;;;
;;;;;;;;;;
;;;;;;;;;;
;;;;;;;;;;
;;;;;;;;;;
;;;;;;;;;;
;;;;;;;;;;
;;;;;;;;;;
;;;;;;;;;;
;;;;;;;;;;
;;;;;;;;;;
;;;;;;;;;;
;;;;;;;;;;
;;;;;;;;;;
;;;;;;;;;;
;;;;;;;;;;
;;;;;;;;;;
;;;;;;;;;;
;;;;;;;;;;
;;;;;;;;;;
;;;;;;;;;;
;;;;;;;;;;
;;;;;;;;;;
;;;;;;;;;;
;;;;;;;;;;
;;;;;;;;;;
;;;;;;;;;;
;;;;;;;;;;
;;;;;;;;;;
;;;;;;;;;;
;;;;;;;;;;
;;;;;;;;;;
;;;;;;;;;;
;;;;;;;;;;
;;;;;;;;;;
;;;;;;;;;;
;;;;;;;;;;
;;;;;;;;;;
;;;;;;;;;;
;;;;;;;;;;
;;;;;;;;;;
;;;;;;;;;;
;;;;;;;;;;
;;;;;;;;;;
;;;;;;;;;;
;;;;;;;;;;
;;;;;;;;;;
;;;;;;;;;;
;;;;;;;;;;
;;;;;;;;;;
;;;;;;;;;;
;;;;;;;;;;
;;;;;;;;;;
;;;;;;;;;;
;;;;;;;;;;
;;;;;;;;;;
;;;;;;;;;;
;;;;;;;;;;
;;;;;;;;;;
;;;;;;;;;;
;;;;;;;;;;
;;;;;;;;;;
;;;;;;;;;;
;;;;;;;;;;