﻿;;;;;;;;;;
;;;;;;;;;;
;;;;;;;;;;
;;;;;;;;;;
;;;;;;;;;;
Return to Contents;;;;;;;;;;
_;;;;;;;;;;
Table 3a: Appointments by Status, at National, Regional, STP and CCG level, England, November 2020;;;;;;;;;;
;;;;Count of Open GP Practices1;Count of Included GP Practices;Count of Appointments;;"Count of Appointments by 
Appointment Status";;
Type;NHS Area Code;ONS Code;Name;;;Total;;Attended;DNA;Unknown2
Type;NHS Area Code;ONS Code;Name;Open Active Practices;Included Practices;Total;_;Attended;DNA;Unknown
National;ENG;ENG;England;6 676;6 545;24 999 273;;23 019 451;1 014 749;965 073
Region;Y56;E40000003;London;1 233;1 195;3 624 285;;3 300 370;177 024;146 891
Region;Y58;E40000006;South West;570;565;2 827 879;;2 626 864;104 112;96 903
Region;Y59;E40000005;South East;857;842;3 840 759;;3 521 484;150 721;168 554
Region;Y60;E40000008;Midlands;1 306;1 295;4 758 642;;4 378 603;203 128;176 911
Region;Y61;E40000007;East of England;679;666;2 930 549;;2 743 668;93 887;92 994
Region;Y62;E40000010;North West;1 005;970;2 941 602;;2 659 248;142 652;139 702
Region;Y63;E40000009;North East and Yorkshire;1 026;1 012;4 075 557;;3 789 214;143 225;143 118
STP;QE1;E54000048;Healthier Lancashire And South Cumbria  STP;203;202;732 127;;671 180;29 919;31 028
STP;QF7;E54000009;South Yorkshire And Bassetlaw  STP;187;187;701 544;;649 791;26 905;24 848
STP;QGH;E54000019;Herefordshire And Worcestershire  STP;82;81;379 648;;352 524;13 506;13 618
STP;QH8;E54000026;Mid And South Essex  STP;154;150;468 927;;444 359;11 676;12 892
STP;QHG;E54000024;Bedfordshire, Luton And Milton Keynes  STP;99;97;415 767;;390 129;15 565;10 073
STP;QHL;E54000017;Birmingham And Solihull  STP;163;159;532 028;;481 531;30 854;19 643
STP;QHM;E54000050;Cumbria And North East  STP;368;363;1 437 133;;1 333 440;55 180;48 513
STP;QJ2;E54000012;Joined Up Care Derbyshire  STP;112;112;504 679;;466 479;16 125;22 075
STP;QJG;E54000023;Suffolk And North East Essex  STP;96;94;462 512;;433 399;14 803;14 310
STP;QJK;E54000037;Devon  STP;123;121;644 980;;600 311;23 558;21 111
STP;QJM;E54000013;Lincolnshire  STP;85;85;327 948;;305 577;11 310;11 061
STP;QK1;E54000015;Leicester, Leicestershire And Rutland  STP;134;133;521 001;;487 367;17 872;15 762
STP;QKK;E54000030;Our Healthier South East London  STP;208;200;699 429;;623 325;39 669;36 435
STP;QKS;E54000032;Kent And Medway  STP;200;192;778 931;;692 639;33 065;53 227
STP;QM7;E54000025;Hertfordshire And West Essex  STP;139;136;598 853;;554 493;21 422;22 938
STP;QMF;E54000029;East London Health And Care Partnership  STP;280;276;796 142;;719 713;44 511;31 918
STP;QMJ;E54000028;North London Partners In Health And Care  STP;205;186;565 286;;517 120;26 219;21 947
STP;QMM;E54000022;Norfolk And Waveney Health And Care Partnership  STP;106;104;542 724;;508 354;15 915;18 455
STP;QNC;E54000010;Staffordshire And Stoke On Trent  STP;148;147;440 877;;397 990;20 373;22 514
STP;QNQ;E54000034;Frimley Health And Care Ics  STP;74;71;316 227;;290 091;12 100;14 036
STP;QNX;E54000053;Sussex And East Surrey Health And Care Partnership  STP;170;169;758 575;;705 395;26 275;26 905
STP;QOC;E54000011;Shropshire And Telford And Wrekin  STP;54;53;223 009;;204 471;9 622;8 916
STP;QOP;E54000007;Greater Manchester Health And Social Care Partnership  STP;443;413;1 089 813;;970 982;60 526;58 305
STP;QOQ;E54000051;Humber, Coast And Vale  STP;183;181;746 176;;694 703;24 328;27 145
STP;QOX;E54000040;Bath And North East Somerset, Swindon And Wiltshire  STP;93;92;461 497;;436 501;12 820;12 176
STP;QPM;E54000020;Northamptonshire  STP;70;69;339 723;;318 769;10 689;10 265
STP;QR1;E54000043;Gloucestershire  STP;73;72;316 543;;296 634;10 449;9 460
STP;QRL;E54000042;Hampshire And The Isle Of Wight  STP;149;148;787 026;;726 887;31 681;28 458
STP;QRV;E54000027;North West London Health And Care Partnership  STP;357;353;947 263;;876 086;38 482;32 695
STP;QSL;E54000038;Somerset  STP;65;65;277 346;;252 728;11 905;12 713
STP;QT1;E54000014;Nottingham And Nottinghamshire Health And Care  STP;127;126;482 905;;449 412;19 027;14 466
STP;QT6;E54000036;Cornwall And The Isles Of Scilly Health And Social Care Partnership  STP;59;59;326 440;;300 271;12 196;13 973
STP;QU9;E54000044;Buckinghamshire, Oxfordshire And Berkshire West  STP;160;159;776 949;;717 600;29 335;30 014
STP;QUA;E54000016;The Black Country And West Birmingham  STP;208;207;590 562;;532 768;35 054;22 740
STP;QUE;E54000021;Cambridgeshire And Peterborough  STP;85;85;441 766;;412 934;14 506;14 326
STP;QUY;E54000039;Bristol, North Somerset And South Gloucestershire  STP;78;77;432 461;;393 209;22 400;16 852
STP;QVV;E54000041;Dorset  STP;79;79;368 612;;347 210;10 784;10 618
STP;QWE;E54000031;South West London Health And Care Partnership  STP;183;180;616 165;;564 126;28 143;23 896
STP;QWO;E54000054;West Yorkshire And Harrogate (Health And Care Partnership)  STP;288;281;1 190 704;;1 111 280;36 812;42 612
STP;QWU;E54000018;Coventry And Warwickshire  STP;123;123;416 262;;381 715;18 696;15 851
STP;QXU;E54000052;Surrey Heartlands Health And Care Partnership  STP;104;103;423 051;;388 872;18 265;15 914
STP;QYG;E54000008;Cheshire And Merseyside  STP;359;355;1 119 662;;1 017 086;52 207;50 369
CCG;00L;E38000130;NHS Northumberland CCG;40;39;157 544;;149 790;4 556;3 198
CCG;00N;E38000163;NHS South Tyneside CCG;21;21;59 932;;55 622;2 398;1 912
CCG;00P;E38000176;NHS Sunderland CCG;39;38;124 303;;114 286;6 103;3 914
CCG;00Q;E38000014;NHS Blackburn with Darwen CCG;23;23;67 738;;61 629;3 720;2 389
CCG;00R;E38000015;NHS Blackpool CCG;18;17;82 819;;76 600;3 874;2 345
CCG;00T;E38000016;NHS Bolton CCG;49;49;134 861;;122 177;6 733;5 951
CCG;00V;E38000024;NHS Bury CCG;26;11;28 395;;21 191;1 846;5 358
CCG;00X;E38000034;NHS Chorley and South Ribble CCG;26;26;71 743;;65 785;2 558;3 400
CCG;00Y;E38000135;NHS Oldham CCG;41;41;96 944;;88 496;4 674;3 774
CCG;01A;E38000050;NHS East Lancashire CCG;48;48;150 543;;137 728;6 235;6 580
CCG;01D;E38000080;NHS Heywood, Middleton and Rochdale CCG;41;36;89 769;;81 455;4 634;3 680
CCG;01E;E38000227;NHS Greater Preston CCG;22;22;80 811;;73 736;3 548;3 527
CCG;01F;E38000068;NHS Halton CCG;14;14;55 379;;49 131;2 926;3 322
CCG;01G;E38000143;NHS Salford CCG;38;33;91 868;;79 062;5 491;7 315
CCG;01H;E38000215;NHS North Cumbria CCG;39;39;163 626;;149 052;6 362;8 212
CCG;01J;E38000091;NHS Knowsley CCG;25;25;72 028;;65 271;4 175;2 582
CCG;01K;E38000228;NHS Morecambe Bay CCG;32;32;144 369;;132 143;5 875;6 351
CCG;01T;E38000161;NHS South Sefton CCG;31;30;52 153;;48 439;2 122;1 592
CCG;01V;E38000170;NHS Southport and Formby CCG;17;17;52 651;;48 616;1 610;2 425
CCG;01W;E38000174;NHS Stockport CCG;37;37;140 446;;128 171;6 614;5 661
CCG;01X;E38000172;NHS St Helens CCG;33;32;72 760;;65 776;3 727;3 257
CCG;01Y;E38000182;NHS Tameside and Glossop CCG;37;37;97 437;;87 018;5 743;4 676
CCG;02A;E38000187;NHS Trafford CCG;30;30;62 456;;53 851;3 476;5 129
CCG;02E;E38000194;NHS Warrington CCG;26;26;97 569;;90 408;2 682;4 479
CCG;02G;E38000200;NHS West Lancashire CCG;15;15;47 652;;43 571;1 851;2 230
CCG;02H;E38000205;NHS Wigan Borough CCG;59;56;100 595;;89 710;5 168;5 717
CCG;02M;E38000226;NHS Fylde and Wyre CCG;19;19;86 452;;79 988;2 258;4 206
CCG;02P;E38000006;NHS Barnsley CCG;32;32;113 308;;103 748;4 168;5 392
CCG;02Q;E38000008;NHS Bassetlaw CCG;9;9;56 705;;53 413;2 030;1 262
CCG;02T;E38000025;NHS Calderdale CCG;22;21;90 704;;85 212;2 403;3 089
CCG;02X;E38000044;NHS Doncaster CCG;39;39;136 525;;125 103;6 424;4 998
CCG;02Y;E38000052;NHS East Riding of Yorkshire CCG;29;29;127 469;;118 888;3 821;4 760
CCG;03A;E38000064;NHS Greater Huddersfield CCG;38;37;109 580;;103 455;3 107;3 018
CCG;03F;E38000085;NHS Hull CCG;33;33;103 151;;93 279;6 707;3 165
CCG;03H;E38000119;NHS North East Lincolnshire CCG;25;24;88 250;;81 482;2 481;4 287
CCG;03J;E38000121;NHS North Kirklees CCG;28;27;96 927;;90 884;2 772;3 271
CCG;03K;E38000122;NHS North Lincolnshire CCG;19;19;83 669;;77 950;1 778;3 941
CCG;03L;E38000141;NHS Rotherham CCG;29;29;126 768;;117 515;4 513;4 740
CCG;03N;E38000146;NHS Sheffield CCG;78;78;268 238;;250 012;9 770;8 456
CCG;03Q;E38000188;NHS Vale of York CCG;26;25;139 440;;131 673;4 260;3 507
CCG;03R;E38000190;NHS Wakefield CCG;36;34;186 182;;173 439;5 547;7 196
CCG;03W;E38000051;NHS East Leicestershire and Rutland CCG;31;30;165 641;;155 802;5 421;4 418
CCG;04C;E38000097;NHS Leicester City CCG;57;57;177 970;;164 419;6 916;6 635
CCG;04F;E38000107;NHS Milton Keynes CCG;26;25;118 050;;110 345;4 917;2 788
CCG;04V;E38000201;NHS West Leicestershire CCG;46;46;177 390;;167 146;5 535;4 709
CCG;04Y;E38000028;NHS Cannock Chase CCG;23;22;53 791;;49 057;1 871;2 863
CCG;05A;E38000038;NHS Coventry and Rugby CCG;66;66;197 342;;180 453;9 724;7 165
CCG;05C;E38000046;NHS Dudley CCG;43;43;132 063;;117 362;8 474;6 227
CCG;05D;E38000053;NHS East Staffordshire CCG;18;18;58 447;;50 958;3 076;4 413
CCG;05G;E38000126;NHS North Staffordshire CCG;30;30;81 846;;75 969;2 877;3 000
CCG;05H;E38000195;NHS Warwickshire North CCG;25;25;77 373;;70 597;3 916;2 860
CCG;05L;E38000144;NHS Sandwell and West Birmingham CCG;75;74;234 185;;212 075;15 284;6 826
CCG;05N;E38000147;NHS Shropshire CCG;41;40;146 022;;133 217;6 415;6 390
CCG;05Q;E38000153;NHS South East Staffordshire and Seisdon Peninsula CCG;24;24;84 153;;75 940;3 373;4 840
CCG;05R;E38000164;NHS South Warwickshire CCG;32;32;141 547;;130 665;5 056;5 826
CCG;05V;E38000173;NHS Stafford and Surrounds CCG;14;14;64 253;;57 322;3 705;3 226
CCG;05W;E38000175;NHS Stoke on Trent CCG;39;39;98 387;;88 744;5 471;4 172
CCG;05X;E38000183;NHS Telford and Wrekin CCG;13;13;76 987;;71 254;3 207;2 526
CCG;05Y;E38000191;NHS Walsall CCG;52;52;126 027;;113 878;6 238;5 911
CCG;06A;E38000210;NHS Wolverhampton CCG;38;38;98 287;;89 453;5 058;3 776
CCG;06F;E38000010;NHS Bedfordshire CCG;47;46;210 105;;198 850;6 536;4 719
CCG;06H;E38000026;NHS Cambridgeshire and Peterborough CCG;85;85;441 766;;412 934;14 506;14 326
CCG;06K;E38000049;NHS East and North Hertfordshire CCG;54;51;236 581;;219 970;7 545;9 066
CCG;06L;E38000086;NHS Ipswich and East Suffolk CCG;39;38;190 770;;178 654;5 007;7 109
CCG;06N;E38000079;NHS Herts Valley CCG;55;55;238 011;;217 022;10 017;10 972
CCG;06P;E38000102;NHS Luton CCG;26;26;87 612;;80 934;4 112;2 566
CCG;06Q;E38000106;NHS Mid Essex CCG;42;39;158 663;;150 204;4 691;3 768
CCG;06T;E38000117;NHS North East Essex CCG;33;32;160 929;;148 940;7 508;4 481
CCG;07G;E38000185;NHS Thurrock CCG;27;27;73 120;;69 399;1 714;2 007
CCG;07H;E38000197;NHS West Essex CCG;30;30;124 261;;117 501;3 860;2 900
CCG;07K;E38000204;NHS West Suffolk CCG;24;24;110 813;;105 805;2 288;2 720
CCG;07L;E38000004;NHS Barking and Dagenham CCG;33;33;77 430;;68 208;4 912;4 310
CCG;07P;E38000020;NHS Brent CCG;51;51;148 606;;132 700;7 871;8 035
CCG;07T;E38000035;NHS City and Hackney CCG;40;40;130 078;;117 966;7 630;4 482
CCG;07W;E38000048;NHS Ealing CCG;76;74;178 719;;168 618;6 026;4 075
CCG;07Y;E38000084;NHS Hounslow CCG;46;46;115 725;;107 756;4 367;3 602
CCG;08C;E38000070;NHS Hammersmith and Fulham CCG;30;28;86 011;;80 018;2 735;3 258
CCG;08E;E38000074;NHS Harrow CCG;33;33;108 131;;98 382;5 501;4 248
CCG;08F;E38000077;NHS Havering CCG;41;41;96 582;;85 273;5 766;5 543
CCG;08G;E38000082;NHS Hillingdon CCG;45;45;112 770;;104 862;4 668;3 240
CCG;08M;E38000113;NHS Newham CCG;49;46;136 631;;124 044;8 539;4 048
CCG;08N;E38000138;NHS Redbridge CCG;42;42;114 418;;103 064;5 680;5 674
CCG;08V;E38000186;NHS Tower Hamlets CCG;36;35;144 028;;131 019;8 157;4 852
CCG;08W;E38000192;NHS Waltham Forest CCG;39;39;96 975;;90 139;3 827;3 009
CCG;08Y;E38000202;NHS West London CCG;42;42;115 809;;107 722;4 107;3 980
CCG;09A;E38000031;NHS Central London (Westminster) CCG;34;34;81 492;;76 028;3 207;2 257
CCG;09D;E38000021;NHS Brighton and Hove CCG;34;34;123 737;;115 302;4 099;4 336
CCG;10C;E38000178;NHS Surrey Heath CCG;7;7;43 361;;40 835;1 522;1 004
CCG;10J;E38000120;NHS North Hampshire CCG;15;15;96 797;;90 064;3 395;3 338
CCG;10K;E38000059;NHS Fareham and Gosport CCG;17;17;83 371;;76 632;3 404;3 335
CCG;10L;E38000087;NHS Isle of Wight CCG;12;12;70 810;;64 928;3 717;2 165
CCG;10Q;E38000136;NHS Oxfordshire CCG;67;67;329 260;;305 571;12 612;11 077
CCG;10R;E38000137;NHS Portsmouth CCG;13;13;80 179;;75 364;2 949;1 866
CCG;10V;E38000154;NHS South Eastern Hampshire CCG;20;20;94 805;;84 731;4 491;5 583
CCG;10X;E38000167;NHS Southampton CCG;26;26;116 206;;108 277;4 287;3 642
CCG;11A;E38000198;NHS West Hampshire CCG;46;45;244 858;;226 891;9 438;8 529
CCG;11J;E38000045;NHS Dorset CCG;79;79;368 612;;347 210;10 784;10 618
CCG;11M;E38000062;NHS Gloucestershire CCG;73;72;316 543;;296 634;10 449;9 460
CCG;11N;E38000089;NHS Kernow CCG;59;59;326 440;;300 271;12 196;13 973
CCG;11X;E38000150;NHS Somerset CCG;65;65;277 346;;252 728;11 905;12 713
CCG;12F;E38000208;NHS Wirral CCG;47;47;166 122;;149 956;7 546;8 620
CCG;13T;E38000212;NHS Newcastle Gateshead CCG;60;60;219 379;;201 086;8 988;9 305
CCG;14L;E38000217;NHS Manchester CCG;85;83;247 042;;219 851;16 147;11 044
CCG;14Y;E38000223;NHS Buckinghamshire CCG;48;48;226 221;;210 607;6 940;8 674
CCG;15A;E38000221;NHS Berkshire West CCG;45;44;221 468;;201 422;9 783;10 263
CCG;15C;E38000222;NHS Bristol, North Somerset and South Gloucestershire CCG;78;77;432 461;;393 209;22 400;16 852
CCG;15D;E38000224;NHS East Berkshire CCG;47;44;173 930;;158 320;7 211;8 399
CCG;15E;E38000220;NHS Birmingham and Solihull CCG;163;159;532 028;;481 531;30 854;19 643
CCG;15F;E38000225;NHS Leeds CCG;93;93;391 088;;363 734;14 286;13 068
CCG;15M;E38000229;NHS Derby and Derbyshire CCG;112;112;504 679;;466 479;16 125;22 075
CCG;15N;E38000230;NHS Devon CCG;123;121;644 980;;600 311;23 558;21 111
CCG;16C;E38000247;NHS Tees Valley CCG;81;79;322 003;;296 480;13 687;11 836
CCG;18C;E38000236;NHS Herefordshire CCG;82;81;379 648;;352 524;13 506;13 618
CCG;26A;E38000239;NHS Norfolk and Waveney CCG;106;104;542 724;;508 354;15 915;18 455
CCG;27D;E38000233;NHS Cheshire CCG;79;79;324 180;;293 931;15 285;14 964
CCG;36J;E38000232;NHS Bradford District and Craven CCG;71;69;316 223;;294 556;8 697;12 970
CCG;36L;E38000245;NHS South West London CCG;183;180;616 165;;564 126;28 143;23 896
CCG;42D;E38000241;NHS North Yorkshire CCG;51;51;204 197;;191 431;5 281;7 485
CCG;52R;E38000243;NHS Nottingham and Nottinghamshire CCG;127;126;482 905;;449 412;19 027;14 466
CCG;70F;E38000248;NHS West Sussex CCG;80;79;376 746;;353 608;11 795;11 343
CCG;71E;E38000238;NHS Lincolnshire CCG;85;85;327 948;;305 577;11 310;11 061
CCG;72Q;E38000244;NHS South East London CCG;208;200;699 429;;623 325;39 669;36 435
CCG;78H;E38000242;NHS Northamptonshire CCG;70;69;339 723;;318 769;10 689;10 265
CCG;84H;E38000234;NHS County Durham CCG;63;62;291 862;;275 362;9 081;7 419
CCG;91Q;E38000237;NHS Kent and Medway CCG;200;192;778 931;;692 639;33 065;53 227
CCG;92A;E38000246;NHS Surrey Heartlands CCG;104;103;423 051;;388 872;18 265;15 914
CCG;92G;E38000231;NHS Bath and North East Somerset, Swindon and Wiltshire CCG;93;92;461 497;;436 501;12 820;12 176
CCG;93C;E38000240;NHS North Central London CCG;205;186;565 286;;517 120;26 219;21 947
CCG;97R;E38000235;NHS East Sussex CCG;56;56;258 092;;236 485;10 381;11 226
CCG;99A;E38000101;NHS Liverpool CCG;87;85;226 820;;205 558;12 134;9 128
CCG;99C;E38000127;NHS North Tyneside CCG;25;25;98 484;;91 762;4 005;2 717
CCG;99E;E38000007;NHS Basildon and Brentwood CCG;35;35;106 894;;100 543;2 481;3 870
CCG;99F;E38000030;NHS Castle Point and Rochford CCG;23;23;65 783;;62 740;1 402;1 641
CCG;99G;E38000168;NHS Southend CCG;27;26;64 467;;61 473;1 388;1 606
CCG;99M;E38000118;NHS North East Hampshire and Farnham CCG;20;20;98 936;;90 936;3 367;4 633
;;;;;;;;;;
;;;;;;;;;;
;;;;;;;;;;
Notes:;;;;;;;;;;
1;CCGs are only included if there is data for more than one practice within the CCG, therefore the total count of open GP practices by CCG may not equal the national total;;;;;;;;;
2;"At the time of the appointment a ‘Booked’ status will usually be changed to either ‘Attended’ or ‘DNA’. In some cases (4-7% of monthly appointments), the final status of an appointment remains as ‘Booked’. It is not known from the data whether these appointments were actually attended or not. From a sample audit these were found to be consultations where the status has not been updated to say if patients had attended or not. 
For this reason, these appointments are reported as ""Unknown"" status";;;;;;;;;
_;See 'Coronavirus Impact' tab for further information;;;;;;;;;
Copyright © 2020 Health and Social Care Information Centre. The Health and Social Care Information Centre is a non-departmental body created by statute, also known as NHS Digital.;;;;;;;;;;
;;;;;;;;;;
;;;;;;;;;;
;;;;;;;;;;
;;;;;;;;;;
;;;;;;;;;;
;;;;;;;;;;
;;;;;;;;;;
;;;;;;;;;;
;;;;;;;;;;
;;;;;;;;;;
;;;;;;;;;;
;;;;;;;;;;
;;;;;;;;;;
;;;;;;;;;;
;;;;;;;;;;
;;;;;;;;;;
;;;;;;;;;;
;;;;;;;;;;
;;;;;;;;;;
;;;;;;;;;;
;;;;;;;;;;
;;;;;;;;;;
;;;;;;;;;;
;;;;;;;;;;
;;;;;;;;;;
;;;;;;;;;;
;;;;;;;;;;
;;;;;;;;;;
;;;;;;;;;;
;;;;;;;;;;
;;;;;;;;;;
;;;;;;;;;;
;;;;;;;;;;
;;;;;;;;;;
;;;;;;;;;;
;;;;;;;;;;
;;;;;;;;;;
;;;;;;;;;;
;;;;;;;;;;
;;;;;;;;;;
;;;;;;;;;;
;;;;;;;;;;
;;;;;;;;;;
;;;;;;;;;;
;;;;;;;;;;
;;;;;;;;;;
;;;;;;;;;;
;;;;;;;;;;
;;;;;;;;;;
;;;;;;;;;;
;;;;;;;;;;
;;;;;;;;;;
;;;;;;;;;;
;;;;;;;;;;
;;;;;;;;;;
;;;;;;;;;;
;;;;;;;;;;
;;;;;;;;;;
;;;;;;;;;;
;;;;;;;;;;
;;;;;;;;;;
;;;;;;;;;;
;;;;;;;;;;
;;;;;;;;;;
;;;;;;;;;;
;;;;;;;;;;
;;;;;;;;;;
;;;;;;;;;;
;;;;;;;;;;
;;;;;;;;;;
;;;;;;;;;;
;;;;;;;;;;
;;;;;;;;;;
;;;;;;;;;;
;;;;;;;;;;
;;;;;;;;;;
;;;;;;;;;;
;;;;;;;;;;
;;;;;;;;;;
;;;;;;;;;;
;;;;;;;;;;
;;;;;;;;;;
;;;;;;;;;;
;;;;;;;;;;
;;;;;;;;;;
;;;;;;;;;;
;;;;;;;;;;
;;;;;;;;;;
;;;;;;;;;;
;;;;;;;;;;
;;;;;;;;;;
;;;;;;;;;;
;;;;;;;;;;
;;;;;;;;;;
;;;;;;;;;;
;;;;;;;;;;
;;;;;;;;;;
;;;;;;;;;;
;;;;;;;;;;
;;;;;;;;;;
;;;;;;;;;;
;;;;;;;;;;
;;;;;;;;;;
;;;;;;;;;;
;;;;;;;;;;
;;;;;;;;;;
;;;;;;;;;;
;;;;;;;;;;
;;;;;;;;;;
;;;;;;;;;;
;;;;;;;;;;
;;;;;;;;;;
;;;;;;;;;;
;;;;;;;;;;
;;;;;;;;;;
;;;;;;;;;;
;;;;;;;;;;
;;;;;;;;;;
;;;;;;;;;;
;;;;;;;;;;
;;;;;;;;;;
;;;;;;;;;;
;;;;;;;;;;
;;;;;;;;;;
;;;;;;;;;;
;;;;;;;;;;
;;;;;;;;;;
;;;;;;;;;;
;;;;;;;;;;
;;;;;;;;;;
;;;;;;;;;;
;;;;;;;;;;
;;;;;;;;;;
;;;;;;;;;;
;;;;;;;;;;
;;;;;;;;;;
;;;;;;;;;;
;;;;;;;;;;
;;;;;;;;;;
;;;;;;;;;;
;;;;;;;;;;
;;;;;;;;;;
;;;;;;;;;;
;;;;;;;;;;
;;;;;;;;;;
;;;;;;;;;;
;;;;;;;;;;
;;;;;;;;;;
;;;;;;;;;;
;;;;;;;;;;
;;;;;;;;;;
;;;;;;;;;;
;;;;;;;;;;
;;;;;;;;;;
;;;;;;;;;;
;;;;;;;;;;
;;;;;;;;;;
;;;;;;;;;;
;;;;;;;;;;
;;;;;;;;;;
;;;;;;;;;;
;;;;;;;;;;
;;;;;;;;;;
;;;;;;;;;;
;;;;;;;;;;
;;;;;;;;;;
;;;;;;;;;;
;;;;;;;;;;
;;;;;;;;;;
;;;;;;;;;;
;;;;;;;;;;
;;;;;;;;;;
;;;;;;;;;;
;;;;;;;;;;
;;;;;;;;;;
;;;;;;;;;;
;;;;;;;;;;
;;;;;;;;;;
;;;;;;;;;;
;;;;;;;;;;
;;;;;;;;;;
;;;;;;;;;;
;;;;;;;;;;
;;;;;;;;;;
;;;;;;;;;;
;;;;;;;;;;
;;;;;;;;;;
;;;;;;;;;;
;;;;;;;;;;
;;;;;;;;;;
;;;;;;;;;;
;;;;;;;;;;
;;;;;;;;;;
;;;;;;;;;;
;;;;;;;;;;
;;;;;;;;;;
;;;;;;;;;;
;;;;;;;;;;
;;;;;;;;;;
;;;;;;;;;;
;;;;;;;;;;
;;;;;;;;;;
;;;;;;;;;;
;;;;;;;;;;
;;;;;;;;;;
;;;;;;;;;;
;;;;;;;;;;
;;;;;;;;;;
;;;;;;;;;;
;;;;;;;;;;
;;;;;;;;;;
;;;;;;;;;;
;;;;;;;;;;
;;;;;;;;;;
;;;;;;;;;;
;;;;;;;;;;
;;;;;;;;;;
;;;;;;;;;;
;;;;;;;;;;
;;;;;;;;;;
;;;;;;;;;;
;;;;;;;;;;
;;;;;;;;;;
;;;;;;;;;;
;;;;;;;;;;
;;;;;;;;;;
;;;;;;;;;;
;;;;;;;;;;
;;;;;;;;;;
;;;;;;;;;;
;;;;;;;;;;
;;;;;;;;;;
;;;;;;;;;;
;;;;;;;;;;
;;;;;;;;;;
;;;;;;;;;;
;;;;;;;;;;
;;;;;;;;;;
;;;;;;;;;;
;;;;;;;;;;
;;;;;;;;;;
;;;;;;;;;;
;;;;;;;;;;
;;;;;;;;;;
;;;;;;;;;;
;;;;;;;;;;
;;;;;;;;;;
;;;;;;;;;;
;;;;;;;;;;
;;;;;;;;;;
;;;;;;;;;;
;;;;;;;;;;
;;;;;;;;;;
;;;;;;;;;;
;;;;;;;;;;
;;;;;;;;;;
;;;;;;;;;;
;;;;;;;;;;
;;;;;;;;;;
;;;;;;;;;;
;;;;;;;;;;
;;;;;;;;;;
;;;;;;;;;;
;;;;;;;;;;
;;;;;;;;;;
;;;;;;;;;;
;;;;;;;;;;
;;;;;;;;;;
;;;;;;;;;;
;;;;;;;;;;
;;;;;;;;;;
;;;;;;;;;;
;;;;;;;;;;
;;;;;;;;;;
;;;;;;;;;;
;;;;;;;;;;
;;;;;;;;;;
;;;;;;;;;;
;;;;;;;;;;
;;;;;;;;;;
;;;;;;;;;;
;;;;;;;;;;
;;;;;;;;;;
;;;;;;;;;;
;;;;;;;;;;
;;;;;;;;;;
;;;;;;;;;;
;;;;;;;;;;
;;;;;;;;;;
;;;;;;;;;;
;;;;;;;;;;
;;;;;;;;;;
;;;;;;;;;;
;;;;;;;;;;
;;;;;;;;;;
;;;;;;;;;;
;;;;;;;;;;
;;;;;;;;;;
;;;;;;;;;;
;;;;;;;;;;
;;;;;;;;;;
;;;;;;;;;;
;;;;;;;;;;
;;;;;;;;;;
;;;;;;;;;;
;;;;;;;;;;
;;;;;;;;;;
;;;;;;;;;;
;;;;;;;;;;
;;;;;;;;;;
;;;;;;;;;;
;;;;;;;;;;
;;;;;;;;;;
;;;;;;;;;;
;;;;;;;;;;
;;;;;;;;;;
;;;;;;;;;;
;;;;;;;;;;
;;;;;;;;;;
;;;;;;;;;;
;;;;;;;;;;
;;;;;;;;;;
;;;;;;;;;;
;;;;;;;;;;
;;;;;;;;;;
;;;;;;;;;;
;;;;;;;;;;
;;;;;;;;;;
;;;;;;;;;;
;;;;;;;;;;
;;;;;;;;;;
;;;;;;;;;;
;;;;;;;;;;
;;;;;;;;;;
;;;;;;;;;;
;;;;;;;;;;
;;;;;;;;;;
;;;;;;;;;;
;;;;;;;;;;
;;;;;;;;;;
;;;;;;;;;;
;;;;;;;;;;
;;;;;;;;;;
;;;;;;;;;;
;;;;;;;;;;
;;;;;;;;;;
;;;;;;;;;;
;;;;;;;;;;
;;;;;;;;;;
;;;;;;;;;;
;;;;;;;;;;
;;;;;;;;;;
;;;;;;;;;;
;;;;;;;;;;
;;;;;;;;;;
;;;;;;;;;;
;;;;;;;;;;
;;;;;;;;;;
;;;;;;;;;;
;;;;;;;;;;
;;;;;;;;;;
;;;;;;;;;;
;;;;;;;;;;
;;;;;;;;;;
;;;;;;;;;;
;;;;;;;;;;
;;;;;;;;;;
;;;;;;;;;;
;;;;;;;;;;
;;;;;;;;;;
;;;;;;;;;;
;;;;;;;;;;
;;;;;;;;;;
;;;;;;;;;;
;;;;;;;;;;
;;;;;;;;;;
;;;;;;;;;;
;;;;;;;;;;
;;;;;;;;;;
;;;;;;;;;;
;;;;;;;;;;
;;;;;;;;;;
;;;;;;;;;;
;;;;;;;;;;
;;;;;;;;;;
;;;;;;;;;;
;;;;;;;;;;
;;;;;;;;;;
;;;;;;;;;;
;;;;;;;;;;
;;;;;;;;;;
;;;;;;;;;;
;;;;;;;;;;
;;;;;;;;;;
;;;;;;;;;;
;;;;;;;;;;
;;;;;;;;;;
;;;;;;;;;;
;;;;;;;;;;
;;;;;;;;;;
;;;;;;;;;;
;;;;;;;;;;
;;;;;;;;;;
;;;;;;;;;;
;;;;;;;;;;
;;;;;;;;;;
;;;;;;;;;;
;;;;;;;;;;
;;;;;;;;;;
;;;;;;;;;;
;;;;;;;;;;
;;;;;;;;;;
;;;;;;;;;;
;;;;;;;;;;
;;;;;;;;;;
;;;;;;;;;;
;;;;;;;;;;
;;;;;;;;;;
;;;;;;;;;;
;;;;;;;;;;
;;;;;;;;;;
;;;;;;;;;;
;;;;;;;;;;
;;;;;;;;;;
;;;;;;;;;;
;;;;;;;;;;
;;;;;;;;;;
;;;;;;;;;;
;;;;;;;;;;
;;;;;;;;;;
;;;;;;;;;;
;;;;;;;;;;
;;;;;;;;;;
;;;;;;;;;;
;;;;;;;;;;
;;;;;;;;;;
;;;;;;;;;;
;;;;;;;;;;
;;;;;;;;;;
;;;;;;;;;;
;;;;;;;;;;
;;;;;;;;;;
;;;;;;;;;;
;;;;;;;;;;
;;;;;;;;;;
;;;;;;;;;;
;;;;;;;;;;
;;;;;;;;;;
;;;;;;;;;;
;;;;;;;;;;
;;;;;;;;;;
;;;;;;;;;;
;;;;;;;;;;
;;;;;;;;;;
;;;;;;;;;;
;;;;;;;;;;
;;;;;;;;;;
;;;;;;;;;;
;;;;;;;;;;
;;;;;;;;;;
;;;;;;;;;;
;;;;;;;;;;
;;;;;;;;;;
;;;;;;;;;;
;;;;;;;;;;
;;;;;;;;;;
;;;;;;;;;;
;;;;;;;;;;
;;;;;;;;;;
;;;;;;;;;;
;;;;;;;;;;
;;;;;;;;;;
;;;;;;;;;;
;;;;;;;;;;
;;;;;;;;;;
;;;;;;;;;;
;;;;;;;;;;
;;;;;;;;;;
;;;;;;;;;;
;;;;;;;;;;
;;;;;;;;;;
;;;;;;;;;;
;;;;;;;;;;
;;;;;;;;;;
;;;;;;;;;;
;;;;;;;;;;
;;;;;;;;;;
;;;;;;;;;;
;;;;;;;;;;
;;;;;;;;;;
;;;;;;;;;;
;;;;;;;;;;
;;;;;;;;;;
;;;;;;;;;;
;;;;;;;;;;
;;;;;;;;;;
;;;;;;;;;;
;;;;;;;;;;
;;;;;;;;;;
;;;;;;;;;;
;;;;;;;;;;
;;;;;;;;;;
;;;;;;;;;;
;;;;;;;;;;
;;;;;;;;;;
;;;;;;;;;;
;;;;;;;;;;
;;;;;;;;;;
;;;;;;;;;;
;;;;;;;;;;
;;;;;;;;;;
;;;;;;;;;;
;;;;;;;;;;
;;;;;;;;;;
;;;;;;;;;;
;;;;;;;;;;
;;;;;;;;;;
;;;;;;;;;;
;;;;;;;;;;
;;;;;;;;;;
;;;;;;;;;;
;;;;;;;;;;
;;;;;;;;;;
;;;;;;;;;;
;;;;;;;;;;
;;;;;;;;;;
;;;;;;;;;;
;;;;;;;;;;
;;;;;;;;;;
;;;;;;;;;;
;;;;;;;;;;
;;;;;;;;;;
;;;;;;;;;;
;;;;;;;;;;
;;;;;;;;;;
;;;;;;;;;;
;;;;;;;;;;
;;;;;;;;;;
;;;;;;;;;;
;;;;;;;;;;
;;;;;;;;;;
;;;;;;;;;;
;;;;;;;;;;
;;;;;;;;;;
;;;;;;;;;;
;;;;;;;;;;
;;;;;;;;;;
;;;;;;;;;;
;;;;;;;;;;
;;;;;;;;;;
;;;;;;;;;;
;;;;;;;;;;
;;;;;;;;;;
;;;;;;;;;;
;;;;;;;;;;
;;;;;;;;;;
;;;;;;;;;;
;;;;;;;;;;
;;;;;;;;;;
;;;;;;;;;;
;;;;;;;;;;
;;;;;;;;;;
;;;;;;;;;;
;;;;;;;;;;
;;;;;;;;;;
;;;;;;;;;;