﻿;;;;;;;;;;
;;;;;;;;;;
;;;;;;;;;;
;;;;;;;;;;
;;;;;;;;;;
Return to Contents;;;;;;;;;;
_;;;;;;;;;;
Table 3a: Appointments by Status, at National, Regional, Sub-Regional, STP and CCG level, England, January 2020;;;;;;;;;;
;;;;Count of Open GP Practices1;Count of Included GP Practices;Count of Appointments;;"Count of Appointments by 
Appointment Status";;
Type;NHS Area Code;ONS Code;Name;;;Total;;Attended;DNA;Unknown2
Type;NHS Area Code;ONS Code;Name;Open Active Practices;Included Practices;Total;_;Attended;DNA;Unknown
National;ENG;ENG;England;6 815;6 528;26 864 607;;24 231 580;1 283 206;1 349 821
Region;Y56;E40000003;London;1 255;1 172;3 690 277;;3 304 128;230 661;155 488
Region;Y58;E40000006;South West;579;558;3 092 896;;2 798 042;133 913;160 941
Region;Y59;E40000005;South East;886;837;3 973 770;;3 626 890;160 699;186 181
Region;Y60;E40000008;Midlands;1 328;1 300;5 227 560;;4 708 158;254 663;264 739
Region;Y61;E40000007;East of England;693;675;3 182 347;;2 872 790;128 404;181 153
Region;Y62;E40000010;North West;1 032;961;3 163 271;;2 850 456;173 526;139 289
Region;Y63;E40000009;North East and Yorkshire;1 042;1 025;4 534 486;;4 071 116;201 340;262 030
Regional Local Office;Q71;E39000018;NHS England London;1 255;1 172;3 690 277;;3 304 128;230 661;155 488
Regional Local Office;Q72;E39000048;NHS England North East and Yorkshire (Yorkshire and Humber);647;638;2 880 383;;2 581 297;124 132;174 954
Regional Local Office;Q74;E39000047;NHS England North East and Yorkshire (Cumbria and North East);395;387;1 654 103;;1 489 819;77 208;87 076
Regional Local Office;Q75;E39000026;NHS England North West (Cheshire and Merseyside);365;353;1 170 173;;1 055 565;61 875;52 733
Regional Local Office;Q76;E39000032;NHS England Midlands (North Midlands);452;446;1 796 526;;1 623 066;75 083;98 377
Regional Local Office;Q77;E39000033;NHS England Midlands (West Midlands);586;569;2 095 973;;1 882 999;122 264;90 710
Regional Local Office;Q78;E39000045;NHS England Midlands (Central Midlands);290;285;1 335 061;;1 202 093;57 316;75 652
Regional Local Office;Q79;E39000046;NHS England East of England (East);693;675;3 182 347;;2 872 790;128 404;181 153
Regional Local Office;Q83;E39000037;NHS England North West (Greater Manchester);455;408;1 237 712;;1 104 410;75 906;57 396
Regional Local Office;Q84;E39000040;NHS England North West (Lancashire and South Cumbria);212;200;755 386;;690 481;35 745;29 160
Regional Local Office;Q85;E39000044;NHS England South West (South West South);331;319;1 776 902;;1 603 348;79 396;94 158
Regional Local Office;Q86;E39000043;NHS England South West (South West North);248;239;1 315 994;;1 194 694;54 517;66 783
Regional Local Office;Q87;E39000041;NHS England South East (Hampshire, Isle of Wight and Thames Valley);394;371;1 919 830;;1 756 355;75 957;87 518
Regional Local Office;Q88;E39000042;NHS England South East (Kent, Surrey and Sussex);492;466;2 053 940;;1 870 535;84 742;98 663
STP;E54000005;E54000005;West Yorkshire And Harrogate (Health And Care Partnership)  STP;312;307;1 397 542;;1 256 001;58 123;83 418
STP;E54000006;E54000006;Humber, Coast And Vale  STP;145;141;674 621;;609 135;27 545;37 941
STP;E54000007;E54000007;Greater Manchester Health And Social Care Partnership  STP;455;408;1 237 712;;1 104 410;75 906;57 396
STP;E54000008;E54000008;Cheshire And Merseyside  STP;365;353;1 170 173;;1 055 565;61 875;52 733
STP;E54000009;E54000009;South Yorkshire And Bassetlaw  STP;190;190;808 220;;716 161;38 464;53 595
STP;E54000010;E54000010;Staffordshire And Stoke On Trent  STP;152;148;477 620;;435 414;21 325;20 881
STP;E54000011;E54000011;Shropshire And Telford And Wrekin  STP;54;54;244 279;;224 715;10 409;9 155
STP;E54000012;E54000012;Joined Up Care Derbyshire  STP;115;114;539 792;;485 284;20 137;34 371
STP;E54000013;E54000013;Lincolnshire  STP;86;85;396 119;;358 516;16 151;21 452
STP;E54000014;E54000014;Nottingham And Nottinghamshire Health And Care  STP;131;130;534 835;;477 653;23 212;33 970
STP;E54000015;E54000015;Leicester, Leicestershire And Rutland  STP;134;133;566 021;;509 096;26 528;30 397
STP;E54000016;E54000016;The Black Country And West Birmingham  STP;214;208;643 453;;566 673;44 784;31 996
STP;E54000017;E54000017;Birmingham And Solihull  STP;165;159;590 849;;521 072;40 317;29 460
STP;E54000018;E54000018;Coventry And Warwickshire  STP;124;122;442 945;;405 441;21 025;16 479
STP;E54000019;E54000019;Herefordshire And Worcestershire  STP;83;80;418 726;;389 813;16 138;12 775
STP;E54000020;E54000020;Northamptonshire  STP;70;67;372 921;;334 481;14 637;23 803
STP;E54000021;E54000021;Cambridgeshire And Peterborough  STP;88;87;490 495;;445 119;21 616;23 760
STP;E54000022;E54000022;Norfolk And Waveney Health And Care Partnership  STP;105;103;567 780;;512 367;21 345;34 068
STP;E54000023;E54000023;Suffolk And North East Essex  STP;99;95;513 999;;469 216;18 018;26 765
STP;E54000024;E54000024;Bedfordshire, Luton And Milton Keynes  STP;100;99;457 379;;410 464;21 425;25 490
STP;E54000025;E54000025;Hertfordshire And West Essex  STP;146;141;630 827;;564 123;28 056;38 648
STP;E54000026;E54000026;Mid And South Essex  STP;155;150;521 867;;471 501;17 944;32 422
STP;E54000027;E54000027;North West London Health And Care Partnership  STP;360;353;994 700;;890 803;57 941;45 956
STP;E54000028;E54000028;North London Partners In Health And Care  STP;208;172;524 785;;472 023;33 788;18 974
STP;E54000029;E54000029;East London Health And Care Partnership  STP;284;271;841 387;;748 650;58 874;33 863
STP;E54000030;E54000030;Our Healthier South East London  STP;219;204;701 152;;621 487;45 347;34 318
STP;E54000031;E54000031;South West London Health And Care Partnership  STP;184;172;628 253;;571 165;34 711;22 377
STP;E54000032;E54000032;Kent And Medway  STP;210;189;767 535;;695 805;34 626;37 104
STP;E54000033;E54000033;Sussex And East Surrey  STP;194;191;924 703;;842 025;35 634;47 044
STP;E54000034;E54000034;Frimley Health  STP;74;66;305 951;;279 899;12 710;13 342
STP;E54000035;E54000035;Surrey Heartlands  STP;88;86;361 702;;332 705;14 482;14 515
STP;E54000036;E54000036;Cornwall And The Isles Of Scilly  STP;59;57;359 803;;317 124;24 587;18 092
STP;E54000037;E54000037;Devon  STP;127;122;731 220;;666 068;27 467;37 685
STP;E54000038;E54000038;Somerset  STP;65;60;263 274;;240 973;11 347;10 954
STP;E54000039;E54000039;Bristol, North Somerset And South Gloucestershire  STP;80;76;477 911;;439 476;23 482;14 953
STP;E54000040;E54000040;Bath And North East Somerset, Swindon And Wiltshire  STP;93;92;508 354;;457 462;18 360;32 532
STP;E54000041;E54000041;Dorset  STP;80;80;422 605;;379 183;15 995;27 427
STP;E54000042;E54000042;Hampshire And The Isle Of Wight  STP;156;150;817 419;;738 391;33 606;45 422
STP;E54000043;E54000043;Gloucestershire  STP;75;71;329 729;;297 756;12 675;19 298
STP;E54000044;E54000044;Buckinghamshire, Oxfordshire And Berkshire West  STP;164;155;796 460;;738 065;29 641;28 754
STP;E54000048;E54000048;Healthier Lancashire And South Cumbria  STP;212;200;755 386;;690 481;35 745;29 160
STP;E54000049;E54000049;Cumbria And North East  STP;395;387;1 654 103;;1 489 819;77 208;87 076
CCG;00C;E38000042;NHS Darlington CCG;11;11;53 802;;47 828;2 909;3 065
CCG;00D;E38000047;NHS Durham Dales, Easington and Sedgefield CCG;34;34;181 294;;161 644;8 070;11 580
CCG;00J;E38000116;NHS North Durham CCG;30;30;146 200;;131 402;5 715;9 083
CCG;00K;E38000075;NHS Hartlepool and Stockton-on-Tees CCG;32;32;138 057;;121 359;6 743;9 955
CCG;00L;E38000130;NHS Northumberland CCG;41;40;176 889;;159 808;6 746;10 335
CCG;00M;E38000162;NHS South Tees CCG;38;35;161 108;;143 596;7 729;9 783
CCG;00N;E38000163;NHS South Tyneside CCG;21;21;68 108;;62 467;3 433;2 208
CCG;00P;E38000176;NHS Sunderland CCG;40;39;132 338;;119 963;7 643;4 732
CCG;00Q;E38000014;NHS Blackburn with Darwen CCG;23;22;67 267;;60 298;4 368;2 601
CCG;00R;E38000015;NHS Blackpool CCG;18;17;87 902;;80 705;4 759;2 438
CCG;00T;E38000016;NHS Bolton CCG;49;48;150 143;;132 164;10 214;7 765
CCG;00V;E38000024;NHS Bury CCG;26;6;26 951;;21 378;1 817;3 756
CCG;00X;E38000034;NHS Chorley and South Ribble CCG;30;27;73 378;;66 759;2 924;3 695
CCG;00Y;E38000135;NHS Oldham CCG;43;41;111 280;;101 042;6 592;3 646
CCG;01A;E38000050;NHS East Lancashire CCG;49;47;159 674;;144 777;8 439;6 458
CCG;01C;E38000056;NHS Eastern Cheshire CCG;21;19;86 101;;79 718;3 772;2 611
CCG;01D;E38000080;NHS Heywood, Middleton and Rochdale CCG;41;36;103 707;;93 772;6 218;3 717
CCG;01E;E38000227;NHS Greater Preston CCG;23;22;74 029;;67 391;3 553;3 085
CCG;01F;E38000068;NHS Halton CCG;14;14;62 173;;54 243;3 549;4 381
CCG;01G;E38000143;NHS Salford CCG;44;40;133 566;;114 767;8 889;9 910
CCG;01H;E38000215;NHS North Cumbria CCG;39;39;184 323;;169 625;7 216;7 482
CCG;01J;E38000091;NHS Knowsley CCG;25;25;79 336;;70 806;5 363;3 167
CCG;01K;E38000228;NHS Morecambe Bay CCG;35;33;158 142;;146 016;7 081;5 045
CCG;01R;E38000151;NHS South Cheshire CCG;17;17;88 079;;80 094;4 106;3 879
CCG;01T;E38000161;NHS South Sefton CCG;31;29;54 937;;50 145;3 145;1 647
CCG;01V;E38000170;NHS Southport and Formby CCG;17;17;55 883;;50 961;2 136;2 786
CCG;01W;E38000174;NHS Stockport CCG;37;34;134 425;;122 375;7 117;4 933
CCG;01X;E38000172;NHS St Helens CCG;34;33;80 803;;72 764;4 137;3 902
CCG;01Y;E38000182;NHS Tameside and Glossop CCG;37;37;110 625;;100 929;6 437;3 259
CCG;02A;E38000187;NHS Trafford CCG;30;27;81 608;;74 289;4 007;3 312
CCG;02D;E38000189;NHS Vale Royal CCG;12;12;45 561;;40 428;2 302;2 831
CCG;02E;E38000194;NHS Warrington CCG;26;26;96 552;;88 229;3 751;4 572
CCG;02F;E38000196;NHS West Cheshire CCG;31;28;116 229;;107 060;5 479;3 690
CCG;02G;E38000200;NHS West Lancashire CCG;15;14;49 409;;45 073;1 990;2 346
CCG;02H;E38000205;NHS Wigan Borough CCG;61;59;136 235;;122 815;6 343;7 077
CCG;02M;E38000226;NHS Fylde and Wyre CCG;19;18;85 585;;79 462;2 631;3 492
CCG;02N;E38000001;NHS Airedale, Wharfedale and Craven CCG;16;16;96 894;;86 779;3 131;6 984
CCG;02P;E38000006;NHS Barnsley CCG;33;33;128 995;;116 330;5 405;7 260
CCG;02Q;E38000008;NHS Bassetlaw CCG;9;9;65 093;;58 921;2 825;3 347
CCG;02R;E38000019;NHS Bradford Districts CCG;31;31;182 326;;161 982;6 987;13 357
CCG;02T;E38000025;NHS Calderdale CCG;26;24;108 784;;97 299;4 134;7 351
CCG;02W;E38000018;NHS Bradford City CCG;25;25;82 776;;72 795;5 465;4 516
CCG;02X;E38000044;NHS Doncaster CCG;39;39;163 326;;146 464;7 996;8 866
CCG;02Y;E38000052;NHS East Riding of Yorkshire CCG;29;27;140 737;;128 858;5 098;6 781
CCG;03A;E38000064;NHS Greater Huddersfield CCG;37;37;112 731;;102 003;4 768;5 960
CCG;03D;E38000069;NHS Hambleton, Richmondshire and Whitby CCG;22;21;74 256;;67 568;2 724;3 964
CCG;03E;E38000073;NHS Harrogate and Rural District CCG;17;17;81 954;;75 905;2 522;3 527
CCG;03F;E38000085;NHS Hull CCG;33;33;124 716;;111 281;7 554;5 881
CCG;03H;E38000119;NHS North East Lincolnshire CCG;26;25;95 272;;86 036;3 879;5 357
CCG;03J;E38000121;NHS North Kirklees CCG;28;27;95 580;;85 806;4 671;5 103
CCG;03K;E38000122;NHS North Lincolnshire CCG;19;19;93 547;;83 912;2 716;6 919
CCG;03L;E38000141;NHS Rotherham CCG;30;30;138 659;;121 745;6 077;10 837
CCG;03M;E38000145;NHS Scarborough and Ryedale CCG;12;12;66 794;;58 423;2 713;5 658
CCG;03N;E38000146;NHS Sheffield CCG;79;79;312 147;;272 701;16 161;23 285
CCG;03Q;E38000188;NHS Vale of York CCG;26;25;153 555;;140 625;5 585;7 345
CCG;03R;E38000190;NHS Wakefield CCG;37;35;213 231;;192 276;7 625;13 330
CCG;03T;E38000099;NHS Lincolnshire East CCG;26;26;127 873;;116 960;5 404;5 509
CCG;03V;E38000037;NHS Corby CCG;6;5;35 293;;29 849;1 357;4 087
CCG;03W;E38000051;NHS East Leicestershire and Rutland CCG;31;30;179 970;;162 343;7 216;10 411
CCG;04C;E38000097;NHS Leicester City CCG;57;57;186 038;;164 575;11 451;10 012
CCG;04D;E38000100;NHS Lincolnshire West CCG;30;29;105 382;;93 957;4 857;6 568
CCG;04E;E38000103;NHS Mansfield and Ashfield CCG;26;26;101 888;;90 546;4 243;7 099
CCG;04F;E38000107;NHS Milton Keynes CCG;26;26;133 497;;120 655;6 044;6 798
CCG;04G;E38000108;NHS Nene CCG;64;62;337 628;;304 632;13 280;19 716
CCG;04H;E38000109;NHS Newark and Sherwood CCG;14;14;70 246;;63 907;2 606;3 733
CCG;04K;E38000132;NHS Nottingham City CCG;50;49;171 026;;149 977;9 421;11 628
CCG;04L;E38000133;NHS Nottingham North and East CCG;17;17;69 402;;61 370;2 688;5 344
CCG;04M;E38000134;NHS Nottingham West CCG;12;12;55 457;;50 503;2 194;2 760
CCG;04N;E38000142;NHS Rushcliffe CCG;12;12;66 816;;61 350;2 060;3 406
CCG;04Q;E38000165;NHS South West  Lincolnshire CCG;17;17;66 429;;60 135;2 637;3 657
CCG;04V;E38000201;NHS West Leicestershire CCG;46;46;200 013;;182 178;7 861;9 974
CCG;04Y;E38000028;NHS Cannock Chase CCG;24;23;58 997;;53 574;2 383;3 040
CCG;05A;E38000038;NHS Coventry and Rugby CCG;66;65;207 221;;187 840;12 175;7 206
CCG;05C;E38000046;NHS Dudley CCG;43;43;141 384;;125 201;7 744;8 439
CCG;05D;E38000053;NHS East Staffordshire CCG;18;17;63 655;;57 754;2 327;3 574
CCG;05F;E38000078;NHS Herefordshire CCG;20;20;100 836;;94 039;3 854;2 943
CCG;05G;E38000126;NHS North Staffordshire CCG;30;30;87 836;;81 321;3 114;3 401
CCG;05H;E38000195;NHS Warwickshire North CCG;26;25;80 970;;73 652;3 652;3 666
CCG;05J;E38000139;NHS Redditch and Bromsgrove CCG;21;21;87 846;;82 209;3 448;2 189
CCG;05L;E38000144;NHS Sandwell and West Birmingham CCG;81;78;252 311;;218 938;19 998;13 375
CCG;05N;E38000147;NHS Shropshire CCG;41;41;160 025;;146 991;6 195;6 839
CCG;05Q;E38000153;NHS South East Staffordshire and Seisdon Peninsula CCG;26;24;89 673;;82 840;3 942;2 891
CCG;05R;E38000164;NHS South Warwickshire CCG;32;32;154 754;;143 949;5 198;5 607
CCG;05T;E38000166;NHS South Worcestershire CCG;31;28;150 883;;139 654;5 654;5 575
CCG;05V;E38000173;NHS Stafford and Surrounds CCG;14;14;70 287;;64 773;2 840;2 674
CCG;05W;E38000175;NHS Stoke on Trent CCG;40;40;107 172;;95 152;6 719;5 301
CCG;05X;E38000183;NHS Telford and Wrekin CCG;13;13;84 254;;77 724;4 214;2 316
CCG;05Y;E38000191;NHS Walsall CCG;52;50;140 729;;125 633;9 188;5 908
CCG;06A;E38000210;NHS Wolverhampton CCG;38;37;109 029;;96 901;7 854;4 274
CCG;06D;E38000211;NHS Wyre Forest CCG;11;11;79 161;;73 911;3 182;2 068
CCG;06F;E38000010;NHS Bedfordshire CCG;48;47;225 944;;202 604;9 145;14 195
CCG;06H;E38000026;NHS Cambridgeshire and Peterborough CCG;88;87;490 495;;445 119;21 616;23 760
CCG;06K;E38000049;NHS East and North Hertfordshire CCG;57;53;244 877;;215 278;9 829;19 770
CCG;06L;E38000086;NHS Ipswich and East Suffolk CCG;41;39;212 182;;192 158;7 075;12 949
CCG;06M;E38000063;NHS Great Yarmouth and Waveney CCG;19;19;124 052;;111 123;5 856;7 073
CCG;06N;E38000079;NHS Herts Valley CCG;58;57;256 427;;232 477;12 675;11 275
CCG;06P;E38000102;NHS Luton CCG;26;26;97 938;;87 205;6 236;4 497
CCG;06Q;E38000106;NHS Mid Essex CCG;42;39;180 150;;163 797;5 842;10 511
CCG;06T;E38000117;NHS North East Essex CCG;34;32;175 780;;160 370;7 143;8 267
CCG;06V;E38000124;NHS North Norfolk CCG;19;18;93 370;;83 745;3 562;6 063
CCG;06W;E38000218;NHS Norwich CCG;22;22;120 286;;107 757;4 680;7 849
CCG;06Y;E38000219;NHS South Norfolk CCG;24;23;119 868;;110 464;3 522;5 882
CCG;07G;E38000185;NHS Thurrock CCG;27;27;80 829;;73 090;3 194;4 545
CCG;07H;E38000197;NHS West Essex CCG;31;31;129 523;;116 368;5 552;7 603
CCG;07J;E38000203;NHS West Norfolk CCG;21;21;110 204;;99 278;3 725;7 201
CCG;07K;E38000204;NHS West Suffolk CCG;24;24;126 037;;116 688;3 800;5 549
CCG;07L;E38000004;NHS Barking and Dagenham CCG;34;32;85 469;;73 272;6 761;5 436
CCG;07M;E38000005;NHS Barnet CCG;54;43;116 868;;106 257;5 679;4 932
CCG;07N;E38000011;NHS Bexley CCG;23;20;84 070;;75 105;3 320;5 645
CCG;07P;E38000020;NHS Brent CCG;54;52;151 840;;136 314;10 674;4 852
CCG;07Q;E38000023;NHS Bromley CCG;45;43;116 775;;103 975;4 735;8 065
CCG;07R;E38000027;NHS Camden CCG;36;32;94 513;;85 811;6 023;2 679
CCG;07T;E38000035;NHS City and Hackney CCG;40;38;137 886;;123 965;9 489;4 432
CCG;07V;E38000040;NHS Croydon CCG;51;48;153 818;;138 587;9 460;5 771
CCG;07W;E38000048;NHS Ealing CCG;76;74;191 553;;173 425;9 581;8 547
CCG;07X;E38000057;NHS Enfield CCG;47;32;111 805;;99 145;7 666;4 994
CCG;07Y;E38000084;NHS Hounslow CCG;46;46;132 936;;118 505;6 891;7 540
CCG;08A;E38000066;NHS Greenwich CCG;35;33;109 615;;94 147;7 845;7 623
CCG;08C;E38000070;NHS Hammersmith and Fulham CCG;30;28;87 100;;76 508;5 417;5 175
CCG;08D;E38000072;NHS Haringey CCG;37;36;105 416;;94 602;6 933;3 881
CCG;08E;E38000074;NHS Harrow CCG;33;33;112 617;;101 898;6 173;4 546
CCG;08F;E38000077;NHS Havering CCG;42;40;92 034;;82 426;4 351;5 257
CCG;08G;E38000082;NHS Hillingdon CCG;45;45;118 008;;107 039;6 722;4 247
CCG;08H;E38000088;NHS Islington CCG;34;29;96 183;;86 208;7 487;2 488
CCG;08J;E38000090;NHS Kingston CCG;21;21;80 842;;75 772;3 331;1 739
CCG;08K;E38000092;NHS Lambeth CCG;46;38;147 156;;131 170;10 841;5 145
CCG;08L;E38000098;NHS Lewisham CCG;35;35;118 517;;105 889;8 890;3 738
CCG;08M;E38000113;NHS Newham CCG;51;48;150 286;;132 006;13 216;5 064
CCG;08N;E38000138;NHS Redbridge CCG;42;40;119 459;;106 115;7 342;6 002
CCG;08P;E38000140;NHS Richmond CCG;25;20;73 627;;64 746;3 728;5 153
CCG;08Q;E38000171;NHS Southwark CCG;35;35;125 019;;111 201;9 716;4 102
CCG;08R;E38000105;NHS Merton CCG;22;21;77 689;;70 972;4 614;2 103
CCG;08T;E38000179;NHS Sutton CCG;23;22;80 528;;74 218;3 558;2 752
CCG;08V;E38000186;NHS Tower Hamlets CCG;35;34;148 558;;133 389;11 509;3 660
CCG;08W;E38000192;NHS Waltham Forest CCG;40;39;107 695;;97 477;6 206;4 012
CCG;08X;E38000193;NHS Wandsworth CCG;42;40;161 749;;146 870;10 020;4 859
CCG;08Y;E38000202;NHS West London CCG;42;42;116 234;;102 321;6 761;7 152
CCG;09A;E38000031;NHS Central London (Westminster) CCG;34;33;84 412;;74 793;5 722;3 897
CCG;09C;E38000002;NHS Ashford CCG;11;11;73 275;;68 955;2 553;1 767
CCG;09D;E38000021;NHS Brighton and Hove CCG;35;34;127 480;;113 715;6 113;7 652
CCG;09E;E38000029;NHS Canterbury and Coastal CCG;14;14;118 600;;109 651;4 524;4 425
CCG;09F;E38000055;NHS Eastbourne, Hailsham and Seaford CCG;20;20;107 625;;99 195;4 465;3 965
CCG;09G;E38000213;NHS Coastal West Sussex CCG;46;46;260 277;;237 540;8 777;13 960
CCG;09H;E38000039;NHS Crawley CCG;12;12;59 909;;54 040;2 038;3 831
CCG;09J;E38000043;NHS Dartford, Gravesham and Swanley CCG;29;19;70 122;;62 111;3 661;4 350
CCG;09L;E38000054;NHS East Surrey CCG;16;16;81 327;;75 609;3 387;2 331
CCG;09N;E38000214;NHS Guildford and Waverley CCG;20;20;96 513;;89 413;3 871;3 229
CCG;09P;E38000076;NHS Hastings and Rother CCG;23;23;107 568;;98 486;4 844;4 238
CCG;09W;E38000104;NHS Medway CCG;44;44;103 444;;91 707;5 799;5 938
CCG;09X;E38000083;NHS Horsham and Mid Sussex CCG;23;22;102 513;;92 757;3 490;6 266
CCG;09Y;E38000128;NHS North West Surrey CCG;38;36;140 993;;130 065;5 488;5 440
CCG;10A;E38000156;NHS South Kent Coast CCG;28;26;89 030;;80 956;3 640;4 434
CCG;10C;E38000178;NHS Surrey Heath CCG;7;7;42 284;;37 881;1 342;3 061
CCG;10D;E38000180;NHS Swale CCG;16;16;48 868;;44 473;2 466;1 929
CCG;10E;E38000184;NHS Thanet CCG;14;13;62 201;;55 762;2 482;3 957
CCG;10J;E38000120;NHS North Hampshire CCG;15;15;107 733;;98 081;3 598;6 054
CCG;10K;E38000059;NHS Fareham and Gosport CCG;17;17;91 710;;84 677;3 443;3 590
CCG;10L;E38000087;NHS Isle of Wight CCG;15;15;79 394;;67 444;5 494;6 456
CCG;10Q;E38000136;NHS Oxfordshire CCG;68;65;344 083;;319 925;13 543;10 615
CCG;10R;E38000137;NHS Portsmouth CCG;15;15;92 280;;83 302;4 410;4 568
CCG;10V;E38000154;NHS South Eastern Hampshire CCG;20;19;97 782;;88 892;4 023;4 867
CCG;10X;E38000167;NHS Southampton CCG;26;26;104 666;;89 897;4 943;9 826
CCG;11A;E38000198;NHS West Hampshire CCG;48;43;243 854;;226 098;7 695;10 061
CCG;11E;E38000009;NHS Bath and North East Somerset CCG;24;24;105 628;;95 651;4 107;5 870
CCG;11J;E38000045;NHS Dorset CCG;80;80;422 605;;379 183;15 995;27 427
CCG;11M;E38000062;NHS Gloucestershire CCG;75;71;329 729;;297 756;12 675;19 298
CCG;11N;E38000089;NHS Kernow CCG;59;57;359 803;;317 124;24 587;18 092
CCG;11X;E38000150;NHS Somerset CCG;65;60;263 274;;240 973;11 347;10 954
CCG;12D;E38000181;NHS Swindon CCG;22;22;117 966;;101 924;5 206;10 836
CCG;12F;E38000208;NHS Wirral CCG;49;47;170 885;;150 885;9 403;10 597
CCG;13T;E38000212;NHS Newcastle Gateshead CCG;61;59;234 697;;211 773;13 145;9 779
CCG;14L;E38000217;NHS Manchester CCG;87;80;249 172;;220 879;18 272;10 021
CCG;14Y;E38000223;NHS Buckinghamshire CCG;50;46;230 087;;216 122;7 656;6 309
CCG;15A;E38000221;NHS Berkshire West;46;44;222 290;;202 018;8 442;11 830
CCG;15C;E38000222;NHS Bristol, North Somerset and South Gloucestershire CCG;80;76;477 911;;439 476;23 482;14 953
CCG;15D;E38000224;NHS East Berkshire CCG;47;41;178 901;;164 495;8 241;6 165
CCG;15E;E38000220;NHS Birmingham and Solihull CCG;165;159;590 849;;521 072;40 317;29 460
CCG;15F;E38000225;NHS Leeds CCG;95;95;423 266;;381 156;18 820;23 290
CCG;15M;E38000229;NHS Derby and Derbyshire CCG;115;114;539 792;;485 284;20 137;34 371
CCG;15N;E38000230;NHS Devon CCG;127;122;731 220;;666 068;27 467;37 685
CCG;99A;E38000101;NHS Liverpool CCG;88;86;233 634;;210 232;14 732;8 670
CCG;99C;E38000127;NHS North Tyneside CCG;26;26;103 031;;92 786;5 135;5 110
CCG;99D;E38000157;NHS South Lincolnshire CCG;13;13;96 435;;87 464;3 253;5 718
CCG;99E;E38000007;NHS Basildon and Brentwood CCG;35;35;113 342;;101 577;3 846;7 919
CCG;99F;E38000030;NHS Castle Point and Rochford CCG;23;22;73 601;;66 215;2 110;5 276
CCG;99G;E38000168;NHS Southend CCG;28;27;73 945;;66 822;2 952;4 171
CCG;99H;E38000177;NHS Surrey Downs CCG;30;30;124 196;;113 227;5 123;5 846
CCG;99J;E38000199;NHS West Kent CCG;54;46;201 995;;182 190;9 501;10 304
CCG;99K;E38000081;NHS High Weald Lewes Havens CCG;19;18;78 004;;70 683;2 520;4 801
CCG;99M;E38000118;NHS North East Hampshire and Farnham CCG;20;18;84 766;;77 523;3 127;4 116
CCG;99N;E38000206;NHS Wiltshire CCG;47;46;284 760;;259 887;9 047;15 826
;;;;;;;;;;
Source: NHS Digital;;;;;;;;;;
;;;;;;;;;;
Notes:;;;;;;;;;;
1;CCGs are only included if there is data for more than one practice within the CCG, therefore the total count of open GP practices by CCG may not equal the national total;;;;;;;;;
2;"At the time of the appointment a ‘Booked’ status will usually be changed to either ‘Attended’ or ‘DNA’. In some cases (4-7% of monthly appointments), the final status of an appointment remains as ‘Booked’. It is not known from the data whether these appointments were actually attended or not. From a sample audit these were found to be consultations where the status has not been updated to say if patients had attended or not. 
For this reason, these appointments are reported as ""Unknown"" status";;;;;;;;;
_;;;;;;;;;;
Copyright © 2020 Health and Social Care Information Centre. The Health and Social Care Information Centre is a non-departmental body created by statute, also known as NHS Digital.;;;;;;;;;;
;;;;;;;;;;
;;;;;;;;;;
;;;;;;;;;;
;;;;;;;;;;
;;;;;;;;;;
;;;;;;;;;;
;;;;;;;;;;
;;;;;;;;;;
;;;;;;;;;;
;;;;;;;;;;
;;;;;;;;;;
;;;;;;;;;;
;;;;;;;;;;
;;;;;;;;;;
;;;;;;;;;;
;;;;;;;;;;
;;;;;;;;;;
;;;;;;;;;;
;;;;;;;;;;
;;;;;;;;;;
;;;;;;;;;;
;;;;;;;;;;
;;;;;;;;;;
;;;;;;;;;;
;;;;;;;;;;
;;;;;;;;;;
;;;;;;;;;;
;;;;;;;;;;
;;;;;;;;;;
;;;;;;;;;;
;;;;;;;;;;
;;;;;;;;;;
;;;;;;;;;;
;;;;;;;;;;
;;;;;;;;;;
;;;;;;;;;;
;;;;;;;;;;
;;;;;;;;;;
;;;;;;;;;;
;;;;;;;;;;
;;;;;;;;;;
;;;;;;;;;;
;;;;;;;;;;
;;;;;;;;;;
;;;;;;;;;;
;;;;;;;;;;
;;;;;;;;;;
;;;;;;;;;;
;;;;;;;;;;
;;;;;;;;;;
;;;;;;;;;;
;;;;;;;;;;
;;;;;;;;;;
;;;;;;;;;;
;;;;;;;;;;
;;;;;;;;;;
;;;;;;;;;;
;;;;;;;;;;
;;;;;;;;;;
;;;;;;;;;;
;;;;;;;;;;
;;;;;;;;;;
;;;;;;;;;;
;;;;;;;;;;
;;;;;;;;;;
;;;;;;;;;;
;;;;;;;;;;
;;;;;;;;;;
;;;;;;;;;;
;;;;;;;;;;
;;;;;;;;;;
;;;;;;;;;;
;;;;;;;;;;
;;;;;;;;;;
;;;;;;;;;;
;;;;;;;;;;
;;;;;;;;;;
;;;;;;;;;;
;;;;;;;;;;
;;;;;;;;;;
;;;;;;;;;;
;;;;;;;;;;
;;;;;;;;;;
;;;;;;;;;;
;;;;;;;;;;
;;;;;;;;;;
;;;;;;;;;;
;;;;;;;;;;
;;;;;;;;;;
;;;;;;;;;;
;;;;;;;;;;
;;;;;;;;;;
;;;;;;;;;;
;;;;;;;;;;
;;;;;;;;;;
;;;;;;;;;;
;;;;;;;;;;
;;;;;;;;;;
;;;;;;;;;;
;;;;;;;;;;
;;;;;;;;;;
;;;;;;;;;;
;;;;;;;;;;
;;;;;;;;;;
;;;;;;;;;;
;;;;;;;;;;
;;;;;;;;;;
;;;;;;;;;;
;;;;;;;;;;
;;;;;;;;;;
;;;;;;;;;;
;;;;;;;;;;
;;;;;;;;;;
;;;;;;;;;;
;;;;;;;;;;
;;;;;;;;;;
;;;;;;;;;;
;;;;;;;;;;
;;;;;;;;;;
;;;;;;;;;;
;;;;;;;;;;
;;;;;;;;;;
;;;;;;;;;;
;;;;;;;;;;
;;;;;;;;;;
;;;;;;;;;;
;;;;;;;;;;
;;;;;;;;;;
;;;;;;;;;;
;;;;;;;;;;
;;;;;;;;;;
;;;;;;;;;;
;;;;;;;;;;
;;;;;;;;;;
;;;;;;;;;;
;;;;;;;;;;
;;;;;;;;;;
;;;;;;;;;;
;;;;;;;;;;
;;;;;;;;;;
;;;;;;;;;;
;;;;;;;;;;
;;;;;;;;;;
;;;;;;;;;;
;;;;;;;;;;
;;;;;;;;;;
;;;;;;;;;;
;;;;;;;;;;
;;;;;;;;;;
;;;;;;;;;;
;;;;;;;;;;
;;;;;;;;;;
;;;;;;;;;;
;;;;;;;;;;
;;;;;;;;;;
;;;;;;;;;;
;;;;;;;;;;
;;;;;;;;;;
;;;;;;;;;;
;;;;;;;;;;
;;;;;;;;;;
;;;;;;;;;;
;;;;;;;;;;
;;;;;;;;;;
;;;;;;;;;;
;;;;;;;;;;
;;;;;;;;;;
;;;;;;;;;;
;;;;;;;;;;
;;;;;;;;;;
;;;;;;;;;;
;;;;;;;;;;
;;;;;;;;;;
;;;;;;;;;;
;;;;;;;;;;
;;;;;;;;;;
;;;;;;;;;;
;;;;;;;;;;
;;;;;;;;;;
;;;;;;;;;;
;;;;;;;;;;
;;;;;;;;;;
;;;;;;;;;;
;;;;;;;;;;
;;;;;;;;;;
;;;;;;;;;;
;;;;;;;;;;
;;;;;;;;;;
;;;;;;;;;;
;;;;;;;;;;
;;;;;;;;;;
;;;;;;;;;;
;;;;;;;;;;
;;;;;;;;;;
;;;;;;;;;;
;;;;;;;;;;
;;;;;;;;;;
;;;;;;;;;;
;;;;;;;;;;
;;;;;;;;;;
;;;;;;;;;;
;;;;;;;;;;
;;;;;;;;;;
;;;;;;;;;;
;;;;;;;;;;
;;;;;;;;;;
;;;;;;;;;;
;;;;;;;;;;
;;;;;;;;;;
;;;;;;;;;;
;;;;;;;;;;
;;;;;;;;;;
;;;;;;;;;;
;;;;;;;;;;
;;;;;;;;;;
;;;;;;;;;;
;;;;;;;;;;
;;;;;;;;;;
;;;;;;;;;;
;;;;;;;;;;
;;;;;;;;;;
;;;;;;;;;;
;;;;;;;;;;
;;;;;;;;;;
;;;;;;;;;;
;;;;;;;;;;
;;;;;;;;;;
;;;;;;;;;;
;;;;;;;;;;
;;;;;;;;;;
;;;;;;;;;;
;;;;;;;;;;
;;;;;;;;;;
;;;;;;;;;;
;;;;;;;;;;
;;;;;;;;;;
;;;;;;;;;;
;;;;;;;;;;
;;;;;;;;;;
;;;;;;;;;;
;;;;;;;;;;
;;;;;;;;;;
;;;;;;;;;;
;;;;;;;;;;
;;;;;;;;;;
;;;;;;;;;;
;;;;;;;;;;
;;;;;;;;;;
;;;;;;;;;;
;;;;;;;;;;
;;;;;;;;;;
;;;;;;;;;;
;;;;;;;;;;
;;;;;;;;;;
;;;;;;;;;;
;;;;;;;;;;
;;;;;;;;;;
;;;;;;;;;;
;;;;;;;;;;
;;;;;;;;;;
;;;;;;;;;;
;;;;;;;;;;
;;;;;;;;;;
;;;;;;;;;;
;;;;;;;;;;
;;;;;;;;;;
;;;;;;;;;;
;;;;;;;;;;
;;;;;;;;;;
;;;;;;;;;;
;;;;;;;;;;
;;;;;;;;;;
;;;;;;;;;;
;;;;;;;;;;
;;;;;;;;;;
;;;;;;;;;;
;;;;;;;;;;
;;;;;;;;;;
;;;;;;;;;;
;;;;;;;;;;
;;;;;;;;;;
;;;;;;;;;;
;;;;;;;;;;
;;;;;;;;;;
;;;;;;;;;;
;;;;;;;;;;
;;;;;;;;;;
;;;;;;;;;;
;;;;;;;;;;
;;;;;;;;;;
;;;;;;;;;;
;;;;;;;;;;
;;;;;;;;;;
;;;;;;;;;;
;;;;;;;;;;
;;;;;;;;;;
;;;;;;;;;;
;;;;;;;;;;
;;;;;;;;;;
;;;;;;;;;;
;;;;;;;;;;
;;;;;;;;;;
;;;;;;;;;;
;;;;;;;;;;
;;;;;;;;;;
;;;;;;;;;;
;;;;;;;;;;
;;;;;;;;;;
;;;;;;;;;;
;;;;;;;;;;
;;;;;;;;;;
;;;;;;;;;;
;;;;;;;;;;
;;;;;;;;;;
;;;;;;;;;;
;;;;;;;;;;
;;;;;;;;;;
;;;;;;;;;;
;;;;;;;;;;
;;;;;;;;;;
;;;;;;;;;;
;;;;;;;;;;
;;;;;;;;;;
;;;;;;;;;;
;;;;;;;;;;
;;;;;;;;;;
;;;;;;;;;;
;;;;;;;;;;
;;;;;;;;;;
;;;;;;;;;;
;;;;;;;;;;
;;;;;;;;;;
;;;;;;;;;;
;;;;;;;;;;
;;;;;;;;;;
;;;;;;;;;;
;;;;;;;;;;
;;;;;;;;;;
;;;;;;;;;;
;;;;;;;;;;
;;;;;;;;;;
;;;;;;;;;;
;;;;;;;;;;
;;;;;;;;;;
;;;;;;;;;;
;;;;;;;;;;
;;;;;;;;;;
;;;;;;;;;;
;;;;;;;;;;
;;;;;;;;;;
;;;;;;;;;;
;;;;;;;;;;
;;;;;;;;;;
;;;;;;;;;;
;;;;;;;;;;
;;;;;;;;;;
;;;;;;;;;;
;;;;;;;;;;
;;;;;;;;;;
;;;;;;;;;;
;;;;;;;;;;
;;;;;;;;;;
;;;;;;;;;;
;;;;;;;;;;
;;;;;;;;;;
;;;;;;;;;;
;;;;;;;;;;
;;;;;;;;;;
;;;;;;;;;;
;;;;;;;;;;
;;;;;;;;;;
;;;;;;;;;;
;;;;;;;;;;
;;;;;;;;;;
;;;;;;;;;;
;;;;;;;;;;
;;;;;;;;;;
;;;;;;;;;;
;;;;;;;;;;
;;;;;;;;;;
;;;;;;;;;;
;;;;;;;;;;
;;;;;;;;;;
;;;;;;;;;;
;;;;;;;;;;
;;;;;;;;;;
;;;;;;;;;;
;;;;;;;;;;
;;;;;;;;;;
;;;;;;;;;;
;;;;;;;;;;
;;;;;;;;;;
;;;;;;;;;;
;;;;;;;;;;
;;;;;;;;;;
;;;;;;;;;;
;;;;;;;;;;
;;;;;;;;;;
;;;;;;;;;;
;;;;;;;;;;
;;;;;;;;;;
;;;;;;;;;;
;;;;;;;;;;
;;;;;;;;;;
;;;;;;;;;;
;;;;;;;;;;
;;;;;;;;;;
;;;;;;;;;;
;;;;;;;;;;
;;;;;;;;;;
;;;;;;;;;;
;;;;;;;;;;
;;;;;;;;;;
;;;;;;;;;;
;;;;;;;;;;
;;;;;;;;;;
;;;;;;;;;;
;;;;;;;;;;
;;;;;;;;;;
;;;;;;;;;;
;;;;;;;;;;
;;;;;;;;;;
;;;;;;;;;;
;;;;;;;;;;
;;;;;;;;;;
;;;;;;;;;;
;;;;;;;;;;
;;;;;;;;;;
;;;;;;;;;;
;;;;;;;;;;
;;;;;;;;;;
;;;;;;;;;;
;;;;;;;;;;
;;;;;;;;;;
;;;;;;;;;;
;;;;;;;;;;
;;;;;;;;;;
;;;;;;;;;;
;;;;;;;;;;
;;;;;;;;;;
;;;;;;;;;;
;;;;;;;;;;
;;;;;;;;;;
;;;;;;;;;;
;;;;;;;;;;
;;;;;;;;;;
;;;;;;;;;;
;;;;;;;;;;
;;;;;;;;;;
;;;;;;;;;;
;;;;;;;;;;
;;;;;;;;;;
;;;;;;;;;;
;;;;;;;;;;
;;;;;;;;;;
;;;;;;;;;;
;;;;;;;;;;
;;;;;;;;;;
;;;;;;;;;;
;;;;;;;;;;
;;;;;;;;;;
;;;;;;;;;;
;;;;;;;;;;
;;;;;;;;;;
;;;;;;;;;;
;;;;;;;;;;
;;;;;;;;;;
;;;;;;;;;;
;;;;;;;;;;
;;;;;;;;;;
;;;;;;;;;;
;;;;;;;;;;
;;;;;;;;;;
;;;;;;;;;;
;;;;;;;;;;
;;;;;;;;;;
;;;;;;;;;;
;;;;;;;;;;
;;;;;;;;;;
;;;;;;;;;;
;;;;;;;;;;
;;;;;;;;;;
;;;;;;;;;;
;;;;;;;;;;
;;;;;;;;;;
;;;;;;;;;;
;;;;;;;;;;
;;;;;;;;;;
;;;;;;;;;;
;;;;;;;;;;
;;;;;;;;;;
;;;;;;;;;;
;;;;;;;;;;
;;;;;;;;;;
;;;;;;;;;;
;;;;;;;;;;
;;;;;;;;;;
;;;;;;;;;;
;;;;;;;;;;
;;;;;;;;;;
;;;;;;;;;;
;;;;;;;;;;
;;;;;;;;;;
;;;;;;;;;;
;;;;;;;;;;
;;;;;;;;;;
;;;;;;;;;;
;;;;;;;;;;
;;;;;;;;;;
;;;;;;;;;;
;;;;;;;;;;
;;;;;;;;;;
;;;;;;;;;;
;;;;;;;;;;
;;;;;;;;;;
;;;;;;;;;;
;;;;;;;;;;
;;;;;;;;;;
;;;;;;;;;;
;;;;;;;;;;
;;;;;;;;;;
;;;;;;;;;;
;;;;;;;;;;
;;;;;;;;;;
;;;;;;;;;;
;;;;;;;;;;
;;;;;;;;;;
;;;;;;;;;;
;;;;;;;;;;
;;;;;;;;;;
;;;;;;;;;;
;;;;;;;;;;
;;;;;;;;;;
;;;;;;;;;;
;;;;;;;;;;
;;;;;;;;;;
;;;;;;;;;;
;;;;;;;;;;
;;;;;;;;;;
;;;;;;;;;;
;;;;;;;;;;
;;;;;;;;;;
;;;;;;;;;;
;;;;;;;;;;
;;;;;;;;;;
;;;;;;;;;;
;;;;;;;;;;
;;;;;;;;;;
;;;;;;;;;;
;;;;;;;;;;
;;;;;;;;;;
;;;;;;;;;;
;;;;;;;;;;
;;;;;;;;;;
;;;;;;;;;;
;;;;;;;;;;
;;;;;;;;;;
;;;;;;;;;;
;;;;;;;;;;
;;;;;;;;;;
;;;;;;;;;;
;;;;;;;;;;
;;;;;;;;;;
;;;;;;;;;;
;;;;;;;;;;
;;;;;;;;;;