﻿;;;;;;;;;;
;;;;;;;;;;
;;;;;;;;;;
;;;;;;;;;;
;;;;;;;;;;
Return to Contents;;;;;;;;;;
_;;;;;;;;;;
Table 3a: Appointments by Status, at National, Regional, STP and CCG level, England, September 2020;;;;;;;;;;
;;;;Count of Open GP Practices1;Count of Included GP Practices;Count of Appointments;;"Count of Appointments by 
Appointment Status";;
Type;NHS Area Code;ONS Code;Name;;;Total;;Attended;DNA;Unknown2
Type;NHS Area Code;ONS Code;Name;Open Active Practices;Included Practices;Total;_;Attended;DNA;Unknown
National;ENG;ENG;England;6 700;6 557;26 655 638;;23 940 222;1 136 914;1 578 502
Region;Y56;E40000003;London;1 237;1 196;3 801 051;;3 450 332;182 666;168 053
Region;Y58;E40000006;South West;572;567;3 024 691;;2 714 791;119 819;190 081
Region;Y59;E40000005;South East;862;841;3 994 832;;3 589 020;183 537;222 275
Region;Y60;E40000008;Midlands;1 311;1 297;5 127 667;;4 595 691;228 371;303 605
Region;Y61;E40000007;East of England;680;666;3 104 523;;2 791 737;103 645;209 141
Region;Y62;E40000010;North West;1 009;974;3 170 506;;2 825 967;168 445;176 094
Region;Y63;E40000009;North East and Yorkshire;1 029;1 016;4 432 368;;3 972 684;150 431;309 253
STP;QE1;E54000048;Healthier Lancashire And South Cumbria  STP;205;203;792 611;;716 242;37 506;38 863
STP;QF7;E54000009;South Yorkshire And Bassetlaw  STP;188;187;753 203;;671 921;27 055;54 227
STP;QGH;E54000019;Herefordshire And Worcestershire  STP;82;82;424 559;;382 973;22 106;19 480
STP;QH8;E54000026;Mid And South Essex  STP;154;150;527 122;;472 191;15 312;39 619
STP;QHG;E54000024;Bedfordshire, Luton And Milton Keynes  STP;99;97;431 769;;391 977;13 685;26 107
STP;QHL;E54000017;Birmingham And Solihull  STP;164;159;563 553;;504 055;29 417;30 081
STP;QHM;E54000050;Cumbria And North East  STP;368;366;1 607 079;;1 438 889;60 775;107 415
STP;QJ2;E54000012;Joined Up Care Derbyshire  STP;112;112;541 363;;476 563;16 575;48 225
STP;QJG;E54000023;Suffolk And North East Essex  STP;96;94;492 155;;444 937;15 540;31 678
STP;QJK;E54000037;Devon  STP;123;121;699 399;;627 505;23 916;47 978
STP;QJM;E54000013;Lincolnshire  STP;85;85;366 121;;328 771;13 706;23 644
STP;QK1;E54000015;Leicester, Leicestershire And Rutland  STP;134;132;552 713;;502 454;17 909;32 350
STP;QKK;E54000030;Our Healthier South East London  STP;209;201;723 539;;648 947;40 228;34 364
STP;QKS;E54000032;Kent And Medway  STP;201;187;751 994;;669 837;33 408;48 749
STP;QM7;E54000025;Hertfordshire And West Essex  STP;139;136;643 413;;567 403;28 632;47 378
STP;QMF;E54000029;East London Health And Care Partnership  STP;282;276;841 288;;761 814;44 040;35 434
STP;QMJ;E54000028;North London Partners In Health And Care  STP;206;186;579 798;;531 467;26 238;22 093
STP;QMM;E54000022;Norfolk And Waveney Health And Care Partnership  STP;106;104;558 548;;502 653;16 761;39 134
STP;QNC;E54000010;Staffordshire And Stoke On Trent  STP;150;149;494 320;;437 262;27 123;29 935
STP;QNQ;E54000034;Frimley Health And Care Ics  STP;74;71;330 429;;296 748;20 940;12 741
STP;QNX;E54000053;Sussex And East Surrey Health And Care Partnership  STP;173;172;847 483;;751 962;35 702;59 819
STP;QOC;E54000011;Shropshire And Telford And Wrekin  STP;54;53;227 297;;207 863;11 260;8 174
STP;QOP;E54000007;Greater Manchester Health And Social Care Partnership  STP;445;416;1 175 327;;1 040 182;66 821;68 324
STP;QOQ;E54000051;Humber, Coast And Vale  STP;184;181;819 588;;734 120;27 308;58 160
STP;QOX;E54000040;Bath And North East Somerset, Swindon And Wiltshire  STP;93;92;502 242;;451 771;15 560;34 911
STP;QPM;E54000020;Northamptonshire  STP;70;69;355 174;;322 212;10 269;22 693
STP;QR1;E54000043;Gloucestershire  STP;74;73;335 729;;300 666;17 200;17 863
STP;QRL;E54000042;Hampshire And The Isle Of Wight  STP;149;148;829 118;;742 940;37 345;48 833
STP;QRV;E54000027;North West London Health And Care Partnership  STP;357;353;1 023 450;;930 221;42 677;50 552
STP;QSL;E54000038;Somerset  STP;65;65;288 382;;261 715;12 529;14 138
STP;QT1;E54000014;Nottingham And Nottinghamshire Health And Care  STP;129;127;530 413;;475 077;18 870;36 466
STP;QT6;E54000036;Cornwall And The Isles Of Scilly Health And Social Care Partnership  STP;59;59;344 550;;305 929;15 539;23 082
STP;QU9;E54000044;Buckinghamshire, Oxfordshire And Berkshire West  STP;161;160;799 907;;730 457;36 844;32 606
STP;QUA;E54000016;The Black Country And West Birmingham  STP;208;207;622 621;;559 593;33 454;29 574
STP;QUE;E54000021;Cambridgeshire And Peterborough  STP;86;85;451 516;;412 576;13 715;25 225
STP;QUY;E54000039;Bristol, North Somerset And South Gloucestershire  STP;78;77;440 370;;401 998;20 867;17 505
STP;QVV;E54000041;Dorset  STP;80;80;414 019;;365 207;14 208;34 604
STP;QWE;E54000031;South West London Health And Care Partnership  STP;183;180;632 976;;577 883;29 483;25 610
STP;QWO;E54000054;West Yorkshire And Harrogate (Health And Care Partnership)  STP;289;282;1 252 498;;1 127 754;35 293;89 451
STP;QWU;E54000018;Coventry And Warwickshire  STP;123;122;449 533;;398 868;27 682;22 983
STP;QXU;E54000052;Surrey Heartlands Health And Care Partnership  STP;104;103;435 901;;397 076;19 298;19 527
STP;QYG;E54000008;Cheshire And Merseyside  STP;359;355;1 202 568;;1 069 543;64 118;68 907
CCG;00L;E38000130;NHS Northumberland CCG;40;40;192 967;;171 799;6 041;15 127
CCG;00N;E38000163;NHS South Tyneside CCG;21;21;64 212;;59 341;2 968;1 903
CCG;00P;E38000176;NHS Sunderland CCG;39;38;135 633;;123 900;7 030;4 703
CCG;00Q;E38000014;NHS Blackburn with Darwen CCG;23;23;73 301;;67 129;3 487;2 685
CCG;00R;E38000015;NHS Blackpool CCG;18;17;91 215;;80 621;8 353;2 241
CCG;00T;E38000016;NHS Bolton CCG;49;49;149 397;;134 546;6 915;7 936
CCG;00V;E38000024;NHS Bury CCG;26;10;26 689;;18 970;1 752;5 967
CCG;00X;E38000034;NHS Chorley and South Ribble CCG;26;26;74 655;;67 991;2 312;4 352
CCG;00Y;E38000135;NHS Oldham CCG;42;41;107 396;;98 089;5 377;3 930
CCG;01A;E38000050;NHS East Lancashire CCG;48;48;167 530;;149 873;7 840;9 817
CCG;01D;E38000080;NHS Heywood, Middleton and Rochdale CCG;41;36;100 521;;90 511;4 992;5 018
CCG;01E;E38000227;NHS Greater Preston CCG;23;22;87 046;;78 497;4 099;4 450
CCG;01F;E38000068;NHS Halton CCG;14;14;59 583;;52 470;3 906;3 207
CCG;01G;E38000143;NHS Salford CCG;38;34;112 271;;96 471;5 966;9 834
CCG;01H;E38000215;NHS North Cumbria CCG;39;39;167 663;;154 253;5 655;7 755
CCG;01J;E38000091;NHS Knowsley CCG;25;25;69 729;;63 464;3 350;2 915
CCG;01K;E38000228;NHS Morecambe Bay CCG;33;33;152 070;;138 335;7 337;6 398
CCG;01T;E38000161;NHS South Sefton CCG;31;30;57 493;;52 702;2 259;2 532
CCG;01V;E38000170;NHS Southport and Formby CCG;17;17;63 062;;55 517;3 643;3 902
CCG;01W;E38000174;NHS Stockport CCG;37;37;157 404;;139 788;10 508;7 108
CCG;01X;E38000172;NHS St Helens CCG;33;32;81 798;;71 365;4 410;6 023
CCG;01Y;E38000182;NHS Tameside and Glossop CCG;37;37;104 220;;92 025;6 045;6 150
CCG;02A;E38000187;NHS Trafford CCG;30;30;69 554;;61 494;4 107;3 953
CCG;02E;E38000194;NHS Warrington CCG;26;26;101 722;;92 805;2 656;6 261
CCG;02G;E38000200;NHS West Lancashire CCG;15;15;51 464;;47 239;1 602;2 623
CCG;02H;E38000205;NHS Wigan Borough CCG;60;58;103 019;;89 031;5 854;8 134
CCG;02M;E38000226;NHS Fylde and Wyre CCG;19;19;95 330;;86 557;2 476;6 297
CCG;02P;E38000006;NHS Barnsley CCG;33;32;121 388;;108 711;4 426;8 251
CCG;02Q;E38000008;NHS Bassetlaw CCG;9;9;58 960;;53 133;1 654;4 173
CCG;02T;E38000025;NHS Calderdale CCG;22;21;99 686;;91 420;2 878;5 388
CCG;02X;E38000044;NHS Doncaster CCG;39;39;147 875;;134 044;6 636;7 195
CCG;02Y;E38000052;NHS East Riding of Yorkshire CCG;29;29;137 056;;124 526;4 241;8 289
CCG;03A;E38000064;NHS Greater Huddersfield CCG;38;37;122 055;;110 080;4 058;7 917
CCG;03F;E38000085;NHS Hull CCG;33;33;110 960;;99 674;4 873;6 413
CCG;03H;E38000119;NHS North East Lincolnshire CCG;26;24;97 374;;89 040;2 598;5 736
CCG;03J;E38000121;NHS North Kirklees CCG;28;27;102 864;;94 502;2 609;5 753
CCG;03K;E38000122;NHS North Lincolnshire CCG;19;19;97 104;;86 140;1 948;9 016
CCG;03L;E38000141;NHS Rotherham CCG;29;29;136 180;;121 380;4 984;9 816
CCG;03N;E38000146;NHS Sheffield CCG;78;78;288 800;;254 653;9 355;24 792
CCG;03Q;E38000188;NHS Vale of York CCG;26;25;143 883;;130 206;5 997;7 680
CCG;03R;E38000190;NHS Wakefield CCG;37;35;195 573;;173 436;5 180;16 957
CCG;03W;E38000051;NHS East Leicestershire and Rutland CCG;31;29;174 777;;160 585;5 565;8 627
CCG;04C;E38000097;NHS Leicester City CCG;57;57;182 320;;165 411;6 485;10 424
CCG;04F;E38000107;NHS Milton Keynes CCG;26;25;117 912;;106 347;3 814;7 751
CCG;04V;E38000201;NHS West Leicestershire CCG;46;46;195 616;;176 458;5 859;13 299
CCG;04Y;E38000028;NHS Cannock Chase CCG;24;23;62 326;;57 006;2 489;2 831
CCG;05A;E38000038;NHS Coventry and Rugby CCG;66;66;210 810;;188 644;11 774;10 392
CCG;05C;E38000046;NHS Dudley CCG;43;43;140 125;;124 917;8 428;6 780
CCG;05D;E38000053;NHS East Staffordshire CCG;18;18;62 697;;54 684;2 193;5 820
CCG;05G;E38000126;NHS North Staffordshire CCG;30;30;93 181;;85 568;3 361;4 252
CCG;05H;E38000195;NHS Warwickshire North CCG;25;24;82 394;;70 945;7 137;4 312
CCG;05L;E38000144;NHS Sandwell and West Birmingham CCG;75;74;242 906;;217 653;12 692;12 561
CCG;05N;E38000147;NHS Shropshire CCG;41;40;147 589;;135 487;5 735;6 367
CCG;05Q;E38000153;NHS South East Staffordshire and Seisdon Peninsula CCG;24;24;91 829;;80 365;4 567;6 897
CCG;05R;E38000164;NHS South Warwickshire CCG;32;32;156 329;;139 279;8 771;8 279
CCG;05V;E38000173;NHS Stafford and Surrounds CCG;14;14;72 890;;60 291;6 981;5 618
CCG;05W;E38000175;NHS Stoke on Trent CCG;40;40;111 397;;99 348;7 532;4 517
CCG;05X;E38000183;NHS Telford and Wrekin CCG;13;13;79 708;;72 376;5 525;1 807
CCG;05Y;E38000191;NHS Walsall CCG;52;52;135 696;;122 790;6 617;6 289
CCG;06A;E38000210;NHS Wolverhampton CCG;38;38;103 894;;94 233;5 717;3 944
CCG;06F;E38000010;NHS Bedfordshire CCG;47;46;222 234;;202 318;6 082;13 834
CCG;06H;E38000026;NHS Cambridgeshire and Peterborough CCG;86;85;451 516;;412 576;13 715;25 225
CCG;06K;E38000049;NHS East and North Hertfordshire CCG;54;51;251 326;;219 403;9 778;22 145
CCG;06L;E38000086;NHS Ipswich and East Suffolk CCG;39;38;205 249;;183 949;5 044;16 256
CCG;06N;E38000079;NHS Herts Valley CCG;55;55;253 538;;222 342;13 653;17 543
CCG;06P;E38000102;NHS Luton CCG;26;26;91 623;;83 312;3 789;4 522
CCG;06Q;E38000106;NHS Mid Essex CCG;42;39;181 745;;161 917;5 929;13 899
CCG;06T;E38000117;NHS North East Essex CCG;33;32;170 695;;153 359;8 374;8 962
CCG;07G;E38000185;NHS Thurrock CCG;27;27;83 885;;76 155;2 099;5 631
CCG;07H;E38000197;NHS West Essex CCG;30;30;138 549;;125 658;5 201;7 690
CCG;07K;E38000204;NHS West Suffolk CCG;24;24;116 211;;107 629;2 122;6 460
CCG;07L;E38000004;NHS Barking and Dagenham CCG;33;33;78 926;;70 160;4 311;4 455
CCG;07P;E38000020;NHS Brent CCG;51;51;166 549;;149 334;8 881;8 334
CCG;07T;E38000035;NHS City and Hackney CCG;40;40;133 707;;121 646;7 385;4 676
CCG;07W;E38000048;NHS Ealing CCG;76;74;194 247;;179 845;6 555;7 847
CCG;07Y;E38000084;NHS Hounslow CCG;46;46;125 685;;113 083;4 440;8 162
CCG;08C;E38000070;NHS Hammersmith and Fulham CCG;30;28;89 048;;82 177;2 569;4 302
CCG;08E;E38000074;NHS Harrow CCG;33;33;123 012;;108 752;7 694;6 566
CCG;08F;E38000077;NHS Havering CCG;41;41;101 065;;90 416;6 051;4 598
CCG;08G;E38000082;NHS Hillingdon CCG;45;45;119 821;;109 114;5 978;4 729
CCG;08M;E38000113;NHS Newham CCG;50;47;148 278;;134 234;8 908;5 136
CCG;08N;E38000138;NHS Redbridge CCG;42;41;124 608;;111 230;6 394;6 984
CCG;08V;E38000186;NHS Tower Hamlets CCG;36;35;149 129;;136 354;7 263;5 512
CCG;08W;E38000192;NHS Waltham Forest CCG;40;39;105 575;;97 774;3 728;4 073
CCG;08Y;E38000202;NHS West London CCG;42;42;124 623;;113 401;3 903;7 319
CCG;09A;E38000031;NHS Central London (Westminster) CCG;34;34;80 465;;74 515;2 657;3 293
CCG;09D;E38000021;NHS Brighton and Hove CCG;34;34;127 990;;115 347;4 387;8 256
CCG;10C;E38000178;NHS Surrey Heath CCG;7;7;44 186;;40 945;2 452;789
CCG;10J;E38000120;NHS North Hampshire CCG;15;15;107 265;;96 535;3 233;7 497
CCG;10K;E38000059;NHS Fareham and Gosport CCG;17;17;86 375;;77 165;6 184;3 026
CCG;10L;E38000087;NHS Isle of Wight CCG;12;12;73 959;;66 296;3 939;3 724
CCG;10Q;E38000136;NHS Oxfordshire CCG;67;67;333 385;;305 788;16 825;10 772
CCG;10R;E38000137;NHS Portsmouth CCG;13;13;87 220;;79 304;2 588;5 328
CCG;10V;E38000154;NHS South Eastern Hampshire CCG;20;20;106 710;;89 590;7 747;9 373
CCG;10X;E38000167;NHS Southampton CCG;26;26;116 676;;107 802;4 154;4 720
CCG;11A;E38000198;NHS West Hampshire CCG;46;45;250 913;;226 248;9 500;15 165
CCG;11J;E38000045;NHS Dorset CCG;80;80;414 019;;365 207;14 208;34 604
CCG;11M;E38000062;NHS Gloucestershire CCG;74;73;335 729;;300 666;17 200;17 863
CCG;11N;E38000089;NHS Kernow CCG;59;59;344 550;;305 929;15 539;23 082
CCG;11X;E38000150;NHS Somerset CCG;65;65;288 382;;261 715;12 529;14 138
CCG;12F;E38000208;NHS Wirral CCG;47;47;187 864;;163 467;11 706;12 691
CCG;13T;E38000212;NHS Newcastle Gateshead CCG;60;60;244 275;;215 515;12 278;16 482
CCG;14L;E38000217;NHS Manchester CCG;85;84;244 856;;219 257;15 305;10 294
CCG;14Y;E38000223;NHS Buckinghamshire CCG;48;48;237 484;;219 023;9 914;8 547
CCG;15A;E38000221;NHS Berkshire West CCG;46;45;229 038;;205 646;10 105;13 287
CCG;15C;E38000222;NHS Bristol, North Somerset and South Gloucestershire CCG;78;77;440 370;;401 998;20 867;17 505
CCG;15D;E38000224;NHS East Berkshire CCG;47;44;183 871;;164 437;11 233;8 201
CCG;15E;E38000220;NHS Birmingham and Solihull CCG;164;159;563 553;;504 055;29 417;30 081
CCG;15F;E38000225;NHS Leeds CCG;93;93;400 982;;359 819;13 105;28 058
CCG;15M;E38000229;NHS Derby and Derbyshire CCG;112;112;541 363;;476 563;16 575;48 225
CCG;15N;E38000230;NHS Devon CCG;123;121;699 399;;627 505;23 916;47 978
CCG;16C;E38000247;NHS Tees Valley CCG;81;80;362 627;;319 034;14 088;29 505
CCG;18C;E38000236;NHS Herefordshire CCG;82;82;424 559;;382 973;22 106;19 480
CCG;26A;E38000239;NHS Norfolk and Waveney CCG;106;104;558 548;;502 653;16 761;39 134
CCG;27D;E38000233;NHS Cheshire CCG;79;79;349 898;;308 033;19 913;21 952
CCG;36J;E38000232;NHS Bradford District and Craven CCG;71;69;331 338;;298 497;7 463;25 378
CCG;36L;E38000245;NHS South West London CCG;183;180;632 976;;577 883;29 483;25 610
CCG;42D;E38000241;NHS North Yorkshire CCG;51;51;233 211;;204 534;7 651;21 026
CCG;52R;E38000243;NHS Nottingham and Nottinghamshire CCG;129;127;530 413;;475 077;18 870;36 466
CCG;70F;E38000248;NHS West Sussex CCG;80;79;436 628;;386 092;18 293;32 243
CCG;71E;E38000238;NHS Lincolnshire CCG;85;85;366 121;;328 771;13 706;23 644
CCG;72Q;E38000244;NHS South East London CCG;209;201;723 539;;648 947;40 228;34 364
CCG;78H;E38000242;NHS Northamptonshire CCG;70;69;355 174;;322 212;10 269;22 693
CCG;84H;E38000234;NHS County Durham CCG;63;63;332 216;;298 084;8 911;25 221
CCG;91Q;E38000237;NHS Kent and Medway CCG;201;187;751 994;;669 837;33 408;48 749
CCG;92A;E38000246;NHS Surrey Heartlands CCG;104;103;435 901;;397 076;19 298;19 527
CCG;92G;E38000231;NHS Bath and North East Somerset, Swindon and Wiltshire CCG;93;92;502 242;;451 771;15 560;34 911
CCG;93C;E38000240;NHS North Central London CCG;206;186;579 798;;531 467;26 238;22 093
CCG;97R;E38000235;NHS East Sussex CCG;59;59;282 865;;250 523;13 022;19 320
CCG;99A;E38000101;NHS Liverpool CCG;87;85;231 419;;209 720;12 275;9 424
CCG;99C;E38000127;NHS North Tyneside CCG;25;25;107 486;;96 963;3 804;6 719
CCG;99E;E38000007;NHS Basildon and Brentwood CCG;35;35;115 340;;103 521;2 457;9 362
CCG;99F;E38000030;NHS Castle Point and Rochford CCG;23;23;73 355;;64 593;3 159;5 603
CCG;99G;E38000168;NHS Southend CCG;27;26;72 797;;66 005;1 668;5 124
CCG;99M;E38000118;NHS North East Hampshire and Farnham CCG;20;20;102 372;;91 366;7 255;3 751
;;;;;;;;;;
;;;;;;;;;;
;;;;;;;;;;
Notes:;;;;;;;;;;
1;CCGs are only included if there is data for more than one practice within the CCG, therefore the total count of open GP practices by CCG may not equal the national total;;;;;;;;;
2;"At the time of the appointment a ‘Booked’ status will usually be changed to either ‘Attended’ or ‘DNA’. In some cases (4-7% of monthly appointments), the final status of an appointment remains as ‘Booked’. It is not known from the data whether these appointments were actually attended or not. From a sample audit these were found to be consultations where the status has not been updated to say if patients had attended or not. 
For this reason, these appointments are reported as ""Unknown"" status";;;;;;;;;
_;See 'Coronavirus Impact' tab for further information;;;;;;;;;
Copyright © 2020 Health and Social Care Information Centre. The Health and Social Care Information Centre is a non-departmental body created by statute, also known as NHS Digital.;;;;;;;;;;
;;;;;;;;;;