﻿;;;;;;;;;;
;;;;;;;;;;
;;;;;;;;;;
;;;;;;;;;;
;;;;;;;;;;
Return to Contents;;;;;;;;;;
_;;;;;;;;;;
Table 3a: Appointments by Status, at National, Regional, STP and CCG level, England, January 2022;;;;;;;;;;
;;;;Count of Open GP Practices1;Count of Included GP Practices;Count of Appointments;;"Count of Appointments by 
Appointment Status";;
Type;NHS Area Code;ONS Code;Name;;;Total;;Attended;DNA;Unknown2
Type;NHS Area Code;ONS Code;Name;Open Active Practices;Included Practices;Total;_;Attended;DNA;Unknown
National;ENG;ENG;England;6 546;6 456;25 555 604;;23 525 544;1 069 153;960 907
Region;Y56;E40000003;London;1 202;1 180;3 716 817;;3 379 275;190 530;147 012
Region;Y58;E40000006;South West;555;549;2 801 162;;2 604 049;99 555;97 558
Region;Y59;E40000005;South East;833;826;3 904 379;;3 606 195;153 190;144 994
Region;Y60;E40000008;Midlands;1 286;1 278;4 888 317;;4 509 900;207 172;171 245
Region;Y61;E40000007;East of England;675;659;2 945 278;;2 747 735;97 690;99 853
Region;Y62;E40000010;North West;991;970;3 084 233;;2 779 107;157 669;147 457
Region;Y63;E40000009;North East and Yorkshire;1 004;994;4 215 418;;3 899 283;163 347;152 788
STP;QE1;E54000048;Healthier Lancashire And South Cumbria  STP;201;200;758 205;;689 647;33 198;35 360
STP;QF7;E54000009;South Yorkshire And Bassetlaw  STP;184;184;713 664;;658 284;29 951;25 429
STP;QGH;E54000019;Herefordshire And Worcestershire  STP;80;80;405 309;;377 233;15 975;12 101
STP;QH8;E54000026;Mid And South Essex  STP;152;149;489 415;;460 497;12 567;16 351
STP;QHG;E54000024;Bedfordshire, Luton And Milton Keynes  STP;98;96;423 972;;394 337;16 831;12 804
STP;QHL;E54000017;Birmingham And Solihull  STP;160;158;555 645;;503 624;31 538;20 483
STP;QHM;E54000050;Cumbria And North East  STP;361;358;1 456 779;;1 340 200;60 914;55 665
STP;QJ2;E54000012;Joined Up Care Derbyshire  STP;112;112;493 184;;459 013;15 743;18 428
STP;QJG;E54000023;Suffolk And North East Essex  STP;93;91;463 211;;433 799;15 077;14 335
STP;QJK;E54000037;Devon  STP;121;119;646 505;;602 241;22 388;21 876
STP;QJM;E54000013;Lincolnshire  STP;85;85;359 370;;334 610;12 844;11 916
STP;QK1;E54000015;Leicester, Leicestershire And Rutland  STP;133;131;543 435;;507 606;19 915;15 914
STP;QKK;E54000030;Our Healthier South East London  STP;206;200;681 122;;616 862;34 471;29 789
STP;QKS;E54000032;Kent And Medway  STP;192;192;808 206;;737 021;33 914;37 271
STP;QM7;E54000025;Hertfordshire And West Essex  STP;136;134;602 700;;557 879;20 389;24 432
STP;QMF;E54000029;East London Health And Care Partnership  STP;276;272;830 143;;746 753;48 072;35 318
STP;QMJ;E54000028;North London Partners In Health And Care  STP;187;182;586 319;;534 594;30 716;21 009
STP;QMM;E54000022;Norfolk And Waveney Health And Care Partnership  STP;106;104;527 480;;491 378;18 262;17 840
STP;QNC;E54000010;Staffordshire And Stoke On Trent  STP;146;145;457 605;;417 455;20 775;19 375
STP;QNQ;E54000034;Frimley Health And Care Ics  STP;73;71;321 167;;298 834;13 100;9 233
STP;QNX;E54000053;Sussex Health And Care Partnership  STP;160;160;779 561;;724 703;26 576;28 282
STP;QOC;E54000011;Shropshire And Telford And Wrekin  STP;52;51;218 581;;203 005;7 803;7 773
STP;QOP;E54000007;Greater Manchester Health And Social Care Partnership  STP;433;417;1 186 623;;1 054 279;68 379;63 965
STP;QOQ;E54000051;Humber, Coast And Vale  STP;183;180;792 500;;738 856;27 383;26 261
STP;QOX;E54000040;Bath And North East Somerset, Swindon And Wiltshire  STP;90;89;457 875;;428 064;13 744;16 067
STP;QPM;E54000020;Northamptonshire  STP;69;68;346 114;;327 002;9 799;9 313
STP;QR1;E54000043;Gloucestershire  STP;72;71;318 158;;298 331;10 961;8 866
STP;QRL;E54000042;Hampshire And The Isle Of Wight  STP;144;142;797 258;;737 445;32 810;27 003
STP;QRV;E54000027;North West London Health And Care Partnership  STP;352;348;998 480;;917 997;45 356;35 127
STP;QSL;E54000038;Somerset  STP;64;63;246 162;;225 879;9 841;10 442
STP;QT1;E54000014;Nottingham And Nottinghamshire Health And Care  STP;125;124;485 633;;449 203;19 352;17 078
STP;QT6;E54000036;Cornwall And The Isles Of Scilly Health And Social Care Partnership  STP;57;57;322 696;;297 261;11 223;14 212
STP;QU9;E54000044;Buckinghamshire, Oxfordshire And Berkshire West  STP;160;158;773 516;;716 839;28 740;27 937
STP;QUA;E54000016;The Black Country And West Birmingham  STP;205;205;607 091;;546 798;36 428;23 865
STP;QUE;E54000021;Cambridgeshire And Peterborough  STP;90;85;438 500;;409 845;14 564;14 091
STP;QUY;E54000039;Bristol, North Somerset And South Gloucestershire  STP;78;77;423 342;;388 818;18 651;15 873
STP;QVV;E54000041;Dorset  STP;73;73;386 424;;363 455;12 747;10 222
STP;QWE;E54000031;South West London Health And Care Partnership  STP;181;178;620 753;;563 069;31 915;25 769
STP;QWO;E54000054;West Yorkshire And Harrogate (Health And Care Partnership)  STP;276;272;1 252 475;;1 161 943;45 099;45 433
STP;QWU;E54000018;Coventry And Warwickshire  STP;119;119;416 350;;384 351;17 000;14 999
STP;QXU;E54000052;Surrey Heartlands Health And Care Partnership  STP;104;103;424 671;;391 353;18 050;15 268
STP;QYG;E54000008;Cheshire And Merseyside  STP;357;353;1 139 405;;1 035 181;56 092;48 132
CCG;00L;E38000130;NHS Northumberland CCG;38;38;160 625;;151 122;5 269;4 234
CCG;00N;E38000163;NHS South Tyneside CCG;21;21;60 233;;55 289;2 425;2 519
CCG;00P;E38000176;NHS Sunderland CCG;39;38;117 170;;104 446;6 369;6 355
CCG;00Q;E38000014;NHS Blackburn with Darwen CCG;22;22;77 476;;70 409;3 899;3 168
CCG;00R;E38000015;NHS Blackpool CCG;17;16;81 085;;74 178;4 029;2 878
CCG;00T;E38000016;NHS Bolton CCG;49;49;133 402;;119 042;8 430;5 930
CCG;00V;E38000024;NHS Bury CCG;25;21;55 221;;46 625;2 759;5 837
CCG;00X;E38000034;NHS Chorley and South Ribble CCG;26;26;72 651;;66 300;3 058;3 293
CCG;00Y;E38000135;NHS Oldham CCG;40;39;96 322;;87 025;5 373;3 924
CCG;01A;E38000050;NHS East Lancashire CCG;48;48;153 491;;137 965;7 400;8 126
CCG;01D;E38000080;NHS Heywood, Middleton and Rochdale CCG;41;36;87 764;;79 557;4 715;3 492
CCG;01E;E38000227;NHS Greater Preston CCG;22;22;88 249;;77 594;4 102;6 553
CCG;01F;E38000068;NHS Halton CCG;14;14;54 792;;49 679;2 627;2 486
CCG;01G;E38000143;NHS Salford CCG;38;34;114 600;;100 095;6 985;7 520
CCG;01H;E38000215;NHS North Cumbria CCG;35;35;169 364;;154 439;6 092;8 833
CCG;01J;E38000091;NHS Knowsley CCG;25;25;71 674;;65 198;4 100;2 376
CCG;01K;E38000228;NHS Morecambe Bay CCG;32;32;148 414;;137 792;5 738;4 884
CCG;01T;E38000161;NHS South Sefton CCG;30;29;53 244;;48 897;2 334;2 013
CCG;01V;E38000170;NHS Southport and Formby CCG;16;16;56 208;;51 668;2 144;2 396
CCG;01W;E38000174;NHS Stockport CCG;36;36;141 607;;129 811;6 382;5 414
CCG;01X;E38000172;NHS St Helens CCG;33;32;71 681;;63 439;3 835;4 407
CCG;01Y;E38000182;NHS Tameside and Glossop CCG;36;36;105 779;;91 999;6 097;7 683
CCG;02A;E38000187;NHS Trafford CCG;27;27;70 875;;63 499;4 201;3 175
CCG;02E;E38000194;NHS Warrington CCG;26;26;89 865;;83 599;2 553;3 713
CCG;02G;E38000200;NHS West Lancashire CCG;15;15;48 419;;44 696;1 994;1 729
CCG;02H;E38000205;NHS Wigan Borough CCG;58;57;116 286;;104 183;6 260;5 843
CCG;02M;E38000226;NHS Fylde and Wyre CCG;19;19;88 420;;80 713;2 978;4 729
CCG;02P;E38000006;NHS Barnsley CCG;32;32;112 531;;102 327;4 610;5 594
CCG;02Q;E38000008;NHS Bassetlaw CCG;9;9;56 182;;52 837;2 129;1 216
CCG;02T;E38000025;NHS Calderdale CCG;22;21;100 042;;93 985;3 395;2 662
CCG;02X;E38000044;NHS Doncaster CCG;38;38;136 999;;126 112;6 576;4 311
CCG;02Y;E38000052;NHS East Riding of Yorkshire CCG;30;29;129 685;;121 854;4 323;3 508
CCG;03F;E38000085;NHS Hull CCG;32;32;121 824;;111 195;6 800;3 829
CCG;03H;E38000119;NHS North East Lincolnshire CCG;25;24;93 349;;87 059;2 822;3 468
CCG;03K;E38000122;NHS North Lincolnshire CCG;19;19;88 515;;81 447;2 594;4 474
CCG;03L;E38000141;NHS Rotherham CCG;29;29;134 792;;125 171;5 222;4 399
CCG;03N;E38000146;NHS Sheffield CCG;76;76;273 160;;251 837;11 414;9 909
CCG;03Q;E38000188;NHS Vale of York CCG;26;25;144 113;;135 289;4 614;4 210
CCG;03R;E38000190;NHS Wakefield CCG;36;34;189 842;;176 520;6 150;7 172
CCG;03W;E38000051;NHS East Leicestershire and Rutland CCG;31;29;166 971;;156 967;5 936;4 068
CCG;04C;E38000097;NHS Leicester City CCG;56;56;186 476;;171 165;8 130;7 181
CCG;04V;E38000201;NHS West Leicestershire CCG;46;46;189 988;;179 474;5 849;4 665
CCG;04Y;E38000028;NHS Cannock Chase CCG;23;22;57 684;;52 566;2 543;2 575
CCG;05D;E38000053;NHS East Staffordshire CCG;18;18;61 791;;55 728;2 561;3 502
CCG;05G;E38000126;NHS North Staffordshire CCG;30;30;84 101;;77 263;3 040;3 798
CCG;05Q;E38000153;NHS South East Staffordshire and Seisdon Peninsula CCG;23;23;86 614;;80 736;3 234;2 644
CCG;05V;E38000173;NHS Stafford and Surrounds CCG;14;14;59 365;;54 356;2 626;2 383
CCG;05W;E38000175;NHS Stoke on Trent CCG;38;38;108 050;;96 806;6 771;4 473
CCG;06H;E38000026;NHS Cambridgeshire and Peterborough CCG;90;85;438 500;;409 845;14 564;14 091
CCG;06K;E38000049;NHS East and North Hertfordshire CCG;52;50;232 967;;216 002;6 834;10 131
CCG;06L;E38000086;NHS Ipswich and East Suffolk CCG;36;35;187 001;;175 855;4 821;6 325
CCG;06N;E38000079;NHS Herts Valley CCG;54;54;245 304;;224 768;9 709;10 827
CCG;06Q;E38000106;NHS Mid Essex CCG;41;39;162 706;;153 863;4 003;4 840
CCG;06T;E38000117;NHS North East Essex CCG;33;32;164 244;;150 880;7 643;5 721
CCG;07G;E38000185;NHS Thurrock CCG;27;27;75 264;;70 188;1 997;3 079
CCG;07H;E38000197;NHS West Essex CCG;30;30;124 429;;117 109;3 846;3 474
CCG;07K;E38000204;NHS West Suffolk CCG;24;24;111 966;;107 064;2 613;2 289
CCG;09D;E38000021;NHS Brighton and Hove CCG;33;33;122 529;;113 728;4 556;4 245
CCG;10Q;E38000136;NHS Oxfordshire CCG;67;66;327 282;;303 220;11 641;12 421
CCG;10R;E38000137;NHS Portsmouth CCG;13;13;82 382;;76 408;3 541;2 433
CCG;11J;E38000045;NHS Dorset CCG;73;73;386 424;;363 455;12 747;10 222
CCG;11M;E38000062;NHS Gloucestershire CCG;72;71;318 158;;298 331;10 961;8 866
CCG;11N;E38000089;NHS Kernow CCG;57;57;322 696;;297 261;11 223;14 212
CCG;11X;E38000150;NHS Somerset CCG;64;63;246 162;;225 879;9 841;10 442
CCG;12F;E38000208;NHS Wirral CCG;47;47;179 313;;162 477;8 934;7 902
CCG;13T;E38000212;NHS Newcastle Gateshead CCG;60;60;221 639;;202 909;10 822;7 908
CCG;14L;E38000217;NHS Manchester CCG;83;82;264 767;;232 443;17 177;15 147
CCG;14Y;E38000223;NHS Buckinghamshire CCG;48;48;221 284;;206 081;7 555;7 648
CCG;15A;E38000221;NHS Berkshire West CCG;45;44;224 950;;207 538;9 544;7 868
CCG;15C;E38000222;NHS Bristol, North Somerset and South Gloucestershire CCG;78;77;423 342;;388 818;18 651;15 873
CCG;15E;E38000220;NHS Birmingham and Solihull CCG;160;158;555 645;;503 624;31 538;20 483
CCG;15F;E38000225;NHS Leeds CCG;91;91;400 222;;371 197;16 970;12 055
CCG;15M;E38000229;NHS Derby and Derbyshire CCG;112;112;493 184;;459 013;15 743;18 428
CCG;15N;E38000230;NHS Devon CCG;121;119;646 505;;602 241;22 388;21 876
CCG;16C;E38000247;NHS Tees Valley CCG;81;80;327 161;;299 789;15 146;12 226
CCG;18C;E38000236;NHS Herefordshire CCG;80;80;405 309;;377 233;15 975;12 101
CCG;26A;E38000239;NHS Norfolk and Waveney CCG;106;104;527 480;;491 378;18 262;17 840
CCG;27D;E38000233;NHS Cheshire CCG;79;79;329 422;;298 874;15 739;14 809
CCG;36J;E38000232;NHS Bradford District and Craven CCG;62;62;357 563;;329 250;11 763;16 550
CCG;36L;E38000245;NHS South West London CCG;181;178;620 753;;563 069;31 915;25 769
CCG;42D;E38000241;NHS North Yorkshire CCG;51;51;215 014;;202 012;6 230;6 772
CCG;52R;E38000243;NHS Nottingham and Nottinghamshire CCG;125;124;485 633;;449 203;19 352;17 078
CCG;70F;E38000248;NHS West Sussex CCG;75;75;390 888;;366 865;11 606;12 417
CCG;71E;E38000238;NHS Lincolnshire CCG;85;85;359 370;;334 610;12 844;11 916
CCG;72Q;E38000244;NHS South East London CCG;206;200;681 122;;616 862;34 471;29 789
CCG;78H;E38000242;NHS Northamptonshire CCG;69;68;346 114;;327 002;9 799;9 313
CCG;84H;E38000234;NHS County Durham CCG;61;61;303 416;;282 558;10 778;10 080
CCG;91Q;E38000237;NHS Kent and Medway CCG;192;192;808 206;;737 021;33 914;37 271
CCG;92A;E38000246;NHS Surrey Heartlands CCG;104;103;424 671;;391 353;18 050;15 268
CCG;92G;E38000231;NHS Bath and North East Somerset, Swindon and Wiltshire CCG;90;89;457 875;;428 064;13 744;16 067
CCG;93C;E38000240;NHS North Central London CCG;187;182;586 319;;534 594;30 716;21 009
CCG;97R;E38000235;NHS East Sussex CCG;52;52;266 144;;244 110;10 414;11 620
CCG;99A;E38000101;NHS Liverpool CCG;87;85;233 206;;211 350;13 826;8 030
CCG;99C;E38000127;NHS North Tyneside CCG;26;25;97 171;;89 648;4 013;3 510
CCG;99E;E38000007;NHS Basildon and Brentwood CCG;35;35;114 476;;107 935;2 742;3 799
CCG;99F;E38000030;NHS Castle Point and Rochford CCG;23;23;69 805;;65 723;1 766;2 316
CCG;99G;E38000168;NHS Southend CCG;26;25;67 164;;62 788;2 059;2 317
CCG;A3A8R;E38000255;NHS North East London CCG;276;272;830 143;;746 753;48 072;35 318
CCG;B2M3M;E38000251;NHS Coventry and Warwickshire CCG;119;119;416 350;;384 351;17 000;14 999
CCG;D2P2L;E38000250;NHS Black Country and West Birmingham CCG;205;205;607 091;;546 798;36 428;23 865
CCG;D4U1Y;E38000252;NHS Frimley CCG;73;71;321 167;;298 834;13 100;9 233
CCG;D9Y0V;E38000253;NHS Hampshire, Southampton and Isle of Wight CCG;131;129;714 876;;661 037;29 269;24 570
CCG;M1J4Y;E38000249;NHS Bedfordshire, Luton and Milton Keynes CCG;98;96;423 972;;394 337;16 831;12 804
CCG;M2L0M;E38000257;NHS Shropshire and Telford and Wrekin CCG;52;51;218 581;;203 005;7 803;7 773
CCG;W2U3Z;E38000256;NHS North West London CCG;352;348;998 480;;917 997;45 356;35 127
CCG;X2C4Y;E38000254;NHS Kirklees CCG;65;64;204 806;;190 991;6 821;6 994
;;;;;;;;;;
Notes:;;;;;;;;;;
1;CCGs are only included if there is data for more than one practice within the CCG, therefore the total count of open GP practices by CCG may not equal the national total;;;;;;;;;
2;"At the time of the appointment a ‘Booked’ status will usually be changed to either ‘Attended’ or ‘DNA’. In some cases (4-7% of monthly appointments), the final status of an appointment remains as ‘Booked’. It is not known from the data whether these appointments were actually attended or not. From a sample audit these were found to be consultations where the status has not been updated to say if patients had attended or not. 
For this reason, these appointments are reported as ""Unknown"" status";;;;;;;;;
_;See 'Coronavirus Impact' tab for further information;;;;;;;;;
Copyright © 2022 Health and Social Care Information Centre. The Health and Social Care Information Centre is a non-departmental body created by statute, also known as NHS Digital.;;;;;;;;;;
;;;;;;;;;;
;;;;;;;;;;
;;;;;;;;;;
;;;;;;;;;;
;;;;;;;;;;
;;;;;;;;;;
;;;;;;;;;;
;;;;;;;;;;
;;;;;;;;;;
;;;;;;;;;;
;;;;;;;;;;
;;;;;;;;;;
;;;;;;;;;;
;;;;;;;;;;
;;;;;;;;;;
;;;;;;;;;;
;;;;;;;;;;
;;;;;;;;;;
;;;;;;;;;;
;;;;;;;;;;
;;;;;;;;;;
;;;;;;;;;;
;;;;;;;;;;
;;;;;;;;;;
;;;;;;;;;;
;;;;;;;;;;
;;;;;;;;;;
;;;;;;;;;;
;;;;;;;;;;
;;;;;;;;;;
;;;;;;;;;;
;;;;;;;;;;
;;;;;;;;;;
;;;;;;;;;;
;;;;;;;;;;
;;;;;;;;;;
;;;;;;;;;;
;;;;;;;;;;
;;;;;;;;;;
;;;;;;;;;;
;;;;;;;;;;
;;;;;;;;;;
;;;;;;;;;;
;;;;;;;;;;
;;;;;;;;;;
;;;;;;;;;;
;;;;;;;;;;
;;;;;;;;;;
;;;;;;;;;;
;;;;;;;;;;
;;;;;;;;;;
;;;;;;;;;;
;;;;;;;;;;
;;;;;;;;;;
;;;;;;;;;;
;;;;;;;;;;
;;;;;;;;;;
;;;;;;;;;;
;;;;;;;;;;
;;;;;;;;;;
;;;;;;;;;;
;;;;;;;;;;
;;;;;;;;;;
;;;;;;;;;;
;;;;;;;;;;
;;;;;;;;;;
;;;;;;;;;;
;;;;;;;;;;
;;;;;;;;;;
;;;;;;;;;;
;;;;;;;;;;
;;;;;;;;;;
;;;;;;;;;;
;;;;;;;;;;
;;;;;;;;;;
;;;;;;;;;;
;;;;;;;;;;
;;;;;;;;;;
;;;;;;;;;;
;;;;;;;;;;
;;;;;;;;;;
;;;;;;;;;;
;;;;;;;;;;
;;;;;;;;;;
;;;;;;;;;;
;;;;;;;;;;
;;;;;;;;;;
;;;;;;;;;;
;;;;;;;;;;
;;;;;;;;;;
;;;;;;;;;;
;;;;;;;;;;
;;;;;;;;;;
;;;;;;;;;;
;;;;;;;;;;
;;;;;;;;;;
;;;;;;;;;;
;;;;;;;;;;
;;;;;;;;;;
;;;;;;;;;;
;;;;;;;;;;
;;;;;;;;;;
;;;;;;;;;;
;;;;;;;;;;
;;;;;;;;;;
;;;;;;;;;;
;;;;;;;;;;
;;;;;;;;;;
;;;;;;;;;;
;;;;;;;;;;
;;;;;;;;;;
;;;;;;;;;;
;;;;;;;;;;
;;;;;;;;;;
;;;;;;;;;;
;;;;;;;;;;
;;;;;;;;;;
;;;;;;;;;;
;;;;;;;;;;
;;;;;;;;;;
;;;;;;;;;;
;;;;;;;;;;
;;;;;;;;;;
;;;;;;;;;;
;;;;;;;;;;
;;;;;;;;;;
;;;;;;;;;;
;;;;;;;;;;
;;;;;;;;;;
;;;;;;;;;;
;;;;;;;;;;
;;;;;;;;;;
;;;;;;;;;;
;;;;;;;;;;
;;;;;;;;;;
;;;;;;;;;;
;;;;;;;;;;
;;;;;;;;;;
;;;;;;;;;;
;;;;;;;;;;
;;;;;;;;;;
;;;;;;;;;;
;;;;;;;;;;
;;;;;;;;;;
;;;;;;;;;;
;;;;;;;;;;
;;;;;;;;;;
;;;;;;;;;;
;;;;;;;;;;
;;;;;;;;;;
;;;;;;;;;;
;;;;;;;;;;
;;;;;;;;;;
;;;;;;;;;;
;;;;;;;;;;
;;;;;;;;;;
;;;;;;;;;;
;;;;;;;;;;
;;;;;;;;;;
;;;;;;;;;;
;;;;;;;;;;
;;;;;;;;;;
;;;;;;;;;;
;;;;;;;;;;
;;;;;;;;;;
;;;;;;;;;;
;;;;;;;;;;
;;;;;;;;;;
;;;;;;;;;;
;;;;;;;;;;
;;;;;;;;;;
;;;;;;;;;;
;;;;;;;;;;
;;;;;;;;;;
;;;;;;;;;;
;;;;;;;;;;
;;;;;;;;;;
;;;;;;;;;;
;;;;;;;;;;
;;;;;;;;;;
;;;;;;;;;;
;;;;;;;;;;
;;;;;;;;;;
;;;;;;;;;;
;;;;;;;;;;
;;;;;;;;;;
;;;;;;;;;;
;;;;;;;;;;
;;;;;;;;;;
;;;;;;;;;;
;;;;;;;;;;
;;;;;;;;;;
;;;;;;;;;;
;;;;;;;;;;
;;;;;;;;;;
;;;;;;;;;;
;;;;;;;;;;
;;;;;;;;;;
;;;;;;;;;;
;;;;;;;;;;
;;;;;;;;;;
;;;;;;;;;;
;;;;;;;;;;
;;;;;;;;;;
;;;;;;;;;;
;;;;;;;;;;
;;;;;;;;;;
;;;;;;;;;;
;;;;;;;;;;
;;;;;;;;;;
;;;;;;;;;;
;;;;;;;;;;
;;;;;;;;;;
;;;;;;;;;;
;;;;;;;;;;
;;;;;;;;;;
;;;;;;;;;;
;;;;;;;;;;
;;;;;;;;;;
;;;;;;;;;;
;;;;;;;;;;
;;;;;;;;;;
;;;;;;;;;;
;;;;;;;;;;
;;;;;;;;;;
;;;;;;;;;;
;;;;;;;;;;
;;;;;;;;;;
;;;;;;;;;;
;;;;;;;;;;
;;;;;;;;;;
;;;;;;;;;;
;;;;;;;;;;
;;;;;;;;;;
;;;;;;;;;;
;;;;;;;;;;
;;;;;;;;;;
;;;;;;;;;;
;;;;;;;;;;
;;;;;;;;;;
;;;;;;;;;;
;;;;;;;;;;
;;;;;;;;;;
;;;;;;;;;;
;;;;;;;;;;
;;;;;;;;;;
;;;;;;;;;;
;;;;;;;;;;
;;;;;;;;;;
;;;;;;;;;;
;;;;;;;;;;
;;;;;;;;;;
;;;;;;;;;;
;;;;;;;;;;
;;;;;;;;;;
;;;;;;;;;;
;;;;;;;;;;
;;;;;;;;;;
;;;;;;;;;;
;;;;;;;;;;
;;;;;;;;;;
;;;;;;;;;;
;;;;;;;;;;
;;;;;;;;;;
;;;;;;;;;;
;;;;;;;;;;
;;;;;;;;;;
;;;;;;;;;;
;;;;;;;;;;
;;;;;;;;;;
;;;;;;;;;;
;;;;;;;;;;
;;;;;;;;;;
;;;;;;;;;;
;;;;;;;;;;
;;;;;;;;;;
;;;;;;;;;;
;;;;;;;;;;
;;;;;;;;;;
;;;;;;;;;;
;;;;;;;;;;
;;;;;;;;;;
;;;;;;;;;;
;;;;;;;;;;
;;;;;;;;;;
;;;;;;;;;;
;;;;;;;;;;
;;;;;;;;;;
;;;;;;;;;;
;;;;;;;;;;
;;;;;;;;;;
;;;;;;;;;;
;;;;;;;;;;
;;;;;;;;;;
;;;;;;;;;;
;;;;;;;;;;
;;;;;;;;;;
;;;;;;;;;;
;;;;;;;;;;
;;;;;;;;;;
;;;;;;;;;;
;;;;;;;;;;
;;;;;;;;;;
;;;;;;;;;;
;;;;;;;;;;
;;;;;;;;;;
;;;;;;;;;;
;;;;;;;;;;
;;;;;;;;;;
;;;;;;;;;;
;;;;;;;;;;
;;;;;;;;;;
;;;;;;;;;;
;;;;;;;;;;
;;;;;;;;;;
;;;;;;;;;;
;;;;;;;;;;
;;;;;;;;;;
;;;;;;;;;;
;;;;;;;;;;
;;;;;;;;;;
;;;;;;;;;;
;;;;;;;;;;
;;;;;;;;;;
;;;;;;;;;;
;;;;;;;;;;
;;;;;;;;;;
;;;;;;;;;;
;;;;;;;;;;
;;;;;;;;;;
;;;;;;;;;;
;;;;;;;;;;
;;;;;;;;;;
;;;;;;;;;;
;;;;;;;;;;
;;;;;;;;;;
;;;;;;;;;;
;;;;;;;;;;
;;;;;;;;;;
;;;;;;;;;;
;;;;;;;;;;
;;;;;;;;;;
;;;;;;;;;;
;;;;;;;;;;
;;;;;;;;;;
;;;;;;;;;;
;;;;;;;;;;
;;;;;;;;;;
;;;;;;;;;;
;;;;;;;;;;
;;;;;;;;;;
;;;;;;;;;;
;;;;;;;;;;
;;;;;;;;;;
;;;;;;;;;;
;;;;;;;;;;
;;;;;;;;;;
;;;;;;;;;;
;;;;;;;;;;
;;;;;;;;;;
;;;;;;;;;;
;;;;;;;;;;
;;;;;;;;;;
;;;;;;;;;;
;;;;;;;;;;
;;;;;;;;;;
;;;;;;;;;;
;;;;;;;;;;
;;;;;;;;;;
;;;;;;;;;;
;;;;;;;;;;
;;;;;;;;;;
;;;;;;;;;;
;;;;;;;;;;
;;;;;;;;;;
;;;;;;;;;;
;;;;;;;;;;
;;;;;;;;;;
;;;;;;;;;;
;;;;;;;;;;
;;;;;;;;;;
;;;;;;;;;;
;;;;;;;;;;
;;;;;;;;;;
;;;;;;;;;;
;;;;;;;;;;
;;;;;;;;;;
;;;;;;;;;;
;;;;;;;;;;
;;;;;;;;;;
;;;;;;;;;;
;;;;;;;;;;
;;;;;;;;;;
;;;;;;;;;;
;;;;;;;;;;
;;;;;;;;;;
;;;;;;;;;;
;;;;;;;;;;
;;;;;;;;;;
;;;;;;;;;;
;;;;;;;;;;
;;;;;;;;;;
;;;;;;;;;;
;;;;;;;;;;
;;;;;;;;;;
;;;;;;;;;;
;;;;;;;;;;
;;;;;;;;;;
;;;;;;;;;;
;;;;;;;;;;
;;;;;;;;;;
;;;;;;;;;;
;;;;;;;;;;
;;;;;;;;;;
;;;;;;;;;;
;;;;;;;;;;
;;;;;;;;;;
;;;;;;;;;;
;;;;;;;;;;
;;;;;;;;;;
;;;;;;;;;;
;;;;;;;;;;
;;;;;;;;;;
;;;;;;;;;;
;;;;;;;;;;
;;;;;;;;;;
;;;;;;;;;;
;;;;;;;;;;
;;;;;;;;;;
;;;;;;;;;;
;;;;;;;;;;
;;;;;;;;;;
;;;;;;;;;;
;;;;;;;;;;
;;;;;;;;;;
;;;;;;;;;;
;;;;;;;;;;
;;;;;;;;;;
;;;;;;;;;;
;;;;;;;;;;
;;;;;;;;;;
;;;;;;;;;;
;;;;;;;;;;
;;;;;;;;;;
;;;;;;;;;;
;;;;;;;;;;
;;;;;;;;;;
;;;;;;;;;;
;;;;;;;;;;
;;;;;;;;;;
;;;;;;;;;;
;;;;;;;;;;
;;;;;;;;;;
;;;;;;;;;;
;;;;;;;;;;
;;;;;;;;;;
;;;;;;;;;;
;;;;;;;;;;
;;;;;;;;;;
;;;;;;;;;;
;;;;;;;;;;
;;;;;;;;;;
;;;;;;;;;;
;;;;;;;;;;
;;;;;;;;;;
;;;;;;;;;;
;;;;;;;;;;
;;;;;;;;;;
;;;;;;;;;;
;;;;;;;;;;
;;;;;;;;;;
;;;;;;;;;;
;;;;;;;;;;
;;;;;;;;;;
;;;;;;;;;;
;;;;;;;;;;
;;;;;;;;;;
;;;;;;;;;;
;;;;;;;;;;
;;;;;;;;;;
;;;;;;;;;;
;;;;;;;;;;
;;;;;;;;;;
;;;;;;;;;;
;;;;;;;;;;
;;;;;;;;;;
;;;;;;;;;;
;;;;;;;;;;
;;;;;;;;;;
;;;;;;;;;;
;;;;;;;;;;
;;;;;;;;;;
;;;;;;;;;;
;;;;;;;;;;
;;;;;;;;;;
;;;;;;;;;;
;;;;;;;;;;
;;;;;;;;;;
;;;;;;;;;;
;;;;;;;;;;
;;;;;;;;;;
;;;;;;;;;;
;;;;;;;;;;
;;;;;;;;;;
;;;;;;;;;;
;;;;;;;;;;
;;;;;;;;;;
;;;;;;;;;;
;;;;;;;;;;
;;;;;;;;;;
;;;;;;;;;;
;;;;;;;;;;
;;;;;;;;;;
;;;;;;;;;;
;;;;;;;;;;
;;;;;;;;;;
;;;;;;;;;;
;;;;;;;;;;
;;;;;;;;;;
;;;;;;;;;;
;;;;;;;;;;
;;;;;;;;;;
;;;;;;;;;;
;;;;;;;;;;
;;;;;;;;;;
;;;;;;;;;;
;;;;;;;;;;
;;;;;;;;;;
;;;;;;;;;;
;;;;;;;;;;
;;;;;;;;;;
;;;;;;;;;;
;;;;;;;;;;
;;;;;;;;;;
;;;;;;;;;;
;;;;;;;;;;
;;;;;;;;;;
;;;;;;;;;;
;;;;;;;;;;
;;;;;;;;;;
;;;;;;;;;;
;;;;;;;;;;
;;;;;;;;;;
;;;;;;;;;;
;;;;;;;;;;
;;;;;;;;;;
;;;;;;;;;;
;;;;;;;;;;
;;;;;;;;;;
;;;;;;;;;;
;;;;;;;;;;
;;;;;;;;;;
;;;;;;;;;;
;;;;;;;;;;
;;;;;;;;;;
;;;;;;;;;;
;;;;;;;;;;
;;;;;;;;;;
;;;;;;;;;;
;;;;;;;;;;
;;;;;;;;;;
;;;;;;;;;;
;;;;;;;;;;
;;;;;;;;;;
;;;;;;;;;;
;;;;;;;;;;