﻿;;;;;;;;;;;;;;;;
;;;;;;;;;;;;;;;;
;;;;;;;;;;;;;;;;
;;;;;;;;;;;;;;;;
;;;;;;;;;;;;;;;;
Return to Contents;;;;;;;;;;;;;;;;
_;;;;;;;;;;;;;;;;
Table 3a: Appointments by Status, at National, Regional, STP and CCG level, England, May 2022;;;;;;;;;;;;;;;;
;;;;Count of Open GP Practices1;Count of Included GP Practices;Count of Appointments;;"Count of Appointments by 
Appointment Status";;;;;;;;
Type;NHS Area Code;ONS Code;Name;;;Total;;Attended;DNA;Unknown2;;;;;;
Type;NHS Area Code;ONS Code;Name;Open Active Practices;Included Practices;Total;_;Attended;DNA;Unknown;;;;;;
National;ENG;ENG;England;6 525;6 427;27 489 577;;25 337 435;1 199 350;952 792;;;;;;
Region;Y56;E40000003;London;1 195;1 173;4 111 262;;3 726 552;227 911;156 799;;;;;;
Region;Y58;E40000006;South West;553;548;2 990 460;;2 784 069;110 473;95 918;;;;;;
Region;Y59;E40000005;South East;831;822;4 172 937;;3 860 354;172 429;140 154;;;;;;
Region;Y60;E40000008;Midlands;1 284;1 270;5 248 263;;4 854 236;225 370;168 657;;;;;;
Region;Y61;E40000007;East of England;674;660;3 152 914;;2 947 435;109 178;96 301;;;;;;
Region;Y62;E40000010;North West;988;966;3 318 210;;2 995 078;178 342;144 790;;;;;;
Region;Y63;E40000009;North East and Yorkshire;1 000;988;4 495 531;;4 169 711;175 647;150 173;;;;;;
STP;QE1;E54000048;Healthier Lancashire And South Cumbria  STP;201;200;812 080;;738 898;38 920;34 262;;;;;;
STP;QF7;E54000009;South Yorkshire And Bassetlaw  STP;183;181;759 897;;702 629;31 403;25 865;;;;;;
STP;QGH;E54000019;Herefordshire And Worcestershire  STP;80;79;437 547;;409 114;16 945;11 488;;;;;;
STP;QH8;E54000026;Mid And South Essex  STP;152;149;518 743;;486 704;14 882;17 157;;;;;;
STP;QHG;E54000024;Bedfordshire, Luton And Milton Keynes  STP;97;95;443 599;;413 736;17 740;12 123;;;;;;
STP;QHL;E54000017;Birmingham And Solihull  STP;160;157;602 038;;547 503;35 012;19 523;;;;;;
STP;QHM;E54000050;Cumbria And North East  STP;361;357;1 564 541;;1 443 421;67 818;53 302;;;;;;
STP;QJ2;E54000012;Joined Up Care Derbyshire  STP;111;111;529 815;;495 387;16 867;17 561;;;;;;
STP;QJG;E54000023;Suffolk And North East Essex  STP;93;91;492 700;;461 487;16 673;14 540;;;;;;
STP;QJK;E54000037;Devon  STP;121;119;691 950;;643 549;25 611;22 790;;;;;;
STP;QJM;E54000013;Lincolnshire  STP;84;83;399 478;;374 436;14 178;10 864;;;;;;
STP;QK1;E54000015;Leicester, Leicestershire And Rutland  STP;133;131;578 737;;541 516;21 943;15 278;;;;;;
STP;QKK;E54000030;Our Healthier South East London  STP;202;196;731 005;;658 808;41 770;30 427;;;;;;
STP;QKS;E54000032;Kent And Medway  STP;192;191;856 698;;782 058;37 595;37 045;;;;;;
STP;QM7;E54000025;Hertfordshire And West Essex  STP;136;133;656 614;;610 725;23 085;22 804;;;;;;
STP;QMF;E54000029;East London Health And Care Partnership  STP;275;271;909 510;;815 258;55 319;38 933;;;;;;
STP;QMJ;E54000028;North London Partners In Health And Care  STP;186;178;632 209;;576 077;35 233;20 899;;;;;;
STP;QMM;E54000022;Norfolk And Waveney Health And Care Partnership  STP;106;104;564 395;;527 903;20 746;15 746;;;;;;
STP;QNC;E54000010;Staffordshire And Stoke On Trent  STP;146;144;484 394;;442 379;21 826;20 189;;;;;;
STP;QNQ;E54000034;Frimley Health And Care Ics  STP;73;71;354 399;;328 680;16 414;9 305;;;;;;
STP;QNX;E54000053;Sussex Health And Care Partnership  STP;160;160;825 457;;769 479;29 055;26 923;;;;;;
STP;QOC;E54000011;Shropshire And Telford And Wrekin  STP;52;51;237 528;;219 588;8 995;8 945;;;;;;
STP;QOP;E54000007;Greater Manchester Health And Social Care Partnership  STP;431;414;1 292 042;;1 157 280;75 569;59 193;;;;;;
STP;QOQ;E54000051;Humber, Coast And Vale  STP;182;179;841 625;;787 496;29 598;24 531;;;;;;
STP;QOX;E54000040;Bath And North East Somerset, Swindon And Wiltshire  STP;89;88;481 570;;452 629;15 250;13 691;;;;;;
STP;QPM;E54000020;Northamptonshire  STP;69;67;359 505;;340 127;10 787;8 591;;;;;;
STP;QR1;E54000043;Gloucestershire  STP;72;71;344 318;;321 508;12 400;10 410;;;;;;
STP;QRL;E54000042;Hampshire And The Isle Of Wight  STP;142;140;854 503;;790 801;38 419;25 283;;;;;;
STP;QRV;E54000027;North West London Health And Care Partnership  STP;351;350;1 163 863;;1 064 895;56 793;42 175;;;;;;
STP;QSL;E54000038;Somerset  STP;64;64;285 205;;262 645;11 314;11 246;;;;;;
STP;QT1;E54000014;Nottingham And Nottinghamshire Health And Care  STP;124;123;517 125;;480 371;21 287;15 467;;;;;;
STP;QT6;E54000036;Cornwall And The Isles Of Scilly Health And Social Care Partnership  STP;57;57;340 577;;315 605;12 344;12 628;;;;;;
STP;QU9;E54000044;Buckinghamshire, Oxfordshire And Berkshire West  STP;160;157;824 785;;766 147;31 724;26 914;;;;;;
STP;QUA;E54000016;The Black Country And West Birmingham  STP;205;205;647 216;;585 334;37 848;24 034;;;;;;
STP;QUE;E54000021;Cambridgeshire And Peterborough  STP;90;88;476 863;;446 880;16 052;13 931;;;;;;
STP;QUY;E54000039;Bristol, North Somerset And South Gloucestershire  STP;77;76;450 623;;415 697;20 324;14 602;;;;;;
STP;QVV;E54000041;Dorset  STP;73;73;396 217;;372 436;13 230;10 551;;;;;;
STP;QWE;E54000031;South West London Health And Care Partnership  STP;181;178;674 675;;611 514;38 796;24 365;;;;;;
STP;QWO;E54000054;West Yorkshire And Harrogate (Health And Care Partnership)  STP;274;271;1 329 468;;1 236 165;46 828;46 475;;;;;;
STP;QWU;E54000018;Coventry And Warwickshire  STP;120;119;454 880;;418 481;19 682;16 717;;;;;;
STP;QXU;E54000052;Surrey Heartlands Health And Care Partnership  STP;104;103;457 095;;423 189;19 222;14 684;;;;;;
STP;QYG;E54000008;Cheshire And Merseyside  STP;356;352;1 214 088;;1 098 900;63 853;51 335;;;;;;
CCG;00L;E38000130;NHS Northumberland CCG;38;37;176 738;;166 425;6 035;4 278;;;;;;
CCG;00N;E38000163;NHS South Tyneside CCG;21;21;65 814;;60 181;2 733;2 900;;;;;;
CCG;00P;E38000176;NHS Sunderland CCG;39;38;125 260;;112 393;6 959;5 908;;;;;;
CCG;00Q;E38000014;NHS Blackburn with Darwen CCG;22;22;75 526;;68 587;4 064;2 875;;;;;;
CCG;00R;E38000015;NHS Blackpool CCG;17;16;89 281;;80 931;5 064;3 286;;;;;;
CCG;00T;E38000016;NHS Bolton CCG;49;48;148 619;;133 386;9 751;5 482;;;;;;
CCG;00V;E38000024;NHS Bury CCG;25;22;63 543;;55 819;3 069;4 655;;;;;;
CCG;00X;E38000034;NHS Chorley and South Ribble CCG;26;26;80 450;;72 750;3 922;3 778;;;;;;
CCG;00Y;E38000135;NHS Oldham CCG;39;37;101 590;;92 534;5 787;3 269;;;;;;
CCG;01A;E38000050;NHS East Lancashire CCG;48;48;163 726;;148 476;8 117;7 133;;;;;;
CCG;01D;E38000080;NHS Heywood, Middleton and Rochdale CCG;41;35;91 645;;83 404;5 217;3 024;;;;;;
CCG;01E;E38000227;NHS Greater Preston CCG;22;22;95 095;;84 951;4 689;5 455;;;;;;
CCG;01F;E38000068;NHS Halton CCG;14;14;56 527;;50 744;2 916;2 867;;;;;;
CCG;01G;E38000143;NHS Salford CCG;38;35;126 578;;111 175;7 512;7 891;;;;;;
CCG;01H;E38000215;NHS North Cumbria CCG;35;35;180 391;;166 087;7 130;7 174;;;;;;
CCG;01J;E38000091;NHS Knowsley CCG;25;25;77 202;;70 277;4 478;2 447;;;;;;
CCG;01K;E38000228;NHS Morecambe Bay CCG;32;32;159 131;;147 703;6 803;4 625;;;;;;
CCG;01T;E38000161;NHS South Sefton CCG;30;29;52 294;;47 207;2 663;2 424;;;;;;
CCG;01V;E38000170;NHS Southport and Formby CCG;16;16;57 475;;52 778;2 201;2 496;;;;;;
CCG;01W;E38000174;NHS Stockport CCG;35;35;153 773;;141 182;7 149;5 442;;;;;;
CCG;01X;E38000172;NHS St Helens CCG;32;31;82 447;;71 056;4 748;6 643;;;;;;
CCG;01Y;E38000182;NHS Tameside and Glossop CCG;36;36;112 098;;99 916;6 572;5 610;;;;;;
CCG;02A;E38000187;NHS Trafford CCG;27;27;82 533;;74 503;4 494;3 536;;;;;;
CCG;02E;E38000194;NHS Warrington CCG;26;26;97 618;;91 377;3 476;2 765;;;;;;
CCG;02G;E38000200;NHS West Lancashire CCG;15;15;51 683;;46 890;2 278;2 515;;;;;;
CCG;02H;E38000205;NHS Wigan Borough CCG;58;57;130 666;;117 693;7 442;5 531;;;;;;
CCG;02M;E38000226;NHS Fylde and Wyre CCG;19;19;97 188;;88 610;3 983;4 595;;;;;;
CCG;02P;E38000006;NHS Barnsley CCG;32;32;119 450;;108 532;4 784;6 134;;;;;;
CCG;02Q;E38000008;NHS Bassetlaw CCG;9;9;60 030;;56 314;2 213;1 503;;;;;;
CCG;02T;E38000025;NHS Calderdale CCG;22;21;109 238;;102 800;3 880;2 558;;;;;;
CCG;02X;E38000044;NHS Doncaster CCG;37;37;153 180;;141 355;7 642;4 183;;;;;;
CCG;02Y;E38000052;NHS East Riding of Yorkshire CCG;30;29;139 489;;131 359;4 849;3 281;;;;;;
CCG;03F;E38000085;NHS Hull CCG;32;32;122 672;;112 581;6 731;3 360;;;;;;
CCG;03H;E38000119;NHS North East Lincolnshire CCG;24;23;102 655;;95 787;2 959;3 909;;;;;;
CCG;03K;E38000122;NHS North Lincolnshire CCG;19;19;92 606;;85 389;2 852;4 365;;;;;;
CCG;03L;E38000141;NHS Rotherham CCG;29;28;141 276;;131 460;5 436;4 380;;;;;;
CCG;03N;E38000146;NHS Sheffield CCG;76;75;285 961;;264 968;11 328;9 665;;;;;;
CCG;03Q;E38000188;NHS Vale of York CCG;26;25;152 978;;144 429;5 235;3 314;;;;;;
CCG;03R;E38000190;NHS Wakefield CCG;34;34;203 672;;190 531;6 577;6 564;;;;;;
CCG;03W;E38000051;NHS East Leicestershire and Rutland CCG;31;29;175 984;;165 332;6 396;4 256;;;;;;
CCG;04C;E38000097;NHS Leicester City CCG;56;56;197 661;;182 012;9 038;6 611;;;;;;
CCG;04V;E38000201;NHS West Leicestershire CCG;46;46;205 092;;194 172;6 509;4 411;;;;;;
CCG;04Y;E38000028;NHS Cannock Chase CCG;23;22;59 421;;54 636;2 435;2 350;;;;;;
CCG;05D;E38000053;NHS East Staffordshire CCG;18;18;65 712;;59 149;2 569;3 994;;;;;;
CCG;05G;E38000126;NHS North Staffordshire CCG;30;30;92 291;;84 901;3 679;3 711;;;;;;
CCG;05Q;E38000153;NHS South East Staffordshire and Seisdon Peninsula CCG;23;23;93 101;;87 012;3 567;2 522;;;;;;
CCG;05V;E38000173;NHS Stafford and Surrounds CCG;14;14;64 089;;59 106;2 759;2 224;;;;;;
CCG;05W;E38000175;NHS Stoke on Trent CCG;38;37;109 780;;97 575;6 817;5 388;;;;;;
CCG;06H;E38000026;NHS Cambridgeshire and Peterborough CCG;90;88;476 863;;446 880;16 052;13 931;;;;;;
CCG;06K;E38000049;NHS East and North Hertfordshire CCG;52;50;256 259;;240 089;7 720;8 450;;;;;;
CCG;06L;E38000086;NHS Ipswich and East Suffolk CCG;36;35;190 933;;179 504;4 989;6 440;;;;;;
CCG;06N;E38000079;NHS Herts Valley CCG;54;53;266 457;;244 666;10 875;10 916;;;;;;
CCG;06Q;E38000106;NHS Mid Essex CCG;41;39;168 621;;159 360;4 616;4 645;;;;;;
CCG;06T;E38000117;NHS North East Essex CCG;33;32;179 617;;165 070;8 591;5 956;;;;;;
CCG;07G;E38000185;NHS Thurrock CCG;27;27;83 372;;77 621;2 501;3 250;;;;;;
CCG;07H;E38000197;NHS West Essex CCG;30;30;133 898;;125 970;4 490;3 438;;;;;;
CCG;07K;E38000204;NHS West Suffolk CCG;24;24;122 150;;116 913;3 093;2 144;;;;;;
CCG;09D;E38000021;NHS Brighton and Hove CCG;33;33;133 880;;123 750;5 332;4 798;;;;;;
CCG;10Q;E38000136;NHS Oxfordshire CCG;67;66;350 910;;326 654;12 602;11 654;;;;;;
CCG;10R;E38000137;NHS Portsmouth CCG;13;13;87 919;;82 020;3 765;2 134;;;;;;
CCG;11J;E38000045;NHS Dorset CCG;73;73;396 217;;372 436;13 230;10 551;;;;;;
CCG;11M;E38000062;NHS Gloucestershire CCG;72;71;344 318;;321 508;12 400;10 410;;;;;;
CCG;11N;E38000089;NHS Kernow CCG;57;57;340 577;;315 605;12 344;12 628;;;;;;
CCG;11X;E38000150;NHS Somerset CCG;64;64;285 205;;262 645;11 314;11 246;;;;;;
CCG;12F;E38000208;NHS Wirral CCG;47;47;189 606;;171 841;10 146;7 619;;;;;;
CCG;13T;E38000212;NHS Newcastle Gateshead CCG;60;60;239 507;;217 283;12 932;9 292;;;;;;
CCG;14L;E38000217;NHS Manchester CCG;83;82;280 997;;247 668;18 576;14 753;;;;;;
CCG;14Y;E38000223;NHS Buckinghamshire CCG;48;47;230 194;;214 381;9 072;6 741;;;;;;
CCG;15A;E38000221;NHS Berkshire West CCG;45;44;243 681;;225 112;10 050;8 519;;;;;;
CCG;15C;E38000222;NHS Bristol, North Somerset and South Gloucestershire CCG;77;76;450 623;;415 697;20 324;14 602;;;;;;
CCG;15E;E38000220;NHS Birmingham and Solihull CCG;160;157;602 038;;547 503;35 012;19 523;;;;;;
CCG;15F;E38000225;NHS Leeds CCG;91;91;422 476;;393 036;16 860;12 580;;;;;;
CCG;15M;E38000229;NHS Derby and Derbyshire CCG;111;111;529 815;;495 387;16 867;17 561;;;;;;
CCG;15N;E38000230;NHS Devon CCG;121;119;691 950;;643 549;25 611;22 790;;;;;;
CCG;16C;E38000247;NHS Tees Valley CCG;81;80;344 426;;317 785;15 833;10 808;;;;;;
CCG;18C;E38000236;NHS Herefordshire CCG;80;79;437 547;;409 114;16 945;11 488;;;;;;
CCG;26A;E38000239;NHS Norfolk and Waveney CCG;106;104;564 395;;527 903;20 746;15 746;;;;;;
CCG;27D;E38000233;NHS Cheshire CCG;79;79;354 733;;322 049;17 623;15 061;;;;;;
CCG;36J;E38000232;NHS Bradford District and Craven CCG;62;62;373 247;;343 593;11 862;17 792;;;;;;
CCG;36L;E38000245;NHS South West London CCG;181;178;674 675;;611 514;38 796;24 365;;;;;;
CCG;42D;E38000241;NHS North Yorkshire CCG;51;51;231 225;;217 951;6 972;6 302;;;;;;
CCG;52R;E38000243;NHS Nottingham and Nottinghamshire CCG;124;123;517 125;;480 371;21 287;15 467;;;;;;
CCG;70F;E38000248;NHS West Sussex CCG;75;75;412 265;;388 499;12 570;11 196;;;;;;
CCG;71E;E38000238;NHS Lincolnshire CCG;84;83;399 478;;374 436;14 178;10 864;;;;;;
CCG;72Q;E38000244;NHS South East London CCG;202;196;731 005;;658 808;41 770;30 427;;;;;;
CCG;78H;E38000242;NHS Northamptonshire CCG;69;67;359 505;;340 127;10 787;8 591;;;;;;
CCG;84H;E38000234;NHS County Durham CCG;61;61;328 124;;307 368;11 557;9 199;;;;;;
CCG;91Q;E38000237;NHS Kent and Medway CCG;192;191;856 698;;782 058;37 595;37 045;;;;;;
CCG;92A;E38000246;NHS Surrey Heartlands CCG;104;103;457 095;;423 189;19 222;14 684;;;;;;
CCG;92G;E38000231;NHS Bath and North East Somerset, Swindon and Wiltshire CCG;89;88;481 570;;452 629;15 250;13 691;;;;;;
CCG;93C;E38000240;NHS North Central London CCG;186;178;632 209;;576 077;35 233;20 899;;;;;;
CCG;97R;E38000235;NHS East Sussex CCG;52;52;279 312;;257 230;11 153;10 929;;;;;;
CCG;99A;E38000101;NHS Liverpool CCG;87;85;246 186;;221 571;15 602;9 013;;;;;;
CCG;99C;E38000127;NHS North Tyneside CCG;26;25;104 281;;95 899;4 639;3 743;;;;;;
CCG;99E;E38000007;NHS Basildon and Brentwood CCG;35;35;122 712;;114 537;3 088;5 087;;;;;;
CCG;99F;E38000030;NHS Castle Point and Rochford CCG;23;23;73 960;;69 812;1 979;2 169;;;;;;
CCG;99G;E38000168;NHS Southend CCG;26;25;70 078;;65 374;2 698;2 006;;;;;;
CCG;A3A8R;E38000255;NHS North East London CCG;275;271;909 510;;815 258;55 319;38 933;;;;;;
CCG;B2M3M;E38000251;NHS Coventry and Warwickshire CCG;120;119;454 880;;418 481;19 682;16 717;;;;;;
CCG;D2P2L;E38000250;NHS Black Country and West Birmingham CCG;205;205;647 216;;585 334;37 848;24 034;;;;;;
CCG;D4U1Y;E38000252;NHS Frimley CCG;73;71;354 399;;328 680;16 414;9 305;;;;;;
CCG;D9Y0V;E38000253;NHS Hampshire, Southampton and Isle of Wight CCG;129;127;766 584;;708 781;34 654;23 149;;;;;;
CCG;M1J4Y;E38000249;NHS Bedfordshire, Luton and Milton Keynes CCG;97;95;443 599;;413 736;17 740;12 123;;;;;;
CCG;M2L0M;E38000257;NHS Shropshire and Telford and Wrekin CCG;52;51;237 528;;219 588;8 995;8 945;;;;;;
CCG;W2U3Z;E38000256;NHS North West London CCG;351;350;1 163 863;;1 064 895;56 793;42 175;;;;;;
CCG;X2C4Y;E38000254;NHS Kirklees CCG;65;63;220 835;;206 205;7 649;6 981;;;;;;
;;;;;;;;;;;;;;;;
Source: NHS Digital;;;;;;;;;;;;;;;;
Notes:;;;;;;;;;;;;;;;;
1;CCGs are only included if there is data for more than one practice within the CCG, therefore the total count of open GP practices by CCG may not equal the national total;;;;;;;;;;;;;;;
2;"At the time of the appointment a ‘Booked’ status will usually be changed to either ‘Attended’ or ‘DNA’. In some cases (4-7% of monthly appointments), the final status of an appointment remains as ‘Booked’. It is not known from the data whether these appointments were actually attended or not. From a sample audit these were found to be consultations where the status has not been updated to say if patients had attended or not. 
For this reason, these appointments are reported as ""Unknown"" status";;;;;;;;;;;;;;;
_;See 'Coronavirus Impact' tab for further information;;;;;;;;;;;;;;;
Copyright © 2022 Health and Social Care Information Centre. The Health and Social Care Information Centre is a non-departmental body created by statute, also known as NHS Digital.;;;;;;;;;;;;;;;;