source_file,Type,NHS_area_code,ONS_code,Name,Count_gp_appointments,Attended,Did_not_attend,Unknown,Month
1,ICB,QE1,E54000048,NHS Lancashire and South Cumbria Integrated Care Board,834 346,752 644,39 093,42 609,April
1,ICB,QF7,E54000061,NHS South Yorkshire Integrated Care Board,802 091,717 544,32 216,52 331,April
1,ICB,QGH,E54000019,NHS Herefordshire and Worcestershire Integrated Care Board,471 533,433 812,16 912,20 809,April
1,ICB,QH8,E54000026,NHS Mid and South Essex Integrated Care Board,570 991,519 365,17 600,34 026,April
1,ICB,QHG,E54000024,"NHS Bedfordshire, Luton and Milton Keynes Integrated Care Board",476 486,428 144,20 294,28 048,April
1,ICB,QHL,E54000055,NHS Birmingham and Solihull Integrated Care Board,752 601,669 540,44 670,38 391,April
1,ICB,QHM,E54000050,NHS North East and North Cumbria Integrated Care Board,1 697 456,1 539 994,68 701,88 761,April
1,ICB,QJ2,E54000058,NHS Derby and Derbyshire Integrated Care Board,578 772,528 087,18 655,32 030,April
1,ICB,QJG,E54000023,NHS Suffolk and North East Essex Integrated Care Board,590 736,548 835,15 710,26 191,April
1,ICB,QJK,E54000037,NHS Devon Integrated Care Board,759 664,689 534,24 211,45 919,April
1,ICB,QJM,E54000013,NHS Lincolnshire Integrated Care Board,523 897,483 707,14 793,25 397,April
1,ICB,QK1,E54000015,"NHS Leicester, Leicestershire and Rutland Integrated Care Board",641 285,580 933,23 770,36 582,April
1,ICB,QKK,E54000030,NHS South East London Integrated Care Board,743 642,656 133,46 418,41 091,April
1,ICB,QKS,E54000032,NHS Kent and Medway Integrated Care Board,924 789,829 106,37 313,58 370,April
1,ICB,QM7,E54000025,NHS Hertfordshire and West Essex Integrated Care Board,698 881,632 875,27 132,38 874,April
1,ICB,QMF,E54000029,NHS North East London Integrated Care Board,995 766,881 622,62 251,51 893,April
1,ICB,QMJ,E54000028,NHS North Central London Integrated Care Board,674 180,605 520,37 172,31 488,April
1,ICB,QMM,E54000022,NHS Norfolk and Waveney Integrated Care Board,612 444,554 179,21 662,36 603,April
1,ICB,QNC,E54000010,NHS Staffordshire and Stoke-on-Trent Integrated Care Board,546 734,489 324,23 060,34 350,April
1,ICB,QNQ,E54000034,NHS Frimley Integrated Care Board,386 346,348 878,18 185,19 283,April
1,ICB,QNX,E54000053,NHS Sussex Integrated Care Board,927 773,840 794,31 484,55 495,April
1,ICB,QOC,E54000011,"NHS Shropshire, Telford and Wrekin Integrated Care Board",261 637,238 977,9 580,13 080,April
1,ICB,QOP,E54000057,NHS Greater Manchester Integrated Care Board,1 494 811,1 340 687,78 954,75 170,April
1,ICB,QOQ,E54000051,NHS Humber and North Yorkshire Integrated Care Board,978 677,901 461,30 569,46 647,April
1,ICB,QOX,E54000040,"NHS Bath and North East Somerset, Swindon and Wiltshire Integrated Care Board",545 508,502 639,15 545,27 324,April
1,ICB,QPM,E54000059,NHS Northamptonshire Integrated Care Board,391 989,361 622,12 491,17 876,April
1,ICB,QR1,E54000043,NHS Gloucestershire Integrated Care Board,381 220,347 531,12 254,21 435,April
1,ICB,QRL,E54000042,NHS Hampshire and the Isle of Wight Integrated Care Board,962 721,868 876,39 907,53 938,April
1,ICB,QRV,E54000027,NHS North West London Integrated Care Board,1 297 472,1 161 174,66 160,70 138,April
1,ICB,QSL,E54000038,NHS Somerset Integrated Care Board,327 290,295 617,13 067,18 606,April
1,ICB,QT1,E54000060,NHS Nottingham and Nottinghamshire Integrated Care Board,634 045,573 929,25 314,34 802,April
1,ICB,QT6,E54000036,NHS Cornwall and the Isles of Scilly Integrated Care Board,374 238,339 142,12 946,22 150,April
1,ICB,QU9,E54000044,"NHS Buckinghamshire, Oxfordshire and Berkshire West Integrated Care Board",878 739,802 663,35 371,40 705,April
1,ICB,QUA,E54000062,NHS Black Country Integrated Care Board,630 867,563 271,32 902,34 694,April
1,ICB,QUE,E54000056,NHS Cambridgeshire and Peterborough Integrated Care Board,559 119,503 157,19 065,36 897,April
1,ICB,QUY,E54000039,"NHS Bristol, North Somerset and South Gloucestershire Integrated Care Board",514 919,471 320,24 312,19 287,April
1,ICB,QVV,E54000041,NHS Dorset Integrated Care Board,448 737,411 096,14 795,22 846,April
1,ICB,QWE,E54000031,NHS South West London Integrated Care Board,730 851,654 395,36 405,40 051,April
1,ICB,QWO,E54000054,NHS West Yorkshire Integrated Care Board,1 448 850,1 317 729,53 432,77 689,April
1,ICB,QWU,E54000018,NHS Coventry and Warwickshire Integrated Care Board,483 995,435 876,22 262,25 857,April
1,ICB,QXU,E54000052,NHS Surrey Heartlands Integrated Care Board,543 354,478 253,18 679,46 422,April
1,ICB,QYG,E54000008,NHS Cheshire and Merseyside Integrated Care Board,1 281 413,1 151 837,61 968,67 608,April
2,ICB,QE1,E54000048,NHS Lancashire and South Cumbria Integrated Care Board,770 515,695 107,36 910,38 498,August
2,ICB,QF7,E54000061,NHS South Yorkshire Integrated Care Board,727 577,652 675,28 822,46 080,August
2,ICB,QGH,E54000019,NHS Herefordshire and Worcestershire Integrated Care Board,411 413,377 929,15 510,17 974,August
2,ICB,QH8,E54000026,NHS Mid and South Essex Integrated Care Board,517 255,471 560,15 833,29 862,August
2,ICB,QHG,E54000024,"NHS Bedfordshire, Luton and Milton Keynes Integrated Care Board",453 181,408 071,18 893,26 217,August
2,ICB,QHL,E54000055,NHS Birmingham and Solihull Integrated Care Board,691 950,613 844,41 759,36 347,August
2,ICB,QHM,E54000050,NHS North East and North Cumbria Integrated Care Board,1 519 047,1 378 338,59 039,81 670,August
2,ICB,QJ2,E54000058,NHS Derby and Derbyshire Integrated Care Board,536 107,488 677,16 687,30 743,August
2,ICB,QJG,E54000023,NHS Suffolk and North East Essex Integrated Care Board,501 280,461 502,14 407,25 371,August
2,ICB,QJK,E54000037,NHS Devon Integrated Care Board,697 981,638 400,20 977,38 604,August
2,ICB,QJM,E54000013,NHS Lincolnshire Integrated Care Board,425 384,387 850,13 126,24 408,August
2,ICB,QK1,E54000015,"NHS Leicester, Leicestershire and Rutland Integrated Care Board",599 580,542 546,22 397,34 637,August
2,ICB,QKK,E54000030,NHS South East London Integrated Care Board,676 492,597 797,40 600,38 095,August
2,ICB,QKS,E54000032,NHS Kent and Medway Integrated Care Board,825 567,735 103,33 902,56 562,August
2,ICB,QM7,E54000025,NHS Hertfordshire and West Essex Integrated Care Board,630 635,571 258,21 791,37 586,August
2,ICB,QMF,E54000029,NHS North East London Integrated Care Board,944 276,831 855,61 715,50 706,August
2,ICB,QMJ,E54000028,NHS North Central London Integrated Care Board,624 880,561 934,33 560,29 386,August
2,ICB,QMM,E54000022,NHS Norfolk and Waveney Integrated Care Board,556 870,503 123,18 067,35 680,August
2,ICB,QNC,E54000010,NHS Staffordshire and Stoke-on-Trent Integrated Care Board,485 982,438 226,19 721,28 035,August
2,ICB,QNQ,E54000034,NHS Frimley Integrated Care Board,352 743,317 748,17 208,17 787,August
2,ICB,QNX,E54000053,NHS Sussex Integrated Care Board,865 189,787 836,28 358,48 995,August
2,ICB,QOC,E54000011,"NHS Shropshire, Telford and Wrekin Integrated Care Board",238 345,217 799,9 076,11 470,August
2,ICB,QOP,E54000057,NHS Greater Manchester Integrated Care Board,1 281 626,1 142 471,72 855,66 300,August
2,ICB,QOQ,E54000051,NHS Humber and North Yorkshire Integrated Care Board,882 367,810 627,25 934,45 806,August
2,ICB,QOX,E54000040,"NHS Bath and North East Somerset, Swindon and Wiltshire Integrated Care Board",482 977,444 366,14 190,24 421,August
2,ICB,QPM,E54000059,NHS Northamptonshire Integrated Care Board,371 562,343 082,11 822,16 658,August
2,ICB,QR1,E54000043,NHS Gloucestershire Integrated Care Board,347 867,318 906,10 421,18 540,August
2,ICB,QRL,E54000042,NHS Hampshire and the Isle of Wight Integrated Care Board,871 018,782 939,38 215,49 864,August
2,ICB,QRV,E54000027,NHS North West London Integrated Care Board,1 207 138,1 078 001,62 499,66 638,August
2,ICB,QSL,E54000038,NHS Somerset Integrated Care Board,257 687,234 012,10 619,13 056,August
2,ICB,QT1,E54000060,NHS Nottingham and Nottinghamshire Integrated Care Board,582 260,525 846,22 272,34 142,August
2,ICB,QT6,E54000036,NHS Cornwall and the Isles of Scilly Integrated Care Board,342 319,310 997,11 334,19 988,August
2,ICB,QU9,E54000044,"NHS Buckinghamshire, Oxfordshire and Berkshire West Integrated Care Board",797 595,727 972,31 757,37 866,August
2,ICB,QUA,E54000062,NHS Black Country Integrated Care Board,594 912,527 242,30 484,37 186,August
2,ICB,QUE,E54000056,NHS Cambridgeshire and Peterborough Integrated Care Board,490 109,444 087,16 235,29 787,August
2,ICB,QUY,E54000039,"NHS Bristol, North Somerset and South Gloucestershire Integrated Care Board",446 959,404 357,20 974,21 628,August
2,ICB,QVV,E54000041,NHS Dorset Integrated Care Board,395 847,361 934,12 166,21 747,August
2,ICB,QWE,E54000031,NHS South West London Integrated Care Board,662 887,598 973,35 092,28 822,August
2,ICB,QWO,E54000054,NHS West Yorkshire Integrated Care Board,1 342 059,1 221 143,48 998,71 918,August
2,ICB,QWU,E54000018,NHS Coventry and Warwickshire Integrated Care Board,437 514,389 508,19 427,28 579,August
2,ICB,QXU,E54000052,NHS Surrey Heartlands Integrated Care Board,493 853,430 871,17 112,45 870,August
2,ICB,QYG,E54000008,NHS Cheshire and Merseyside Integrated Care Board,1 171 799,1 055 226,57 469,59 104,August
3,ICB,QE1,E54000048,NHS Lancashire and South Cumbria Integrated Care Board,860 221,774 221,41 375,44 625,February
3,ICB,QF7,E54000061,NHS South Yorkshire Integrated Care Board,796 218,713 303,32 113,50 802,February
3,ICB,QGH,E54000019,NHS Herefordshire and Worcestershire Integrated Care Board,480 006,440 331,17 047,22 628,February
3,ICB,QH8,E54000026,NHS Mid and South Essex Integrated Care Board,577 180,524 098,17 235,35 847,February
3,ICB,QHG,E54000024,"NHS Bedfordshire, Luton and Milton Keynes Integrated Care Board",489 686,439 638,20 717,29 331,February
3,ICB,QHL,E54000055,NHS Birmingham and Solihull Integrated Care Board,765 347,676 136,47 392,41 819,February
3,ICB,QHM,E54000050,NHS North East and North Cumbria Integrated Care Board,1 697 560,1 538 695,66 698,92 167,February
3,ICB,QJ2,E54000058,NHS Derby and Derbyshire Integrated Care Board,592 551,535 001,19 453,38 097,February
3,ICB,QJG,E54000023,NHS Suffolk and North East Essex Integrated Care Board,546 760,502 012,15 703,29 045,February
3,ICB,QJK,E54000037,NHS Devon Integrated Care Board,772 687,702 990,23 973,45 724,February
3,ICB,QJM,E54000013,NHS Lincolnshire Integrated Care Board,452 704,414 348,14 048,24 308,February
3,ICB,QK1,E54000015,"NHS Leicester, Leicestershire and Rutland Integrated Care Board",637 319,574 383,23 055,39 881,February
3,ICB,QKK,E54000030,NHS South East London Integrated Care Board,758 214,666 520,45 155,46 539,February
3,ICB,QKS,E54000032,NHS Kent and Medway Integrated Care Board,933 367,841 304,38 960,53 103,February
3,ICB,QM7,E54000025,NHS Hertfordshire and West Essex Integrated Care Board,714 958,649 032,24 835,41 091,February
3,ICB,QMF,E54000029,NHS North East London Integrated Care Board,1 013 582,886 777,67 132,59 673,February
3,ICB,QMJ,E54000028,NHS North Central London Integrated Care Board,697 494,622 736,40 402,34 356,February
3,ICB,QMM,E54000022,NHS Norfolk and Waveney Integrated Care Board,621 569,561 797,21 030,38 742,February
3,ICB,QNC,E54000010,NHS Staffordshire and Stoke-on-Trent Integrated Care Board,558 380,500 899,24 384,33 097,February
3,ICB,QNQ,E54000034,NHS Frimley Integrated Care Board,398 704,359 149,19 019,20 536,February
3,ICB,QNX,E54000053,NHS Sussex Integrated Care Board,929 839,841 951,31 446,56 442,February
3,ICB,QOC,E54000011,"NHS Shropshire, Telford and Wrekin Integrated Care Board",263 026,241 884,10 114,11 028,February
3,ICB,QOP,E54000057,NHS Greater Manchester Integrated Care Board,1 412 320,1 252 463,82 386,77 471,February
3,ICB,QOQ,E54000051,NHS Humber and North Yorkshire Integrated Care Board,956 604,876 669,28 243,51 692,February
3,ICB,QOX,E54000040,"NHS Bath and North East Somerset, Swindon and Wiltshire Integrated Care Board",548 268,502 058,15 262,30 948,February
3,ICB,QPM,E54000059,NHS Northamptonshire Integrated Care Board,400 151,367 132,12 085,20 934,February
3,ICB,QR1,E54000043,NHS Gloucestershire Integrated Care Board,388 618,354 786,11 573,22 259,February
3,ICB,QRL,E54000042,NHS Hampshire and the Isle of Wight Integrated Care Board,976 661,881 236,39 370,56 055,February
3,ICB,QRV,E54000027,NHS North West London Integrated Care Board,1 319 976,1 173 452,68 181,78 343,February
3,ICB,QSL,E54000038,NHS Somerset Integrated Care Board,300 933,272 163,12 228,16 542,February
3,ICB,QT1,E54000060,NHS Nottingham and Nottinghamshire Integrated Care Board,645 406,581 748,25 044,38 614,February
3,ICB,QT6,E54000036,NHS Cornwall and the Isles of Scilly Integrated Care Board,375 596,340 423,12 300,22 873,February
3,ICB,QU9,E54000044,"NHS Buckinghamshire, Oxfordshire and Berkshire West Integrated Care Board",899 193,819 919,34 719,44 555,February
3,ICB,QUA,E54000062,NHS Black Country Integrated Care Board,630 964,560 280,35 223,35 461,February
3,ICB,QUE,E54000056,NHS Cambridgeshire and Peterborough Integrated Care Board,562 098,507 104,18 829,36 165,February
3,ICB,QUY,E54000039,"NHS Bristol, North Somerset and South Gloucestershire Integrated Care Board",481 676,439 668,22 442,19 566,February
3,ICB,QVV,E54000041,NHS Dorset Integrated Care Board,444 412,404 875,13 463,26 074,February
3,ICB,QWE,E54000031,NHS South West London Integrated Care Board,741 903,661 790,37 836,42 277,February
3,ICB,QWO,E54000054,NHS West Yorkshire Integrated Care Board,1 448 633,1 312 310,53 018,83 305,February
3,ICB,QWU,E54000018,NHS Coventry and Warwickshire Integrated Care Board,484 381,435 938,22 395,26 048,February
3,ICB,QXU,E54000052,NHS Surrey Heartlands Integrated Care Board,558 475,489 383,18 943,50 149,February
3,ICB,QYG,E54000008,NHS Cheshire and Merseyside Integrated Care Board,1 314 895,1 179 184,64 638,71 073,February
4,ICB,QE1,E54000048,NHS Lancashire and South Cumbria Integrated Care Board,918 518,828 904,43 105,46 509,January
4,ICB,QF7,E54000061,NHS South Yorkshire Integrated Care Board,856 055,768 775,33 793,53 487,January
4,ICB,QGH,E54000019,NHS Herefordshire and Worcestershire Integrated Care Board,505 841,466 140,18 309,21 392,January
4,ICB,QH8,E54000026,NHS Mid and South Essex Integrated Care Board,621 786,567 164,17 485,37 137,January
4,ICB,QHG,E54000024,"NHS Bedfordshire, Luton and Milton Keynes Integrated Care Board",511 780,458 614,21 872,31 294,January
4,ICB,QHL,E54000055,NHS Birmingham and Solihull Integrated Care Board,809 564,719 355,49 437,40 772,January
4,ICB,QHM,E54000050,NHS North East and North Cumbria Integrated Care Board,1 810 174,1 642 695,70 249,97 230,January
4,ICB,QJ2,E54000058,NHS Derby and Derbyshire Integrated Care Board,638 360,577 922,20 121,40 317,January
4,ICB,QJG,E54000023,NHS Suffolk and North East Essex Integrated Care Board,580 342,533 696,16 521,30 125,January
4,ICB,QJK,E54000037,NHS Devon Integrated Care Board,824 319,752 209,25 185,46 925,January
4,ICB,QJM,E54000013,NHS Lincolnshire Integrated Care Board,479 066,438 870,14 559,25 637,January
4,ICB,QK1,E54000015,"NHS Leicester, Leicestershire and Rutland Integrated Care Board",667 001,601 886,24 115,41 000,January
4,ICB,QKK,E54000030,NHS South East London Integrated Care Board,798 650,701 879,47 162,49 609,January
4,ICB,QKS,E54000032,NHS Kent and Medway Integrated Care Board,998 612,902 299,41 300,55 013,January
4,ICB,QM7,E54000025,NHS Hertfordshire and West Essex Integrated Care Board,755 633,686 558,26 383,42 692,January
4,ICB,QMF,E54000029,NHS North East London Integrated Care Board,1 068 161,941 189,69 112,57 860,January
4,ICB,QMJ,E54000028,NHS North Central London Integrated Care Board,733 709,655 636,40 699,37 374,January
4,ICB,QMM,E54000022,NHS Norfolk and Waveney Integrated Care Board,661 513,598 504,22 115,40 894,January
4,ICB,QNC,E54000010,NHS Staffordshire and Stoke-on-Trent Integrated Care Board,596 636,540 130,25 235,31 271,January
4,ICB,QNQ,E54000034,NHS Frimley Integrated Care Board,430 828,388 888,20 112,21 828,January
4,ICB,QNX,E54000053,NHS Sussex Integrated Care Board,995 202,901 646,33 349,60 207,January
4,ICB,QOC,E54000011,"NHS Shropshire, Telford and Wrekin Integrated Care Board",276 183,253 809,10 293,12 081,January
4,ICB,QOP,E54000057,NHS Greater Manchester Integrated Care Board,1 506 778,1 336 933,87 468,82 377,January
4,ICB,QOQ,E54000051,NHS Humber and North Yorkshire Integrated Care Board,1 032 661,947 993,30 715,53 953,January
4,ICB,QOX,E54000040,"NHS Bath and North East Somerset, Swindon and Wiltshire Integrated Care Board",586 465,536 036,16 370,34 059,January
4,ICB,QPM,E54000059,NHS Northamptonshire Integrated Care Board,422 078,388 533,12 909,20 636,January
4,ICB,QR1,E54000043,NHS Gloucestershire Integrated Care Board,413 281,378 032,12 250,22 999,January
4,ICB,QRL,E54000042,NHS Hampshire and the Isle of Wight Integrated Care Board,1 047 756,956 472,40 713,50 571,January
4,ICB,QRV,E54000027,NHS North West London Integrated Care Board,1 378 336,1 228 463,69 920,79 953,January
4,ICB,QSL,E54000038,NHS Somerset Integrated Care Board,315 844,285 547,12 527,17 770,January
4,ICB,QT1,E54000060,NHS Nottingham and Nottinghamshire Integrated Care Board,683 628,618 049,26 583,38 996,January
4,ICB,QT6,E54000036,NHS Cornwall and the Isles of Scilly Integrated Care Board,406 340,369 562,13 529,23 249,January
4,ICB,QU9,E54000044,"NHS Buckinghamshire, Oxfordshire and Berkshire West Integrated Care Board",960 040,879 571,36 711,43 758,January
4,ICB,QUA,E54000062,NHS Black Country Integrated Care Board,666 182,595 173,36 541,34 468,January
4,ICB,QUE,E54000056,NHS Cambridgeshire and Peterborough Integrated Care Board,598 280,544 485,19 111,34 684,January
4,ICB,QUY,E54000039,"NHS Bristol, North Somerset and South Gloucestershire Integrated Care Board",511 817,465 849,24 175,21 793,January
4,ICB,QVV,E54000041,NHS Dorset Integrated Care Board,480 231,439 436,14 508,26 287,January
4,ICB,QWE,E54000031,NHS South West London Integrated Care Board,782 792,700 457,39 549,42 786,January
4,ICB,QWO,E54000054,NHS West Yorkshire Integrated Care Board,1 567 226,1 424 246,56 095,86 885,January
4,ICB,QWU,E54000018,NHS Coventry and Warwickshire Integrated Care Board,511 932,463 296,22 821,25 815,January
4,ICB,QXU,E54000052,NHS Surrey Heartlands Integrated Care Board,593 305,519 598,20 556,53 151,January
4,ICB,QYG,E54000008,NHS Cheshire and Merseyside Integrated Care Board,1 406 134,1 266 891,67 760,71 483,January
5,ICB,QE1,E54000048,NHS Lancashire and South Cumbria Integrated Care Board,858 065,753 598,50 505,53 962,July
5,ICB,QF7,E54000061,NHS South Yorkshire Integrated Care Board,841 469,748 225,34 099,59 145,July
5,ICB,QGH,E54000019,NHS Herefordshire and Worcestershire Integrated Care Board,451 135,399 222,20 684,31 229,July
5,ICB,QH8,E54000026,NHS Mid and South Essex Integrated Care Board,593 665,538 154,18 235,37 276,July
5,ICB,QHG,E54000024,"NHS Bedfordshire, Luton and Milton Keynes Integrated Care Board",519 405,466 498,20 834,32 073,July
5,ICB,QHL,E54000055,NHS Birmingham and Solihull Integrated Care Board,795 288,698 315,52 679,44 294,July
5,ICB,QHM,E54000050,NHS North East and North Cumbria Integrated Care Board,1 749 128,1 571 571,74 363,103 194,July
5,ICB,QJ2,E54000058,NHS Derby and Derbyshire Integrated Care Board,615 537,559 542,19 508,36 487,July
5,ICB,QJG,E54000023,NHS Suffolk and North East Essex Integrated Care Board,620 296,572 495,16 810,30 991,July
5,ICB,QJK,E54000037,NHS Devon Integrated Care Board,795 684,722 851,24 904,47 929,July
5,ICB,QJM,E54000013,NHS Lincolnshire Integrated Care Board,555 626,511 837,15 282,28 507,July
5,ICB,QK1,E54000015,"NHS Leicester, Leicestershire and Rutland Integrated Care Board",665 489,601 303,23 757,40 429,July
5,ICB,QKK,E54000030,NHS South East London Integrated Care Board,743 801,639 634,52 966,51 201,July
5,ICB,QKS,E54000032,NHS Kent and Medway Integrated Care Board,934 849,812 714,49 547,72 588,July
5,ICB,QM7,E54000025,NHS Hertfordshire and West Essex Integrated Care Board,714 048,642 255,26 951,44 842,July
5,ICB,QMF,E54000029,NHS North East London Integrated Care Board,1 081 774,937 667,81 145,62 962,July
5,ICB,QMJ,E54000028,NHS North Central London Integrated Care Board,713 263,631 174,44 391,37 698,July
5,ICB,QMM,E54000022,NHS Norfolk and Waveney Integrated Care Board,634 392,570 691,21 734,41 967,July
5,ICB,QNC,E54000010,NHS Staffordshire and Stoke-on-Trent Integrated Care Board,552 046,487 982,27 729,36 335,July
5,ICB,QNQ,E54000034,NHS Frimley Integrated Care Board,403 463,360 155,23 075,20 233,July
5,ICB,QNX,E54000053,NHS Sussex Integrated Care Board,957 766,858 095,35 555,64 116,July
5,ICB,QOC,E54000011,"NHS Shropshire, Telford and Wrekin Integrated Care Board",260 537,229 894,12 254,18 389,July
5,ICB,QOP,E54000057,NHS Greater Manchester Integrated Care Board,1 541 602,1 350 158,93 867,97 577,July
5,ICB,QOQ,E54000051,NHS Humber and North Yorkshire Integrated Care Board,1 016 704,928 747,30 464,57 493,July
5,ICB,QOX,E54000040,"NHS Bath and North East Somerset, Swindon and Wiltshire Integrated Care Board",566 018,519 656,16 475,29 887,July
5,ICB,QPM,E54000059,NHS Northamptonshire Integrated Care Board,430 759,396 730,13 750,20 279,July
5,ICB,QR1,E54000043,NHS Gloucestershire Integrated Care Board,400 379,364 864,12 087,23 428,July
5,ICB,QRL,E54000042,NHS Hampshire and the Isle of Wight Integrated Care Board,983 826,872 129,47 815,63 882,July
5,ICB,QRV,E54000027,NHS North West London Integrated Care Board,1 389 405,1 230 493,77 239,81 673,July
5,ICB,QSL,E54000038,NHS Somerset Integrated Care Board,315 328,282 754,14 898,17 676,July
5,ICB,QT1,E54000060,NHS Nottingham and Nottinghamshire Integrated Care Board,671 880,604 849,26 755,40 276,July
5,ICB,QT6,E54000036,NHS Cornwall and the Isles of Scilly Integrated Care Board,388 071,348 139,14 244,25 688,July
5,ICB,QU9,E54000044,"NHS Buckinghamshire, Oxfordshire and Berkshire West Integrated Care Board",898 777,798 272,45 243,55 262,July
5,ICB,QUA,E54000062,NHS Black Country Integrated Care Board,662 537,573 927,39 976,48 634,July
5,ICB,QUE,E54000056,NHS Cambridgeshire and Peterborough Integrated Care Board,583 134,528 372,18 466,36 296,July
5,ICB,QUY,E54000039,"NHS Bristol, North Somerset and South Gloucestershire Integrated Care Board",531 624,469 777,29 989,31 858,July
5,ICB,QVV,E54000041,NHS Dorset Integrated Care Board,463 428,423 375,14 302,25 751,July
5,ICB,QWE,E54000031,NHS South West London Integrated Care Board,749 618,662 266,47 736,39 616,July
5,ICB,QWO,E54000054,NHS West Yorkshire Integrated Care Board,1 550 205,1 406 562,57 511,86 132,July
5,ICB,QWU,E54000018,NHS Coventry and Warwickshire Integrated Care Board,489 790,428 344,26 512,34 934,July
5,ICB,QXU,E54000052,NHS Surrey Heartlands Integrated Care Board,548 360,468 157,24 375,55 828,July
5,ICB,QYG,E54000008,NHS Cheshire and Merseyside Integrated Care Board,1 300 504,1 147 361,75 271,77 872,July
6,ICB,QE1,E54000048,NHS Lancashire and South Cumbria Integrated Care Board,783 484,707 622,36 716,39 146,June
6,ICB,QF7,E54000061,NHS South Yorkshire Integrated Care Board,745 560,667 544,29 194,48 822,June
6,ICB,QGH,E54000019,NHS Herefordshire and Worcestershire Integrated Care Board,423 483,390 219,15 618,17 646,June
6,ICB,QH8,E54000026,NHS Mid and South Essex Integrated Care Board,527 218,477 679,16 438,33 101,June
6,ICB,QHG,E54000024,"NHS Bedfordshire, Luton and Milton Keynes Integrated Care Board",458 021,411 922,19 012,27 087,June
6,ICB,QHL,E54000055,NHS Birmingham and Solihull Integrated Care Board,718 242,637 714,42 220,38 308,June
6,ICB,QHM,E54000050,NHS North East and North Cumbria Integrated Care Board,1 573 362,1 427 146,60 718,85 498,June
6,ICB,QJ2,E54000058,NHS Derby and Derbyshire Integrated Care Board,547 219,496 675,17 026,33 518,June
6,ICB,QJG,E54000023,NHS Suffolk and North East Essex Integrated Care Board,559 269,516 754,14 935,27 580,June
6,ICB,QJK,E54000037,NHS Devon Integrated Care Board,705 171,643 291,20 717,41 163,June
6,ICB,QJM,E54000013,NHS Lincolnshire Integrated Care Board,487 094,446 990,13 385,26 719,June
6,ICB,QK1,E54000015,"NHS Leicester, Leicestershire and Rutland Integrated Care Board",600 852,542 779,21 809,36 264,June
6,ICB,QKK,E54000030,NHS South East London Integrated Care Board,691 737,611 755,41 018,38 964,June
6,ICB,QKS,E54000032,NHS Kent and Medway Integrated Care Board,855 519,762 740,36 619,56 160,June
6,ICB,QM7,E54000025,NHS Hertfordshire and West Essex Integrated Care Board,650 060,588 177,22 711,39 172,June
6,ICB,QMF,E54000029,NHS North East London Integrated Care Board,977 083,863 655,62 727,50 701,June
6,ICB,QMJ,E54000028,NHS North Central London Integrated Care Board,656 896,588 369,36 038,32 489,June
6,ICB,QMM,E54000022,NHS Norfolk and Waveney Integrated Care Board,572 887,515 631,19 272,37 984,June
6,ICB,QNC,E54000010,NHS Staffordshire and Stoke-on-Trent Integrated Care Board,503 567,453 071,20 525,29 971,June
6,ICB,QNQ,E54000034,NHS Frimley Integrated Care Board,363 237,327 451,17 930,17 856,June
6,ICB,QNX,E54000053,NHS Sussex Integrated Care Board,880 903,797 645,28 974,54 284,June
6,ICB,QOC,E54000011,"NHS Shropshire, Telford and Wrekin Integrated Care Board",236 570,215 709,8 726,12 135,June
6,ICB,QOP,E54000057,NHS Greater Manchester Integrated Care Board,1 392 839,1 248 344,73 968,70 527,June
6,ICB,QOQ,E54000051,NHS Humber and North Yorkshire Integrated Care Board,911 237,837 366,26 920,46 951,June
6,ICB,QOX,E54000040,"NHS Bath and North East Somerset, Swindon and Wiltshire Integrated Care Board",505 476,464 814,14 460,26 202,June
6,ICB,QPM,E54000059,NHS Northamptonshire Integrated Care Board,374 311,345 094,11 286,17 931,June
6,ICB,QR1,E54000043,NHS Gloucestershire Integrated Care Board,357 508,326 593,10 881,20 034,June
6,ICB,QRL,E54000042,NHS Hampshire and the Isle of Wight Integrated Care Board,894 958,806 251,37 503,51 204,June
6,ICB,QRV,E54000027,NHS North West London Integrated Care Board,1 252 145,1 118 312,64 012,69 821,June
6,ICB,QSL,E54000038,NHS Somerset Integrated Care Board,284 723,259 851,11 159,13 713,June
6,ICB,QT1,E54000060,NHS Nottingham and Nottinghamshire Integrated Care Board,596 802,538 208,23 491,35 103,June
6,ICB,QT6,E54000036,NHS Cornwall and the Isles of Scilly Integrated Care Board,346 291,314 207,11 459,20 625,June
6,ICB,QU9,E54000044,"NHS Buckinghamshire, Oxfordshire and Berkshire West Integrated Care Board",822 771,750 935,33 442,38 394,June
6,ICB,QUA,E54000062,NHS Black Country Integrated Care Board,600 885,535 472,31 195,34 218,June
6,ICB,QUE,E54000056,NHS Cambridgeshire and Peterborough Integrated Care Board,513 538,465 694,16 890,30 954,June
6,ICB,QUY,E54000039,"NHS Bristol, North Somerset and South Gloucestershire Integrated Care Board",480 163,440 155,21 748,18 260,June
6,ICB,QVV,E54000041,NHS Dorset Integrated Care Board,411 060,374 625,12 867,23 568,June
6,ICB,QWE,E54000031,NHS South West London Integrated Care Board,696 873,625 013,36 913,34 947,June
6,ICB,QWO,E54000054,NHS West Yorkshire Integrated Care Board,1 358 919,1 230 381,49 776,78 762,June
6,ICB,QWU,E54000018,NHS Coventry and Warwickshire Integrated Care Board,454 944,407 352,20 940,26 652,June
6,ICB,QXU,E54000052,NHS Surrey Heartlands Integrated Care Board,517 670,451 395,17 779,48 496,June
6,ICB,QYG,E54000008,NHS Cheshire and Merseyside Integrated Care Board,1 186 608,1 062 582,58 762,65 264,June
7,ICB,QE1,E54000048,NHS Lancashire and South Cumbria Integrated Care Board,825 481,743 724,38 748,43 009,March
7,ICB,QF7,E54000061,NHS South Yorkshire Integrated Care Board,773 442,693 552,30 753,49 137,March
7,ICB,QGH,E54000019,NHS Herefordshire and Worcestershire Integrated Care Board,454 962,418 086,16 509,20 367,March
7,ICB,QH8,E54000026,NHS Mid and South Essex Integrated Care Board,562 492,511 384,16 554,34 554,March
7,ICB,QHG,E54000024,"NHS Bedfordshire, Luton and Milton Keynes Integrated Care Board",475 867,426 114,19 948,29 805,March
7,ICB,QHL,E54000055,NHS Birmingham and Solihull Integrated Care Board,734 579,648 947,46 167,39 465,March
7,ICB,QHM,E54000050,NHS North East and North Cumbria Integrated Care Board,1 640 880,1 487 474,63 466,89 940,March
7,ICB,QJ2,E54000058,NHS Derby and Derbyshire Integrated Care Board,568 779,517 142,18 092,33 545,March
7,ICB,QJG,E54000023,NHS Suffolk and North East Essex Integrated Care Board,587 113,545 031,15 198,26 884,March
7,ICB,QJK,E54000037,NHS Devon Integrated Care Board,742 990,674 929,23 260,44 801,March
7,ICB,QJM,E54000013,NHS Lincolnshire Integrated Care Board,511 455,471 939,13 634,25 882,March
7,ICB,QK1,E54000015,"NHS Leicester, Leicestershire and Rutland Integrated Care Board",611 982,552 443,22 373,37 166,March
7,ICB,QKK,E54000030,NHS South East London Integrated Care Board,743 824,652 773,43 085,47 966,March
7,ICB,QKS,E54000032,NHS Kent and Medway Integrated Care Board,897 697,806 944,37 435,53 318,March
7,ICB,QM7,E54000025,NHS Hertfordshire and West Essex Integrated Care Board,694 388,630 106,24 416,39 866,March
7,ICB,QMF,E54000029,NHS North East London Integrated Care Board,991 008,871 830,64 223,54 955,March
7,ICB,QMJ,E54000028,NHS North Central London Integrated Care Board,672 272,600 904,38 819,32 549,March
7,ICB,QMM,E54000022,NHS Norfolk and Waveney Integrated Care Board,606 104,547 649,20 576,37 879,March
7,ICB,QNC,E54000010,NHS Staffordshire and Stoke-on-Trent Integrated Care Board,538 699,482 357,23 374,32 968,March
7,ICB,QNQ,E54000034,NHS Frimley Integrated Care Board,383 704,345 164,18 852,19 688,March
7,ICB,QNX,E54000053,NHS Sussex Integrated Care Board,909 998,824 315,30 627,55 056,March
7,ICB,QOC,E54000011,"NHS Shropshire, Telford and Wrekin Integrated Care Board",247 769,223 647,9 489,14 633,March
7,ICB,QOP,E54000057,NHS Greater Manchester Integrated Care Board,1 486 071,1 330 332,79 731,76 008,March
7,ICB,QOQ,E54000051,NHS Humber and North Yorkshire Integrated Care Board,934 343,856 610,28 745,48 988,March
7,ICB,QOX,E54000040,"NHS Bath and North East Somerset, Swindon and Wiltshire Integrated Care Board",530 943,486 659,14 561,29 723,March
7,ICB,QPM,E54000059,NHS Northamptonshire Integrated Care Board,387 538,355 430,11 895,20 213,March
7,ICB,QR1,E54000043,NHS Gloucestershire Integrated Care Board,365 845,333 833,11 213,20 799,March
7,ICB,QRL,E54000042,NHS Hampshire and the Isle of Wight Integrated Care Board,951 101,854 999,37 856,58 246,March
7,ICB,QRV,E54000027,NHS North West London Integrated Care Board,1 286 740,1 144 878,65 814,76 048,March
7,ICB,QSL,E54000038,NHS Somerset Integrated Care Board,325 316,296 743,12 219,16 354,March
7,ICB,QT1,E54000060,NHS Nottingham and Nottinghamshire Integrated Care Board,620 750,558 921,24 765,37 064,March
7,ICB,QT6,E54000036,NHS Cornwall and the Isles of Scilly Integrated Care Board,363 227,329 480,11 674,22 073,March
7,ICB,QU9,E54000044,"NHS Buckinghamshire, Oxfordshire and Berkshire West Integrated Care Board",867 929,792 922,33 833,41 174,March
7,ICB,QUA,E54000062,NHS Black Country Integrated Care Board,605 410,537 755,34 017,33 638,March
7,ICB,QUE,E54000056,NHS Cambridgeshire and Peterborough Integrated Care Board,579 532,526 638,18 419,34 475,March
7,ICB,QUY,E54000039,"NHS Bristol, North Somerset and South Gloucestershire Integrated Care Board",506 973,465 482,22 257,19 234,March
7,ICB,QVV,E54000041,NHS Dorset Integrated Care Board,431 829,392 634,13 549,25 646,March
7,ICB,QWE,E54000031,NHS South West London Integrated Care Board,719 732,643 466,36 656,39 610,March
7,ICB,QWO,E54000054,NHS West Yorkshire Integrated Care Board,1 402 713,1 272 685,50 591,79 437,March
7,ICB,QWU,E54000018,NHS Coventry and Warwickshire Integrated Care Board,462 038,414 874,21 433,25 731,March
7,ICB,QXU,E54000052,NHS Surrey Heartlands Integrated Care Board,531 298,467 332,18 051,45 915,March
7,ICB,QYG,E54000008,NHS Cheshire and Merseyside Integrated Care Board,1 266 049,1 134 466,62 947,68 636,March
8,ICB,QE1,E54000048,NHS Lancashire and South Cumbria Integrated Care Board,835 801,755 534,38 987,41 280,May
8,ICB,QF7,E54000061,NHS South Yorkshire Integrated Care Board,793 431,708 589,32 202,52 640,May
8,ICB,QGH,E54000019,NHS Herefordshire and Worcestershire Integrated Care Board,459 259,421 816,16 819,20 624,May
8,ICB,QH8,E54000026,NHS Mid and South Essex Integrated Care Board,574 216,519 648,18 291,36 277,May
8,ICB,QHG,E54000024,"NHS Bedfordshire, Luton and Milton Keynes Integrated Care Board",481 777,432 677,20 640,28 460,May
8,ICB,QHL,E54000055,NHS Birmingham and Solihull Integrated Care Board,758 360,674 076,45 169,39 115,May
8,ICB,QHM,E54000050,NHS North East and North Cumbria Integrated Care Board,1 670 732,1 517 314,66 186,87 232,May
8,ICB,QJ2,E54000058,NHS Derby and Derbyshire Integrated Care Board,580 127,528 272,18 297,33 558,May
8,ICB,QJG,E54000023,NHS Suffolk and North East Essex Integrated Care Board,597 497,552 870,15 999,28 628,May
8,ICB,QJK,E54000037,NHS Devon Integrated Care Board,770 698,700 852,23 960,45 886,May
8,ICB,QJM,E54000013,NHS Lincolnshire Integrated Care Board,526 975,484 567,14 813,27 595,May
8,ICB,QK1,E54000015,"NHS Leicester, Leicestershire and Rutland Integrated Care Board",640 165,576 708,24 092,39 365,May
8,ICB,QKK,E54000030,NHS South East London Integrated Care Board,754 704,667 608,45 408,41 688,May
8,ICB,QKS,E54000032,NHS Kent and Medway Integrated Care Board,915 237,819 255,37 816,58 166,May
8,ICB,QM7,E54000025,NHS Hertfordshire and West Essex Integrated Care Board,693 542,630 093,24 376,39 073,May
8,ICB,QMF,E54000029,NHS North East London Integrated Care Board,1 023 876,905 650,64 179,54 047,May
8,ICB,QMJ,E54000028,NHS North Central London Integrated Care Board,687 516,617 254,36 945,33 317,May
8,ICB,QMM,E54000022,NHS Norfolk and Waveney Integrated Care Board,612 601,553 329,21 164,38 108,May
8,ICB,QNC,E54000010,NHS Staffordshire and Stoke-on-Trent Integrated Care Board,536 241,480 566,22 645,33 030,May
8,ICB,QNQ,E54000034,NHS Frimley Integrated Care Board,387 817,349 489,18 940,19 388,May
8,ICB,QNX,E54000053,NHS Sussex Integrated Care Board,946 197,855 463,31 400,59 334,May
8,ICB,QOC,E54000011,"NHS Shropshire, Telford and Wrekin Integrated Care Board",254 425,231 884,9 547,12 994,May
8,ICB,QOP,E54000057,NHS Greater Manchester Integrated Care Board,1 503 906,1 350 671,78 904,74 331,May
8,ICB,QOQ,E54000051,NHS Humber and North Yorkshire Integrated Care Board,969 300,887 563,29 589,52 148,May
8,ICB,QOX,E54000040,"NHS Bath and North East Somerset, Swindon and Wiltshire Integrated Care Board",538 448,496 032,16 072,26 344,May
8,ICB,QPM,E54000059,NHS Northamptonshire Integrated Care Board,401 394,369 789,12 341,19 264,May
8,ICB,QR1,E54000043,NHS Gloucestershire Integrated Care Board,380 397,348 262,12 002,20 133,May
8,ICB,QRL,E54000042,NHS Hampshire and the Isle of Wight Integrated Care Board,951 980,857 285,40 288,54 407,May
8,ICB,QRV,E54000027,NHS North West London Integrated Care Board,1 328 856,1 181 212,68 638,79 006,May
8,ICB,QSL,E54000038,NHS Somerset Integrated Care Board,312 065,282 974,11 967,17 124,May
8,ICB,QT1,E54000060,NHS Nottingham and Nottinghamshire Integrated Care Board,635 644,574 515,25 222,35 907,May
8,ICB,QT6,E54000036,NHS Cornwall and the Isles of Scilly Integrated Care Board,371 465,336 769,12 622,22 074,May
8,ICB,QU9,E54000044,"NHS Buckinghamshire, Oxfordshire and Berkshire West Integrated Care Board",883 468,806 374,36 134,40 960,May
8,ICB,QUA,E54000062,NHS Black Country Integrated Care Board,626 229,557 623,32 896,35 710,May
8,ICB,QUE,E54000056,NHS Cambridgeshire and Peterborough Integrated Care Board,547 804,498 584,18 501,30 719,May
8,ICB,QUY,E54000039,"NHS Bristol, North Somerset and South Gloucestershire Integrated Care Board",509 268,465 514,23 146,20 608,May
8,ICB,QVV,E54000041,NHS Dorset Integrated Care Board,438 911,400 414,14 060,24 437,May
8,ICB,QWE,E54000031,NHS South West London Integrated Care Board,735 609,659 525,39 158,36 926,May
8,ICB,QWO,E54000054,NHS West Yorkshire Integrated Care Board,1 456 258,1 321 169,53 071,82 018,May
8,ICB,QWU,E54000018,NHS Coventry and Warwickshire Integrated Care Board,480 312,430 652,22 277,27 383,May
8,ICB,QXU,E54000052,NHS Surrey Heartlands Integrated Care Board,544 099,477 002,19 087,48 010,May
8,ICB,QYG,E54000008,NHS Cheshire and Merseyside Integrated Care Board,1 278 054,1 147 643,62 703,67 708,May
9,ICB,QE1,E54000048,NHS Lancashire and South Cumbria Integrated Care Board,878 561,781 769,43 870,52 922,November
9,ICB,QF7,E54000061,NHS South Yorkshire Integrated Care Board,818 284,728 231,33 297,56 756,November
9,ICB,QGH,E54000019,NHS Herefordshire and Worcestershire Integrated Care Board,473 645,429 429,20 321,23 895,November
9,ICB,QH8,E54000026,NHS Mid and South Essex Integrated Care Board,585 262,526 510,19 352,39 400,November
9,ICB,QHG,E54000024,"NHS Bedfordshire, Luton and Milton Keynes Integrated Care Board",535 633,481 672,22 272,31 689,November
9,ICB,QHL,E54000055,NHS Birmingham and Solihull Integrated Care Board,786 113,693 845,48 641,43 627,November
9,ICB,QHM,E54000050,NHS North East and North Cumbria Integrated Care Board,1 739 715,1 564 581,74 703,100 431,November
9,ICB,QJ2,E54000058,NHS Derby and Derbyshire Integrated Care Board,599 908,541 418,20 566,37 924,November
9,ICB,QJG,E54000023,NHS Suffolk and North East Essex Integrated Care Board,567 694,518 581,18 337,30 776,November
9,ICB,QJK,E54000037,NHS Devon Integrated Care Board,810 551,739 319,25 359,45 873,November
9,ICB,QJM,E54000013,NHS Lincolnshire Integrated Care Board,486 110,439 362,16 500,30 248,November
9,ICB,QK1,E54000015,"NHS Leicester, Leicestershire and Rutland Integrated Care Board",671 394,601 207,25 162,45 025,November
9,ICB,QKK,E54000030,NHS South East London Integrated Care Board,790 111,687 123,50 897,52 091,November
9,ICB,QKS,E54000032,NHS Kent and Medway Integrated Care Board,945 819,828 503,43 905,73 411,November
9,ICB,QM7,E54000025,NHS Hertfordshire and West Essex Integrated Care Board,730 293,656 443,27 479,46 371,November
9,ICB,QMF,E54000029,NHS North East London Integrated Care Board,1 055 336,923 570,74 090,57 676,November
9,ICB,QMJ,E54000028,NHS North Central London Integrated Care Board,720 098,641 232,41 479,37 387,November
9,ICB,QMM,E54000022,NHS Norfolk and Waveney Integrated Care Board,650 930,585 606,22 140,43 184,November
9,ICB,QNC,E54000010,NHS Staffordshire and Stoke-on-Trent Integrated Care Board,564 665,503 555,25 530,35 580,November
9,ICB,QNQ,E54000034,NHS Frimley Integrated Care Board,397 592,354 451,22 516,20 625,November
9,ICB,QNX,E54000053,NHS Sussex Integrated Care Board,1 001 369,902 316,36 264,62 789,November
9,ICB,QOC,E54000011,"NHS Shropshire, Telford and Wrekin Integrated Care Board",261 699,236 950,10 966,13 783,November
9,ICB,QOP,E54000057,NHS Greater Manchester Integrated Care Board,1 451 034,1 279 279,86 624,85 131,November
9,ICB,QOQ,E54000051,NHS Humber and North Yorkshire Integrated Care Board,989 636,903 707,30 728,55 201,November
9,ICB,QOX,E54000040,"NHS Bath and North East Somerset, Swindon and Wiltshire Integrated Care Board",570 678,520 337,17 797,32 544,November
9,ICB,QPM,E54000059,NHS Northamptonshire Integrated Care Board,429 742,388 564,14 813,26 365,November
9,ICB,QR1,E54000043,NHS Gloucestershire Integrated Care Board,407 455,371 342,13 576,22 537,November
9,ICB,QRL,E54000042,NHS Hampshire and the Isle of Wight Integrated Care Board,1 002 926,888 581,48 266,66 079,November
9,ICB,QRV,E54000027,NHS North West London Integrated Care Board,1 361 705,1 204 508,72 604,84 593,November
9,ICB,QSL,E54000038,NHS Somerset Integrated Care Board,310 571,277 675,14 841,18 055,November
9,ICB,QT1,E54000060,NHS Nottingham and Nottinghamshire Integrated Care Board,668 932,600 626,27 440,40 866,November
9,ICB,QT6,E54000036,NHS Cornwall and the Isles of Scilly Integrated Care Board,398 027,355 050,13 612,29 365,November
9,ICB,QU9,E54000044,"NHS Buckinghamshire, Oxfordshire and Berkshire West Integrated Care Board",927 629,836 199,40 097,51 333,November
9,ICB,QUA,E54000062,NHS Black Country Integrated Care Board,685 716,606 295,36 974,42 447,November
9,ICB,QUE,E54000056,NHS Cambridgeshire and Peterborough Integrated Care Board,551 209,495 810,19 810,35 589,November
9,ICB,QUY,E54000039,"NHS Bristol, North Somerset and South Gloucestershire Integrated Care Board",515 865,459 097,26 534,30 234,November
9,ICB,QVV,E54000041,NHS Dorset Integrated Care Board,479 356,435 263,15 426,28 667,November
9,ICB,QWE,E54000031,NHS South West London Integrated Care Board,743 751,662 729,41 371,39 651,November
9,ICB,QWO,E54000054,NHS West Yorkshire Integrated Care Board,1 500 132,1 353 995,57 001,89 136,November
9,ICB,QWU,E54000018,NHS Coventry and Warwickshire Integrated Care Board,501 407,445 023,24 753,31 631,November
9,ICB,QXU,E54000052,NHS Surrey Heartlands Integrated Care Board,561 313,485 918,21 038,54 357,November
9,ICB,QYG,E54000008,NHS Cheshire and Merseyside Integrated Care Board,1 320 126,1 173 007,68 647,78 472,November
10,ICB,QE1,E54000048,NHS Lancashire and South Cumbria Integrated Care Board,1 099 330,950 278,67 368,81 684,October
10,ICB,QF7,E54000061,NHS South Yorkshire Integrated Care Board,1 042 184,915 754,47 987,78 443,October
10,ICB,QGH,E54000019,NHS Herefordshire and Worcestershire Integrated Care Board,601 593,534 712,29 193,37 688,October
10,ICB,QH8,E54000026,NHS Mid and South Essex Integrated Care Board,723 558,645 502,25 044,53 012,October
10,ICB,QHG,E54000024,"NHS Bedfordshire, Luton and Milton Keynes Integrated Care Board",638 177,567 036,29 597,41 544,October
10,ICB,QHL,E54000055,NHS Birmingham and Solihull Integrated Care Board,919 840,804 222,60 399,55 219,October
10,ICB,QHM,E54000050,NHS North East and North Cumbria Integrated Care Board,2 156 208,1 928 087,98 435,129 686,October
10,ICB,QJ2,E54000058,NHS Derby and Derbyshire Integrated Care Board,773 189,685 211,31 423,56 555,October
10,ICB,QJG,E54000023,NHS Suffolk and North East Essex Integrated Care Board,735 518,664 921,27 985,42 612,October
10,ICB,QJK,E54000037,NHS Devon Integrated Care Board,1 015 830,907 957,35 444,72 429,October
10,ICB,QJM,E54000013,NHS Lincolnshire Integrated Care Board,604 071,543 035,19 473,41 563,October
10,ICB,QK1,E54000015,"NHS Leicester, Leicestershire and Rutland Integrated Care Board",802 246,713 887,36 177,52 182,October
10,ICB,QKK,E54000030,NHS South East London Integrated Care Board,931 440,804 362,64 997,62 081,October
10,ICB,QKS,E54000032,NHS Kent and Medway Integrated Care Board,1 161 540,1 000 755,67 109,93 676,October
10,ICB,QM7,E54000025,NHS Hertfordshire and West Essex Integrated Care Board,903 875,795 239,42 573,66 063,October
10,ICB,QMF,E54000029,NHS North East London Integrated Care Board,1 217 647,1 061 039,89 800,66 808,October
10,ICB,QMJ,E54000028,NHS North Central London Integrated Care Board,839 737,745 411,51 241,43 085,October
10,ICB,QMM,E54000022,NHS Norfolk and Waveney Integrated Care Board,781 469,700 687,28 048,52 734,October
10,ICB,QNC,E54000010,NHS Staffordshire and Stoke-on-Trent Integrated Care Board,706 063,617 644,41 861,46 558,October
10,ICB,QNQ,E54000034,NHS Frimley Integrated Care Board,481 170,415 661,39 945,25 564,October
10,ICB,QNX,E54000053,NHS Sussex Integrated Care Board,1 233 204,1 093 492,49 328,90 384,October
10,ICB,QOC,E54000011,"NHS Shropshire, Telford and Wrekin Integrated Care Board",324 820,287 825,15 547,21 448,October
10,ICB,QOP,E54000057,NHS Greater Manchester Integrated Care Board,1 792 767,1 565 117,119 399,108 251,October
10,ICB,QOQ,E54000051,NHS Humber and North Yorkshire Integrated Care Board,1 237 154,1 106 138,47 064,83 952,October
10,ICB,QOX,E54000040,"NHS Bath and North East Somerset, Swindon and Wiltshire Integrated Care Board",706 376,642 883,24 256,39 237,October
10,ICB,QPM,E54000059,NHS Northamptonshire Integrated Care Board,529 824,478 135,20 579,31 110,October
10,ICB,QR1,E54000043,NHS Gloucestershire Integrated Care Board,483 747,433 646,19 414,30 687,October
10,ICB,QRL,E54000042,NHS Hampshire and the Isle of Wight Integrated Care Board,1 222 582,1 051 389,71 119,100 074,October
10,ICB,QRV,E54000027,NHS North West London Integrated Care Board,1 581 699,1 395 037,90 297,96 365,October
10,ICB,QSL,E54000038,NHS Somerset Integrated Care Board,413 505,357 309,29 129,27 067,October
10,ICB,QT1,E54000060,NHS Nottingham and Nottinghamshire Integrated Care Board,827 495,738 415,36 781,52 299,October
10,ICB,QT6,E54000036,NHS Cornwall and the Isles of Scilly Integrated Care Board,483 590,431 532,17 002,35 056,October
10,ICB,QU9,E54000044,"NHS Buckinghamshire, Oxfordshire and Berkshire West Integrated Care Board",1 115 932,979 136,67 001,69 795,October
10,ICB,QUA,E54000062,NHS Black Country Integrated Care Board,833 554,732 046,46 213,55 295,October
10,ICB,QUE,E54000056,NHS Cambridgeshire and Peterborough Integrated Care Board,688 796,612 001,27 755,49 040,October
10,ICB,QUY,E54000039,"NHS Bristol, North Somerset and South Gloucestershire Integrated Care Board",605 083,518 713,42 276,44 094,October
10,ICB,QVV,E54000041,NHS Dorset Integrated Care Board,608 538,534 403,22 871,51 264,October
10,ICB,QWE,E54000031,NHS South West London Integrated Care Board,868 953,767 035,51 914,50 004,October
10,ICB,QWO,E54000054,NHS West Yorkshire Integrated Care Board,1 800 915,1 613 749,72 256,114 910,October
10,ICB,QWU,E54000018,NHS Coventry and Warwickshire Integrated Care Board,619 058,535 271,38 917,44 870,October
10,ICB,QXU,E54000052,NHS Surrey Heartlands Integrated Care Board,702 760,591 539,31 017,80 204,October
10,ICB,QYG,E54000008,NHS Cheshire and Merseyside Integrated Care Board,1 649 133,1 440 892,103 507,104 734,October
11,ICB,QE1,E54000048,NHS Lancashire and South Cumbria Integrated Care Board,839 485,754 589,41 067,43 829,September
11,ICB,QF7,E54000061,NHS South Yorkshire Integrated Care Board,782 012,699 268,30 076,52 668,September
11,ICB,QGH,E54000019,NHS Herefordshire and Worcestershire Integrated Care Board,445 070,407 130,16 786,21 154,September
11,ICB,QH8,E54000026,NHS Mid and South Essex Integrated Care Board,558 841,507 688,16 975,34 178,September
11,ICB,QHG,E54000024,"NHS Bedfordshire, Luton and Milton Keynes Integrated Care Board",495 944,444 670,20 115,31 159,September
11,ICB,QHL,E54000055,NHS Birmingham and Solihull Integrated Care Board,757 279,670 643,44 666,41 970,September
11,ICB,QHM,E54000050,NHS North East and North Cumbria Integrated Care Board,1 653 640,1 497 816,64 798,91 026,September
11,ICB,QJ2,E54000058,NHS Derby and Derbyshire Integrated Care Board,570 726,517 323,17 907,35 496,September
11,ICB,QJG,E54000023,NHS Suffolk and North East Essex Integrated Care Board,538 003,494 528,15 795,27 680,September
11,ICB,QJK,E54000037,NHS Devon Integrated Care Board,753 895,688 247,22 304,43 344,September
11,ICB,QJM,E54000013,NHS Lincolnshire Integrated Care Board,452 886,411 532,13 834,27 520,September
11,ICB,QK1,E54000015,"NHS Leicester, Leicestershire and Rutland Integrated Care Board",647 763,581 727,24 973,41 063,September
11,ICB,QKK,E54000030,NHS South East London Integrated Care Board,747 036,654 901,45 477,46 658,September
11,ICB,QKS,E54000032,NHS Kent and Medway Integrated Care Board,903 297,802 719,39 149,61 429,September
11,ICB,QM7,E54000025,NHS Hertfordshire and West Essex Integrated Care Board,685 875,618 165,24 508,43 202,September
11,ICB,QMF,E54000029,NHS North East London Integrated Care Board,1 027 122,904 849,65 361,56 912,September
11,ICB,QMJ,E54000028,NHS North Central London Integrated Care Board,697 548,623 564,36 688,37 296,September
11,ICB,QMM,E54000022,NHS Norfolk and Waveney Integrated Care Board,601 807,544 557,19 533,37 717,September
11,ICB,QNC,E54000010,NHS Staffordshire and Stoke-on-Trent Integrated Care Board,537 554,483 026,22 728,31 800,September
11,ICB,QNQ,E54000034,NHS Frimley Integrated Care Board,383 844,345 989,18 899,18 956,September
11,ICB,QNX,E54000053,NHS Sussex Integrated Care Board,933 915,847 590,31 210,55 115,September
11,ICB,QOC,E54000011,"NHS Shropshire, Telford and Wrekin Integrated Care Board",252 224,228 826,10 226,13 172,September
11,ICB,QOP,E54000057,NHS Greater Manchester Integrated Care Board,1 398 340,1 241 986,79 735,76 619,September
11,ICB,QOQ,E54000051,NHS Humber and North Yorkshire Integrated Care Board,950 733,868 791,28 571,53 371,September
11,ICB,QOX,E54000040,"NHS Bath and North East Somerset, Swindon and Wiltshire Integrated Care Board",531 477,486 705,15 479,29 293,September
11,ICB,QPM,E54000059,NHS Northamptonshire Integrated Care Board,405 572,371 473,12 933,21 166,September
11,ICB,QR1,E54000043,NHS Gloucestershire Integrated Care Board,373 917,340 883,11 515,21 519,September
11,ICB,QRL,E54000042,NHS Hampshire and the Isle of Wight Integrated Care Board,950 004,852 898,41 722,55 384,September
11,ICB,QRV,E54000027,NHS North West London Integrated Care Board,1 319 689,1 174 163,67 220,78 306,September
11,ICB,QSL,E54000038,NHS Somerset Integrated Care Board,274 726,248 853,11 887,13 986,September
11,ICB,QT1,E54000060,NHS Nottingham and Nottinghamshire Integrated Care Board,641 152,576 616,25 084,39 452,September
11,ICB,QT6,E54000036,NHS Cornwall and the Isles of Scilly Integrated Care Board,365 701,329 608,12 343,23 750,September
11,ICB,QU9,E54000044,"NHS Buckinghamshire, Oxfordshire and Berkshire West Integrated Care Board",867 832,784 511,36 093,47 228,September
11,ICB,QUA,E54000062,NHS Black Country Integrated Care Board,645 180,572 284,32 425,40 471,September
11,ICB,QUE,E54000056,NHS Cambridgeshire and Peterborough Integrated Care Board,527 122,476 366,17 235,33 521,September
11,ICB,QUY,E54000039,"NHS Bristol, North Somerset and South Gloucestershire Integrated Care Board",483 245,433 457,23 111,26 677,September
11,ICB,QVV,E54000041,NHS Dorset Integrated Care Board,433 304,394 503,13 335,25 466,September
11,ICB,QWE,E54000031,NHS South West London Integrated Care Board,720 041,644 882,38 944,36 215,September
11,ICB,QWO,E54000054,NHS West Yorkshire Integrated Care Board,1 442 912,1 309 514,52 592,80 806,September
11,ICB,QWU,E54000018,NHS Coventry and Warwickshire Integrated Care Board,478 083,424 216,23 333,30 534,September
11,ICB,QXU,E54000052,NHS Surrey Heartlands Integrated Care Board,538 864,467 793,19 984,51 087,September
11,ICB,QYG,E54000008,NHS Cheshire and Merseyside Integrated Care Board,1 253 935,1 125 807,63 134,64 994,September
