source_file,Type,NHS_area_code,ONS_code,Name,Count_gp_appointments,Attended,Did_not_attend,Unknown,Month
1,ICB,QE1,E54000048,NHS Lancashire and South Cumbria Integrated Care Board,798 748,723 014,38 574,37 160,August
1,ICB,QF7,E54000061,NHS South Yorkshire Integrated Care Board,743 018,668 778,30 152,44 088,August
1,ICB,QGH,E54000019,NHS Herefordshire and Worcestershire Integrated Care Board,444 875,410 263,16 903,17 709,August
1,ICB,QH8,E54000026,NHS Mid and South Essex Integrated Care Board,541 657,493 883,15 709,32 065,August
1,ICB,QHG,E54000024,"NHS Bedfordshire, Luton and Milton Keynes Integrated Care Board",452 475,405 568,20 305,26 602,August
1,ICB,QHL,E54000055,NHS Birmingham and Solihull Integrated Care Board,715 173,636 931,43 374,34 868,August
1,ICB,QHM,E54000050,NHS North East and North Cumbria Integrated Care Board,1 566 159,1 414 958,68 439,82 762,August
1,ICB,QJ2,E54000058,NHS Derby and Derbyshire Integrated Care Board,549 860,502 222,18 434,29 204,August
1,ICB,QJG,E54000023,NHS Suffolk and North East Essex Integrated Care Board,498 066,457 634,15 307,25 125,August
1,ICB,QJK,E54000037,NHS Devon Integrated Care Board,713 497,653 139,23 304,37 054,August
1,ICB,QJM,E54000013,NHS Lincolnshire Integrated Care Board,425 635,389 310,14 200,22 125,August
1,ICB,QK1,E54000015,"NHS Leicester, Leicestershire and Rutland Integrated Care Board",610 850,552 117,23 445,35 288,August
1,ICB,QKK,E54000030,NHS South East London Integrated Care Board,705 931,629 308,43 150,33 473,August
1,ICB,QKS,E54000032,NHS Kent and Medway Integrated Care Board,867 430,781 910,37 900,47 620,August
1,ICB,QM7,E54000025,NHS Hertfordshire and West Essex Integrated Care Board,654 484,595 319,23 635,35 530,August
1,ICB,QMF,E54000029,NHS North East London Integrated Care Board,929 151,821 109,59 699,48 343,August
1,ICB,QMJ,E54000028,NHS North Central London Integrated Care Board,627 875,562 789,35 783,29 303,August
1,ICB,QMM,E54000022,NHS Norfolk and Waveney Integrated Care Board,585 417,530 196,21 191,34 030,August
1,ICB,QNC,E54000010,NHS Staffordshire and Stoke-on-Trent Integrated Care Board,506 811,459 349,21 830,25 632,August
1,ICB,QNQ,E54000034,NHS Frimley Integrated Care Board,361 300,328 001,18 858,14 441,August
1,ICB,QNX,E54000053,NHS Sussex Integrated Care Board,866 792,791 617,30 478,44 697,August
1,ICB,QOC,E54000011,"NHS Shropshire, Telford and Wrekin Integrated Care Board",234 673,216 055,8 875,9 743,August
1,ICB,QOP,E54000057,NHS Greater Manchester Integrated Care Board,1 314 246,1 169 014,79 052,66 180,August
1,ICB,QOQ,E54000051,NHS Humber and North Yorkshire Integrated Care Board,895 536,822 651,28 996,43 889,August
1,ICB,QOX,E54000040,"NHS Bath and North East Somerset, Swindon and Wiltshire Integrated Care Board",494 870,453 373,14 772,26 725,August
1,ICB,QPM,E54000059,NHS Northamptonshire Integrated Care Board,364 907,336 314,11 448,17 145,August
1,ICB,QR1,E54000043,NHS Gloucestershire Integrated Care Board,367 337,336 364,11 681,19 292,August
1,ICB,QRL,E54000042,NHS Hampshire and the Isle of Wight Integrated Care Board,896 554,820 705,38 712,37 137,August
1,ICB,QRV,E54000027,NHS North West London Integrated Care Board,1 214 507,1 085 367,65 074,64 066,August
1,ICB,QSL,E54000038,NHS Somerset Integrated Care Board,288 455,260 294,11 753,16 408,August
1,ICB,QT1,E54000060,NHS Nottingham and Nottinghamshire Integrated Care Board,603 812,544 700,24 489,34 623,August
1,ICB,QT6,E54000036,NHS Cornwall and the Isles of Scilly Integrated Care Board,343 264,311 532,12 641,19 091,August
1,ICB,QU9,E54000044,"NHS Buckinghamshire, Oxfordshire and Berkshire West Integrated Care Board",825 290,761 460,32 519,31 311,August
1,ICB,QUA,E54000062,NHS Black Country Integrated Care Board,586 420,521 234,33 963,31 223,August
1,ICB,QUE,E54000056,NHS Cambridgeshire and Peterborough Integrated Care Board,511 845,465 076,18 308,28 461,August
1,ICB,QUY,E54000039,"NHS Bristol, North Somerset and South Gloucestershire Integrated Care Board",452 701,415 055,21 349,16 297,August
1,ICB,QVV,E54000041,NHS Dorset Integrated Care Board,408 974,375 358,13 000,20 616,August
1,ICB,QWE,E54000031,NHS South West London Integrated Care Board,662 920,596 826,34 738,31 356,August
1,ICB,QWO,E54000054,NHS West Yorkshire Integrated Care Board,1 382 601,1 257 198,50 244,75 159,August
1,ICB,QWU,E54000018,NHS Coventry and Warwickshire Integrated Care Board,452 870,410 184,20 114,22 572,August
1,ICB,QXU,E54000052,NHS Surrey Heartlands Integrated Care Board,491 460,444 553,17 083,29 824,August
1,ICB,QYG,E54000008,NHS Cheshire and Merseyside Integrated Care Board,1 235 579,1 113 211,62 183,60 185,August
2,ICB,QE1,E54000048,NHS Lancashire and South Cumbria Integrated Care Board,725 722,653 344,36 874,35 504,December
2,ICB,QF7,E54000061,NHS South Yorkshire Integrated Care Board,681 889,609 034,29 176,43 679,December
2,ICB,QGH,E54000019,NHS Herefordshire and Worcestershire Integrated Care Board,401 885,367 597,16 505,17 783,December
2,ICB,QH8,E54000026,NHS Mid and South Essex Integrated Care Board,494 282,446 923,15 654,31 705,December
2,ICB,QHG,E54000024,"NHS Bedfordshire, Luton and Milton Keynes Integrated Care Board",422 587,374 650,19 725,28 212,December
2,ICB,QHL,E54000055,NHS Birmingham and Solihull Integrated Care Board,647 050,569 075,42 432,35 543,December
2,ICB,QHM,E54000050,NHS North East and North Cumbria Integrated Care Board,1 439 168,1 295 403,63 160,80 605,December
2,ICB,QJ2,E54000058,NHS Derby and Derbyshire Integrated Care Board,510 009,458 495,18 073,33 441,December
2,ICB,QJG,E54000023,NHS Suffolk and North East Essex Integrated Care Board,452 548,412 595,14 495,25 458,December
2,ICB,QJK,E54000037,NHS Devon Integrated Care Board,646 836,587 317,22 302,37 217,December
2,ICB,QJM,E54000013,NHS Lincolnshire Integrated Care Board,385 368,348 235,13 878,23 255,December
2,ICB,QK1,E54000015,"NHS Leicester, Leicestershire and Rutland Integrated Care Board",543 882,488 886,21 301,33 695,December
2,ICB,QKK,E54000030,NHS South East London Integrated Care Board,636 577,552 764,40 721,43 092,December
2,ICB,QKS,E54000032,NHS Kent and Medway Integrated Care Board,780 886,702 997,35 651,42 238,December
2,ICB,QM7,E54000025,NHS Hertfordshire and West Essex Integrated Care Board,601 442,543 535,23 398,34 509,December
2,ICB,QMF,E54000029,NHS North East London Integrated Care Board,861 120,754 451,59 841,46 828,December
2,ICB,QMJ,E54000028,NHS North Central London Integrated Care Board,578 058,515 614,34 834,27 610,December
2,ICB,QMM,E54000022,NHS Norfolk and Waveney Integrated Care Board,529 072,474 043,19 810,35 219,December
2,ICB,QNC,E54000010,NHS Staffordshire and Stoke-on-Trent Integrated Care Board,466 525,418 187,22 171,26 167,December
2,ICB,QNQ,E54000034,NHS Frimley Integrated Care Board,335 945,302 731,17 587,15 627,December
2,ICB,QNX,E54000053,NHS Sussex Integrated Care Board,781 872,704 304,28 657,48 911,December
2,ICB,QOC,E54000011,"NHS Shropshire, Telford and Wrekin Integrated Care Board",214 482,196 342,8 903,9 237,December
2,ICB,QOP,E54000057,NHS Greater Manchester Integrated Care Board,1 202 744,1 062 411,74 078,66 255,December
2,ICB,QOQ,E54000051,NHS Humber and North Yorkshire Integrated Care Board,826 041,752 199,28 106,45 736,December
2,ICB,QOX,E54000040,"NHS Bath and North East Somerset, Swindon and Wiltshire Integrated Care Board",466 318,423 419,14 685,28 214,December
2,ICB,QPM,E54000059,NHS Northamptonshire Integrated Care Board,335 026,305 486,11 130,18 410,December
2,ICB,QR1,E54000043,NHS Gloucestershire Integrated Care Board,330 539,300 235,10 695,19 609,December
2,ICB,QRL,E54000042,NHS Hampshire and the Isle of Wight Integrated Care Board,811 699,737 323,34 681,39 695,December
2,ICB,QRV,E54000027,NHS North West London Integrated Care Board,1 116 156,991 265,62 030,62 861,December
2,ICB,QSL,E54000038,NHS Somerset Integrated Care Board,253 227,226 189,11 403,15 635,December
2,ICB,QT1,E54000060,NHS Nottingham and Nottinghamshire Integrated Care Board,556 923,500 743,24 346,31 834,December
2,ICB,QT6,E54000036,NHS Cornwall and the Isles of Scilly Integrated Care Board,319 445,288 842,11 850,18 753,December
2,ICB,QU9,E54000044,"NHS Buckinghamshire, Oxfordshire and Berkshire West Integrated Care Board",762 005,696 112,31 631,34 262,December
2,ICB,QUA,E54000062,NHS Black Country Integrated Care Board,532 361,472 510,31 644,28 207,December
2,ICB,QUE,E54000056,NHS Cambridgeshire and Peterborough Integrated Care Board,480 223,433 544,17 195,29 484,December
2,ICB,QUY,E54000039,"NHS Bristol, North Somerset and South Gloucestershire Integrated Care Board",406 998,369 609,21 212,16 177,December
2,ICB,QVV,E54000041,NHS Dorset Integrated Care Board,366 468,333 156,12 077,21 235,December
2,ICB,QWE,E54000031,NHS South West London Integrated Care Board,610 699,545 145,33 357,32 197,December
2,ICB,QWO,E54000054,NHS West Yorkshire Integrated Care Board,1 261 920,1 140 283,49 176,72 461,December
2,ICB,QWU,E54000018,NHS Coventry and Warwickshire Integrated Care Board,409 873,372 425,19 663,17 785,December
2,ICB,QXU,E54000052,NHS Surrey Heartlands Integrated Care Board,470 034,411 491,17 373,41 170,December
2,ICB,QYG,E54000008,NHS Cheshire and Merseyside Integrated Care Board,1 116 043,997 296,59 003,59 744,December
3,ICB,QE1,E54000048,NHS Lancashire and South Cumbria Integrated Care Board,785 342,709 015,37 472,38 855,July
3,ICB,QF7,E54000061,NHS South Yorkshire Integrated Care Board,728 296,656 821,30 326,41 149,July
3,ICB,QGH,E54000019,NHS Herefordshire and Worcestershire Integrated Care Board,437 861,405 444,16 609,15 808,July
3,ICB,QH8,E54000026,NHS Mid and South Essex Integrated Care Board,530 970,482 618,15 277,33 075,July
3,ICB,QHG,E54000024,"NHS Bedfordshire, Luton and Milton Keynes Integrated Care Board",451 847,403 772,20 207,27 868,July
3,ICB,QHL,E54000055,NHS Birmingham and Solihull Integrated Care Board,714 337,633 816,43 770,36 751,July
3,ICB,QHM,E54000050,NHS North East and North Cumbria Integrated Care Board,1 548 965,1 400 255,67 377,81 333,July
3,ICB,QJ2,E54000058,NHS Derby and Derbyshire Integrated Care Board,536 175,488 888,18 300,28 987,July
3,ICB,QJG,E54000023,NHS Suffolk and North East Essex Integrated Care Board,487 285,448 135,15 010,24 140,July
3,ICB,QJK,E54000037,NHS Devon Integrated Care Board,705 510,646 919,23 302,35 289,July
3,ICB,QJM,E54000013,NHS Lincolnshire Integrated Care Board,414 497,379 799,13 632,21 066,July
3,ICB,QK1,E54000015,"NHS Leicester, Leicestershire and Rutland Integrated Care Board",577 585,520 921,22 436,34 228,July
3,ICB,QKK,E54000030,NHS South East London Integrated Care Board,705 203,629 258,42 834,33 111,July
3,ICB,QKS,E54000032,NHS Kent and Medway Integrated Care Board,864 931,780 161,38 979,45 791,July
3,ICB,QM7,E54000025,NHS Hertfordshire and West Essex Integrated Care Board,640 380,583 037,23 531,33 812,July
3,ICB,QMF,E54000029,NHS North East London Integrated Care Board,938 620,828 345,60 703,49 572,July
3,ICB,QMJ,E54000028,NHS North Central London Integrated Care Board,628 233,563 585,36 764,27 884,July
3,ICB,QMM,E54000022,NHS Norfolk and Waveney Integrated Care Board,566 878,514 563,20 913,31 402,July
3,ICB,QNC,E54000010,NHS Staffordshire and Stoke-on-Trent Integrated Care Board,500 967,453 612,22 055,25 300,July
3,ICB,QNQ,E54000034,NHS Frimley Integrated Care Board,354 871,320 994,17 439,16 438,July
3,ICB,QNX,E54000053,NHS Sussex Integrated Care Board,838 678,765 193,29 754,43 731,July
3,ICB,QOC,E54000011,"NHS Shropshire, Telford and Wrekin Integrated Care Board",232 678,213 864,8 829,9 985,July
3,ICB,QOP,E54000057,NHS Greater Manchester Integrated Care Board,1 305 704,1 160 043,80 048,65 613,July
3,ICB,QOQ,E54000051,NHS Humber and North Yorkshire Integrated Care Board,878 389,806 564,28 407,43 418,July
3,ICB,QOX,E54000040,"NHS Bath and North East Somerset, Swindon and Wiltshire Integrated Care Board",495 770,453 261,14 881,27 628,July
3,ICB,QPM,E54000059,NHS Northamptonshire Integrated Care Board,359 745,330 289,11 275,18 181,July
3,ICB,QR1,E54000043,NHS Gloucestershire Integrated Care Board,352 531,321 630,11 912,18 989,July
3,ICB,QRL,E54000042,NHS Hampshire and the Isle of Wight Integrated Care Board,876 543,802 668,36 944,36 931,July
3,ICB,QRV,E54000027,NHS North West London Integrated Care Board,1 206 000,1 074 408,64 508,67 084,July
3,ICB,QSL,E54000038,NHS Somerset Integrated Care Board,285 787,257 517,11 816,16 454,July
3,ICB,QT1,E54000060,NHS Nottingham and Nottinghamshire Integrated Care Board,596 524,537 211,24 571,34 742,July
3,ICB,QT6,E54000036,NHS Cornwall and the Isles of Scilly Integrated Care Board,337 483,306 452,12 488,18 543,July
3,ICB,QU9,E54000044,"NHS Buckinghamshire, Oxfordshire and Berkshire West Integrated Care Board",815 991,751 951,32 901,31 139,July
3,ICB,QUA,E54000062,NHS Black Country Integrated Care Board,583 729,521 174,34 229,28 326,July
3,ICB,QUE,E54000056,NHS Cambridgeshire and Peterborough Integrated Care Board,495 010,449 677,17 729,27 604,July
3,ICB,QUY,E54000039,"NHS Bristol, North Somerset and South Gloucestershire Integrated Care Board",447 929,409 668,21 471,16 790,July
3,ICB,QVV,E54000041,NHS Dorset Integrated Care Board,402 137,368 197,13 222,20 718,July
3,ICB,QWE,E54000031,NHS South West London Integrated Care Board,658 251,592 334,35 121,30 796,July
3,ICB,QWO,E54000054,NHS West Yorkshire Integrated Care Board,1 356 606,1 234 722,49 496,72 388,July
3,ICB,QWU,E54000018,NHS Coventry and Warwickshire Integrated Care Board,452 151,412 752,20 564,18 835,July
3,ICB,QXU,E54000052,NHS Surrey Heartlands Integrated Care Board,472 295,427 872,17 778,26 645,July
3,ICB,QYG,E54000008,NHS Cheshire and Merseyside Integrated Care Board,1 192 676,1 073 926,62 348,56 402,July
4,ICB,QE1,E54000048,NHS Lancashire and South Cumbria Integrated Care Board,825 303,746 043,40 237,39 023,June
4,ICB,QF7,E54000061,NHS South Yorkshire Integrated Care Board,767 705,691 645,32 321,43 739,June
4,ICB,QGH,E54000019,NHS Herefordshire and Worcestershire Integrated Care Board,460 441,425 382,18 103,16 956,June
4,ICB,QH8,E54000026,NHS Mid and South Essex Integrated Care Board,567 921,513 785,16 766,37 370,June
4,ICB,QHG,E54000024,"NHS Bedfordshire, Luton and Milton Keynes Integrated Care Board",481 541,432 585,21 200,27 756,June
4,ICB,QHL,E54000055,NHS Birmingham and Solihull Integrated Care Board,750 569,664 099,46 839,39 631,June
4,ICB,QHM,E54000050,NHS North East and North Cumbria Integrated Care Board,1 647 692,1 487 494,73 389,86 809,June
4,ICB,QJ2,E54000058,NHS Derby and Derbyshire Integrated Care Board,568 802,517 661,19 229,31 912,June
4,ICB,QJG,E54000023,NHS Suffolk and North East Essex Integrated Care Board,524 434,482 650,16 010,25 774,June
4,ICB,QJK,E54000037,NHS Devon Integrated Care Board,742 423,679 448,24 048,38 927,June
4,ICB,QJM,E54000013,NHS Lincolnshire Integrated Care Board,437 027,400 703,14 473,21 851,June
4,ICB,QK1,E54000015,"NHS Leicester, Leicestershire and Rutland Integrated Care Board",637 004,574 682,24 867,37 455,June
4,ICB,QKK,E54000030,NHS South East London Integrated Care Board,744 759,665 948,44 906,33 905,June
4,ICB,QKS,E54000032,NHS Kent and Medway Integrated Care Board,912 263,823 907,41 092,47 264,June
4,ICB,QM7,E54000025,NHS Hertfordshire and West Essex Integrated Care Board,683 778,622 287,25 471,36 020,June
4,ICB,QMF,E54000029,NHS North East London Integrated Care Board,985 973,868 873,63 520,53 580,June
4,ICB,QMJ,E54000028,NHS North Central London Integrated Care Board,669 071,601 258,40 060,27 753,June
4,ICB,QMM,E54000022,NHS Norfolk and Waveney Integrated Care Board,603 484,547 277,22 531,33 676,June
4,ICB,QNC,E54000010,NHS Staffordshire and Stoke-on-Trent Integrated Care Board,523 955,472 623,23 599,27 733,June
4,ICB,QNQ,E54000034,NHS Frimley Integrated Care Board,379 026,341 414,19 178,18 434,June
4,ICB,QNX,E54000053,NHS Sussex Integrated Care Board,903 737,824 165,32 107,47 465,June
4,ICB,QOC,E54000011,"NHS Shropshire, Telford and Wrekin Integrated Care Board",244 819,225 480,9 649,9 690,June
4,ICB,QOP,E54000057,NHS Greater Manchester Integrated Care Board,1 360 291,1 208 656,83 445,68 190,June
4,ICB,QOQ,E54000051,NHS Humber and North Yorkshire Integrated Care Board,933 984,854 917,30 416,48 651,June
4,ICB,QOX,E54000040,"NHS Bath and North East Somerset, Swindon and Wiltshire Integrated Care Board",527 664,481 139,16 262,30 263,June
4,ICB,QPM,E54000059,NHS Northamptonshire Integrated Care Board,385 469,354 256,12 528,18 685,June
4,ICB,QR1,E54000043,NHS Gloucestershire Integrated Care Board,371 040,338 111,12 332,20 597,June
4,ICB,QRL,E54000042,NHS Hampshire and the Isle of Wight Integrated Care Board,923 429,844 158,40 316,38 955,June
4,ICB,QRV,E54000027,NHS North West London Integrated Care Board,1 277 371,1 139 841,67 008,70 522,June
4,ICB,QSL,E54000038,NHS Somerset Integrated Care Board,300 842,271 246,12 379,17 217,June
4,ICB,QT1,E54000060,NHS Nottingham and Nottinghamshire Integrated Care Board,624 077,561 236,26 613,36 228,June
4,ICB,QT6,E54000036,NHS Cornwall and the Isles of Scilly Integrated Care Board,350 067,317 423,13 611,19 033,June
4,ICB,QU9,E54000044,"NHS Buckinghamshire, Oxfordshire and Berkshire West Integrated Care Board",881 748,813 313,36 246,32 189,June
4,ICB,QUA,E54000062,NHS Black Country Integrated Care Board,609 044,544 227,35 241,29 576,June
4,ICB,QUE,E54000056,NHS Cambridgeshire and Peterborough Integrated Care Board,530 229,480 305,19 268,30 656,June
4,ICB,QUY,E54000039,"NHS Bristol, North Somerset and South Gloucestershire Integrated Care Board",476 678,436 519,22 349,17 810,June
4,ICB,QVV,E54000041,NHS Dorset Integrated Care Board,423 199,387 136,13 706,22 357,June
4,ICB,QWE,E54000031,NHS South West London Integrated Care Board,705 413,637 152,37 397,30 864,June
4,ICB,QWO,E54000054,NHS West Yorkshire Integrated Care Board,1 417 723,1 288 189,52 191,77 343,June
4,ICB,QWU,E54000018,NHS Coventry and Warwickshire Integrated Care Board,477 271,436 670,22 342,18 259,June
4,ICB,QXU,E54000052,NHS Surrey Heartlands Integrated Care Board,490 532,446 156,19 654,24 722,June
4,ICB,QYG,E54000008,NHS Cheshire and Merseyside Integrated Care Board,1 261 739,1 136 750,66 784,58 205,June
5,ICB,QE1,E54000048,NHS Lancashire and South Cumbria Integrated Care Board,887 078,799 485,45 043,42 550,November
5,ICB,QF7,E54000061,NHS South Yorkshire Integrated Care Board,827 673,742 731,35 050,49 892,November
5,ICB,QGH,E54000019,NHS Herefordshire and Worcestershire Integrated Care Board,483 025,443 363,19 607,20 055,November
5,ICB,QH8,E54000026,NHS Mid and South Essex Integrated Care Board,596 985,539 851,19 151,37 983,November
5,ICB,QHG,E54000024,"NHS Bedfordshire, Luton and Milton Keynes Integrated Care Board",514 164,456 669,24 349,33 146,November
5,ICB,QHL,E54000055,NHS Birmingham and Solihull Integrated Care Board,785 002,693 263,50 473,41 266,November
5,ICB,QHM,E54000050,NHS North East and North Cumbria Integrated Care Board,1 747 690,1 572 460,77 648,97 582,November
5,ICB,QJ2,E54000058,NHS Derby and Derbyshire Integrated Care Board,609 378,549 830,21 345,38 203,November
5,ICB,QJG,E54000023,NHS Suffolk and North East Essex Integrated Care Board,551 327,503 604,18 400,29 323,November
5,ICB,QJK,E54000037,NHS Devon Integrated Care Board,805 393,731 683,28 089,45 621,November
5,ICB,QJM,E54000013,NHS Lincolnshire Integrated Care Board,480 994,435 317,17 308,28 369,November
5,ICB,QK1,E54000015,"NHS Leicester, Leicestershire and Rutland Integrated Care Board",667 939,599 746,26 366,41 827,November
5,ICB,QKK,E54000030,NHS South East London Integrated Care Board,779 754,677 563,50 007,52 184,November
5,ICB,QKS,E54000032,NHS Kent and Medway Integrated Care Board,963 432,861 051,45 136,57 245,November
5,ICB,QM7,E54000025,NHS Hertfordshire and West Essex Integrated Care Board,726 599,653 744,29 353,43 502,November
5,ICB,QMF,E54000029,NHS North East London Integrated Care Board,1 052 683,922 870,73 460,56 353,November
5,ICB,QMJ,E54000028,NHS North Central London Integrated Care Board,716 137,638 161,43 771,34 205,November
5,ICB,QMM,E54000022,NHS Norfolk and Waveney Integrated Care Board,646 888,580 697,24 182,42 009,November
5,ICB,QNC,E54000010,NHS Staffordshire and Stoke-on-Trent Integrated Care Board,562 056,505 717,26 593,29 746,November
5,ICB,QNQ,E54000034,NHS Frimley Integrated Care Board,412 011,370 971,22 626,18 414,November
5,ICB,QNX,E54000053,NHS Sussex Integrated Care Board,976 800,878 361,37 142,61 297,November
5,ICB,QOC,E54000011,"NHS Shropshire, Telford and Wrekin Integrated Care Board",257 652,235 101,10 662,11 889,November
5,ICB,QOP,E54000057,NHS Greater Manchester Integrated Care Board,1 478 588,1 307 110,92 017,79 461,November
5,ICB,QOQ,E54000051,NHS Humber and North Yorkshire Integrated Care Board,993 089,904 037,34 096,54 956,November
5,ICB,QOX,E54000040,"NHS Bath and North East Somerset, Swindon and Wiltshire Integrated Care Board",567 937,516 788,17 857,33 292,November
5,ICB,QPM,E54000059,NHS Northamptonshire Integrated Care Board,410 171,375 550,13 998,20 623,November
5,ICB,QR1,E54000043,NHS Gloucestershire Integrated Care Board,398 761,362 664,13 977,22 120,November
5,ICB,QRL,E54000042,NHS Hampshire and the Isle of Wight Integrated Care Board,1 009 151,915 525,44 113,49 513,November
5,ICB,QRV,E54000027,NHS North West London Integrated Care Board,1 356 961,1 204 059,76 054,76 848,November
5,ICB,QSL,E54000038,NHS Somerset Integrated Care Board,319 195,282 646,15 972,20 577,November
5,ICB,QT1,E54000060,NHS Nottingham and Nottinghamshire Integrated Care Board,666 303,599 813,28 849,37 641,November
5,ICB,QT6,E54000036,NHS Cornwall and the Isles of Scilly Integrated Care Board,392 071,353 799,15 495,22 777,November
5,ICB,QU9,E54000044,"NHS Buckinghamshire, Oxfordshire and Berkshire West Integrated Care Board",932 799,850 766,40 611,41 422,November
5,ICB,QUA,E54000062,NHS Black Country Integrated Care Board,649 045,576 221,39 077,33 747,November
5,ICB,QUE,E54000056,NHS Cambridgeshire and Peterborough Integrated Care Board,580 045,522 743,21 223,36 079,November
5,ICB,QUY,E54000039,"NHS Bristol, North Somerset and South Gloucestershire Integrated Care Board",511 626,462 335,26 929,22 362,November
5,ICB,QVV,E54000041,NHS Dorset Integrated Care Board,458 880,416 933,16 039,25 908,November
5,ICB,QWE,E54000031,NHS South West London Integrated Care Board,750 962,671 966,41 649,37 347,November
5,ICB,QWO,E54000054,NHS West Yorkshire Integrated Care Board,1 509 613,1 366 060,58 751,84 802,November
5,ICB,QWU,E54000018,NHS Coventry and Warwickshire Integrated Care Board,496 939,450 460,24 935,21 544,November
5,ICB,QXU,E54000052,NHS Surrey Heartlands Integrated Care Board,570 078,500 587,21 141,48 350,November
5,ICB,QYG,E54000008,NHS Cheshire and Merseyside Integrated Care Board,1 352 613,1 211 486,72 266,68 861,November
6,ICB,QE1,E54000048,NHS Lancashire and South Cumbria Integrated Care Board,960 609,837 645,58 412,64 552,October
6,ICB,QF7,E54000061,NHS South Yorkshire Integrated Care Board,909 295,802 838,42 202,64 255,October
6,ICB,QGH,E54000019,NHS Herefordshire and Worcestershire Integrated Care Board,552 651,487 807,28 596,36 248,October
6,ICB,QH8,E54000026,NHS Mid and South Essex Integrated Care Board,647 702,578 377,23 473,45 852,October
6,ICB,QHG,E54000024,"NHS Bedfordshire, Luton and Milton Keynes Integrated Care Board",551 567,485 908,26 673,38 986,October
6,ICB,QHL,E54000055,NHS Birmingham and Solihull Integrated Care Board,840 439,733 509,55 952,50 978,October
6,ICB,QHM,E54000050,NHS North East and North Cumbria Integrated Care Board,1 899 348,1 697 207,88 721,113 420,October
6,ICB,QJ2,E54000058,NHS Derby and Derbyshire Integrated Care Board,684 853,605 023,28 403,51 427,October
6,ICB,QJG,E54000023,NHS Suffolk and North East Essex Integrated Care Board,610 586,552 784,23 491,34 311,October
6,ICB,QJK,E54000037,NHS Devon Integrated Care Board,900 563,805 130,35 486,59 947,October
6,ICB,QJM,E54000013,NHS Lincolnshire Integrated Care Board,544 012,488 951,20 089,34 972,October
6,ICB,QK1,E54000015,"NHS Leicester, Leicestershire and Rutland Integrated Care Board",706 735,627 438,29 373,49 924,October
6,ICB,QKK,E54000030,NHS South East London Integrated Care Board,808 465,704 910,55 112,48 443,October
6,ICB,QKS,E54000032,NHS Kent and Medway Integrated Care Board,1 056 607,930 654,57 736,68 217,October
6,ICB,QM7,E54000025,NHS Hertfordshire and West Essex Integrated Care Board,792 718,687 384,47 446,57 888,October
6,ICB,QMF,E54000029,NHS North East London Integrated Care Board,1 089 631,951 027,79 207,59 397,October
6,ICB,QMJ,E54000028,NHS North Central London Integrated Care Board,738 995,652 675,47 176,39 144,October
6,ICB,QMM,E54000022,NHS Norfolk and Waveney Integrated Care Board,719 021,638 491,27 929,52 601,October
6,ICB,QNC,E54000010,NHS Staffordshire and Stoke-on-Trent Integrated Care Board,621 388,547 171,36 079,38 138,October
6,ICB,QNQ,E54000034,NHS Frimley Integrated Care Board,428 318,375 304,28 336,24 678,October
6,ICB,QNX,E54000053,NHS Sussex Integrated Care Board,1 074 358,950 984,48 980,74 394,October
6,ICB,QOC,E54000011,"NHS Shropshire, Telford and Wrekin Integrated Care Board",283 415,256 653,13 543,13 219,October
6,ICB,QOP,E54000057,NHS Greater Manchester Integrated Care Board,1 606 714,1 400 273,111 297,95 144,October
6,ICB,QOQ,E54000051,NHS Humber and North Yorkshire Integrated Care Board,1 102 043,990 144,43 275,68 624,October
6,ICB,QOX,E54000040,"NHS Bath and North East Somerset, Swindon and Wiltshire Integrated Care Board",636 692,569 186,22 615,44 891,October
6,ICB,QPM,E54000059,NHS Northamptonshire Integrated Care Board,455 380,409 255,16 358,29 767,October
6,ICB,QR1,E54000043,NHS Gloucestershire Integrated Care Board,455 526,405 290,17 587,32 649,October
6,ICB,QRL,E54000042,NHS Hampshire and the Isle of Wight Integrated Care Board,1 090 555,946 985,58 190,85 380,October
6,ICB,QRV,E54000027,NHS North West London Integrated Care Board,1 405 311,1 241 030,80 648,83 633,October
6,ICB,QSL,E54000038,NHS Somerset Integrated Care Board,373 764,321 651,24 671,27 442,October
6,ICB,QT1,E54000060,NHS Nottingham and Nottinghamshire Integrated Care Board,713 835,633 028,32 208,48 599,October
6,ICB,QT6,E54000036,NHS Cornwall and the Isles of Scilly Integrated Care Board,426 365,379 157,18 003,29 205,October
6,ICB,QU9,E54000044,"NHS Buckinghamshire, Oxfordshire and Berkshire West Integrated Care Board",1 013 556,891 588,59 241,62 727,October
6,ICB,QUA,E54000062,NHS Black Country Integrated Care Board,716 492,623 842,47 462,45 188,October
6,ICB,QUE,E54000056,NHS Cambridgeshire and Peterborough Integrated Care Board,619 260,555 721,24 091,39 448,October
6,ICB,QUY,E54000039,"NHS Bristol, North Somerset and South Gloucestershire Integrated Care Board",551 392,484 053,37 063,30 276,October
6,ICB,QVV,E54000041,NHS Dorset Integrated Care Board,524 601,460 581,19 975,44 045,October
6,ICB,QWE,E54000031,NHS South West London Integrated Care Board,785 421,698 249,46 006,41 166,October
6,ICB,QWO,E54000054,NHS West Yorkshire Integrated Care Board,1 651 009,1 476 684,70 343,103 982,October
6,ICB,QWU,E54000018,NHS Coventry and Warwickshire Integrated Care Board,551 586,488 114,30 551,32 921,October
6,ICB,QXU,E54000052,NHS Surrey Heartlands Integrated Care Board,620 452,530 978,27 664,61 810,October
6,ICB,QYG,E54000008,NHS Cheshire and Merseyside Integrated Care Board,1 478 317,1 298 361,85 177,94 779,October
7,ICB,QE1,E54000048,NHS Lancashire and South Cumbria Integrated Care Board,899 569,786 132,60 840,52 597,September
7,ICB,QF7,E54000061,NHS South Yorkshire Integrated Care Board,815 847,721 702,40 052,54 093,September
7,ICB,QGH,E54000019,NHS Herefordshire and Worcestershire Integrated Care Board,503 007,452 762,24 640,25 605,September
7,ICB,QH8,E54000026,NHS Mid and South Essex Integrated Care Board,607 795,545 294,18 828,43 673,September
7,ICB,QHG,E54000024,"NHS Bedfordshire, Luton and Milton Keynes Integrated Care Board",499 395,441 897,22 053,35 445,September
7,ICB,QHL,E54000055,NHS Birmingham and Solihull Integrated Care Board,778 906,684 252,51 107,43 547,September
7,ICB,QHM,E54000050,NHS North East and North Cumbria Integrated Care Board,1 748 782,1 562 036,83 166,103 580,September
7,ICB,QJ2,E54000058,NHS Derby and Derbyshire Integrated Care Board,635 504,563 160,24 952,47 392,September
7,ICB,QJG,E54000023,NHS Suffolk and North East Essex Integrated Care Board,565 514,513 532,18 856,33 126,September
7,ICB,QJK,E54000037,NHS Devon Integrated Care Board,783 416,702 138,27 155,54 123,September
7,ICB,QJM,E54000013,NHS Lincolnshire Integrated Care Board,469 410,424 935,17 195,27 280,September
7,ICB,QK1,E54000015,"NHS Leicester, Leicestershire and Rutland Integrated Care Board",671 739,593 896,28 445,49 398,September
7,ICB,QKK,E54000030,NHS South East London Integrated Care Board,748 339,658 480,52 273,37 586,September
7,ICB,QKS,E54000032,NHS Kent and Medway Integrated Care Board,975 052,857 563,54 344,63 145,September
7,ICB,QM7,E54000025,NHS Hertfordshire and West Essex Integrated Care Board,752 900,658 888,40 381,53 631,September
7,ICB,QMF,E54000029,NHS North East London Integrated Care Board,1 022 179,896 415,71 327,54 437,September
7,ICB,QMJ,E54000028,NHS North Central London Integrated Care Board,683 886,603 779,41 211,38 896,September
7,ICB,QMM,E54000022,NHS Norfolk and Waveney Integrated Care Board,621 195,557 301,22 894,41 000,September
7,ICB,QNC,E54000010,NHS Staffordshire and Stoke-on-Trent Integrated Care Board,580 922,504 085,38 485,38 352,September
7,ICB,QNQ,E54000034,NHS Frimley Integrated Care Board,413 265,362 884,33 222,17 159,September
7,ICB,QNX,E54000053,NHS Sussex Integrated Care Board,936 833,838 886,37 034,60 913,September
7,ICB,QOC,E54000011,"NHS Shropshire, Telford and Wrekin Integrated Care Board",257 662,232 736,13 178,11 748,September
7,ICB,QOP,E54000057,NHS Greater Manchester Integrated Care Board,1 438 191,1 259 535,93 775,84 881,September
7,ICB,QOQ,E54000051,NHS Humber and North Yorkshire Integrated Care Board,1 003 059,900 945,42 513,59 601,September
7,ICB,QOX,E54000040,"NHS Bath and North East Somerset, Swindon and Wiltshire Integrated Care Board",571 152,515 291,18 972,36 889,September
7,ICB,QPM,E54000059,NHS Northamptonshire Integrated Care Board,397 222,361 159,14 080,21 983,September
7,ICB,QR1,E54000043,NHS Gloucestershire Integrated Care Board,375 067,339 230,13 112,22 725,September
7,ICB,QRL,E54000042,NHS Hampshire and the Isle of Wight Integrated Care Board,982 480,870 156,52 424,59 900,September
7,ICB,QRV,E54000027,NHS North West London Integrated Care Board,1 320 135,1 173 286,72 368,74 481,September
7,ICB,QSL,E54000038,NHS Somerset Integrated Care Board,325 098,285 204,17 384,22 510,September
7,ICB,QT1,E54000060,NHS Nottingham and Nottinghamshire Integrated Care Board,673 679,598 679,29 832,45 168,September
7,ICB,QT6,E54000036,NHS Cornwall and the Isles of Scilly Integrated Care Board,374 718,332 964,14 958,26 796,September
7,ICB,QU9,E54000044,"NHS Buckinghamshire, Oxfordshire and Berkshire West Integrated Care Board",888 819,793 830,46 995,47 994,September
7,ICB,QUA,E54000062,NHS Black Country Integrated Care Board,631 547,557 608,39 437,34 502,September
7,ICB,QUE,E54000056,NHS Cambridgeshire and Peterborough Integrated Care Board,563 938,502 633,21 054,40 251,September
7,ICB,QUY,E54000039,"NHS Bristol, North Somerset and South Gloucestershire Integrated Care Board",494 733,429 662,34 007,31 064,September
7,ICB,QVV,E54000041,NHS Dorset Integrated Care Board,461 546,407 498,17 098,36 950,September
7,ICB,QWE,E54000031,NHS South West London Integrated Care Board,720 473,636 523,43 605,40 345,September
7,ICB,QWO,E54000054,NHS West Yorkshire Integrated Care Board,1 492 319,1 346 356,58 439,87 524,September
7,ICB,QWU,E54000018,NHS Coventry and Warwickshire Integrated Care Board,520 091,446 676,32 921,40 494,September
7,ICB,QXU,E54000052,NHS Surrey Heartlands Integrated Care Board,547 988,480 150,26 718,41 120,September
7,ICB,QYG,E54000008,NHS Cheshire and Merseyside Integrated Care Board,1 337 806,1 175 188,80 644,81 974,September
8,ICB,QE1,E54000048,NHS Lancashire and South Cumbria Integrated Care Board,682 214,616 684,32 788,32 742,April
8,ICB,QF7,E54000061,NHS South Yorkshire Integrated Care Board,638 477,569 800,27 082,41 595,April
8,ICB,QGH,E54000019,NHS Herefordshire and Worcestershire Integrated Care Board,383 992,356 026,14 702,13 264,April
8,ICB,QH8,E54000026,NHS Mid and South Essex Integrated Care Board,455 709,413 221,14 064,28 424,April
8,ICB,QHG,E54000024,"NHS Bedfordshire, Luton and Milton Keynes Integrated Care Board",391 151,349 301,17 155,24 695,April
8,ICB,QHL,E54000055,NHS Birmingham and Solihull Integrated Care Board,600 129,531 802,37 981,30 346,April
8,ICB,QHM,E54000050,NHS North East and North Cumbria Integrated Care Board,1 371 771,1 237 241,59 836,74 694,April
8,ICB,QJ2,E54000058,NHS Derby and Derbyshire Integrated Care Board,471 753,428 111,15 952,27 690,April
8,ICB,QJG,E54000023,NHS Suffolk and North East Essex Integrated Care Board,435 516,401 417,13 539,20 560,April
8,ICB,QJK,E54000037,NHS Devon Integrated Care Board,624 193,568 360,22 862,32 971,April
8,ICB,QJM,E54000013,NHS Lincolnshire Integrated Care Board,366 055,335 070,12 100,18 885,April
8,ICB,QK1,E54000015,"NHS Leicester, Leicestershire and Rutland Integrated Care Board",521 148,468 952,20 126,32 070,April
8,ICB,QKK,E54000030,NHS South East London Integrated Care Board,604 347,543 531,35 685,25 131,April
8,ICB,QKS,E54000032,NHS Kent and Medway Integrated Care Board,767 260,691 761,35 616,39 883,April
8,ICB,QM7,E54000025,NHS Hertfordshire and West Essex Integrated Care Board,564 727,511 650,21 750,31 327,April
8,ICB,QMF,E54000029,NHS North East London Integrated Care Board,768 353,681 016,50 232,37 105,April
8,ICB,QMJ,E54000028,NHS North Central London Integrated Care Board,537 308,483 928,32 280,21 100,April
8,ICB,QMM,E54000022,NHS Norfolk and Waveney Integrated Care Board,509 078,460 463,19 415,29 200,April
8,ICB,QNC,E54000010,NHS Staffordshire and Stoke-on-Trent Integrated Care Board,423 026,382 609,19 047,21 370,April
8,ICB,QNQ,E54000034,NHS Frimley Integrated Care Board,310 980,280 680,19 197,11 103,April
8,ICB,QNX,E54000053,NHS Sussex Integrated Care Board,740 179,674 549,26 592,39 038,April
8,ICB,QOC,E54000011,"NHS Shropshire, Telford and Wrekin Integrated Care Board",207 626,191 664,8 608,7 354,April
8,ICB,QOP,E54000057,NHS Greater Manchester Integrated Care Board,1 122 848,995 713,69 721,57 414,April
8,ICB,QOQ,E54000051,NHS Humber and North Yorkshire Integrated Care Board,769 196,700 741,25 232,43 223,April
8,ICB,QOX,E54000040,"NHS Bath and North East Somerset, Swindon and Wiltshire Integrated Care Board",437 562,399 514,13 160,24 888,April
8,ICB,QPM,E54000059,NHS Northamptonshire Integrated Care Board,319 843,293 546,10 291,16 006,April
8,ICB,QR1,E54000043,NHS Gloucestershire Integrated Care Board,305 205,278 144,10 467,16 594,April
8,ICB,QRL,E54000042,NHS Hampshire and the Isle of Wight Integrated Care Board,765 355,698 079,33 981,33 295,April
8,ICB,QRV,E54000027,NHS North West London Integrated Care Board,1 023 552,916 267,53 136,54 149,April
8,ICB,QSL,E54000038,NHS Somerset Integrated Care Board,251 003,227 546,10 957,12 500,April
8,ICB,QT1,E54000060,NHS Nottingham and Nottinghamshire Integrated Care Board,513 098,462 334,21 076,29 688,April
8,ICB,QT6,E54000036,NHS Cornwall and the Isles of Scilly Integrated Care Board,299 747,271 503,11 422,16 822,April
8,ICB,QU9,E54000044,"NHS Buckinghamshire, Oxfordshire and Berkshire West Integrated Care Board",723 925,667 606,30 064,26 255,April
8,ICB,QUA,E54000062,NHS Black Country Integrated Care Board,489 551,435 385,29 660,24 506,April
8,ICB,QUE,E54000056,NHS Cambridgeshire and Peterborough Integrated Care Board,427 534,386 436,15 365,25 733,April
8,ICB,QUY,E54000039,"NHS Bristol, North Somerset and South Gloucestershire Integrated Care Board",397 003,362 249,19 842,14 912,April
8,ICB,QVV,E54000041,NHS Dorset Integrated Care Board,361 901,331 466,11 540,18 895,April
8,ICB,QWE,E54000031,NHS South West London Integrated Care Board,566 432,513 584,31 196,21 652,April
8,ICB,QWO,E54000054,NHS West Yorkshire Integrated Care Board,1 170 103,1 060 823,43 097,66 183,April
8,ICB,QWU,E54000018,NHS Coventry and Warwickshire Integrated Care Board,384 727,353 166,17 253,14 308,April
8,ICB,QXU,E54000052,NHS Surrey Heartlands Integrated Care Board,397 898,366 103,16 664,15 131,April
8,ICB,QYG,E54000008,NHS Cheshire and Merseyside Integrated Care Board,1 048 497,943 246,55 375,49 876,April
9,ICB,QE1,E54000048,NHS Lancashire and South Cumbria Integrated Care Board,792 709,719 006,38 204,35 499,February
9,ICB,QF7,E54000061,NHS South Yorkshire Integrated Care Board,708 062,648 550,29 298,30 214,February
9,ICB,QGH,E54000019,NHS Herefordshire and Worcestershire Integrated Care Board,441 168,409 603,17 082,14 483,February
9,ICB,QH8,E54000026,NHS Mid and South Essex Integrated Care Board,498 148,463 692,15 228,19 228,February
9,ICB,QHG,E54000024,"NHS Bedfordshire, Luton and Milton Keynes Integrated Care Board",434 629,401 754,18 686,14 189,February
9,ICB,QHL,E54000055,NHS Birmingham and Solihull Integrated Care Board,699 690,628 017,44 446,27 227,February
9,ICB,QHM,E54000050,NHS North East and North Cumbria Integrated Care Board,1 526 881,1 401 945,66 971,57 965,February
9,ICB,QJ2,E54000058,NHS Derby and Derbyshire Integrated Care Board,536 546,498 466,17 973,20 107,February
9,ICB,QJG,E54000023,NHS Suffolk and North East Essex Integrated Care Board,482 729,451 144,15 886,15 699,February
9,ICB,QJK,E54000037,NHS Devon Integrated Care Board,701 281,651 559,24 405,25 317,February
9,ICB,QJM,E54000013,NHS Lincolnshire Integrated Care Board,400 891,376 261,12 905,11 725,February
9,ICB,QK1,E54000015,"NHS Leicester, Leicestershire and Rutland Integrated Care Board",570 033,529 683,21 723,18 627,February
9,ICB,QKK,E54000030,NHS South East London Integrated Care Board,694 631,620 609,43 968,30 054,February
9,ICB,QKS,E54000032,NHS Kent and Medway Integrated Care Board,865 149,780 698,39 467,44 984,February
9,ICB,QM7,E54000025,NHS Hertfordshire and West Essex Integrated Care Board,645 225,596 950,23 764,24 511,February
9,ICB,QMF,E54000029,NHS North East London Integrated Care Board,884 447,783 711,60 920,39 816,February
9,ICB,QMJ,E54000028,NHS North Central London Integrated Care Board,620 268,557 811,38 594,23 863,February
9,ICB,QMM,E54000022,NHS Norfolk and Waveney Integrated Care Board,558 867,519 046,21 147,18 674,February
9,ICB,QNC,E54000010,NHS Staffordshire and Stoke-on-Trent Integrated Care Board,485 869,441 494,22 158,22 217,February
9,ICB,QNQ,E54000034,NHS Frimley Integrated Care Board,352 318,321 437,19 952,10 929,February
9,ICB,QNX,E54000053,NHS Sussex Integrated Care Board,837 422,776 096,29 335,31 991,February
9,ICB,QOC,E54000011,"NHS Shropshire, Telford and Wrekin Integrated Care Board",237 721,219 178,9 498,9 045,February
9,ICB,QOP,E54000057,NHS Greater Manchester Integrated Care Board,1 298 174,1 156 036,79 900,62 238,February
9,ICB,QOQ,E54000051,NHS Humber and North Yorkshire Integrated Care Board,846 391,788 813,28 504,29 074,February
9,ICB,QOX,E54000040,"NHS Bath and North East Somerset, Swindon and Wiltshire Integrated Care Board",479 752,451 870,14 063,13 819,February
9,ICB,QPM,E54000059,NHS Northamptonshire Integrated Care Board,360 697,338 797,11 383,10 517,February
9,ICB,QR1,E54000043,NHS Gloucestershire Integrated Care Board,339 045,316 185,11 169,11 691,February
9,ICB,QRL,E54000042,NHS Hampshire and the Isle of Wight Integrated Care Board,862 765,794 502,37 966,30 297,February
9,ICB,QRV,E54000027,NHS North West London Integrated Care Board,1 140 000,1 034 600,60 719,44 681,February
9,ICB,QSL,E54000038,NHS Somerset Integrated Care Board,285 500,260 473,11 147,13 880,February
9,ICB,QT1,E54000060,NHS Nottingham and Nottinghamshire Integrated Care Board,573 605,532 159,22 806,18 640,February
9,ICB,QT6,E54000036,NHS Cornwall and the Isles of Scilly Integrated Care Board,332 112,305 894,11 767,14 451,February
9,ICB,QU9,E54000044,"NHS Buckinghamshire, Oxfordshire and Berkshire West Integrated Care Board",823 465,761 047,32 814,29 604,February
9,ICB,QUA,E54000062,NHS Black Country Integrated Care Board,567 561,508 773,35 376,23 412,February
9,ICB,QUE,E54000056,NHS Cambridgeshire and Peterborough Integrated Care Board,477 009,442 555,16 699,17 755,February
9,ICB,QUY,E54000039,"NHS Bristol, North Somerset and South Gloucestershire Integrated Care Board",454 709,417 995,20 434,16 280,February
9,ICB,QVV,E54000041,NHS Dorset Integrated Care Board,390 652,366 642,12 127,11 883,February
9,ICB,QWE,E54000031,NHS South West London Integrated Care Board,651 207,589 741,37 425,24 041,February
9,ICB,QWO,E54000054,NHS West Yorkshire Integrated Care Board,1 297 319,1 206 462,48 100,42 757,February
9,ICB,QWU,E54000018,NHS Coventry and Warwickshire Integrated Care Board,443 227,405 789,20 812,16 626,February
9,ICB,QXU,E54000052,NHS Surrey Heartlands Integrated Care Board,455 228,416 977,19 045,19 206,February
9,ICB,QYG,E54000008,NHS Cheshire and Merseyside Integrated Care Board,1 204 245,1 086 713,64 022,53 510,February
10,ICB,QE1,E54000048,NHS Lancashire and South Cumbria Integrated Care Board,864 585,785 850,41 479,37 256,January
10,ICB,QF7,E54000061,NHS South Yorkshire Integrated Care Board,768 710,708 079,31 769,28 862,January
10,ICB,QGH,E54000019,NHS Herefordshire and Worcestershire Integrated Care Board,472 285,438 957,18 276,15 052,January
10,ICB,QH8,E54000026,NHS Mid and South Essex Integrated Care Board,543 250,508 581,15 538,19 131,January
10,ICB,QHG,E54000024,"NHS Bedfordshire, Luton and Milton Keynes Integrated Care Board",470 311,435 362,20 183,14 766,January
10,ICB,QHL,E54000055,NHS Birmingham and Solihull Integrated Care Board,749 595,677 004,46 315,26 276,January
10,ICB,QHM,E54000050,NHS North East and North Cumbria Integrated Care Board,1 663 319,1 533 241,70 509,59 569,January
10,ICB,QJ2,E54000058,NHS Derby and Derbyshire Integrated Care Board,583 123,542 980,19 334,20 809,January
10,ICB,QJG,E54000023,NHS Suffolk and North East Essex Integrated Care Board,520 004,486 330,17 051,16 623,January
10,ICB,QJK,E54000037,NHS Devon Integrated Care Board,754 548,703 139,26 155,25 254,January
10,ICB,QJM,E54000013,NHS Lincolnshire Integrated Care Board,438 275,411 739,14 788,11 748,January
10,ICB,QK1,E54000015,"NHS Leicester, Leicestershire and Rutland Integrated Care Board",620 230,578 239,23 391,18 600,January
10,ICB,QKK,E54000030,NHS South East London Integrated Care Board,748 619,672 318,45 290,31 011,January
10,ICB,QKS,E54000032,NHS Kent and Medway Integrated Care Board,945 208,856 834,42 971,45 403,January
10,ICB,QM7,E54000025,NHS Hertfordshire and West Essex Integrated Care Board,693 463,642 815,24 465,26 183,January
10,ICB,QMF,E54000029,NHS North East London Integrated Care Board,952 119,845 321,62 951,43 847,January
10,ICB,QMJ,E54000028,NHS North Central London Integrated Care Board,658 821,596 230,39 303,23 288,January
10,ICB,QMM,E54000022,NHS Norfolk and Waveney Integrated Care Board,604 862,562 710,22 414,19 738,January
10,ICB,QNC,E54000010,NHS Staffordshire and Stoke-on-Trent Integrated Care Board,520 189,472 855,23 790,23 544,January
10,ICB,QNQ,E54000034,NHS Frimley Integrated Care Board,381 028,347 716,21 730,11 582,January
10,ICB,QNX,E54000053,NHS Sussex Integrated Care Board,902 986,837 131,31 869,33 986,January
10,ICB,QOC,E54000011,"NHS Shropshire, Telford and Wrekin Integrated Care Board",255 697,237 272,10 083,8 342,January
10,ICB,QOP,E54000057,NHS Greater Manchester Integrated Care Board,1 388 019,1 239 906,84 288,63 825,January
10,ICB,QOQ,E54000051,NHS Humber and North Yorkshire Integrated Care Board,917 001,857 633,29 565,29 803,January
10,ICB,QOX,E54000040,"NHS Bath and North East Somerset, Swindon and Wiltshire Integrated Care Board",512 128,481 911,15 158,15 059,January
10,ICB,QPM,E54000059,NHS Northamptonshire Integrated Care Board,391 018,368 109,12 155,10 754,January
10,ICB,QR1,E54000043,NHS Gloucestershire Integrated Care Board,370 840,345 900,12 655,12 285,January
10,ICB,QRL,E54000042,NHS Hampshire and the Isle of Wight Integrated Care Board,932 346,860 251,42 183,29 912,January
10,ICB,QRV,E54000027,NHS North West London Integrated Care Board,1 199 756,1 092 401,63 838,43 517,January
10,ICB,QSL,E54000038,NHS Somerset Integrated Care Board,307 565,280 831,11 940,14 794,January
10,ICB,QT1,E54000060,NHS Nottingham and Nottinghamshire Integrated Care Board,616 430,571 174,24 894,20 362,January
10,ICB,QT6,E54000036,NHS Cornwall and the Isles of Scilly Integrated Care Board,358 291,330 585,12 679,15 027,January
10,ICB,QU9,E54000044,"NHS Buckinghamshire, Oxfordshire and Berkshire West Integrated Care Board",895 831,830 268,35 210,30 353,January
10,ICB,QUA,E54000062,NHS Black Country Integrated Care Board,609 685,548 380,36 650,24 655,January
10,ICB,QUE,E54000056,NHS Cambridgeshire and Peterborough Integrated Care Board,510 099,475 004,16 623,18 472,January
10,ICB,QUY,E54000039,"NHS Bristol, North Somerset and South Gloucestershire Integrated Care Board",488 865,449 205,22 096,17 564,January
10,ICB,QVV,E54000041,NHS Dorset Integrated Care Board,422 443,395 873,13 982,12 588,January
10,ICB,QWE,E54000031,NHS South West London Integrated Care Board,694 332,630 438,39 189,24 705,January
10,ICB,QWO,E54000054,NHS West Yorkshire Integrated Care Board,1 431 488,1 334 352,52 144,44 992,January
10,ICB,QWU,E54000018,NHS Coventry and Warwickshire Integrated Care Board,477 819,439 319,21 765,16 735,January
10,ICB,QXU,E54000052,NHS Surrey Heartlands Integrated Care Board,491 358,451 888,20 327,19 143,January
10,ICB,QYG,E54000008,NHS Cheshire and Merseyside Integrated Care Board,1 316 335,1 192 164,68 656,55 515,January
11,ICB,QE1,E54000048,NHS Lancashire and South Cumbria Integrated Care Board,915 524,827 896,45 599,42 029,March
11,ICB,QF7,E54000061,NHS South Yorkshire Integrated Care Board,818 266,734 097,35 771,48 398,March
11,ICB,QGH,E54000019,NHS Herefordshire and Worcestershire Integrated Care Board,502 070,465 906,19 451,16 713,March
11,ICB,QH8,E54000026,NHS Mid and South Essex Integrated Care Board,587 830,538 112,17 488,32 230,March
11,ICB,QHG,E54000024,"NHS Bedfordshire, Luton and Milton Keynes Integrated Care Board",508 718,459 808,22 365,26 545,March
11,ICB,QHL,E54000055,NHS Birmingham and Solihull Integrated Care Board,794 260,704 315,53 036,36 909,March
11,ICB,QHM,E54000050,NHS North East and North Cumbria Integrated Care Board,1 772 087,1 605 669,78 688,87 730,March
11,ICB,QJ2,E54000058,NHS Derby and Derbyshire Integrated Care Board,614 968,562 022,21 016,31 930,March
11,ICB,QJG,E54000023,NHS Suffolk and North East Essex Integrated Care Board,565 182,523 086,18 578,23 518,March
11,ICB,QJK,E54000037,NHS Devon Integrated Care Board,816 361,748 569,28 740,39 052,March
11,ICB,QJM,E54000013,NHS Lincolnshire Integrated Care Board,466 555,430 792,15 189,20 574,March
11,ICB,QK1,E54000015,"NHS Leicester, Leicestershire and Rutland Integrated Care Board",666 861,606 698,26 098,34 065,March
11,ICB,QKK,E54000030,NHS South East London Integrated Care Board,780 785,697 973,50 701,32 111,March
11,ICB,QKS,E54000032,NHS Kent and Medway Integrated Care Board,985 803,888 251,46 235,51 317,March
11,ICB,QM7,E54000025,NHS Hertfordshire and West Essex Integrated Care Board,740 878,677 290,27 028,36 560,March
11,ICB,QMF,E54000029,NHS North East London Integrated Care Board,1 023 280,903 540,70 882,48 858,March
11,ICB,QMJ,E54000028,NHS North Central London Integrated Care Board,706 475,635 098,44 804,26 573,March
11,ICB,QMM,E54000022,NHS Norfolk and Waveney Integrated Care Board,654 656,595 724,24 743,34 189,March
11,ICB,QNC,E54000010,NHS Staffordshire and Stoke-on-Trent Integrated Care Board,557 712,505 310,25 926,26 476,March
11,ICB,QNQ,E54000034,NHS Frimley Integrated Care Board,408 356,373 577,22 147,12 632,March
11,ICB,QNX,E54000053,NHS Sussex Integrated Care Board,972 784,890 917,35 279,46 588,March
11,ICB,QOC,E54000011,"NHS Shropshire, Telford and Wrekin Integrated Care Board",265 824,243 606,11 147,11 071,March
11,ICB,QOP,E54000057,NHS Greater Manchester Integrated Care Board,1 498 211,1 326 167,97 128,74 916,March
11,ICB,QOQ,E54000051,NHS Humber and North Yorkshire Integrated Care Board,987 952,904 016,33 137,50 799,March
11,ICB,QOX,E54000040,"NHS Bath and North East Somerset, Swindon and Wiltshire Integrated Care Board",565 295,522 560,16 772,25 963,March
11,ICB,QPM,E54000059,NHS Northamptonshire Integrated Care Board,417 902,386 360,13 366,18 176,March
11,ICB,QR1,E54000043,NHS Gloucestershire Integrated Care Board,395 686,363 440,13 556,18 690,March
11,ICB,QRL,E54000042,NHS Hampshire and the Isle of Wight Integrated Care Board,990 958,906 346,44 810,39 802,March
11,ICB,QRV,E54000027,NHS North West London Integrated Care Board,1 340 368,1 201 262,72 441,66 665,March
11,ICB,QSL,E54000038,NHS Somerset Integrated Care Board,281 958,255 013,12 492,14 453,March
11,ICB,QT1,E54000060,NHS Nottingham and Nottinghamshire Integrated Care Board,663 959,603 459,27 534,32 966,March
11,ICB,QT6,E54000036,NHS Cornwall and the Isles of Scilly Integrated Care Board,387 612,352 888,14 317,20 407,March
11,ICB,QU9,E54000044,"NHS Buckinghamshire, Oxfordshire and Berkshire West Integrated Care Board",938 474,865 814,38 319,34 341,March
11,ICB,QUA,E54000062,NHS Black Country Integrated Care Board,646 719,574 968,41 248,30 503,March
11,ICB,QUE,E54000056,NHS Cambridgeshire and Peterborough Integrated Care Board,554 235,504 365,20 180,29 690,March
11,ICB,QUY,E54000039,"NHS Bristol, North Somerset and South Gloucestershire Integrated Care Board",512 723,469 880,24 442,18 401,March
11,ICB,QVV,E54000041,NHS Dorset Integrated Care Board,463 837,429 114,14 811,19 912,March
11,ICB,QWE,E54000031,NHS South West London Integrated Care Board,752 562,681 865,44 005,26 692,March
11,ICB,QWO,E54000054,NHS West Yorkshire Integrated Care Board,1 515 638,1 382 796,57 321,75 521,March
11,ICB,QWU,E54000018,NHS Coventry and Warwickshire Integrated Care Board,497 848,455 823,23 511,18 514,March
11,ICB,QXU,E54000052,NHS Surrey Heartlands Integrated Care Board,518 214,474 299,23 218,20 697,March
11,ICB,QYG,E54000008,NHS Cheshire and Merseyside Integrated Care Board,1 363 560,1 223 484,75 482,64 594,March
12,ICB,QE1,E54000048,NHS Lancashire and South Cumbria Integrated Care Board,788 389,712 249,38 097,38 043,May
12,ICB,QF7,E54000061,NHS South Yorkshire Integrated Care Board,729 718,655 562,30 652,43 504,May
12,ICB,QGH,E54000019,NHS Herefordshire and Worcestershire Integrated Care Board,439 773,406 898,17 595,15 280,May
12,ICB,QH8,E54000026,NHS Mid and South Essex Integrated Care Board,530 814,482 963,15 470,32 381,May
12,ICB,QHG,E54000024,"NHS Bedfordshire, Luton and Milton Keynes Integrated Care Board",447 712,402 137,19 652,25 923,May
12,ICB,QHL,E54000055,NHS Birmingham and Solihull Integrated Care Board,704 517,624 684,43 107,36 726,May
12,ICB,QHM,E54000050,NHS North East and North Cumbria Integrated Care Board,1 554 811,1 405 208,67 251,82 352,May
12,ICB,QJ2,E54000058,NHS Derby and Derbyshire Integrated Care Board,538 841,490 856,18 482,29 503,May
12,ICB,QJG,E54000023,NHS Suffolk and North East Essex Integrated Care Board,489 910,451 520,14 974,23 416,May
12,ICB,QJK,E54000037,NHS Devon Integrated Care Board,706 380,645 578,24 287,36 515,May
12,ICB,QJM,E54000013,NHS Lincolnshire Integrated Care Board,413 566,378 668,13 973,20 925,May
12,ICB,QK1,E54000015,"NHS Leicester, Leicestershire and Rutland Integrated Care Board",601 196,542 581,23 737,34 878,May
12,ICB,QKK,E54000030,NHS South East London Integrated Care Board,691 742,620 608,42 192,28 942,May
12,ICB,QKS,E54000032,NHS Kent and Medway Integrated Care Board,849 117,767 727,39 300,42 090,May
12,ICB,QM7,E54000025,NHS Hertfordshire and West Essex Integrated Care Board,638 047,581 115,23 382,33 550,May
12,ICB,QMF,E54000029,NHS North East London Integrated Care Board,908 401,804 117,59 198,45 086,May
12,ICB,QMJ,E54000028,NHS North Central London Integrated Care Board,629 677,566 898,37 420,25 359,May
12,ICB,QMM,E54000022,NHS Norfolk and Waveney Integrated Care Board,576 664,520 995,21 631,34 038,May
12,ICB,QNC,E54000010,NHS Staffordshire and Stoke-on-Trent Integrated Care Board,492 079,445 368,21 891,24 820,May
12,ICB,QNQ,E54000034,NHS Frimley Integrated Care Board,357 465,323 974,18 043,15 448,May
12,ICB,QNX,E54000053,NHS Sussex Integrated Care Board,850 245,774 887,30 087,45 271,May
12,ICB,QOC,E54000011,"NHS Shropshire, Telford and Wrekin Integrated Care Board",236 126,218 252,9 365,8 509,May
12,ICB,QOP,E54000057,NHS Greater Manchester Integrated Care Board,1 297 181,1 154 022,78 143,65 016,May
12,ICB,QOQ,E54000051,NHS Humber and North Yorkshire Integrated Care Board,875 184,799 155,29 843,46 186,May
12,ICB,QOX,E54000040,"NHS Bath and North East Somerset, Swindon and Wiltshire Integrated Care Board",500 731,457 659,15 461,27 611,May
12,ICB,QPM,E54000059,NHS Northamptonshire Integrated Care Board,364 504,336 469,11 489,16 546,May
12,ICB,QR1,E54000043,NHS Gloucestershire Integrated Care Board,344 695,315 058,11 590,18 047,May
12,ICB,QRL,E54000042,NHS Hampshire and the Isle of Wight Integrated Care Board,874 976,797 917,39 717,37 342,May
12,ICB,QRV,E54000027,NHS North West London Integrated Care Board,1 185 702,1 060 331,61 943,63 428,May
12,ICB,QSL,E54000038,NHS Somerset Integrated Care Board,283 964,256 835,11 814,15 315,May
12,ICB,QT1,E54000060,NHS Nottingham and Nottinghamshire Integrated Care Board,592 535,535 074,24 562,32 899,May
12,ICB,QT6,E54000036,NHS Cornwall and the Isles of Scilly Integrated Care Board,335 738,304 045,13 118,18 575,May
12,ICB,QU9,E54000044,"NHS Buckinghamshire, Oxfordshire and Berkshire West Integrated Care Board",831 832,766 216,34 509,31 107,May
12,ICB,QUA,E54000062,NHS Black Country Integrated Care Board,565 113,502 878,33 414,28 821,May
12,ICB,QUE,E54000056,NHS Cambridgeshire and Peterborough Integrated Care Board,491 548,444 966,18 171,28 411,May
12,ICB,QUY,E54000039,"NHS Bristol, North Somerset and South Gloucestershire Integrated Care Board",454 441,414 725,21 445,18 271,May
12,ICB,QVV,E54000041,NHS Dorset Integrated Care Board,406 195,372 064,12 692,21 439,May
12,ICB,QWE,E54000031,NHS South West London Integrated Care Board,654 391,593 630,35 858,24 903,May
12,ICB,QWO,E54000054,NHS West Yorkshire Integrated Care Board,1 344 488,1 224 740,49 584,70 164,May
12,ICB,QWU,E54000018,NHS Coventry and Warwickshire Integrated Care Board,446 412,409 605,20 845,15 962,May
12,ICB,QXU,E54000052,NHS Surrey Heartlands Integrated Care Board,457 581,419 321,19 245,19 015,May
12,ICB,QYG,E54000008,NHS Cheshire and Merseyside Integrated Care Board,1 195 198,1 076 967,62 406,55 825,May
