Type,NHS_area_code,ONS_code,Name,Count_gp_appointments,Attended,Did_not_attend,Unknown,Month
National,ENG,ENG,England, 26 072 410 , .z , .z , .z ,November
Region,Y54,E40000001,North Of England, 7 598 898 , .z , .z , .z ,November
Region,Y55,E40000002,Midlands and East of England, 8 424 242 , .z , .z , .z ,November
Region,Y56,E40000003,London, 3 319 032 , .z , .z , .z ,November
Region,Y58,E40000006,South West, 2 870 186 , .z , .z , .z ,November
Region,Y59,E40000005,South East, 3 860 052 , .z , .z , .z ,November
Sub-Region,Q71,E39000018,NHS England London, 3 319 032 , .z , .z , .z ,November
Sub-Region,Q75,E39000026,NHS England North (Cheshire and Merseyside), 1 192 598 , .z , .z , .z ,November
Sub-Region,Q72,E39000029,NHS England North (Yorkshire and Humber), 2 976 018 , .z , .z , .z ,November
Sub-Region,Q78,E39000030,NHS England Midlands and East (Central Midlands), 2 285 336 , .z , .z , .z ,November
Sub-Region,Q79,E39000031,NHS England Midlands and East (East), 2 248 586 , .z , .z , .z ,November
Sub-Region,Q76,E39000032,NHS England Midlands and East (North Midlands), 1 836 582 , .z , .z , .z ,November
Sub-Region,Q77,E39000033,NHS England Midlands and East (West Midlands), 2 053 738 , .z , .z , .z ,November
Sub-Region,Q83,E39000037,NHS England North (Greater Manchester), 1 066 785 , .z , .z , .z ,November
Sub-Region,Q74,E39000039,NHS England North (Cumbria and North East), 1 595 198 , .z , .z , .z ,November
Sub-Region,Q84,E39000040,NHS England North (Lancashire and South Cumbria), 768 299 , .z , .z , .z ,November
Sub-Region,Q87,E39000041,"NHS England South East (Hampshire, Isle of Wight and Thames Valley)", 1 922 813 , .z , .z , .z ,November
Sub-Region,Q88,E39000042,"NHS England South East (Kent, Surrey and Sussex)", 1 937 239 , .z , .z , .z ,November
Sub-Region,Q86,E39000043,NHS England South West (South West North), 1 322 432 , .z , .z , .z ,November
Sub-Region,Q85,E39000044,NHS England South West (South West South), 1 547 754 , .z , .z , .z ,November
STP,E54000005,E54000005,West Yorkshire STP, 1 402 247 , .z , .z , .z ,November
STP,E54000006,E54000006,"Humber, Coast And Vale STP", 693 358 , .z , .z , .z ,November
STP,E54000007,E54000007,Greater Manchester STP, 1 066 785 , .z , .z , .z ,November
STP,E54000008,E54000008,Cheshire And Merseyside STP, 1 192 598 , .z , .z , .z ,November
STP,E54000009,E54000009,South Yorkshire And Bassetlaw STP, 805 219 , .z , .z , .z ,November
STP,E54000010,E54000010,Staffordshire STP, 504 969 , .z , .z , .z ,November
STP,E54000011,E54000011,Shropshire And Telford And Wrekin STP, 247 509 , .z , .z , .z ,November
STP,E54000012,E54000012,Derbyshire STP, 545 510 , .z , .z , .z ,November
STP,E54000013,E54000013,Lincolnshire STP, 394 385 , .z , .z , .z ,November
STP,E54000014,E54000014,Nottinghamshire STP, 538 594 , .z , .z , .z ,November
STP,E54000015,E54000015,"Leicester, Leicestershire And Rutland STP", 579 839 , .z , .z , .z ,November
STP,E54000016,E54000016,The Black Country STP, 671 093 , .z , .z , .z ,November
STP,E54000017,E54000017,Birmingham And Solihull STP, 577 562 , .z , .z , .z ,November
STP,E54000018,E54000018,Coventry And Warwickshire STP, 372 141 , .z , .z , .z ,November
STP,E54000019,E54000019,Herefordshire And Worcestershire STP, 432 942 , .z , .z , .z ,November
STP,E54000020,E54000020,Northamptonshire STP, 366 321 , .z , .z , .z ,November
STP,E54000021,E54000021,Cambridgeshire And Peterborough STP, 497 779 , .z , .z , .z ,November
STP,E54000022,E54000022,Norfolk And Waveney STP, 584 389 , .z , .z , .z ,November
STP,E54000023,E54000023,Suffolk And North East Essex STP, 520 168 , .z , .z , .z ,November
STP,E54000024,E54000024,"Milton Keynes, Bedfordshire And Luton STP", 462 572 , .z , .z , .z ,November
STP,E54000025,E54000025,Hertfordshire And West Essex STP, 609 724 , .z , .z , .z ,November
STP,E54000026,E54000026,Mid And South Essex STP, 518 745 , .z , .z , .z ,November
STP,E54000027,E54000027,North West London STP, 936 633 , .z , .z , .z ,November
STP,E54000028,E54000028,North Central London STP, 508 298 , .z , .z , .z ,November
STP,E54000029,E54000029,North East London STP, 794 135 , .z , .z , .z ,November
STP,E54000030,E54000030,South East London STP, 548 828 , .z , .z , .z ,November
STP,E54000031,E54000031,South West London STP, 531 138 , .z , .z , .z ,November
STP,E54000032,E54000032,Kent And Medway STP, 606 499 , .z , .z , .z ,November
STP,E54000033,E54000033,Sussex And East Surrey STP, 951 334 , .z , .z , .z ,November
STP,E54000034,E54000034,Frimley Health STP, 329 960 , .z , .z , .z ,November
STP,E54000035,E54000035,Surrey Heartlands STP, 379 406 , .z , .z , .z ,November
STP,E54000036,E54000036,Cornwall And The Isles Of Scilly STP, 179 719 , .z , .z , .z ,November
STP,E54000037,E54000037,Devon STP, 708 941 , .z , .z , .z ,November
STP,E54000038,E54000038,Somerset STP, 249 941 , .z , .z , .z ,November
STP,E54000039,E54000039,"Bristol, North Somerset And South Gloucestershire STP", 517 024 , .z , .z , .z ,November
STP,E54000040,E54000040,"Bath, Swindon And Wiltshire STP", 501 588 , .z , .z , .z ,November
STP,E54000041,E54000041,Dorset STP, 409 153 , .z , .z , .z ,November
STP,E54000042,E54000042,Hampshire And The Isle Of Wight STP, 838 953 , .z , .z , .z ,November
STP,E54000043,E54000043,Gloucestershire STP, 303 820 , .z , .z , .z ,November
STP,E54000044,E54000044,"Buckinghamshire, Oxfordshire And Berkshire West STP", 753 900 , .z , .z , .z ,November
STP,E54000048,E54000048,Lancashire And South Cumbria STP, 768 299 , .z , .z , .z ,November
STP,E54000049,E54000049,Cumbria And North East STP, 1 670 392 , .z , .z , .z ,November
CCG,00C,E38000042,NHS Darlington CCG, 52 940 , .z , .z , .z ,November
CCG,00D,E38000047,"NHS Durham Dales, Easington and Sedgefield CCG", 182 202 , .z , .z , .z ,November
CCG,00J,E38000116,NHS North Durham CCG, 152 595 , .z , .z , .z ,November
CCG,00K,E38000075,NHS Hartlepool and Stockton-on-Tees CCG, 136 275 , .z , .z , .z ,November
CCG,00L,E38000130,NHS Northumberland CCG, 181 725 , .z , .z , .z ,November
CCG,00M,E38000162,NHS South Tees CCG, 157 900 , .z , .z , .z ,November
CCG,00N,E38000163,NHS South Tyneside CCG, 73 312 , .z , .z , .z ,November
CCG,00P,E38000176,NHS Sunderland CCG, 135 559 , .z , .z , .z ,November
CCG,00Q,E38000014,NHS Blackburn with Darwen CCG, 73 893 , .z , .z , .z ,November
CCG,00R,E38000015,NHS Blackpool CCG, 73 493 , .z , .z , .z ,November
CCG,00T,E38000016,NHS Bolton CCG, 105 672 , .z , .z , .z ,November
CCG,00X,E38000034,NHS Chorley and South Ribble CCG, 73 022 , .z , .z , .z ,November
CCG,00Y,E38000135,NHS Oldham CCG, 104 063 , .z , .z , .z ,November
CCG,01A,E38000050,NHS East Lancashire CCG, 156 647 , .z , .z , .z ,November
CCG,01C,E38000056,NHS Eastern Cheshire CCG, 88 519 , .z , .z , .z ,November
CCG,01D,E38000080,"NHS Heywood, Middleton and Rochdale CCG", 106 350 , .z , .z , .z ,November
CCG,01E,E38000227,NHS Greater Preston CCG, 72 019 , .z , .z , .z ,November
CCG,01F,E38000068,NHS Halton CCG, 65 115 , .z , .z , .z ,November
CCG,01G,E38000143,NHS Salford CCG, 49 817 , .z , .z , .z ,November
CCG,01H,E38000215,NHS North Cumbria CCG, 187 053 , .z , .z , .z ,November
CCG,01J,E38000091,NHS Knowsley CCG, 78 889 , .z , .z , .z ,November
CCG,01K,E38000228,NHS Morecambe Bay CCG, 170 992 , .z , .z , .z ,November
CCG,01R,E38000151,NHS South Cheshire CCG, 86 484 , .z , .z , .z ,November
CCG,01T,E38000161,NHS South Sefton CCG, 57 846 , .z , .z , .z ,November
CCG,01V,E38000170,NHS Southport and Formby CCG, 58 253 , .z , .z , .z ,November
CCG,01W,E38000174,NHS Stockport CCG, 126 756 , .z , .z , .z ,November
CCG,01X,E38000172,NHS St Helens CCG, 80 230 , .z , .z , .z ,November
CCG,01Y,E38000182,NHS Tameside and Glossop CCG, 118 839 , .z , .z , .z ,November
CCG,02A,E38000187,NHS Trafford CCG, 82 427 , .z , .z , .z ,November
CCG,02D,E38000189,NHS Vale Royal CCG, 49 365 , .z , .z , .z ,November
CCG,02E,E38000194,NHS Warrington CCG, 93 260 , .z , .z , .z ,November
CCG,02F,E38000196,NHS West Cheshire CCG, 128 759 , .z , .z , .z ,November
CCG,02G,E38000200,NHS West Lancashire CCG, 52 558 , .z , .z , .z ,November
CCG,02H,E38000205,NHS Wigan Borough CCG, 123 499 , .z , .z , .z ,November
CCG,02M,E38000226,NHS Fylde and Wyre CCG, 95 675 , .z , .z , .z ,November
CCG,02N,E38000001,"NHS Airedale, Wharfedale and Craven CCG", 96 314 , .z , .z , .z ,November
CCG,02P,E38000006,NHS Barnsley CCG, 130 709 , .z , .z , .z ,November
CCG,02Q,E38000008,NHS Bassetlaw CCG, 58 815 , .z , .z , .z ,November
CCG,02R,E38000019,NHS Bradford Districts CCG, 188 942 , .z , .z , .z ,November
CCG,02T,E38000025,NHS Calderdale CCG, 106 966 , .z , .z , .z ,November
CCG,02W,E38000018,NHS Bradford City CCG, 71 399 , .z , .z , .z ,November
CCG,02X,E38000044,NHS Doncaster CCG, 164 951 , .z , .z , .z ,November
CCG,02Y,E38000052,NHS East Riding of Yorkshire CCG, 147 153 , .z , .z , .z ,November
CCG,03A,E38000064,NHS Greater Huddersfield CCG, 114 761 , .z , .z , .z ,November
CCG,03D,E38000069,"NHS Hambleton, Richmondshire and Whitby CCG", 75 194 , .z , .z , .z ,November
CCG,03E,E38000073,NHS Harrogate and Rural District CCG, 82 579 , .z , .z , .z ,November
CCG,03F,E38000085,NHS Hull CCG, 122 797 , .z , .z , .z ,November
CCG,03H,E38000119,NHS North East Lincolnshire CCG, 97 937 , .z , .z , .z ,November
CCG,03J,E38000121,NHS North Kirklees CCG, 95 623 , .z , .z , .z ,November
CCG,03K,E38000122,NHS North Lincolnshire CCG, 97 008 , .z , .z , .z ,November
CCG,03L,E38000141,NHS Rotherham CCG, 140 644 , .z , .z , .z ,November
CCG,03M,E38000145,NHS Scarborough and Ryedale CCG, 69 429 , .z , .z , .z ,November
CCG,03N,E38000146,NHS Sheffield CCG, 310 100 , .z , .z , .z ,November
CCG,03Q,E38000188,NHS Vale of York CCG, 159 034 , .z , .z , .z ,November
CCG,03R,E38000190,NHS Wakefield CCG, 211 584 , .z , .z , .z ,November
CCG,03T,E38000099,NHS Lincolnshire East CCG, 138 209 , .z , .z , .z ,November
CCG,03V,E38000037,NHS Corby CCG, 30 409 , .z , .z , .z ,November
CCG,03W,E38000051,NHS East Leicestershire and Rutland CCG, 188 962 , .z , .z , .z ,November
CCG,03X,E38000058,NHS Erewash CCG, 51 302 , .z , .z , .z ,November
CCG,03Y,E38000071,NHS Hardwick CCG, 63 717 , .z , .z , .z ,November
CCG,04C,E38000097,NHS Leicester City CCG, 181 852 , .z , .z , .z ,November
CCG,04D,E38000100,NHS Lincolnshire West CCG, 99 090 , .z , .z , .z ,November
CCG,04E,E38000103,NHS Mansfield and Ashfield CCG, 101 394 , .z , .z , .z ,November
CCG,04F,E38000107,NHS Milton Keynes CCG, 137 281 , .z , .z , .z ,November
CCG,04G,E38000108,NHS Nene CCG, 335 912 , .z , .z , .z ,November
CCG,04H,E38000109,NHS Newark and Sherwood CCG, 68 643 , .z , .z , .z ,November
CCG,04J,E38000115,NHS North Derbyshire CCG, 166 787 , .z , .z , .z ,November
CCG,04K,E38000132,NHS Nottingham City CCG, 170 425 , .z , .z , .z ,November
CCG,04L,E38000133,NHS Nottingham North and East CCG, 71 177 , .z , .z , .z ,November
CCG,04M,E38000134,NHS Nottingham West CCG, 54 905 , .z , .z , .z ,November
CCG,04N,E38000142,NHS Rushcliffe CCG, 72 050 , .z , .z , .z ,November
CCG,04Q,E38000165,NHS South West Lincolnshire CCG, 70 762 , .z , .z , .z ,November
CCG,04R,E38000169,NHS Southern Derbyshire CCG, 263 704 , .z , .z , .z ,November
CCG,04V,E38000201,NHS West Leicestershire CCG, 209 025 , .z , .z , .z ,November
CCG,04Y,E38000028,NHS Cannock Chase CCG, 62 052 , .z , .z , .z ,November
CCG,05A,E38000038,NHS Coventry and Rugby CCG, 193 298 , .z , .z , .z ,November
CCG,05C,E38000046,NHS Dudley CCG, 149 652 , .z , .z , .z ,November
CCG,05D,E38000053,NHS East Staffordshire CCG, 50 616 , .z , .z , .z ,November
CCG,05F,E38000078,NHS Herefordshire CCG, 103 335 , .z , .z , .z ,November
CCG,05G,E38000126,NHS North Staffordshire CCG, 95 428 , .z , .z , .z ,November
CCG,05H,E38000195,NHS Warwickshire North CCG, 31 365 , .z , .z , .z ,November
CCG,05J,E38000139,NHS Redditch and Bromsgrove CCG, 92 445 , .z , .z , .z ,November
CCG,05L,E38000144,NHS Sandwell and West Birmingham CCG, 260 477 , .z , .z , .z ,November
CCG,05N,E38000147,NHS Shropshire CCG, 157 897 , .z , .z , .z ,November
CCG,05Q,E38000153,NHS South East Staffordshire and Seisdon Peninsula CCG, 103 498 , .z , .z , .z ,November
CCG,05R,E38000164,NHS South Warwickshire CCG, 147 478 , .z , .z , .z ,November
CCG,05T,E38000166,NHS South Worcestershire CCG, 154 513 , .z , .z , .z ,November
CCG,05V,E38000173,NHS Stafford and Surrounds CCG, 77 826 , .z , .z , .z ,November
CCG,05W,E38000175,NHS Stoke on Trent CCG, 115 549 , .z , .z , .z ,November
CCG,05X,E38000183,NHS Telford and Wrekin CCG, 89 612 , .z , .z , .z ,November
CCG,05Y,E38000191,NHS Walsall CCG, 142 464 , .z , .z , .z ,November
CCG,06A,E38000210,NHS Wolverhampton CCG, 118 500 , .z , .z , .z ,November
CCG,06D,E38000211,NHS Wyre Forest CCG, 82 649 , .z , .z , .z ,November
CCG,06F,E38000010,NHS Bedfordshire CCG, 230 589 , .z , .z , .z ,November
CCG,06H,E38000026,NHS Cambridgeshire and Peterborough CCG, 497 779 , .z , .z , .z ,November
CCG,06K,E38000049,NHS East and North Hertfordshire CCG, 240 758 , .z , .z , .z ,November
CCG,06L,E38000086,NHS Ipswich and East Suffolk CCG, 217 405 , .z , .z , .z ,November
CCG,06M,E38000063,NHS Great Yarmouth and Waveney CCG, 120 753 , .z , .z , .z ,November
CCG,06N,E38000079,NHS Herts Valleys CCG, 241 461 , .z , .z , .z ,November
CCG,06P,E38000102,NHS Luton CCG, 94 702 , .z , .z , .z ,November
CCG,06Q,E38000106,NHS Mid Essex CCG, 184 835 , .z , .z , .z ,November
CCG,06T,E38000117,NHS North East Essex CCG, 173 551 , .z , .z , .z ,November
CCG,06V,E38000124,NHS North Norfolk CCG, 105 913 , .z , .z , .z ,November
CCG,06W,E38000218,NHS Norwich CCG, 124 591 , .z , .z , .z ,November
CCG,06Y,E38000219,NHS South Norfolk CCG, 122 954 , .z , .z , .z ,November
CCG,07G,E38000185,NHS Thurrock CCG, 73 781 , .z , .z , .z ,November
CCG,07H,E38000197,NHS West Essex CCG, 127 505 , .z , .z , .z ,November
CCG,07J,E38000203,NHS West Norfolk CCG, 110 178 , .z , .z , .z ,November
CCG,07K,E38000204,NHS West Suffolk CCG, 129 212 , .z , .z , .z ,November
CCG,07L,E38000004,NHS Barking and Dagenham CCG, 67 391 , .z , .z , .z ,November
CCG,07M,E38000005,NHS Barnet CCG, 120 147 , .z , .z , .z ,November
CCG,07N,E38000011,NHS Bexley CCG, 20 626 , .z , .z , .z ,November
CCG,07P,E38000020,NHS Brent CCG, 151 312 , .z , .z , .z ,November
CCG,07Q,E38000023,NHS Bromley CCG, 108 477 , .z , .z , .z ,November
CCG,07R,E38000027,NHS Camden CCG, 96 037 , .z , .z , .z ,November
CCG,07T,E38000035,NHS City and Hackney CCG, 135 270 , .z , .z , .z ,November
CCG,07V,E38000040,NHS Croydon CCG, 145 324 , .z , .z , .z ,November
CCG,07W,E38000048,NHS Ealing CCG, 178 788 , .z , .z , .z ,November
CCG,07X,E38000057,NHS Enfield CCG, 97 871 , .z , .z , .z ,November
CCG,07Y,E38000084,NHS Hounslow CCG, 128 577 , .z , .z , .z ,November
CCG,08A,E38000066,NHS Greenwich CCG, 31 810 , .z , .z , .z ,November
CCG,08C,E38000070,NHS Hammersmith and Fulham CCG, 83 753 , .z , .z , .z ,November
CCG,08D,E38000072,NHS Haringey CCG, 104 419 , .z , .z , .z ,November
CCG,08E,E38000074,NHS Harrow CCG, 106 272 , .z , .z , .z ,November
CCG,08F,E38000077,NHS Havering CCG, 82 213 , .z , .z , .z ,November
CCG,08G,E38000082,NHS Hillingdon CCG, 109 365 , .z , .z , .z ,November
CCG,08H,E38000088,NHS Islington CCG, 89 824 , .z , .z , .z ,November
CCG,08J,E38000090,NHS Kingston CCG, 68 490 , .z , .z , .z ,November
CCG,08K,E38000092,NHS Lambeth CCG, 144 628 , .z , .z , .z ,November
CCG,08L,E38000098,NHS Lewisham CCG, 122 993 , .z , .z , .z ,November
CCG,08M,E38000113,NHS Newham CCG, 142 156 , .z , .z , .z ,November
CCG,08N,E38000138,NHS Redbridge CCG, 111 392 , .z , .z , .z ,November
CCG,08P,E38000140,NHS Richmond CCG, 12 974 , .z , .z , .z ,November
CCG,08Q,E38000171,NHS Southwark CCG, 120 294 , .z , .z , .z ,November
CCG,08R,E38000105,NHS Merton CCG, 76 711 , .z , .z , .z ,November
CCG,08T,E38000179,NHS Sutton CCG, 74 172 , .z , .z , .z ,November
CCG,08V,E38000186,NHS Tower Hamlets CCG, 151 888 , .z , .z , .z ,November
CCG,08W,E38000192,NHS Waltham Forest CCG, 103 825 , .z , .z , .z ,November
CCG,08X,E38000193,NHS Wandsworth CCG, 153 467 , .z , .z , .z ,November
CCG,08Y,E38000202,NHS West London CCG, 97 833 , .z , .z , .z ,November
CCG,09A,E38000031,NHS Central London (Westminster) CCG, 80 733 , .z , .z , .z ,November
CCG,09C,E38000002,NHS Ashford CCG, 82 415 , .z , .z , .z ,November
CCG,09D,E38000021,NHS Brighton and Hove CCG, 122 832 , .z , .z , .z ,November
CCG,09E,E38000029,NHS Canterbury and Coastal CCG, 124 035 , .z , .z , .z ,November
CCG,09F,E38000055,"NHS Eastbourne, Hailsham and Seaford CCG", 108 964 , .z , .z , .z ,November
CCG,09G,E38000213,NHS Coastal West Sussex CCG, 285 358 , .z , .z , .z ,November
CCG,09H,E38000039,NHS Crawley CCG, 59 279 , .z , .z , .z ,November
CCG,09J,E38000043,"NHS Dartford, Gravesham and Swanley CCG", 3 679 , .z , .z , .z ,November
CCG,09L,E38000054,NHS East Surrey CCG, 85 169 , .z , .z , .z ,November
CCG,09N,E38000214,NHS Guildford and Waverley CCG, 95 315 , .z , .z , .z ,November
CCG,09P,E38000076,NHS Hastings and Rother CCG, 103 382 , .z , .z , .z ,November
CCG,09W,E38000104,NHS Medway CCG, 94 840 , .z , .z , .z ,November
CCG,09X,E38000083,NHS Horsham and Mid Sussex CCG, 102 898 , .z , .z , .z ,November
CCG,09Y,E38000128,NHS North West Surrey CCG, 148 969 , .z , .z , .z ,November
CCG,10A,E38000156,NHS South Kent Coast CCG, 50 696 , .z , .z , .z ,November
CCG,10C,E38000178,NHS Surrey Heath CCG, 51 704 , .z , .z , .z ,November
CCG,10D,E38000180,NHS Swale CCG, 47 635 , .z , .z , .z ,November
CCG,10E,E38000184,NHS Thanet CCG, 67 056 , .z , .z , .z ,November
CCG,10J,E38000120,NHS North Hampshire CCG, 112 456 , .z , .z , .z ,November
CCG,10K,E38000059,NHS Fareham and Gosport CCG, 92 993 , .z , .z , .z ,November
CCG,10L,E38000087,NHS Isle of Wight CCG, 77 386 , .z , .z , .z ,November
CCG,10Q,E38000136,NHS Oxfordshire CCG, 355 243 , .z , .z , .z ,November
CCG,10R,E38000137,NHS Portsmouth CCG, 95 092 , .z , .z , .z ,November
CCG,10V,E38000154,NHS South Eastern Hampshire CCG, 99 044 , .z , .z , .z ,November
CCG,10X,E38000167,NHS Southampton CCG, 121 204 , .z , .z , .z ,November
CCG,11A,E38000198,NHS West Hampshire CCG, 240 778 , .z , .z , .z ,November
CCG,11E,E38000009,NHS Bath and North East Somerset CCG, 105 515 , .z , .z , .z ,November
CCG,11J,E38000045,NHS Dorset CCG, 409 153 , .z , .z , .z ,November
CCG,11M,E38000062,NHS Gloucestershire CCG, 303 820 , .z , .z , .z ,November
CCG,11N,E38000089,NHS Kernow CCG, 179 719 , .z , .z , .z ,November
CCG,11X,E38000150,NHS Somerset CCG, 249 941 , .z , .z , .z ,November
CCG,12D,E38000181,NHS Swindon CCG, 115 467 , .z , .z , .z ,November
CCG,12F,E38000208,NHS Wirral CCG, 170 529 , .z , .z , .z ,November
CCG,13T,E38000212,NHS Newcastle Gateshead CCG, 235 528 , .z , .z , .z ,November
CCG,14L,E38000217,NHS Manchester CCG, 249 362 , .z , .z , .z ,November
CCG,14Y,E38000223,NHS Buckinghamshire CCG, 218 451 , .z , .z , .z ,November
CCG,15A,E38000221,NHS Berkshire West, 180 206 , .z , .z , .z ,November
CCG,15C,E38000222,"NHS Bristol, North Somerset and South Gloucestershire CCG", 517 024 , .z , .z , .z ,November
CCG,15D,E38000224,NHS East Berkshire CCG, 181 375 , .z , .z , .z ,November
CCG,15E,E38000220,NHS Birmingham and Solihull CCG, 577 562 , .z , .z , .z ,November
CCG,15F,E38000225,NHS Leeds CCG, 434 079 , .z , .z , .z ,November
CCG,99A,E38000101,NHS Liverpool CCG, 235 349 , .z , .z , .z ,November
CCG,99C,E38000127,NHS North Tyneside CCG, 100 109 , .z , .z , .z ,November
CCG,99D,E38000157,NHS South Lincolnshire CCG, 86 324 , .z , .z , .z ,November
CCG,99E,E38000007,NHS Basildon and Brentwood CCG, 114 865 , .z , .z , .z ,November
CCG,99F,E38000030,NHS Castle Point and Rochford CCG, 72 193 , .z , .z , .z ,November
CCG,99G,E38000168,NHS Southend CCG, 73 071 , .z , .z , .z ,November
CCG,99H,E38000177,NHS Surrey Downs CCG, 135 122 , .z , .z , .z ,November
CCG,99J,E38000199,NHS West Kent CCG, 136 143 , .z , .z , .z ,November
CCG,99K,E38000081,NHS High Weald Lewes Havens CCG, 83 452 , .z , .z , .z ,November
CCG,99M,E38000118,NHS North East Hampshire and Farnham CCG, 96 881 , .z , .z , .z ,November
CCG,99N,E38000206,NHS Wiltshire CCG, 280 606 , .z , .z , .z ,November
CCG,99P,E38000129,"NHS Northern, Eastern and Western Devon CCG", 521 600 , .z , .z , .z ,November
CCG,99Q,E38000152,NHS South Devon and Torbay CCG, 187 341 , .z , .z , .z ,November
