Type,NHS_area_code,ONS_code,Name,Count_gp_appointments,Attended,Did_not_attend,Unknown,Month
National,ENG,ENG,England,31 538 675,28 118 804,1 473 982,1 945 889,July
Region,Y56,E40000003,London,4 677 861,4 101 234,303 477,273 150,July
Region,Y58,E40000006,South West,3 460 532,3 131 416,126 899,202 217,July
Region,Y59,E40000005,South East,4 727 041,4 169 522,225 610,331 909,July
Region,Y60,E40000011,Midlands,6 150 624,5 491 945,278 886,379 793,July
Region,Y61,E40000007,East of England,3 664 940,3 318 465,123 030,223 445,July
Region,Y62,E40000010,North West,3 700 171,3 251 117,219 643,229 411,July
Region,Y63,E40000012,North East and Yorkshire,5 157 506,4 655 105,196 437,305 964,July
ICB,QE1,E54000048,NHS Lancashire and South Cumbria Integrated Care Board,858 065,753 598,50 505,53 962,July
ICB,QF7,E54000061,NHS South Yorkshire Integrated Care Board,841 469,748 225,34 099,59 145,July
ICB,QGH,E54000019,NHS Herefordshire and Worcestershire Integrated Care Board,451 135,399 222,20 684,31 229,July
ICB,QH8,E54000026,NHS Mid and South Essex Integrated Care Board,593 665,538 154,18 235,37 276,July
ICB,QHG,E54000024,"NHS Bedfordshire, Luton and Milton Keynes Integrated Care Board",519 405,466 498,20 834,32 073,July
ICB,QHL,E54000055,NHS Birmingham and Solihull Integrated Care Board,795 288,698 315,52 679,44 294,July
ICB,QHM,E54000050,NHS North East and North Cumbria Integrated Care Board,1 749 128,1 571 571,74 363,103 194,July
ICB,QJ2,E54000058,NHS Derby and Derbyshire Integrated Care Board,615 537,559 542,19 508,36 487,July
ICB,QJG,E54000023,NHS Suffolk and North East Essex Integrated Care Board,620 296,572 495,16 810,30 991,July
ICB,QJK,E54000037,NHS Devon Integrated Care Board,795 684,722 851,24 904,47 929,July
ICB,QJM,E54000013,NHS Lincolnshire Integrated Care Board,555 626,511 837,15 282,28 507,July
ICB,QK1,E54000015,"NHS Leicester, Leicestershire and Rutland Integrated Care Board",665 489,601 303,23 757,40 429,July
ICB,QKK,E54000030,NHS South East London Integrated Care Board,743 801,639 634,52 966,51 201,July
ICB,QKS,E54000032,NHS Kent and Medway Integrated Care Board,934 849,812 714,49 547,72 588,July
ICB,QM7,E54000025,NHS Hertfordshire and West Essex Integrated Care Board,714 048,642 255,26 951,44 842,July
ICB,QMF,E54000029,NHS North East London Integrated Care Board,1 081 774,937 667,81 145,62 962,July
ICB,QMJ,E54000028,NHS North Central London Integrated Care Board,713 263,631 174,44 391,37 698,July
ICB,QMM,E54000022,NHS Norfolk and Waveney Integrated Care Board,634 392,570 691,21 734,41 967,July
ICB,QNC,E54000010,NHS Staffordshire and Stoke-on-Trent Integrated Care Board,552 046,487 982,27 729,36 335,July
ICB,QNQ,E54000034,NHS Frimley Integrated Care Board,403 463,360 155,23 075,20 233,July
ICB,QNX,E54000053,NHS Sussex Integrated Care Board,957 766,858 095,35 555,64 116,July
ICB,QOC,E54000011,"NHS Shropshire, Telford and Wrekin Integrated Care Board",260 537,229 894,12 254,18 389,July
ICB,QOP,E54000057,NHS Greater Manchester Integrated Care Board,1 541 602,1 350 158,93 867,97 577,July
ICB,QOQ,E54000051,NHS Humber and North Yorkshire Integrated Care Board,1 016 704,928 747,30 464,57 493,July
ICB,QOX,E54000040,"NHS Bath and North East Somerset, Swindon and Wiltshire Integrated Care Board",566 018,519 656,16 475,29 887,July
ICB,QPM,E54000059,NHS Northamptonshire Integrated Care Board,430 759,396 730,13 750,20 279,July
ICB,QR1,E54000043,NHS Gloucestershire Integrated Care Board,400 379,364 864,12 087,23 428,July
ICB,QRL,E54000042,NHS Hampshire and the Isle of Wight Integrated Care Board,983 826,872 129,47 815,63 882,July
ICB,QRV,E54000027,NHS North West London Integrated Care Board,1 389 405,1 230 493,77 239,81 673,July
ICB,QSL,E54000038,NHS Somerset Integrated Care Board,315 328,282 754,14 898,17 676,July
ICB,QT1,E54000060,NHS Nottingham and Nottinghamshire Integrated Care Board,671 880,604 849,26 755,40 276,July
ICB,QT6,E54000036,NHS Cornwall and the Isles of Scilly Integrated Care Board,388 071,348 139,14 244,25 688,July
ICB,QU9,E54000044,"NHS Buckinghamshire, Oxfordshire and Berkshire West Integrated Care Board",898 777,798 272,45 243,55 262,July
ICB,QUA,E54000062,NHS Black Country Integrated Care Board,662 537,573 927,39 976,48 634,July
ICB,QUE,E54000056,NHS Cambridgeshire and Peterborough Integrated Care Board,583 134,528 372,18 466,36 296,July
ICB,QUY,E54000039,"NHS Bristol, North Somerset and South Gloucestershire Integrated Care Board",531 624,469 777,29 989,31 858,July
ICB,QVV,E54000041,NHS Dorset Integrated Care Board,463 428,423 375,14 302,25 751,July
ICB,QWE,E54000031,NHS South West London Integrated Care Board,749 618,662 266,47 736,39 616,July
ICB,QWO,E54000054,NHS West Yorkshire Integrated Care Board,1 550 205,1 406 562,57 511,86 132,July
ICB,QWU,E54000018,NHS Coventry and Warwickshire Integrated Care Board,489 790,428 344,26 512,34 934,July
ICB,QXU,E54000052,NHS Surrey Heartlands Integrated Care Board,548 360,468 157,24 375,55 828,July
ICB,QYG,E54000008,NHS Cheshire and Merseyside Integrated Care Board,1 300 504,1 147 361,75 271,77 872,July
Sub ICB Location,00L,E38000130,NHS North East and North Cumbria ICB - 00L,196 073,179 129,6 762,10 182,July
Sub ICB Location,00N,E38000163,NHS North East and North Cumbria ICB - 00N,65 860,57 678,3 197,4 985,July
Sub ICB Location,00P,E38000176,NHS North East and North Cumbria ICB - 00P,133 675,118 861,8 468,6 346,July
Sub ICB Location,00Q,E38000014,NHS Lancashire and South Cumbria ICB - 00Q,73 746,63 766,4 547,5 433,July
Sub ICB Location,00R,E38000015,NHS Lancashire and South Cumbria ICB - 00R,93 031,81 601,6 419,5 011,July
Sub ICB Location,00T,E38000016,NHS Greater Manchester ICB - 00T,165 443,144 189,11 711,9 543,July
Sub ICB Location,00V,E38000024,NHS Greater Manchester ICB - 00V,93 942,84 872,4 236,4 834,July
Sub ICB Location,00X,E38000034,NHS Lancashire and South Cumbria ICB - 00X,87 519,76 432,4 964,6 123,July
Sub ICB Location,00Y,E38000135,NHS Greater Manchester ICB - 00Y,111 400,96 623,7 378,7 399,July
Sub ICB Location,01A,E38000050,NHS Lancashire and South Cumbria ICB - 01A,181 582,157 573,11 772,12 237,July
Sub ICB Location,01D,E38000080,NHS Greater Manchester ICB - 01D,103 275,89 591,7 039,6 645,July
Sub ICB Location,01E,E38000227,NHS Lancashire and South Cumbria ICB - 01E,97 710,84 971,5 859,6 880,July
Sub ICB Location,01F,E38000068,NHS Cheshire and Merseyside ICB - 01F,56 299,48 667,3 566,4 066,July
Sub ICB Location,01G,E38000143,NHS Greater Manchester ICB - 01G,153 799,127 084,9 182,17 533,July
Sub ICB Location,01H,E38000215,NHS North East and North Cumbria ICB - 01H,186 893,165 856,8 563,12 474,July
Sub ICB Location,01J,E38000091,NHS Cheshire and Merseyside ICB - 01J,81 690,69 721,5 741,6 228,July
Sub ICB Location,01K,E38000228,NHS Lancashire and South Cumbria ICB - 01K,166 750,150 223,9 283,7 244,July
Sub ICB Location,01T,E38000161,NHS Cheshire and Merseyside ICB - 01T,53 413,47 446,2 655,3 312,July
Sub ICB Location,01V,E38000170,NHS Cheshire and Merseyside ICB - 01V,66 141,59 832,2 484,3 825,July
Sub ICB Location,01W,E38000174,NHS Greater Manchester ICB - 01W,158 413,138 966,8 632,10 815,July
Sub ICB Location,01X,E38000172,NHS Cheshire and Merseyside ICB - 01X,90 482,77 122,5 049,8 311,July
Sub ICB Location,01Y,E38000263,NHS Greater Manchester ICB - 01Y,121 005,104 922,7 896,8 187,July
Sub ICB Location,02A,E38000187,NHS Greater Manchester ICB - 02A,128 113,116 687,6 459,4 967,July
Sub ICB Location,02E,E38000194,NHS Cheshire and Merseyside ICB - 02E,108 164,99 435,3 543,5 186,July
Sub ICB Location,02G,E38000200,NHS Lancashire and South Cumbria ICB - 02G,55 813,48 650,2 690,4 473,July
Sub ICB Location,02H,E38000205,NHS Greater Manchester ICB - 02H,196 541,179 555,7 974,9 012,July
Sub ICB Location,02M,E38000226,NHS Lancashire and South Cumbria ICB - 02M,101 914,90 382,4 971,6 561,July
Sub ICB Location,02P,E38000006,NHS South Yorkshire ICB - 02P,142 757,125 940,5 502,11 315,July
Sub ICB Location,02Q,E38000008,NHS Nottingham and Nottinghamshire ICB - 02Q,89 774,83 388,2 734,3 652,July
Sub ICB Location,02T,E38000025,NHS West Yorkshire ICB - 02T,123 026,112 013,4 843,6 170,July
Sub ICB Location,02X,E38000044,NHS South Yorkshire ICB - 02X,184 849,164 232,8 598,12 019,July
Sub ICB Location,02Y,E38000052,NHS Humber and North Yorkshire ICB - 02Y,174 644,160 093,5 044,9 507,July
Sub ICB Location,03F,E38000085,NHS Humber and North Yorkshire ICB - 03F,144 000,128 658,6 934,8 408,July
Sub ICB Location,03H,E38000119,NHS Humber and North Yorkshire ICB - 03H,132 244,120 969,3 472,7 803,July
Sub ICB Location,03K,E38000122,NHS Humber and North Yorkshire ICB - 03K,109 756,99 235,3 054,7 467,July
Sub ICB Location,03L,E38000141,NHS South Yorkshire ICB - 03L,175 487,154 304,6 278,14 905,July
Sub ICB Location,03N,E38000146,NHS South Yorkshire ICB - 03N,338 376,303 749,13 721,20 906,July
Sub ICB Location,03Q,E38000188,NHS Humber and North Yorkshire ICB - 03Q,116 953,108 624,2 898,5 431,July
Sub ICB Location,03R,E38000190,NHS West Yorkshire ICB - 03R,242 509,219 772,8 126,14 611,July
Sub ICB Location,03W,E38000051,"NHS Leicester, Leicestershire and Rutland ICB - 03W",198 408,180 381,6 202,11 825,July
Sub ICB Location,04C,E38000097,"NHS Leicester, Leicestershire and Rutland ICB - 04C",242 032,215 536,10 519,15 977,July
Sub ICB Location,04V,E38000201,"NHS Leicester, Leicestershire and Rutland ICB - 04V",225 049,205 386,7 036,12 627,July
Sub ICB Location,04Y,E38000028,NHS Staffordshire and Stoke-on-Trent ICB - 04Y,66 820,59 592,3 142,4 086,July
Sub ICB Location,05D,E38000053,NHS Staffordshire and Stoke-on-Trent ICB - 05D,64 078,57 186,2 796,4 096,July
Sub ICB Location,05G,E38000126,NHS Staffordshire and Stoke-on-Trent ICB - 05G,108 192,96 372,4 216,7 604,July
Sub ICB Location,05Q,E38000153,NHS Staffordshire and Stoke-on-Trent ICB - 05Q,103 893,94 614,5 195,4 084,July
Sub ICB Location,05V,E38000173,NHS Staffordshire and Stoke-on-Trent ICB - 05V,72 135,65 056,3 745,3 334,July
Sub ICB Location,05W,E38000175,NHS Staffordshire and Stoke-on-Trent ICB - 05W,136 928,115 162,8 635,13 131,July
Sub ICB Location,06H,E38000260,NHS Cambridgeshire and Peterborough ICB - 06H,583 134,528 372,18 466,36 296,July
Sub ICB Location,06K,E38000049,NHS Hertfordshire and West Essex ICB - 06K,287 430,259 748,8 960,18 722,July
Sub ICB Location,06L,E38000086,NHS Suffolk and North East Essex ICB - 06L,257 127,239 083,5 364,12 680,July
Sub ICB Location,06N,E38000079,NHS Hertfordshire and West Essex ICB - 06N,275 441,243 363,12 862,19 216,July
Sub ICB Location,06Q,E38000106,NHS Mid and South Essex ICB - 06Q,183 795,166 572,5 909,11 314,July
Sub ICB Location,06T,E38000117,NHS Suffolk and North East Essex ICB - 06T,201 565,182 490,7 605,11 470,July
Sub ICB Location,07G,E38000185,NHS Mid and South Essex ICB - 07G,102 095,91 608,2 857,7 630,July
Sub ICB Location,07H,E38000197,NHS Hertfordshire and West Essex ICB - 07H,151 177,139 144,5 129,6 904,July
Sub ICB Location,07K,E38000204,NHS Suffolk and North East Essex ICB - 07K,161 604,150 922,3 841,6 841,July
Sub ICB Location,09D,E38000021,NHS Sussex ICB - 09D,143 011,126 946,6 187,9 878,July
Sub ICB Location,10Q,E38000136,"NHS Buckinghamshire, Oxfordshire and Berkshire West ICB - 10Q",373 456,332 822,19 589,21 045,July
Sub ICB Location,10R,E38000137,NHS Hampshire and Isle Of Wight ICB - 10R,109 953,93 461,4 145,12 347,July
Sub ICB Location,11J,E38000045,NHS Dorset ICB - 11J,463 428,423 375,14 302,25 751,July
Sub ICB Location,11M,E38000062,NHS Gloucestershire ICB - 11M,400 379,364 864,12 087,23 428,July
Sub ICB Location,11N,E38000089,NHS Cornwall and The Isles Of Scilly ICB - 11N,388 071,348 139,14 244,25 688,July
Sub ICB Location,11X,E38000150,NHS Somerset ICB - 11X,315 328,282 754,14 898,17 676,July
Sub ICB Location,12F,E38000208,NHS Cheshire and Merseyside ICB - 12F,202 205,176 913,12 613,12 679,July
Sub ICB Location,13T,E38000212,NHS North East and North Cumbria ICB - 13T,282 608,254 699,13 913,13 996,July
Sub ICB Location,14L,E38000217,NHS Greater Manchester ICB - 14L,309 671,267 669,23 360,18 642,July
Sub ICB Location,14Y,E38000223,"NHS Buckinghamshire, Oxfordshire and Berkshire West ICB - 14Y",263 087,234 651,12 882,15 554,July
Sub ICB Location,15A,E38000221,"NHS Buckinghamshire, Oxfordshire and Berkshire West ICB - 15A",262 234,230 799,12 772,18 663,July
Sub ICB Location,15C,E38000222,"NHS Bristol, North Somerset and South Gloucestershire ICB - 15C",531 624,469 777,29 989,31 858,July
Sub ICB Location,15E,E38000258,NHS Birmingham and Solihull ICB - 15E,795 288,698 315,52 679,44 294,July
Sub ICB Location,15F,E38000225,NHS West Yorkshire ICB - 15F,443 303,400 125,19 858,23 320,July
Sub ICB Location,15M,E38000261,NHS Derby and Derbyshire ICB - 15M,615 537,559 542,19 508,36 487,July
Sub ICB Location,15N,E38000230,NHS Devon ICB - 15N,795 684,722 851,24 904,47 929,July
Sub ICB Location,16C,E38000247,NHS North East and North Cumbria ICB - 16C,388 234,347 130,15 582,25 522,July
Sub ICB Location,18C,E38000236,NHS Herefordshire and Worcestershire ICB - 18C,451 135,399 222,20 684,31 229,July
Sub ICB Location,26A,E38000239,NHS Norfolk and Waveney ICB - 26A,634 392,570 691,21 734,41 967,July
Sub ICB Location,27D,E38000233,NHS Cheshire and Merseyside ICB - 27D,380 001,336 815,20 896,22 290,July
Sub ICB Location,36J,E38000232,NHS West Yorkshire ICB - 36J,452 487,411 012,14 916,26 559,July
Sub ICB Location,36L,E38000245,NHS South West London ICB - 36L,749 618,662 266,47 736,39 616,July
Sub ICB Location,42D,E38000241,NHS Humber and North Yorkshire ICB - 42D,339 107,311 168,9 062,18 877,July
Sub ICB Location,52R,E38000243,NHS Nottingham and Nottinghamshire ICB - 52R,582 106,521 461,24 021,36 624,July
Sub ICB Location,70F,E38000248,NHS Sussex ICB - 70F,504 981,464 538,14 624,25 819,July
Sub ICB Location,71E,E38000238,NHS Lincolnshire ICB - 71E,555 626,511 837,15 282,28 507,July
Sub ICB Location,72Q,E38000244,NHS South East London ICB - 72Q,743 801,639 634,52 966,51 201,July
Sub ICB Location,78H,E38000262,NHS Northamptonshire ICB - 78H,430 759,396 730,13 750,20 279,July
Sub ICB Location,84H,E38000234,NHS North East and North Cumbria ICB - 84H,377 623,341 232,12 804,23 587,July
Sub ICB Location,91Q,E38000237,NHS Kent and Medway ICB - 91Q,934 849,812 714,49 547,72 588,July
Sub ICB Location,92A,E38000246,NHS Surrey Heartlands ICB - 92A,548 360,468 157,24 375,55 828,July
Sub ICB Location,92G,E38000231,"NHS Bath and North East Somerset, Swindon and Wiltshire ICB - 92G",566 018,519 656,16 475,29 887,July
Sub ICB Location,93C,E38000240,NHS North Central London ICB - 93C,713 263,631 174,44 391,37 698,July
Sub ICB Location,97R,E38000235,NHS Sussex ICB - 97R,309 774,266 611,14 744,28 419,July
Sub ICB Location,99A,E38000101,NHS Cheshire and Merseyside ICB - 99A,262 109,231 410,18 724,11 975,July
Sub ICB Location,99C,E38000127,NHS North East and North Cumbria ICB - 99C,118 162,106 986,5 074,6 102,July
Sub ICB Location,99E,E38000007,NHS Mid and South Essex ICB - 99E,146 666,133 991,3 656,9 019,July
Sub ICB Location,99F,E38000030,NHS Mid and South Essex ICB - 99F,79 854,72 170,2 502,5 182,July
Sub ICB Location,99G,E38000168,NHS Mid and South Essex ICB - 99G,81 255,73 813,3 311,4 131,July
Sub ICB Location,A3A8R,E38000255,NHS North East London ICB - A3A8R,1 081 774,937 667,81 145,62 962,July
Sub ICB Location,B2M3M,E38000251,NHS Coventry and Warwickshire ICB - B2M3M,489 790,428 344,26 512,34 934,July
Sub ICB Location,D2P2L,E38000259,NHS Black Country ICB - D2P2L,662 537,573 927,39 976,48 634,July
Sub ICB Location,D4U1Y,E38000252,NHS Frimley ICB - D4U1Y,403 463,360 155,23 075,20 233,July
Sub ICB Location,D9Y0V,E38000253,NHS Hampshire and Isle Of Wight ICB - D9Y0V,873 873,778 668,43 670,51 535,July
Sub ICB Location,M1J4Y,E38000249,"NHS Bedfordshire, Luton and Milton Keynes ICB - M1J4Y",519 405,466 498,20 834,32 073,July
Sub ICB Location,M2L0M,E38000257,"NHS Shropshire, Telford and Wrekin ICB - M2L0M",260 537,229 894,12 254,18 389,July
Sub ICB Location,W2U3Z,E38000256,NHS North West London ICB - W2U3Z,1 389 405,1 230 493,77 239,81 673,July
Sub ICB Location,X2C4Y,E38000254,NHS West Yorkshire ICB - X2C4Y,288 880,263 640,9 768,15 472,July
