Type,NHS_area_code,ONS_code,Name,Count_gp_appointments,Attended,Did_not_attend,Unknown,Month
National,ENG,ENG,England,27 512 604,24 831 738,1 158 233,1 522 633,August
Region,Y56,E40000003,London,4 115 673,3 668 560,233 466,213 647,August
Region,Y58,E40000006,South West,2 971 637,2 712 972,100 681,157 984,August
Region,Y59,E40000005,South East,4 205 965,3 782 469,166 552,256 944,August
Region,Y60,E40000011,Midlands,5 375 009,4 852 549,222 281,300 179,August
Region,Y61,E40000007,East of England,3 149 330,2 859 601,105 226,184 503,August
Region,Y62,E40000010,North West,3 223 940,2 892 804,167 234,163 902,August
Region,Y63,E40000012,North East and Yorkshire,4 471 050,4 062 783,162 793,245 474,August
ICB,QE1,E54000048,NHS Lancashire and South Cumbria Integrated Care Board,770 515,695 107,36 910,38 498,August
ICB,QF7,E54000061,NHS South Yorkshire Integrated Care Board,727 577,652 675,28 822,46 080,August
ICB,QGH,E54000019,NHS Herefordshire and Worcestershire Integrated Care Board,411 413,377 929,15 510,17 974,August
ICB,QH8,E54000026,NHS Mid and South Essex Integrated Care Board,517 255,471 560,15 833,29 862,August
ICB,QHG,E54000024,"NHS Bedfordshire, Luton and Milton Keynes Integrated Care Board",453 181,408 071,18 893,26 217,August
ICB,QHL,E54000055,NHS Birmingham and Solihull Integrated Care Board,691 950,613 844,41 759,36 347,August
ICB,QHM,E54000050,NHS North East and North Cumbria Integrated Care Board,1 519 047,1 378 338,59 039,81 670,August
ICB,QJ2,E54000058,NHS Derby and Derbyshire Integrated Care Board,536 107,488 677,16 687,30 743,August
ICB,QJG,E54000023,NHS Suffolk and North East Essex Integrated Care Board,501 280,461 502,14 407,25 371,August
ICB,QJK,E54000037,NHS Devon Integrated Care Board,697 981,638 400,20 977,38 604,August
ICB,QJM,E54000013,NHS Lincolnshire Integrated Care Board,425 384,387 850,13 126,24 408,August
ICB,QK1,E54000015,"NHS Leicester, Leicestershire and Rutland Integrated Care Board",599 580,542 546,22 397,34 637,August
ICB,QKK,E54000030,NHS South East London Integrated Care Board,676 492,597 797,40 600,38 095,August
ICB,QKS,E54000032,NHS Kent and Medway Integrated Care Board,825 567,735 103,33 902,56 562,August
ICB,QM7,E54000025,NHS Hertfordshire and West Essex Integrated Care Board,630 635,571 258,21 791,37 586,August
ICB,QMF,E54000029,NHS North East London Integrated Care Board,944 276,831 855,61 715,50 706,August
ICB,QMJ,E54000028,NHS North Central London Integrated Care Board,624 880,561 934,33 560,29 386,August
ICB,QMM,E54000022,NHS Norfolk and Waveney Integrated Care Board,556 870,503 123,18 067,35 680,August
ICB,QNC,E54000010,NHS Staffordshire and Stoke-on-Trent Integrated Care Board,485 982,438 226,19 721,28 035,August
ICB,QNQ,E54000034,NHS Frimley Integrated Care Board,352 743,317 748,17 208,17 787,August
ICB,QNX,E54000053,NHS Sussex Integrated Care Board,865 189,787 836,28 358,48 995,August
ICB,QOC,E54000011,"NHS Shropshire, Telford and Wrekin Integrated Care Board",238 345,217 799,9 076,11 470,August
ICB,QOP,E54000057,NHS Greater Manchester Integrated Care Board,1 281 626,1 142 471,72 855,66 300,August
ICB,QOQ,E54000051,NHS Humber and North Yorkshire Integrated Care Board,882 367,810 627,25 934,45 806,August
ICB,QOX,E54000040,"NHS Bath and North East Somerset, Swindon and Wiltshire Integrated Care Board",482 977,444 366,14 190,24 421,August
ICB,QPM,E54000059,NHS Northamptonshire Integrated Care Board,371 562,343 082,11 822,16 658,August
ICB,QR1,E54000043,NHS Gloucestershire Integrated Care Board,347 867,318 906,10 421,18 540,August
ICB,QRL,E54000042,NHS Hampshire and the Isle of Wight Integrated Care Board,871 018,782 939,38 215,49 864,August
ICB,QRV,E54000027,NHS North West London Integrated Care Board,1 207 138,1 078 001,62 499,66 638,August
ICB,QSL,E54000038,NHS Somerset Integrated Care Board,257 687,234 012,10 619,13 056,August
ICB,QT1,E54000060,NHS Nottingham and Nottinghamshire Integrated Care Board,582 260,525 846,22 272,34 142,August
ICB,QT6,E54000036,NHS Cornwall and the Isles of Scilly Integrated Care Board,342 319,310 997,11 334,19 988,August
ICB,QU9,E54000044,"NHS Buckinghamshire, Oxfordshire and Berkshire West Integrated Care Board",797 595,727 972,31 757,37 866,August
ICB,QUA,E54000062,NHS Black Country Integrated Care Board,594 912,527 242,30 484,37 186,August
ICB,QUE,E54000056,NHS Cambridgeshire and Peterborough Integrated Care Board,490 109,444 087,16 235,29 787,August
ICB,QUY,E54000039,"NHS Bristol, North Somerset and South Gloucestershire Integrated Care Board",446 959,404 357,20 974,21 628,August
ICB,QVV,E54000041,NHS Dorset Integrated Care Board,395 847,361 934,12 166,21 747,August
ICB,QWE,E54000031,NHS South West London Integrated Care Board,662 887,598 973,35 092,28 822,August
ICB,QWO,E54000054,NHS West Yorkshire Integrated Care Board,1 342 059,1 221 143,48 998,71 918,August
ICB,QWU,E54000018,NHS Coventry and Warwickshire Integrated Care Board,437 514,389 508,19 427,28 579,August
ICB,QXU,E54000052,NHS Surrey Heartlands Integrated Care Board,493 853,430 871,17 112,45 870,August
ICB,QYG,E54000008,NHS Cheshire and Merseyside Integrated Care Board,1 171 799,1 055 226,57 469,59 104,August
Sub ICB Location,00L,E38000130,NHS North East and North Cumbria ICB - 00L,171 115,156 873,5 718,8 524,August
Sub ICB Location,00N,E38000163,NHS North East and North Cumbria ICB - 00N,57 985,52 378,2 213,3 394,August
Sub ICB Location,00P,E38000176,NHS North East and North Cumbria ICB - 00P,117 337,105 373,5 964,6 000,August
Sub ICB Location,00Q,E38000014,NHS Lancashire and South Cumbria ICB - 00Q,66 291,59 192,3 606,3 493,August
Sub ICB Location,00R,E38000015,NHS Lancashire and South Cumbria ICB - 00R,81 375,72 451,4 707,4 217,August
Sub ICB Location,00T,E38000016,NHS Greater Manchester ICB - 00T,143 776,127 728,9 060,6 988,August
Sub ICB Location,00V,E38000024,NHS Greater Manchester ICB - 00V,73 064,67 131,3 388,2 545,August
Sub ICB Location,00X,E38000034,NHS Lancashire and South Cumbria ICB - 00X,79 640,70 879,3 506,5 255,August
Sub ICB Location,00Y,E38000135,NHS Greater Manchester ICB - 00Y,102 717,91 533,6 240,4 944,August
Sub ICB Location,01A,E38000050,NHS Lancashire and South Cumbria ICB - 01A,164 161,146 267,8 771,9 123,August
Sub ICB Location,01D,E38000080,NHS Greater Manchester ICB - 01D,90 096,81 699,5 240,3 157,August
Sub ICB Location,01E,E38000227,NHS Lancashire and South Cumbria ICB - 01E,87 173,77 566,4 250,5 357,August
Sub ICB Location,01F,E38000068,NHS Cheshire and Merseyside ICB - 01F,50 952,44 866,2 846,3 240,August
Sub ICB Location,01G,E38000143,NHS Greater Manchester ICB - 01G,137 012,116 115,7 572,13 325,August
Sub ICB Location,01H,E38000215,NHS North East and North Cumbria ICB - 01H,172 516,156 512,6 376,9 628,August
Sub ICB Location,01J,E38000091,NHS Cheshire and Merseyside ICB - 01J,75 482,66 466,4 423,4 593,August
Sub ICB Location,01K,E38000228,NHS Lancashire and South Cumbria ICB - 01K,143 998,133 489,6 264,4 245,August
Sub ICB Location,01T,E38000161,NHS Cheshire and Merseyside ICB - 01T,50 308,45 549,1 959,2 800,August
Sub ICB Location,01V,E38000170,NHS Cheshire and Merseyside ICB - 01V,63 739,59 090,1 865,2 784,August
Sub ICB Location,01W,E38000174,NHS Greater Manchester ICB - 01W,142 173,128 737,6 157,7 279,August
Sub ICB Location,01X,E38000172,NHS Cheshire and Merseyside ICB - 01X,81 513,71 350,3 649,6 514,August
Sub ICB Location,01Y,E38000263,NHS Greater Manchester ICB - 01Y,100 433,89 008,6 359,5 066,August
Sub ICB Location,02A,E38000187,NHS Greater Manchester ICB - 02A,92 773,84 273,4 327,4 173,August
Sub ICB Location,02E,E38000194,NHS Cheshire and Merseyside ICB - 02E,92 974,86 043,2 807,4 124,August
Sub ICB Location,02G,E38000200,NHS Lancashire and South Cumbria ICB - 02G,52 757,47 892,2 120,2 745,August
Sub ICB Location,02H,E38000205,NHS Greater Manchester ICB - 02H,136 167,123 682,6 418,6 067,August
Sub ICB Location,02M,E38000226,NHS Lancashire and South Cumbria ICB - 02M,95 120,87 371,3 686,4 063,August
Sub ICB Location,02P,E38000006,NHS South Yorkshire ICB - 02P,125 894,113 107,4 467,8 320,August
Sub ICB Location,02Q,E38000008,NHS Nottingham and Nottinghamshire ICB - 02Q,78 055,73 028,2 261,2 766,August
Sub ICB Location,02T,E38000025,NHS West Yorkshire ICB - 02T,105 534,96 884,3 806,4 844,August
Sub ICB Location,02X,E38000044,NHS South Yorkshire ICB - 02X,159 094,142 867,7 397,8 830,August
Sub ICB Location,02Y,E38000052,NHS Humber and North Yorkshire ICB - 02Y,153 280,141 723,4 013,7 544,August
Sub ICB Location,03F,E38000085,NHS Humber and North Yorkshire ICB - 03F,126 177,113 303,5 825,7 049,August
Sub ICB Location,03H,E38000119,NHS Humber and North Yorkshire ICB - 03H,104 346,94 764,2 755,6 827,August
Sub ICB Location,03K,E38000122,NHS Humber and North Yorkshire ICB - 03K,96 213,86 999,2 749,6 465,August
Sub ICB Location,03L,E38000141,NHS South Yorkshire ICB - 03L,148 709,131 454,5 258,11 997,August
Sub ICB Location,03N,E38000146,NHS South Yorkshire ICB - 03N,293 880,265 247,11 700,16 933,August
Sub ICB Location,03Q,E38000188,NHS Humber and North Yorkshire ICB - 03Q,104 498,98 111,2 524,3 863,August
Sub ICB Location,03R,E38000190,NHS West Yorkshire ICB - 03R,208 782,188 377,7 015,13 390,August
Sub ICB Location,03W,E38000051,"NHS Leicester, Leicestershire and Rutland ICB - 03W",180 480,165 282,5 646,9 552,August
Sub ICB Location,04C,E38000097,"NHS Leicester, Leicestershire and Rutland ICB - 04C",215 326,191 047,10 224,14 055,August
Sub ICB Location,04V,E38000201,"NHS Leicester, Leicestershire and Rutland ICB - 04V",203 774,186 217,6 527,11 030,August
Sub ICB Location,04Y,E38000028,NHS Staffordshire and Stoke-on-Trent ICB - 04Y,59 785,54 478,2 388,2 919,August
Sub ICB Location,05D,E38000053,NHS Staffordshire and Stoke-on-Trent ICB - 05D,56 011,50 774,2 157,3 080,August
Sub ICB Location,05G,E38000126,NHS Staffordshire and Stoke-on-Trent ICB - 05G,95 352,86 783,2 959,5 610,August
Sub ICB Location,05Q,E38000153,NHS Staffordshire and Stoke-on-Trent ICB - 05Q,90 384,83 655,3 612,3 117,August
Sub ICB Location,05V,E38000173,NHS Staffordshire and Stoke-on-Trent ICB - 05V,62 775,57 445,2 433,2 897,August
Sub ICB Location,05W,E38000175,NHS Staffordshire and Stoke-on-Trent ICB - 05W,121 675,105 091,6 172,10 412,August
Sub ICB Location,06H,E38000260,NHS Cambridgeshire and Peterborough ICB - 06H,490 109,444 087,16 235,29 787,August
Sub ICB Location,06K,E38000049,NHS Hertfordshire and West Essex ICB - 06K,253 255,228 914,7 953,16 388,August
Sub ICB Location,06L,E38000086,NHS Suffolk and North East Essex ICB - 06L,192 054,177 008,4 815,10 231,August
Sub ICB Location,06N,E38000079,NHS Hertfordshire and West Essex ICB - 06N,245 796,221 342,9 468,14 986,August
Sub ICB Location,06Q,E38000106,NHS Mid and South Essex ICB - 06Q,161 513,148 330,5 046,8 137,August
Sub ICB Location,06T,E38000117,NHS Suffolk and North East Essex ICB - 06T,169 746,153 756,6 505,9 485,August
Sub ICB Location,07G,E38000185,NHS Mid and South Essex ICB - 07G,89 444,80 577,2 629,6 238,August
Sub ICB Location,07H,E38000197,NHS Hertfordshire and West Essex ICB - 07H,131 584,121 002,4 370,6 212,August
Sub ICB Location,07K,E38000204,NHS Suffolk and North East Essex ICB - 07K,139 480,130 738,3 087,5 655,August
Sub ICB Location,09D,E38000021,NHS Sussex ICB - 09D,131 091,119 355,5 059,6 677,August
Sub ICB Location,10Q,E38000136,"NHS Buckinghamshire, Oxfordshire and Berkshire West ICB - 10Q",334 472,308 227,13 669,12 576,August
Sub ICB Location,10R,E38000137,NHS Hampshire and Isle Of Wight ICB - 10R,94 502,80 762,3 681,10 059,August
Sub ICB Location,11J,E38000045,NHS Dorset ICB - 11J,395 847,361 934,12 166,21 747,August
Sub ICB Location,11M,E38000062,NHS Gloucestershire ICB - 11M,347 867,318 906,10 421,18 540,August
Sub ICB Location,11N,E38000089,NHS Cornwall and The Isles Of Scilly ICB - 11N,342 319,310 997,11 334,19 988,August
Sub ICB Location,11X,E38000150,NHS Somerset ICB - 11X,257 687,234 012,10 619,13 056,August
Sub ICB Location,12F,E38000208,NHS Cheshire and Merseyside ICB - 12F,179 935,162 289,9 250,8 396,August
Sub ICB Location,13T,E38000212,NHS North East and North Cumbria ICB - 13T,234 427,214 074,10 619,9 734,August
Sub ICB Location,14L,E38000217,NHS Greater Manchester ICB - 14L,263 415,232 565,18 094,12 756,August
Sub ICB Location,14Y,E38000223,"NHS Buckinghamshire, Oxfordshire and Berkshire West ICB - 14Y",236 106,216 161,9 089,10 856,August
Sub ICB Location,15A,E38000221,"NHS Buckinghamshire, Oxfordshire and Berkshire West ICB - 15A",227 017,203 584,8 999,14 434,August
Sub ICB Location,15C,E38000222,"NHS Bristol, North Somerset and South Gloucestershire ICB - 15C",446 959,404 357,20 974,21 628,August
Sub ICB Location,15E,E38000258,NHS Birmingham and Solihull ICB - 15E,691 950,613 844,41 759,36 347,August
Sub ICB Location,15F,E38000225,NHS West Yorkshire ICB - 15F,387 448,352 081,17 262,18 105,August
Sub ICB Location,15M,E38000261,NHS Derby and Derbyshire ICB - 15M,536 107,488 677,16 687,30 743,August
Sub ICB Location,15N,E38000230,NHS Devon ICB - 15N,697 981,638 400,20 977,38 604,August
Sub ICB Location,16C,E38000247,NHS North East and North Cumbria ICB - 16C,336 597,302 592,13 607,20 398,August
Sub ICB Location,18C,E38000236,NHS Herefordshire and Worcestershire ICB - 18C,411 413,377 929,15 510,17 974,August
Sub ICB Location,26A,E38000239,NHS Norfolk and Waveney ICB - 26A,556 870,503 123,18 067,35 680,August
Sub ICB Location,27D,E38000233,NHS Cheshire and Merseyside ICB - 27D,343 178,310 910,15 335,16 933,August
Sub ICB Location,36J,E38000232,NHS West Yorkshire ICB - 36J,390 503,355 006,12 823,22 674,August
Sub ICB Location,36L,E38000245,NHS South West London ICB - 36L,662 887,598 973,35 092,28 822,August
Sub ICB Location,42D,E38000241,NHS Humber and North Yorkshire ICB - 42D,297 853,275 727,8 068,14 058,August
Sub ICB Location,52R,E38000243,NHS Nottingham and Nottinghamshire ICB - 52R,504 205,452 818,20 011,31 376,August
Sub ICB Location,70F,E38000248,NHS Sussex ICB - 70F,451 791,418 123,12 026,21 642,August
Sub ICB Location,71E,E38000238,NHS Lincolnshire ICB - 71E,425 384,387 850,13 126,24 408,August
Sub ICB Location,72Q,E38000244,NHS South East London ICB - 72Q,676 492,597 797,40 600,38 095,August
Sub ICB Location,78H,E38000262,NHS Northamptonshire ICB - 78H,371 562,343 082,11 822,16 658,August
Sub ICB Location,84H,E38000234,NHS North East and North Cumbria ICB - 84H,326 776,297 132,10 708,18 936,August
Sub ICB Location,91Q,E38000237,NHS Kent and Medway ICB - 91Q,825 567,735 103,33 902,56 562,August
Sub ICB Location,92A,E38000246,NHS Surrey Heartlands ICB - 92A,493 853,430 871,17 112,45 870,August
Sub ICB Location,92G,E38000231,"NHS Bath and North East Somerset, Swindon and Wiltshire ICB - 92G",482 977,444 366,14 190,24 421,August
Sub ICB Location,93C,E38000240,NHS North Central London ICB - 93C,624 880,561 934,33 560,29 386,August
Sub ICB Location,97R,E38000235,NHS Sussex ICB - 97R,282 307,250 358,11 273,20 676,August
Sub ICB Location,99A,E38000101,NHS Cheshire and Merseyside ICB - 99A,233 718,208 663,15 335,9 720,August
Sub ICB Location,99C,E38000127,NHS North East and North Cumbria ICB - 99C,102 294,93 404,3 834,5 056,August
Sub ICB Location,99E,E38000007,NHS Mid and South Essex ICB - 99E,124 270,113 679,2 983,7 608,August
Sub ICB Location,99F,E38000030,NHS Mid and South Essex ICB - 99F,70 909,64 296,2 329,4 284,August
Sub ICB Location,99G,E38000168,NHS Mid and South Essex ICB - 99G,71 119,64 678,2 846,3 595,August
Sub ICB Location,A3A8R,E38000255,NHS North East London ICB - A3A8R,944 276,831 855,61 715,50 706,August
Sub ICB Location,B2M3M,E38000251,NHS Coventry and Warwickshire ICB - B2M3M,437 514,389 508,19 427,28 579,August
Sub ICB Location,D2P2L,E38000259,NHS Black Country ICB - D2P2L,594 912,527 242,30 484,37 186,August
Sub ICB Location,D4U1Y,E38000252,NHS Frimley ICB - D4U1Y,352 743,317 748,17 208,17 787,August
Sub ICB Location,D9Y0V,E38000253,NHS Hampshire and Isle Of Wight ICB - D9Y0V,776 516,702 177,34 534,39 805,August
Sub ICB Location,M1J4Y,E38000249,"NHS Bedfordshire, Luton and Milton Keynes ICB - M1J4Y",453 181,408 071,18 893,26 217,August
Sub ICB Location,M2L0M,E38000257,"NHS Shropshire, Telford and Wrekin ICB - M2L0M",238 345,217 799,9 076,11 470,August
Sub ICB Location,W2U3Z,E38000256,NHS North West London ICB - W2U3Z,1 207 138,1 078 001,62 499,66 638,August
Sub ICB Location,X2C4Y,E38000254,NHS West Yorkshire ICB - X2C4Y,249 792,228 795,8 092,12 905,August
