"YEAR","REGION","ICB_NAME","ICB_CODE","ECOLI_CASES","TOTAL_PRESCRIPTIONS","GP_APPOINTMENTS","IMD_SCORE","POPULATION_COUNT"
2015,"SOUTH WEST","NHS BATH AND NORTH EAST SOMERSET, SWINDON AND WILTSHIRE INTEGRATED CARE BOARD","QOX",59,346629,NA,63.1,898199
2015,"EAST OF ENGLAND","NHS BEDFORDSHIRE, LUTON AND MILTON KEYNES INTEGRATED CARE BOARD","QHG",59,416141,NA,55,934640
2015,"MIDLANDS","NHS BIRMINGHAM AND SOLIHULL INTEGRATED CARE BOARD","QHL",65,550779,NA,70.3,1326629
2015,"MIDLANDS","NHS BLACK COUNTRY INTEGRATED CARE BOARD","QUA",71,549229,NA,71.5,1173921
2015,"SOUTH WEST","NHS BRISTOL, NORTH SOMERSET AND SOUTH GLOUCESTERSHIRE INTEGRATED CARE BOARD","QUY",61,363870,NA,63.8,934532
2015,"SOUTH EAST","NHS BUCKINGHAMSHIRE, OXFORDSHIRE AND BERKSHIRE WEST INTEGRATED CARE BOARD","QU9",56,675477,NA,60.6,1690868
2015,"EAST OF ENGLAND","NHS CAMBRIDGESHIRE AND PETERBOROUGH INTEGRATED CARE BOARD","QUE",51,395216,NA,57.3,870455
2015,"NORTH WEST","NHS CHESHIRE AND MERSEYSIDE INTEGRATED CARE BOARD","QYG",77,1173774,NA,81.5,2445540
2015,"SOUTH WEST","NHS CORNWALL AND THE ISLES OF SCILLY INTEGRATED CARE BOARD","QT6",54,257242,NA,61.1,549572
2015,"MIDLANDS","NHS COVENTRY AND WARWICKSHIRE INTEGRATED CARE BOARD","QWU",69,402352,NA,61.5,892583
2015,"MIDLANDS","NHS DERBY AND DERBYSHIRE INTEGRATED CARE BOARD","QJ2",85,410679,NA,81.4,1034779
2015,"SOUTH WEST","NHS DEVON INTEGRATED CARE BOARD","QJK",69,485182,NA,71,1164950
2015,"SOUTH WEST","NHS DORSET INTEGRATED CARE BOARD","QVV",74,348037,NA,81.8,763227
2015,"SOUTH EAST","NHS FRIMLEY INTEGRATED CARE BOARD","QNQ",57,309555,NA,64.6,739475
2015,"SOUTH WEST","NHS GLOUCESTERSHIRE INTEGRATED CARE BOARD","QR1",51,270899,NA,46.3,617671
2015,"NORTH WEST","NHS GREATER MANCHESTER INTEGRATED CARE BOARD","QOP",63,1313069,NA,68.8,2756962
2015,"SOUTH EAST","NHS HAMPSHIRE AND ISLE OF WIGHT INTEGRATED CARE BOARD","QRL",57,726744,NA,57.5,1781095
2015,"MIDLANDS","NHS HEREFORDSHIRE AND WORCESTERSHIRE INTEGRATED CARE BOARD","QGH",60,328732,NA,62.7,768243
2015,"EAST OF ENGLAND","NHS HERTFORDSHIRE AND WEST ESSEX INTEGRATED CARE BOARD","QM7",58,639050,NA,57.9,1451377
2015,"NORTH EAST AND YORKSHIRE","NHS HUMBER AND NORTH YORKSHIRE INTEGRATED CARE BOARD","QOQ",78,734548,NA,80.8,1676973
2015,"SOUTH EAST","NHS KENT AND MEDWAY INTEGRATED CARE BOARD","QKS",67,784256,NA,71.3,1793053
2015,"NORTH WEST","NHS LANCASHIRE AND SOUTH CUMBRIA INTEGRATED CARE BOARD","QE1",75,787952,NA,78.4,1668205
2015,"MIDLANDS","NHS LEICESTER, LEICESTERSHIRE AND RUTLAND INTEGRATED CARE BOARD","QK1",62,438226,NA,68.8,1059406
2015,"MIDLANDS","NHS LINCOLNSHIRE INTEGRATED CARE BOARD","QJM",71,344128,NA,77.9,738351
2015,"EAST OF ENGLAND","NHS MID AND SOUTH ESSEX INTEGRATED CARE BOARD","QH8",54,538850,NA,61.2,1165495
2015,"EAST OF ENGLAND","NHS NORFOLK AND WAVENEY INTEGRATED CARE BOARD","QMM",61,462204,NA,70.3,998295
2015,"LONDON","NHS NORTH CENTRAL LONDON INTEGRATED CARE BOARD","QMJ",62,446324,NA,61.3,1420919
2015,"NORTH EAST AND YORKSHIRE","NHS NORTH EAST AND NORTH CUMBRIA INTEGRATED CARE BOARD","QHM",83,1444621,NA,88.1,2929837
2015,"LONDON","NHS NORTH EAST LONDON INTEGRATED CARE BOARD","QMF",61,667112,NA,62.6,1915093
2015,"LONDON","NHS NORTH WEST LONDON INTEGRATED CARE BOARD","QRV",58,720512,NA,62.5,2078436
2015,"MIDLANDS","NHS NORTHAMPTONSHIRE INTEGRATED CARE BOARD","QPM",63,324214,NA,66.1,733189
2015,"MIDLANDS","NHS NOTTINGHAM AND NOTTINGHAMSHIRE INTEGRATED CARE BOARD","QT1",95,458745,NA,96.2,1115915
2015,"MIDLANDS","NHS SHROPSHIRE, TELFORD AND WREKIN INTEGRATED CARE BOARD","QOC",65,209759,NA,65.4,483649
2015,"SOUTH WEST","NHS SOMERSET INTEGRATED CARE BOARD","QSL",64,243400,NA,75.1,548792
2015,"LONDON","NHS SOUTH EAST LONDON INTEGRATED CARE BOARD","QKK",51,573771,NA,58.9,1763603
2015,"LONDON","NHS SOUTH WEST LONDON INTEGRATED CARE BOARD","QWE",51,522150,NA,58.3,1481494
2015,"NORTH EAST AND YORKSHIRE","NHS SOUTH YORKSHIRE INTEGRATED CARE BOARD","QF7",86,640185,NA,91.2,1359690
2015,"MIDLANDS","NHS STAFFORDSHIRE AND STOKE-ON-TRENT INTEGRATED CARE BOARD","QNC",74,522082,NA,79.8,1111262
2015,"EAST OF ENGLAND","NHS SUFFOLK AND NORTH EAST ESSEX INTEGRATED CARE BOARD","QJG",61,474196,NA,63.4,953917
2015,"SOUTH EAST","NHS SURREY HEARTLANDS INTEGRATED CARE BOARD","QXU",59,409341,NA,66.5,1023269
2015,"SOUTH EAST","NHS SUSSEX INTEGRATED CARE BOARD","QNX",59,675864,NA,66.1,1660505
2015,"NORTH EAST AND YORKSHIRE","NHS WEST YORKSHIRE INTEGRATED CARE BOARD","QWO",69,1067167,NA,72.5,2334610
2016,"SOUTH WEST","NHS BATH AND NORTH EAST SOMERSET, SWINDON AND WILTSHIRE INTEGRATED CARE BOARD","QOX",63,464456,NA,64.4,908282
2016,"EAST OF ENGLAND","NHS BEDFORDSHIRE, LUTON AND MILTON KEYNES INTEGRATED CARE BOARD","QHG",55,582937,NA,62.7,949976
2016,"MIDLANDS","NHS BIRMINGHAM AND SOLIHULL INTEGRATED CARE BOARD","QHL",70,759541,NA,68.6,1344332
2016,"MIDLANDS","NHS BLACK COUNTRY INTEGRATED CARE BOARD","QUA",72,753552,NA,69.1,1184454
2016,"SOUTH WEST","NHS BRISTOL, NORTH SOMERSET AND SOUTH GLOUCESTERSHIRE INTEGRATED CARE BOARD","QUY",64,512584,NA,61.2,948056
2016,"SOUTH EAST","NHS BUCKINGHAMSHIRE, OXFORDSHIRE AND BERKSHIRE WEST INTEGRATED CARE BOARD","QU9",61,929967,NA,66.2,1710406
2016,"EAST OF ENGLAND","NHS CAMBRIDGESHIRE AND PETERBOROUGH INTEGRATED CARE BOARD","QUE",57,553172,NA,59.3,881914
2016,"NORTH WEST","NHS CHESHIRE AND MERSEYSIDE INTEGRATED CARE BOARD","QYG",82,1617433,NA,90.2,2461826
2016,"SOUTH WEST","NHS CORNWALL AND THE ISLES OF SCILLY INTEGRATED CARE BOARD","QT6",61,355910,NA,70.3,553439
2016,"MIDLANDS","NHS COVENTRY AND WARWICKSHIRE INTEGRATED CARE BOARD","QWU",61,554660,NA,70.5,903689
2016,"MIDLANDS","NHS DERBY AND DERBYSHIRE INTEGRATED CARE BOARD","QJ2",81,573391,NA,88,1039840
2016,"SOUTH WEST","NHS DEVON INTEGRATED CARE BOARD","QJK",71,689110,NA,73.6,1174412
2016,"SOUTH WEST","NHS DORSET INTEGRATED CARE BOARD","QVV",82,481643,NA,88.4,769482
2016,"SOUTH EAST","NHS FRIMLEY INTEGRATED CARE BOARD","QNQ",65,433712,NA,75.1,748219
2016,"SOUTH WEST","NHS GLOUCESTERSHIRE INTEGRATED CARE BOARD","QR1",46,370011,NA,45.4,624076
2016,"NORTH WEST","NHS GREATER MANCHESTER INTEGRATED CARE BOARD","QOP",69,1830889,NA,72.8,2784566
2016,"SOUTH EAST","NHS HAMPSHIRE AND ISLE OF WIGHT INTEGRATED CARE BOARD","QRL",57,998965,NA,61.7,1795367
2016,"MIDLANDS","NHS HEREFORDSHIRE AND WORCESTERSHIRE INTEGRATED CARE BOARD","QGH",63,471258,NA,65.7,774187
2016,"EAST OF ENGLAND","NHS HERTFORDSHIRE AND WEST ESSEX INTEGRATED CARE BOARD","QM7",58,913386,NA,60.5,1466762
2016,"NORTH EAST AND YORKSHIRE","NHS HUMBER AND NORTH YORKSHIRE INTEGRATED CARE BOARD","QOQ",81,1014300,NA,88.2,1683228
2016,"SOUTH EAST","NHS KENT AND MEDWAY INTEGRATED CARE BOARD","QKS",71,1094680,NA,80.9,1808526
2016,"NORTH WEST","NHS LANCASHIRE AND SOUTH CUMBRIA INTEGRATED CARE BOARD","QE1",78,1089881,NA,82.7,1675676
2016,"MIDLANDS","NHS LEICESTER, LEICESTERSHIRE AND RUTLAND INTEGRATED CARE BOARD","QK1",69,609900,NA,65.8,1073921
2016,"MIDLANDS","NHS LINCOLNSHIRE INTEGRATED CARE BOARD","QJM",78,490805,NA,69,746141
2016,"EAST OF ENGLAND","NHS MID AND SOUTH ESSEX INTEGRATED CARE BOARD","QH8",61,771139,NA,67.5,1175518
2016,"EAST OF ENGLAND","NHS NORFOLK AND WAVENEY INTEGRATED CARE BOARD","QMM",70,656879,NA,74.5,1006735
2016,"LONDON","NHS NORTH CENTRAL LONDON INTEGRATED CARE BOARD","QMJ",61,620215,NA,65.1,1434126
2016,"NORTH EAST AND YORKSHIRE","NHS NORTH EAST AND NORTH CUMBRIA INTEGRATED CARE BOARD","QHM",88,1989628,NA,92.5,2936401
2016,"LONDON","NHS NORTH EAST LONDON INTEGRATED CARE BOARD","QMF",63,921097,NA,65,1943961
2016,"LONDON","NHS NORTH WEST LONDON INTEGRATED CARE BOARD","QRV",63,1007186,NA,65,2088429
2016,"MIDLANDS","NHS NORTHAMPTONSHIRE INTEGRATED CARE BOARD","QPM",66,446820,NA,76.1,746666
2016,"MIDLANDS","NHS NOTTINGHAM AND NOTTINGHAMSHIRE INTEGRATED CARE BOARD","QT1",96,650607,NA,93.9,1125047
2016,"MIDLANDS","NHS SHROPSHIRE, TELFORD AND WREKIN INTEGRATED CARE BOARD","QOC",65,291905,NA,68.4,488188
2016,"SOUTH WEST","NHS SOMERSET INTEGRATED CARE BOARD","QSL",75,335119,NA,89.8,554806
2016,"LONDON","NHS SOUTH EAST LONDON INTEGRATED CARE BOARD","QKK",59,781007,NA,60.6,1782617
2016,"LONDON","NHS SOUTH WEST LONDON INTEGRATED CARE BOARD","QWE",58,719070,NA,58.3,1494518
2016,"NORTH EAST AND YORKSHIRE","NHS SOUTH YORKSHIRE INTEGRATED CARE BOARD","QF7",91,866983,NA,97.2,1366070
2016,"MIDLANDS","NHS STAFFORDSHIRE AND STOKE-ON-TRENT INTEGRATED CARE BOARD","QNC",80,747044,NA,83.1,1117398
2016,"EAST OF ENGLAND","NHS SUFFOLK AND NORTH EAST ESSEX INTEGRATED CARE BOARD","QJG",63,659877,NA,70.1,960582
2016,"SOUTH EAST","NHS SURREY HEARTLANDS INTEGRATED CARE BOARD","QXU",66,576646,NA,70.4,1029457
2016,"SOUTH EAST","NHS SUSSEX INTEGRATED CARE BOARD","QNX",66,956658,NA,73.9,1675053
2016,"NORTH EAST AND YORKSHIRE","NHS WEST YORKSHIRE INTEGRATED CARE BOARD","QWO",73,1487516,NA,76,2352685
2017,"SOUTH WEST","NHS BATH AND NORTH EAST SOMERSET, SWINDON AND WILTSHIRE INTEGRATED CARE BOARD","QOX",64,466011,NA,61.2,917464
2017,"EAST OF ENGLAND","NHS BEDFORDSHIRE, LUTON AND MILTON KEYNES INTEGRATED CARE BOARD","QHG",63,563641,NA,61.8,956975
2017,"MIDLANDS","NHS BIRMINGHAM AND SOLIHULL INTEGRATED CARE BOARD","QHL",69,728788,NA,66.1,1354223
2017,"MIDLANDS","NHS BLACK COUNTRY INTEGRATED CARE BOARD","QUA",69,726904,NA,70,1195242
2017,"SOUTH WEST","NHS BRISTOL, NORTH SOMERSET AND SOUTH GLOUCESTERSHIRE INTEGRATED CARE BOARD","QUY",61,487077,NA,61.4,955193
2017,"SOUTH EAST","NHS BUCKINGHAMSHIRE, OXFORDSHIRE AND BERKSHIRE WEST INTEGRATED CARE BOARD","QU9",66,896351,NA,72.5,1722234
2017,"EAST OF ENGLAND","NHS CAMBRIDGESHIRE AND PETERBOROUGH INTEGRATED CARE BOARD","QUE",59,537984,NA,62,889555
2017,"NORTH WEST","NHS CHESHIRE AND MERSEYSIDE INTEGRATED CARE BOARD","QYG",90,1529876,NA,92.1,2475936
2017,"SOUTH WEST","NHS CORNWALL AND THE ISLES OF SCILLY INTEGRATED CARE BOARD","QT6",70,344357,NA,75.8,559091
2017,"MIDLANDS","NHS COVENTRY AND WARWICKSHIRE INTEGRATED CARE BOARD","QWU",71,538081,NA,73,912337
2017,"MIDLANDS","NHS DERBY AND DERBYSHIRE INTEGRATED CARE BOARD","QJ2",88,559979,NA,86.5,1043986
2017,"SOUTH WEST","NHS DEVON INTEGRATED CARE BOARD","QJK",74,698045,NA,76.3,1185975
2017,"SOUTH WEST","NHS DORSET INTEGRATED CARE BOARD","QVV",88,469684,NA,86.5,774049
2017,"SOUTH EAST","NHS FRIMLEY INTEGRATED CARE BOARD","QNQ",75,416450,NA,84.2,751900
2017,"SOUTH WEST","NHS GLOUCESTERSHIRE INTEGRATED CARE BOARD","QR1",45,358121,NA,43.8,629712
2017,"NORTH WEST","NHS GREATER MANCHESTER INTEGRATED CARE BOARD","QOP",73,1772608,NA,70.6,2804283
2017,"SOUTH EAST","NHS HAMPSHIRE AND ISLE OF WIGHT INTEGRATED CARE BOARD","QRL",62,976134,NA,64.2,1804547
2017,"MIDLANDS","NHS HEREFORDSHIRE AND WORCESTERSHIRE INTEGRATED CARE BOARD","QGH",66,459158,NA,65.5,778727
2017,"EAST OF ENGLAND","NHS HERTFORDSHIRE AND WEST ESSEX INTEGRATED CARE BOARD","QM7",61,872237,NA,65.4,1473872
2017,"NORTH EAST AND YORKSHIRE","NHS HUMBER AND NORTH YORKSHIRE INTEGRATED CARE BOARD","QOQ",88,980365,NA,88.6,1688026
2017,"SOUTH EAST","NHS KENT AND MEDWAY INTEGRATED CARE BOARD","QKS",81,1073904,NA,80.7,1821359
2017,"NORTH WEST","NHS LANCASHIRE AND SOUTH CUMBRIA INTEGRATED CARE BOARD","QE1",83,1030174,NA,86,1683660
2017,"MIDLANDS","NHS LEICESTER, LEICESTERSHIRE AND RUTLAND INTEGRATED CARE BOARD","QK1",66,583574,NA,60.1,1089182
2017,"MIDLANDS","NHS LINCOLNSHIRE INTEGRATED CARE BOARD","QJM",69,498060,NA,72.2,753031
2017,"EAST OF ENGLAND","NHS MID AND SOUTH ESSEX INTEGRATED CARE BOARD","QH8",68,730290,NA,70.1,1181834
2017,"EAST OF ENGLAND","NHS NORFOLK AND WAVENEY INTEGRATED CARE BOARD","QMM",74,651593,NA,75.4,1014834
2017,"LONDON","NHS NORTH CENTRAL LONDON INTEGRATED CARE BOARD","QMJ",65,604119,NA,66.2,1432025
2017,"NORTH EAST AND YORKSHIRE","NHS NORTH EAST AND NORTH CUMBRIA INTEGRATED CARE BOARD","QHM",93,1941079,NA,96.5,2941781
2017,"LONDON","NHS NORTH EAST LONDON INTEGRATED CARE BOARD","QMF",65,882219,NA,62.2,1960058
2017,"LONDON","NHS NORTH WEST LONDON INTEGRATED CARE BOARD","QRV",65,934435,NA,66.7,2091406
2017,"MIDLANDS","NHS NORTHAMPTONSHIRE INTEGRATED CARE BOARD","QPM",76,450360,NA,75.1,759436
2017,"MIDLANDS","NHS NOTTINGHAM AND NOTTINGHAMSHIRE INTEGRATED CARE BOARD","QT1",94,637742,NA,83.8,1132711
2017,"MIDLANDS","NHS SHROPSHIRE, TELFORD AND WREKIN INTEGRATED CARE BOARD","QOC",68,276779,NA,67.6,492760
2017,"SOUTH WEST","NHS SOMERSET INTEGRATED CARE BOARD","QSL",90,322621,NA,89.7,558895
2017,"LONDON","NHS SOUTH EAST LONDON INTEGRATED CARE BOARD","QKK",61,766011,NA,58.3,1791795
2017,"LONDON","NHS SOUTH WEST LONDON INTEGRATED CARE BOARD","QWE",58,701927,NA,58.2,1500945
2017,"NORTH EAST AND YORKSHIRE","NHS SOUTH YORKSHIRE INTEGRATED CARE BOARD","QF7",97,836642,NA,88.8,1368187
2017,"MIDLANDS","NHS STAFFORDSHIRE AND STOKE-ON-TRENT INTEGRATED CARE BOARD","QNC",83,710962,NA,78.9,1121763
2017,"EAST OF ENGLAND","NHS SUFFOLK AND NORTH EAST ESSEX INTEGRATED CARE BOARD","QJG",70,651405,NA,67.5,968804
2017,"SOUTH EAST","NHS SURREY HEARTLANDS INTEGRATED CARE BOARD","QXU",70,554973,NA,68.8,1032558
2017,"SOUTH EAST","NHS SUSSEX INTEGRATED CARE BOARD","QNX",74,934132,NA,78.3,1683734
2017,"NORTH EAST AND YORKSHIRE","NHS WEST YORKSHIRE INTEGRATED CARE BOARD","QWO",76,1427767,NA,74.5,2365463
2018,"SOUTH WEST","NHS BATH AND NORTH EAST SOMERSET, SWINDON AND WILTSHIRE INTEGRATED CARE BOARD","QOX",61,466460,NA,68.3,924266
2018,"EAST OF ENGLAND","NHS BEDFORDSHIRE, LUTON AND MILTON KEYNES INTEGRATED CARE BOARD","QHG",62,529847,NA,65.8,965638
2018,"MIDLANDS","NHS BIRMINGHAM AND SOLIHULL INTEGRATED CARE BOARD","QHL",66,697035,NA,75.9,1360951
2018,"MIDLANDS","NHS BLACK COUNTRY INTEGRATED CARE BOARD","QUA",70,685069,NA,76,1203361
2018,"SOUTH WEST","NHS BRISTOL, NORTH SOMERSET AND SOUTH GLOUCESTERSHIRE INTEGRATED CARE BOARD","QUY",61,464716,NA,73.7,963105
2018,"SOUTH EAST","NHS BUCKINGHAMSHIRE, OXFORDSHIRE AND BERKSHIRE WEST INTEGRATED CARE BOARD","QU9",73,867762,NA,70.2,1736001
2018,"EAST OF ENGLAND","NHS CAMBRIDGESHIRE AND PETERBOROUGH INTEGRATED CARE BOARD","QUE",62,524736,NA,69.1,896611
2018,"NORTH WEST","NHS CHESHIRE AND MERSEYSIDE INTEGRATED CARE BOARD","QYG",92,1508000,NA,91.2,2489958
2018,"SOUTH WEST","NHS CORNWALL AND THE ISLES OF SCILLY INTEGRATED CARE BOARD","QT6",76,331242,NA,85.8,562127
2018,"MIDLANDS","NHS COVENTRY AND WARWICKSHIRE INTEGRATED CARE BOARD","QWU",73,515196,NA,74.5,921200
2018,"MIDLANDS","NHS DERBY AND DERBYSHIRE INTEGRATED CARE BOARD","QJ2",86,540321,5969515,99.1,1047321
2018,"SOUTH WEST","NHS DEVON INTEGRATED CARE BOARD","QJK",76,679685,7457620,86.7,1193623
2018,"SOUTH WEST","NHS DORSET INTEGRATED CARE BOARD","QVV",87,438596,22619467,91.2,775668
2018,"SOUTH EAST","NHS FRIMLEY INTEGRATED CARE BOARD","QNQ",84,388742,NA,84.8,755629
2018,"SOUTH WEST","NHS GLOUCESTERSHIRE INTEGRATED CARE BOARD","QR1",44,334399,NA,45.1,634653
2018,"NORTH WEST","NHS GREATER MANCHESTER INTEGRATED CARE BOARD","QOP",71,1705193,NA,78.5,2823878
2018,"SOUTH EAST","NHS HAMPSHIRE AND ISLE OF WIGHT INTEGRATED CARE BOARD","QRL",64,917099,NA,63.3,1809464
2018,"MIDLANDS","NHS HEREFORDSHIRE AND WORCESTERSHIRE INTEGRATED CARE BOARD","QGH",65,459274,NA,68.5,781503
2018,"EAST OF ENGLAND","NHS HERTFORDSHIRE AND WEST ESSEX INTEGRATED CARE BOARD","QM7",65,833650,NA,67.5,1480063
2018,"NORTH EAST AND YORKSHIRE","NHS HUMBER AND NORTH YORKSHIRE INTEGRATED CARE BOARD","QOQ",89,933342,NA,93.2,1689526
2018,"SOUTH EAST","NHS KENT AND MEDWAY INTEGRATED CARE BOARD","QKS",81,1044429,NA,77.5,1831680
2018,"NORTH WEST","NHS LANCASHIRE AND SOUTH CUMBRIA INTEGRATED CARE BOARD","QE1",86,1006280,31866307,86.8,1690299
2018,"MIDLANDS","NHS LEICESTER, LEICESTERSHIRE AND RUTLAND INTEGRATED CARE BOARD","QK1",60,564423,NA,56.8,1102237
2018,"MIDLANDS","NHS LINCOLNSHIRE INTEGRATED CARE BOARD","QJM",72,494123,NA,79.5,757281
2018,"EAST OF ENGLAND","NHS MID AND SOUTH ESSEX INTEGRATED CARE BOARD","QH8",70,704541,34456178,73.3,1187367
2018,"EAST OF ENGLAND","NHS NORFOLK AND WAVENEY INTEGRATED CARE BOARD","QMM",75,626632,NA,73.8,1019909
2018,"LONDON","NHS NORTH CENTRAL LONDON INTEGRATED CARE BOARD","QMJ",66,593715,35604069,64.8,1435182
2018,"NORTH EAST AND YORKSHIRE","NHS NORTH EAST AND NORTH CUMBRIA INTEGRATED CARE BOARD","QHM",97,1868063,NA,104.1,2947451
2018,"LONDON","NHS NORTH EAST LONDON INTEGRATED CARE BOARD","QMF",62,835278,NA,61.4,1983158
2018,"LONDON","NHS NORTH WEST LONDON INTEGRATED CARE BOARD","QRV",67,880235,NA,71.3,2104696
2018,"MIDLANDS","NHS NORTHAMPTONSHIRE INTEGRATED CARE BOARD","QPM",75,439459,NA,68.1,769240
2018,"MIDLANDS","NHS NOTTINGHAM AND NOTTINGHAMSHIRE INTEGRATED CARE BOARD","QT1",84,616008,50325958,85.5,1139072
2018,"MIDLANDS","NHS SHROPSHIRE, TELFORD AND WREKIN INTEGRATED CARE BOARD","QOC",68,271818,NA,79.3,496660
2018,"SOUTH WEST","NHS SOMERSET INTEGRATED CARE BOARD","QSL",90,310975,NA,90.9,562159
2018,"LONDON","NHS SOUTH EAST LONDON INTEGRATED CARE BOARD","QKK",58,732817,NA,63.6,1803926
2018,"LONDON","NHS SOUTH WEST LONDON INTEGRATED CARE BOARD","QWE",58,683310,NA,57.9,1506373
2018,"NORTH EAST AND YORKSHIRE","NHS SOUTH YORKSHIRE INTEGRATED CARE BOARD","QF7",89,789481,49847448,94.1,1372522
2018,"MIDLANDS","NHS STAFFORDSHIRE AND STOKE-ON-TRENT INTEGRATED CARE BOARD","QNC",79,677806,NA,86.6,1125653
2018,"EAST OF ENGLAND","NHS SUFFOLK AND NORTH EAST ESSEX INTEGRATED CARE BOARD","QJG",67,620826,NA,73.1,973192
2018,"SOUTH EAST","NHS SURREY HEARTLANDS INTEGRATED CARE BOARD","QXU",69,537454,NA,72.1,1033950
2018,"SOUTH EAST","NHS SUSSEX INTEGRATED CARE BOARD","QNX",78,912815,40340230,72.6,1692217
2018,"NORTH EAST AND YORKSHIRE","NHS WEST YORKSHIRE INTEGRATED CARE BOARD","QWO",75,1375251,NA,82.6,2375758
2019,"SOUTH WEST","NHS BATH AND NORTH EAST SOMERSET, SWINDON AND WILTSHIRE INTEGRATED CARE BOARD","QOX",68,452776,NA,66.9,931106
2019,"EAST OF ENGLAND","NHS BEDFORDSHIRE, LUTON AND MILTON KEYNES INTEGRATED CARE BOARD","QHG",66,504277,NA,61.8,976433
2019,"MIDLANDS","NHS BIRMINGHAM AND SOLIHULL INTEGRATED CARE BOARD","QHL",76,697839,NA,74.1,1366969
2019,"MIDLANDS","NHS BLACK COUNTRY INTEGRATED CARE BOARD","QUA",76,659170,NA,72.4,1210407
2019,"SOUTH WEST","NHS BRISTOL, NORTH SOMERSET AND SOUTH GLOUCESTERSHIRE INTEGRATED CARE BOARD","QUY",74,449147,NA,68.5,970023
2019,"SOUTH EAST","NHS BUCKINGHAMSHIRE, OXFORDSHIRE AND BERKSHIRE WEST INTEGRATED CARE BOARD","QU9",70,839889,NA,75,1748767
2019,"EAST OF ENGLAND","NHS CAMBRIDGESHIRE AND PETERBOROUGH INTEGRATED CARE BOARD","QUE",69,507212,NA,65.9,901714
2019,"NORTH WEST","NHS CHESHIRE AND MERSEYSIDE INTEGRATED CARE BOARD","QYG",91,1471188,NA,93.7,2502280
2019,"SOUTH WEST","NHS CORNWALL AND THE ISLES OF SCILLY INTEGRATED CARE BOARD","QT6",86,320076,NA,88.7,565793
2019,"MIDLANDS","NHS COVENTRY AND WARWICKSHIRE INTEGRATED CARE BOARD","QWU",75,506200,NA,70.8,927870
2019,"MIDLANDS","NHS DERBY AND DERBYSHIRE INTEGRATED CARE BOARD","QJ2",99,538250,1509682,89.6,1051894
2019,"SOUTH WEST","NHS DEVON INTEGRATED CARE BOARD","QJK",87,666731,1800810,87.5,1200337
2019,"SOUTH WEST","NHS DORSET INTEGRATED CARE BOARD","QVV",91,418757,31446579,91.9,777881
2019,"SOUTH EAST","NHS FRIMLEY INTEGRATED CARE BOARD","QNQ",85,371368,NA,82.3,760288
2019,"SOUTH WEST","NHS GLOUCESTERSHIRE INTEGRATED CARE BOARD","QR1",45,324213,NA,40,638676
2019,"NORTH WEST","NHS GREATER MANCHESTER INTEGRATED CARE BOARD","QOP",78,1652970,NA,69.4,2847959
2019,"SOUTH EAST","NHS HAMPSHIRE AND ISLE OF WIGHT INTEGRATED CARE BOARD","QRL",63,886012,NA,69.1,1812765
2019,"MIDLANDS","NHS HEREFORDSHIRE AND WORCESTERSHIRE INTEGRATED CARE BOARD","QGH",69,464178,NA,68,784623
2019,"EAST OF ENGLAND","NHS HERTFORDSHIRE AND WEST ESSEX INTEGRATED CARE BOARD","QM7",67,806232,NA,70.7,1488874
2019,"NORTH EAST AND YORKSHIRE","NHS HUMBER AND NORTH YORKSHIRE INTEGRATED CARE BOARD","QOQ",93,910676,NA,92.7,1693839
2019,"SOUTH EAST","NHS KENT AND MEDWAY INTEGRATED CARE BOARD","QKS",78,1018012,NA,84.5,1842692
2019,"NORTH WEST","NHS LANCASHIRE AND SOUTH CUMBRIA INTEGRATED CARE BOARD","QE1",87,996078,34335399,87.9,1700827
2019,"MIDLANDS","NHS LEICESTER, LEICESTERSHIRE AND RUTLAND INTEGRATED CARE BOARD","QK1",57,553989,NA,58.2,1110768
2019,"MIDLANDS","NHS LINCOLNSHIRE INTEGRATED CARE BOARD","QJM",80,503798,NA,82.1,761263
2019,"EAST OF ENGLAND","NHS MID AND SOUTH ESSEX INTEGRATED CARE BOARD","QH8",73,672589,35329180,78.2,1194695
2019,"EAST OF ENGLAND","NHS NORFOLK AND WAVENEY INTEGRATED CARE BOARD","QMM",74,616956,NA,69.4,1023324
2019,"LONDON","NHS NORTH CENTRAL LONDON INTEGRATED CARE BOARD","QMJ",65,590774,39790010,65.9,1438587
2019,"NORTH EAST AND YORKSHIRE","NHS NORTH EAST AND NORTH CUMBRIA INTEGRATED CARE BOARD","QHM",104,1821861,NA,98.8,2954912
2019,"LONDON","NHS NORTH EAST LONDON INTEGRATED CARE BOARD","QMF",61,815042,NA,61.8,2002361
2019,"LONDON","NHS NORTH WEST LONDON INTEGRATED CARE BOARD","QRV",71,874009,NA,69.1,2115848
2019,"MIDLANDS","NHS NORTHAMPTONSHIRE INTEGRATED CARE BOARD","QPM",68,424388,NA,65.2,777016
2019,"MIDLANDS","NHS NOTTINGHAM AND NOTTINGHAMSHIRE INTEGRATED CARE BOARD","QT1",85,617867,56718659,88.4,1143060
2019,"MIDLANDS","NHS SHROPSHIRE, TELFORD AND WREKIN INTEGRATED CARE BOARD","QOC",79,270515,NA,81.8,501810
2019,"SOUTH WEST","NHS SOMERSET INTEGRATED CARE BOARD","QSL",91,304894,NA,93.3,564987
2019,"LONDON","NHS SOUTH EAST LONDON INTEGRATED CARE BOARD","QKK",64,730841,NA,60.8,1814029
2019,"LONDON","NHS SOUTH WEST LONDON INTEGRATED CARE BOARD","QWE",58,672342,NA,57.9,1518918
2019,"NORTH EAST AND YORKSHIRE","NHS SOUTH YORKSHIRE INTEGRATED CARE BOARD","QF7",94,776806,50605503,93.4,1374386
2019,"MIDLANDS","NHS STAFFORDSHIRE AND STOKE-ON-TRENT INTEGRATED CARE BOARD","QNC",87,661073,NA,88.8,1129298
2019,"EAST OF ENGLAND","NHS SUFFOLK AND NORTH EAST ESSEX INTEGRATED CARE BOARD","QJG",73,604752,NA,81.4,977127
2019,"SOUTH EAST","NHS SURREY HEARTLANDS INTEGRATED CARE BOARD","QXU",72,527748,NA,76.1,1038338
2019,"SOUTH EAST","NHS SUSSEX INTEGRATED CARE BOARD","QNX",73,891708,43612997,76,1696921
2019,"NORTH EAST AND YORKSHIRE","NHS WEST YORKSHIRE INTEGRATED CARE BOARD","QWO",83,1350844,NA,79.4,2390391
2020,"SOUTH WEST","NHS BATH AND NORTH EAST SOMERSET, SWINDON AND WILTSHIRE INTEGRATED CARE BOARD","QOX",67,406135,3814239,60.8,937783
2020,"EAST OF ENGLAND","NHS BEDFORDSHIRE, LUTON AND MILTON KEYNES INTEGRATED CARE BOARD","QHG",62,437552,NA,44.1,986038
2020,"MIDLANDS","NHS BIRMINGHAM AND SOLIHULL INTEGRATED CARE BOARD","QHL",74,606630,NA,67.5,1365124
2020,"MIDLANDS","NHS BLACK COUNTRY INTEGRATED CARE BOARD","QUA",72,561583,NA,60.6,1211650
2020,"SOUTH WEST","NHS BRISTOL, NORTH SOMERSET AND SOUTH GLOUCESTERSHIRE INTEGRATED CARE BOARD","QUY",68,391743,NA,60.3,974883
2020,"SOUTH EAST","NHS BUCKINGHAMSHIRE, OXFORDSHIRE AND BERKSHIRE WEST INTEGRATED CARE BOARD","QU9",75,744756,NA,62.6,1760509
2020,"EAST OF ENGLAND","NHS CAMBRIDGESHIRE AND PETERBOROUGH INTEGRATED CARE BOARD","QUE",66,447551,NA,61,905115
2020,"NORTH WEST","NHS CHESHIRE AND MERSEYSIDE INTEGRATED CARE BOARD","QYG",94,1313938,2509274,77,2505804
2020,"SOUTH WEST","NHS CORNWALL AND THE ISLES OF SCILLY INTEGRATED CARE BOARD","QT6",89,284346,NA,76.3,567075
2020,"MIDLANDS","NHS COVENTRY AND WARWICKSHIRE INTEGRATED CARE BOARD","QWU",71,460056,NA,65.3,933955
2020,"MIDLANDS","NHS DERBY AND DERBYSHIRE INTEGRATED CARE BOARD","QJ2",90,477337,NA,82.8,1052832
2020,"SOUTH WEST","NHS DEVON INTEGRATED CARE BOARD","QJK",88,588499,NA,83.4,1204321
2020,"SOUTH WEST","NHS DORSET INTEGRATED CARE BOARD","QVV",92,380025,18995822,78.1,777234
2020,"SOUTH EAST","NHS FRIMLEY INTEGRATED CARE BOARD","QNQ",82,318232,NA,72,763426
2020,"SOUTH WEST","NHS GLOUCESTERSHIRE INTEGRATED CARE BOARD","QR1",40,297729,NA,36.2,640572
2020,"NORTH WEST","NHS GREATER MANCHESTER INTEGRATED CARE BOARD","QOP",69,1442136,NA,58,2856110
2020,"SOUTH EAST","NHS HAMPSHIRE AND ISLE OF WIGHT INTEGRATED CARE BOARD","QRL",69,794372,NA,60.7,1816220
2020,"MIDLANDS","NHS HEREFORDSHIRE AND WORCESTERSHIRE INTEGRATED CARE BOARD","QGH",68,412643,2956231,58.6,785705
2020,"EAST OF ENGLAND","NHS HERTFORDSHIRE AND WEST ESSEX INTEGRATED CARE BOARD","QM7",71,711493,NA,56,1495402
2020,"NORTH EAST AND YORKSHIRE","NHS HUMBER AND NORTH YORKSHIRE INTEGRATED CARE BOARD","QOQ",93,804678,1744485,78.1,1692548
2020,"SOUTH EAST","NHS KENT AND MEDWAY INTEGRATED CARE BOARD","QKS",84,894444,5788933,67.9,1848335
2020,"NORTH WEST","NHS LANCASHIRE AND SOUTH CUMBRIA INTEGRATED CARE BOARD","QE1",88,873548,27501359,69.8,1706454
2020,"MIDLANDS","NHS LEICESTER, LEICESTERSHIRE AND RUTLAND INTEGRATED CARE BOARD","QK1",58,479837,NA,48,1115091
2020,"MIDLANDS","NHS LINCOLNSHIRE INTEGRATED CARE BOARD","QJM",82,456442,2654032,68.8,763610
2020,"EAST OF ENGLAND","NHS MID AND SOUTH ESSEX INTEGRATED CARE BOARD","QH8",78,580162,27388930,63.2,1196894
2020,"EAST OF ENGLAND","NHS NORFOLK AND WAVENEY INTEGRATED CARE BOARD","QMM",69,545694,4248589,72,1026251
2020,"LONDON","NHS NORTH CENTRAL LONDON INTEGRATED CARE BOARD","QMJ",66,511676,23063633,49.2,1429515
2020,"NORTH EAST AND YORKSHIRE","NHS NORTH EAST AND NORTH CUMBRIA INTEGRATED CARE BOARD","QHM",99,1670689,2427149,83.6,2955715
2020,"LONDON","NHS NORTH EAST LONDON INTEGRATED CARE BOARD","QMF",62,697099,NA,48.2,2001328
2020,"LONDON","NHS NORTH WEST LONDON INTEGRATED CARE BOARD","QRV",69,770446,NA,55.7,2107491
2020,"MIDLANDS","NHS NORTHAMPTONSHIRE INTEGRATED CARE BOARD","QPM",65,375951,2717129,64.6,778996
2020,"MIDLANDS","NHS NOTTINGHAM AND NOTTINGHAMSHIRE INTEGRATED CARE BOARD","QT1",88,538419,40750707,78.2,1144940
2020,"MIDLANDS","NHS SHROPSHIRE, TELFORD AND WREKIN INTEGRATED CARE BOARD","QOC",82,237193,NA,71.1,504537
2020,"SOUTH WEST","NHS SOMERSET INTEGRATED CARE BOARD","QSL",93,271279,NA,82.5,566310
2020,"LONDON","NHS SOUTH EAST LONDON INTEGRATED CARE BOARD","QKK",61,639295,5430801,48.6,1808306
2020,"LONDON","NHS SOUTH WEST LONDON INTEGRATED CARE BOARD","QWE",58,590673,4782318,48.3,1520368
2020,"NORTH EAST AND YORKSHIRE","NHS SOUTH YORKSHIRE INTEGRATED CARE BOARD","QF7",93,677648,34441286,75.2,1373015
2020,"MIDLANDS","NHS STAFFORDSHIRE AND STOKE-ON-TRENT INTEGRATED CARE BOARD","QNC",89,578969,NA,78,1130953
2020,"EAST OF ENGLAND","NHS SUFFOLK AND NORTH EAST ESSEX INTEGRATED CARE BOARD","QJG",81,536011,NA,66.2,978534
2020,"SOUTH EAST","NHS SURREY HEARTLANDS INTEGRATED CARE BOARD","QXU",76,453190,3318651,67.6,1041708
2020,"SOUTH EAST","NHS SUSSEX INTEGRATED CARE BOARD","QNX",76,791855,20752381,65.4,1698432
2020,"NORTH EAST AND YORKSHIRE","NHS WEST YORKSHIRE INTEGRATED CARE BOARD","QWO",79,1169815,5258727,69.8,2396872
2021,"SOUTH WEST","NHS BATH AND NORTH EAST SOMERSET, SWINDON AND WILTSHIRE INTEGRATED CARE BOARD","QOX",61,396255,4281974,54.7,945766
2021,"EAST OF ENGLAND","NHS BEDFORDSHIRE, LUTON AND MILTON KEYNES INTEGRATED CARE BOARD","QHG",44,438154,3878266,44.2,1001770
2021,"MIDLANDS","NHS BIRMINGHAM AND SOLIHULL INTEGRATED CARE BOARD","QHL",67,619169,NA,66.2,1359962
2021,"MIDLANDS","NHS BLACK COUNTRY INTEGRATED CARE BOARD","QUA",61,576019,5635710,58.7,1214138
2021,"SOUTH WEST","NHS BRISTOL, NORTH SOMERSET AND SOUTH GLOUCESTERSHIRE INTEGRATED CARE BOARD","QUY",60,379381,NA,57.6,979556
2021,"SOUTH EAST","NHS BUCKINGHAMSHIRE, OXFORDSHIRE AND BERKSHIRE WEST INTEGRATED CARE BOARD","QU9",63,744408,NA,64.7,1781954
2021,"EAST OF ENGLAND","NHS CAMBRIDGESHIRE AND PETERBOROUGH INTEGRATED CARE BOARD","QUE",61,448806,NA,64,917491
2021,"NORTH WEST","NHS CHESHIRE AND MERSEYSIDE INTEGRATED CARE BOARD","QYG",77,1328727,3111951,76.7,2521674
2021,"SOUTH WEST","NHS CORNWALL AND THE ISLES OF SCILLY INTEGRATED CARE BOARD","QT6",76,280574,NA,77.9,574219
2021,"MIDLANDS","NHS COVENTRY AND WARWICKSHIRE INTEGRATED CARE BOARD","QWU",65,461787,3918642,62.1,943266
2021,"MIDLANDS","NHS DERBY AND DERBYSHIRE INTEGRATED CARE BOARD","QJ2",83,464661,NA,81.4,1057970
2021,"SOUTH WEST","NHS DEVON INTEGRATED CARE BOARD","QJK",83,575153,NA,78,1218643
2021,"SOUTH WEST","NHS DORSET INTEGRATED CARE BOARD","QVV",78,379695,26899874,79.1,781400
2021,"SOUTH EAST","NHS FRIMLEY INTEGRATED CARE BOARD","QNQ",72,316325,2973876,75,766826
2021,"SOUTH WEST","NHS GLOUCESTERSHIRE INTEGRATED CARE BOARD","QR1",36,296259,NA,37.2,646485
2021,"NORTH WEST","NHS GREATER MANCHESTER INTEGRATED CARE BOARD","QOP",58,1476604,NA,62.5,2869531
2021,"SOUTH EAST","NHS HAMPSHIRE AND ISLE OF WIGHT INTEGRATED CARE BOARD","QRL",61,784283,6650429,67.5,1826528
2021,"MIDLANDS","NHS HEREFORDSHIRE AND WORCESTERSHIRE INTEGRATED CARE BOARD","QGH",59,424589,3752507,64,792424
2021,"EAST OF ENGLAND","NHS HERTFORDSHIRE AND WEST ESSEX INTEGRATED CARE BOARD","QM7",56,721474,NA,61.2,1500915
2021,"NORTH EAST AND YORKSHIRE","NHS HUMBER AND NORTH YORKSHIRE INTEGRATED CARE BOARD","QOQ",78,827644,2012903,76.8,1700188
2021,"SOUTH EAST","NHS KENT AND MEDWAY INTEGRATED CARE BOARD","QKS",68,899900,7460820,71.8,1858455
2021,"NORTH WEST","NHS LANCASHIRE AND SOUTH CUMBRIA INTEGRATED CARE BOARD","QE1",70,907420,32551202,73.9,1718731
2021,"MIDLANDS","NHS LEICESTER, LEICESTERSHIRE AND RUTLAND INTEGRATED CARE BOARD","QK1",48,484937,NA,50,1120914
2021,"MIDLANDS","NHS LINCOLNSHIRE INTEGRATED CARE BOARD","QJM",69,466730,3361030,70.6,769440
2021,"EAST OF ENGLAND","NHS MID AND SOUTH ESSEX INTEGRATED CARE BOARD","QH8",63,591689,25087042,65,1201441
2021,"EAST OF ENGLAND","NHS NORFOLK AND WAVENEY INTEGRATED CARE BOARD","QMM",72,555091,4906554,73.8,1034922
2021,"LONDON","NHS NORTH CENTRAL LONDON INTEGRATED CARE BOARD","QMJ",49,505195,9822107,57.3,1411166
2021,"NORTH EAST AND YORKSHIRE","NHS NORTH EAST AND NORTH CUMBRIA INTEGRATED CARE BOARD","QHM",84,1695061,3039142,86.1,2967777
2021,"LONDON","NHS NORTH EAST LONDON INTEGRATED CARE BOARD","QMF",48,688082,7662166,55.3,2001819
2021,"LONDON","NHS NORTH WEST LONDON INTEGRATED CARE BOARD","QRV",56,772431,7050431,60.4,2093775
2021,"MIDLANDS","NHS NORTHAMPTONSHIRE INTEGRATED CARE BOARD","QPM",65,373010,3171688,53.4,787125
2021,"MIDLANDS","NHS NOTTINGHAM AND NOTTINGHAMSHIRE INTEGRATED CARE BOARD","QT1",78,542429,30209754,82.2,1146110
2021,"MIDLANDS","NHS SHROPSHIRE, TELFORD AND WREKIN INTEGRATED CARE BOARD","QOC",71,238596,1849440,70.3,510526
2021,"SOUTH WEST","NHS SOMERSET INTEGRATED CARE BOARD","QSL",82,264818,NA,80.7,573100
2021,"LONDON","NHS SOUTH EAST LONDON INTEGRATED CARE BOARD","QKK",49,622095,6395539,56.3,1790539
2021,"LONDON","NHS SOUTH WEST LONDON INTEGRATED CARE BOARD","QWE",48,582710,5767891,48.6,1507470
2021,"NORTH EAST AND YORKSHIRE","NHS SOUTH YORKSHIRE INTEGRATED CARE BOARD","QF7",75,657382,33183043,80.5,1374792
2021,"MIDLANDS","NHS STAFFORDSHIRE AND STOKE-ON-TRENT INTEGRATED CARE BOARD","QNC",78,592949,NA,75.4,1135910
2021,"EAST OF ENGLAND","NHS SUFFOLK AND NORTH EAST ESSEX INTEGRATED CARE BOARD","QJG",66,536935,NA,67.4,988472
2021,"SOUTH EAST","NHS SURREY HEARTLANDS INTEGRATED CARE BOARD","QXU",68,438283,3505282,69.4,1051991
2021,"SOUTH EAST","NHS SUSSEX INTEGRATED CARE BOARD","QNX",65,777794,20517857,65.3,1708363
2021,"NORTH EAST AND YORKSHIRE","NHS WEST YORKSHIRE INTEGRATED CARE BOARD","QWO",70,1215738,7772078,71.2,2401347
2022,"SOUTH WEST","NHS BATH AND NORTH EAST SOMERSET, SWINDON AND WILTSHIRE INTEGRATED CARE BOARD","QOX",55,461814,5772575,62.1,954449
2022,"EAST OF ENGLAND","NHS BEDFORDSHIRE, LUTON AND MILTON KEYNES INTEGRATED CARE BOARD","QHG",44,517465,5335856,48.3,1016380
2022,"MIDLANDS","NHS BIRMINGHAM AND SOLIHULL INTEGRATED CARE BOARD","QHL",66,724002,4784817,61,1372005
2022,"MIDLANDS","NHS BLACK COUNTRY INTEGRATED CARE BOARD","QUA",59,653465,7232264,61.4,1223619
2022,"SOUTH WEST","NHS BRISTOL, NORTH SOMERSET AND SOUTH GLOUCESTERSHIRE INTEGRATED CARE BOARD","QUY",58,425660,3233302,49.4,993108
2022,"SOUTH EAST","NHS BUCKINGHAMSHIRE, OXFORDSHIRE AND BERKSHIRE WEST INTEGRATED CARE BOARD","QU9",65,858958,5893145,65.8,1804061
2022,"EAST OF ENGLAND","NHS CAMBRIDGESHIRE AND PETERBOROUGH INTEGRATED CARE BOARD","QUE",64,511040,3355828,69.1,928260
2022,"NORTH WEST","NHS CHESHIRE AND MERSEYSIDE INTEGRATED CARE BOARD","QYG",77,1492252,10366605,82.6,2550353
2022,"SOUTH WEST","NHS CORNWALL AND THE ISLES OF SCILLY INTEGRATED CARE BOARD","QT6",78,329076,2393926,73.2,577813
2022,"MIDLANDS","NHS COVENTRY AND WARWICKSHIRE INTEGRATED CARE BOARD","QWU",62,534511,5418841,63.8,960602
2022,"MIDLANDS","NHS DERBY AND DERBYSHIRE INTEGRATED CARE BOARD","QJ2",81,544313,3884821,77.8,1067075
2022,"SOUTH WEST","NHS DEVON INTEGRATED CARE BOARD","QJK",78,667455,4983268,77,1232580
2022,"SOUTH WEST","NHS DORSET INTEGRATED CARE BOARD","QVV",79,441529,14873496,79.6,785932
2022,"SOUTH EAST","NHS FRIMLEY INTEGRATED CARE BOARD","QNQ",75,366530,4236398,81.2,774255
2022,"SOUTH WEST","NHS GLOUCESTERSHIRE INTEGRATED CARE BOARD","QR1",37,345630,2490162,31.6,652666
2022,"NORTH WEST","NHS GREATER MANCHESTER INTEGRATED CARE BOARD","QOP",63,1685006,9258651,66.2,2910993
2022,"SOUTH EAST","NHS HAMPSHIRE AND ISLE OF WIGHT INTEGRATED CARE BOARD","QRL",68,902786,9912268,64.9,1842532
2022,"MIDLANDS","NHS HEREFORDSHIRE AND WORCESTERSHIRE INTEGRATED CARE BOARD","QGH",64,478990,5253652,62.5,798019
2022,"EAST OF ENGLAND","NHS HERTFORDSHIRE AND WEST ESSEX INTEGRATED CARE BOARD","QM7",61,844900,4682992,62,1506720
2022,"NORTH EAST AND YORKSHIRE","NHS HUMBER AND NORTH YORKSHIRE INTEGRATED CARE BOARD","QOQ",77,939588,7149170,83.3,1713022
2022,"SOUTH EAST","NHS KENT AND MEDWAY INTEGRATED CARE BOARD","QKS",72,1009408,10334178,65,1877110
2022,"NORTH WEST","NHS LANCASHIRE AND SOUTH CUMBRIA INTEGRATED CARE BOARD","QE1",74,1034820,20007319,75.3,1738156
2022,"MIDLANDS","NHS LEICESTER, LEICESTERSHIRE AND RUTLAND INTEGRATED CARE BOARD","QK1",50,550305,4118818,49.5,1136660
2022,"MIDLANDS","NHS LINCOLNSHIRE INTEGRATED CARE BOARD","QJM",71,530833,4816594,67.3,775864
2022,"EAST OF ENGLAND","NHS MID AND SOUTH ESSEX INTEGRATED CARE BOARD","QH8",65,699909,13955843,66.6,1209355
2022,"EAST OF ENGLAND","NHS NORFOLK AND WAVENEY INTEGRATED CARE BOARD","QMM",74,631274,6786210,67.5,1042267
2022,"LONDON","NHS NORTH CENTRAL LONDON INTEGRATED CARE BOARD","QMJ",57,580681,7416837,57.1,1417144
2022,"NORTH EAST AND YORKSHIRE","NHS NORTH EAST AND NORTH CUMBRIA INTEGRATED CARE BOARD","QHM",86,1860468,12669529,85.5,3004478
2022,"LONDON","NHS NORTH EAST LONDON INTEGRATED CARE BOARD","QMF",55,792106,10791448,56.6,2026631
2022,"LONDON","NHS NORTH WEST LONDON INTEGRATED CARE BOARD","QRV",60,913830,13602868,65.1,2117102
2022,"MIDLANDS","NHS NORTHAMPTONSHIRE INTEGRATED CARE BOARD","QPM",53,409491,4353873,54.3,792755
2022,"MIDLANDS","NHS NOTTINGHAM AND NOTTINGHAMSHIRE INTEGRATED CARE BOARD","QT1",82,620960,17148916,85.9,1162478
2022,"MIDLANDS","NHS SHROPSHIRE, TELFORD AND WREKIN INTEGRATED CARE BOARD","QOC",70,284214,2837703,67.2,516479
2022,"SOUTH WEST","NHS SOMERSET INTEGRATED CARE BOARD","QSL",81,298116,2101406,87.5,577091
2022,"LONDON","NHS SOUTH EAST LONDON INTEGRATED CARE BOARD","QKK",56,711418,8587989,53.6,1796537
2022,"LONDON","NHS SOUTH WEST LONDON INTEGRATED CARE BOARD","QWE",49,682364,7954873,54.1,1511629
2022,"NORTH EAST AND YORKSHIRE","NHS SOUTH YORKSHIRE INTEGRATED CARE BOARD","QF7",80,741967,19449257,83.3,1390381
2022,"MIDLANDS","NHS STAFFORDSHIRE AND STOKE-ON-TRENT INTEGRATED CARE BOARD","QNC",75,688988,3474120,76,1146302
2022,"EAST OF ENGLAND","NHS SUFFOLK AND NORTH EAST ESSEX INTEGRATED CARE BOARD","QJG",67,631596,3506945,70.5,998195
2022,"SOUTH EAST","NHS SURREY HEARTLANDS INTEGRATED CARE BOARD","QXU",69,513146,5487202,66.1,1060683
2022,"SOUTH EAST","NHS SUSSEX INTEGRATED CARE BOARD","QNX",65,904057,14322529,64.8,1722184
2022,"NORTH EAST AND YORKSHIRE","NHS WEST YORKSHIRE INTEGRATED CARE BOARD","QWO",71,1409772,14043811,72.6,2428617
2023,"SOUTH WEST","NHS BATH AND NORTH EAST SOMERSET, SWINDON AND WILTSHIRE INTEGRATED CARE BOARD","QOX",62,490871,6255871,59.9,947608
2023,"EAST OF ENGLAND","NHS BEDFORDSHIRE, LUTON AND MILTON KEYNES INTEGRATED CARE BOARD","QHG",48,541501,5626097,51.6,962913
2023,"MIDLANDS","NHS BIRMINGHAM AND SOLIHULL INTEGRATED CARE BOARD","QHL",61,754699,8779667,73.1,1387407
2023,"MIDLANDS","NHS BLACK COUNTRY INTEGRATED CARE BOARD","QUA",61,672675,7187267,60.3,1229052
2023,"SOUTH WEST","NHS BRISTOL, NORTH SOMERSET AND SOUTH GLOUCESTERSHIRE INTEGRATED CARE BOARD","QUY",49,440109,5649798,58.3,1000199
2023,"SOUTH EAST","NHS BUCKINGHAMSHIRE, OXFORDSHIRE AND BERKSHIRE WEST INTEGRATED CARE BOARD","QU9",66,886382,10333735,70.5,1760203
2023,"EAST OF ENGLAND","NHS CAMBRIDGESHIRE AND PETERBOROUGH INTEGRATED CARE BOARD","QUE",69,520918,6240975,69.9,877571
2023,"NORTH WEST","NHS CHESHIRE AND MERSEYSIDE INTEGRATED CARE BOARD","QYG",83,1490643,15102608,87.3,2540904
2023,"SOUTH WEST","NHS CORNWALL AND THE ISLES OF SCILLY INTEGRATED CARE BOARD","QT6",73,345297,4256913,83.1,595884
2023,"MIDLANDS","NHS COVENTRY AND WARWICKSHIRE INTEGRATED CARE BOARD","QWU",64,557669,5610814,65.2,989906
2023,"MIDLANDS","NHS DERBY AND DERBYSHIRE INTEGRATED CARE BOARD","QJ2",78,552436,6839812,80.3,1081185
2023,"SOUTH WEST","NHS DEVON INTEGRATED CARE BOARD","QJK",77,686619,8900401,87.1,1238466
2023,"SOUTH WEST","NHS DORSET INTEGRATED CARE BOARD","QVV",80,461495,5090833,90.7,784809
2023,"SOUTH EAST","NHS FRIMLEY INTEGRATED CARE BOARD","QNQ",81,361984,4494883,88.8,429286
2023,"SOUTH WEST","NHS GLOUCESTERSHIRE INTEGRATED CARE BOARD","QR1",32,350615,4406272,38.4,660476
2023,"NORTH WEST","NHS GREATER MANCHESTER INTEGRATED CARE BOARD","QOP",66,1716184,16310911,71.7,2884555
2023,"SOUTH EAST","NHS HAMPSHIRE AND ISLE OF WIGHT INTEGRATED CARE BOARD","QRL",65,917423,11016811,72.9,2027647
2023,"MIDLANDS","NHS HEREFORDSHIRE AND WORCESTERSHIRE INTEGRATED CARE BOARD","QGH",63,483269,5523033,69.4,813145
2023,"EAST OF ENGLAND","NHS HERTFORDSHIRE AND WEST ESSEX INTEGRATED CARE BOARD","QM7",62,840666,8134641,67.7,1203292
2023,"NORTH EAST AND YORKSHIRE","NHS HUMBER AND NORTH YORKSHIRE INTEGRATED CARE BOARD","QOQ",83,965094,11027865,89.2,1778778
2023,"SOUTH EAST","NHS KENT AND MEDWAY INTEGRATED CARE BOARD","QKS",65,1025723,10833138,69.5,1915538
2023,"NORTH WEST","NHS LANCASHIRE AND SOUTH CUMBRIA INTEGRATED CARE BOARD","QE1",75,1048666,9925792,83.7,1527806
2023,"MIDLANDS","NHS LEICESTER, LEICESTERSHIRE AND RUTLAND INTEGRATED CARE BOARD","QK1",50,563084,7395202,54.5,1145201
2023,"MIDLANDS","NHS LINCOLNSHIRE INTEGRATED CARE BOARD","QJM",67,549103,5242285,71.7,782531
2023,"EAST OF ENGLAND","NHS MID AND SOUTH ESSEX INTEGRATED CARE BOARD","QH8",67,726721,6603063,65.8,370450
2023,"EAST OF ENGLAND","NHS NORFOLK AND WAVENEY INTEGRATED CARE BOARD","QMM",67,648308,7176082,71.7,936374
2023,"LONDON","NHS NORTH CENTRAL LONDON INTEGRATED CARE BOARD","QMJ",57,606571,7794804,59.8,1551115
2023,"NORTH EAST AND YORKSHIRE","NHS NORTH EAST AND NORTH CUMBRIA INTEGRATED CARE BOARD","QHM",86,1904025,19486673,94.2,2630270
2023,"LONDON","NHS NORTH EAST LONDON INTEGRATED CARE BOARD","QMF",57,836109,11415957,62.7,2094007
2023,"LONDON","NHS NORTH WEST LONDON INTEGRATED CARE BOARD","QRV",65,953575,14785819,68.9,2142629
2023,"MIDLANDS","NHS NORTHAMPTONSHIRE INTEGRATED CARE BOARD","QPM",54,418679,4561884,59.9,783651
2023,"MIDLANDS","NHS NOTTINGHAM AND NOTTINGHAMSHIRE INTEGRATED CARE BOARD","QT1",86,643357,7394780,93,1192056
2023,"MIDLANDS","NHS SHROPSHIRE, TELFORD AND WREKIN INTEGRATED CARE BOARD","QOC",67,293719,2928375,91.9,523044
2023,"SOUTH WEST","NHS SOMERSET INTEGRATED CARE BOARD","QSL",88,309565,3556358,86.3,579489
2023,"LONDON","NHS SOUTH EAST LONDON INTEGRATED CARE BOARD","QKK",54,745884,8649152,56.6,1873649
2023,"LONDON","NHS SOUTH WEST LONDON INTEGRATED CARE BOARD","QWE",54,698217,8213063,60.8,1526951
2023,"NORTH EAST AND YORKSHIRE","NHS SOUTH YORKSHIRE INTEGRATED CARE BOARD","QF7",83,775677,9136956,89.5,1439965
2023,"MIDLANDS","NHS STAFFORDSHIRE AND STOKE-ON-TRENT INTEGRATED CARE BOARD","QNC",76,700853,6241499,86.2,1155442
2023,"EAST OF ENGLAND","NHS SUFFOLK AND NORTH EAST ESSEX INTEGRATED CARE BOARD","QJG",70,658550,6183101,82.3,776161
2023,"SOUTH EAST","NHS SURREY HEARTLANDS INTEGRATED CARE BOARD","QXU",66,523986,5983118,75.7,1204720
2023,"SOUTH EAST","NHS SUSSEX INTEGRATED CARE BOARD","QNX",65,944949,10682686,74.7,1754926
2023,"NORTH EAST AND YORKSHIRE","NHS WEST YORKSHIRE INTEGRATED CARE BOARD","QWO",73,1405308,16830827,76.5,2368880
2024,"SOUTH WEST","NHS BATH AND NORTH EAST SOMERSET, SWINDON AND WILTSHIRE INTEGRATED CARE BOARD","QOX",60,NA,6112634,NA,952744
2024,"EAST OF ENGLAND","NHS BEDFORDSHIRE, LUTON AND MILTON KEYNES INTEGRATED CARE BOARD","QHG",52,NA,5535957,NA,966505
2024,"MIDLANDS","NHS BIRMINGHAM AND SOLIHULL INTEGRATED CARE BOARD","QHL",73,NA,8489163,NA,1392623
2024,"MIDLANDS","NHS BLACK COUNTRY INTEGRATED CARE BOARD","QUA",60,NA,7182436,NA,1235127
2024,"SOUTH WEST","NHS BRISTOL, NORTH SOMERSET AND SOUTH GLOUCESTERSHIRE INTEGRATED CARE BOARD","QUY",58,NA,5587592,NA,1007480
2024,"SOUTH EAST","NHS BUCKINGHAMSHIRE, OXFORDSHIRE AND BERKSHIRE WEST INTEGRATED CARE BOARD","QU9",71,NA,9919905,NA,1766708
2024,"EAST OF ENGLAND","NHS CAMBRIDGESHIRE AND PETERBOROUGH INTEGRATED CARE BOARD","QUE",70,NA,6200741,NA,881618
2024,"NORTH WEST","NHS CHESHIRE AND MERSEYSIDE INTEGRATED CARE BOARD","QYG",87,NA,14428650,NA,511321
2024,"SOUTH WEST","NHS CORNWALL AND THE ISLES OF SCILLY INTEGRATED CARE BOARD","QT6",83,NA,4214865,NA,601050
2024,"MIDLANDS","NHS COVENTRY AND WARWICKSHIRE INTEGRATED CARE BOARD","QWU",65,NA,5403454,NA,998971
2024,"MIDLANDS","NHS DERBY AND DERBYSHIRE INTEGRATED CARE BOARD","QJ2",80,NA,6601275,NA,1086264
2024,"SOUTH WEST","NHS DEVON INTEGRATED CARE BOARD","QJK",87,NA,8649470,NA,1246811
2024,"SOUTH WEST","NHS DORSET INTEGRATED CARE BOARD","QVV",91,NA,5035653,NA,787205
2024,"SOUTH EAST","NHS FRIMLEY INTEGRATED CARE BOARD","QNQ",89,NA,4369448,NA,430257
2024,"SOUTH WEST","NHS GLOUCESTERSHIRE INTEGRATED CARE BOARD","QR1",38,NA,4300234,NA,665436
2024,"NORTH WEST","NHS GREATER MANCHESTER INTEGRATED CARE BOARD","QOP",72,NA,16262094,NA,2884555
2024,"SOUTH EAST","NHS HAMPSHIRE AND ISLE OF WIGHT INTEGRATED CARE BOARD","QRL",73,NA,10815533,NA,2034662
2024,"MIDLANDS","NHS HEREFORDSHIRE AND WORCESTERSHIRE INTEGRATED CARE BOARD","QGH",69,NA,5177940,NA,818326
2024,"EAST OF ENGLAND","NHS HERTFORDSHIRE AND WEST ESSEX INTEGRATED CARE BOARD","QM7",68,NA,7872188,NA,1206124
2024,"NORTH EAST AND YORKSHIRE","NHS HUMBER AND NORTH YORKSHIRE INTEGRATED CARE BOARD","QOQ",89,NA,10859416,NA,1782405
2024,"SOUTH EAST","NHS KENT AND MEDWAY INTEGRATED CARE BOARD","QKS",69,NA,10296293,NA,1927896
2024,"NORTH WEST","NHS LANCASHIRE AND SOUTH CUMBRIA INTEGRATED CARE BOARD","QE1",84,NA,9503807,NA,1527806
2024,"MIDLANDS","NHS LEICESTER, LEICESTERSHIRE AND RUTLAND INTEGRATED CARE BOARD","QK1",55,NA,7185076,NA,1154601
2024,"MIDLANDS","NHS LINCOLNSHIRE INTEGRATED CARE BOARD","QJM",72,NA,5505268,NA,787382
2024,"EAST OF ENGLAND","NHS MID AND SOUTH ESSEX INTEGRATED CARE BOARD","QH8",66,NA,6412464,NA,373141
2024,"EAST OF ENGLAND","NHS NORFOLK AND WAVENEY INTEGRATED CARE BOARD","QMM",72,NA,6912586,NA,942255
2024,"LONDON","NHS NORTH CENTRAL LONDON INTEGRATED CARE BOARD","QMJ",60,NA,7717593,NA,1557730
2024,"NORTH EAST AND YORKSHIRE","NHS NORTH EAST AND NORTH CUMBRIA INTEGRATED CARE BOARD","QHM",94,NA,18907902,NA,2630270
2024,"LONDON","NHS NORTH EAST LONDON INTEGRATED CARE BOARD","QMF",63,NA,11395631,NA,2105618
2024,"LONDON","NHS NORTH WEST LONDON INTEGRATED CARE BOARD","QRV",69,NA,14723161,NA,2147313
2024,"MIDLANDS","NHS NORTHAMPTONSHIRE INTEGRATED CARE BOARD","QPM",60,NA,4544920,NA,789773
2024,"MIDLANDS","NHS NOTTINGHAM AND NOTTINGHAMSHIRE INTEGRATED CARE BOARD","QT1",93,NA,7207994,NA,1198972
2024,"MIDLANDS","NHS SHROPSHIRE, TELFORD AND WREKIN INTEGRATED CARE BOARD","QOC",92,NA,2877235,NA,527628
2024,"SOUTH WEST","NHS SOMERSET INTEGRATED CARE BOARD","QSL",86,NA,3437988,NA,583180
2024,"LONDON","NHS SOUTH EAST LONDON INTEGRATED CARE BOARD","QKK",57,NA,8379651,NA,1882783
2024,"LONDON","NHS SOUTH WEST LONDON INTEGRATED CARE BOARD","QWE",61,NA,8153010,NA,1531090
2024,"NORTH EAST AND YORKSHIRE","NHS SOUTH YORKSHIRE INTEGRATED CARE BOARD","QF7",90,NA,8978323,NA,1446368
2024,"MIDLANDS","NHS STAFFORDSHIRE AND STOKE-ON-TRENT INTEGRATED CARE BOARD","QNC",86,NA,6126567,NA,1159756
2024,"EAST OF ENGLAND","NHS SUFFOLK AND NORTH EAST ESSEX INTEGRATED CARE BOARD","QJG",82,NA,6424508,NA,779190
2024,"SOUTH EAST","NHS SURREY HEARTLANDS INTEGRATED CARE BOARD","QXU",76,NA,6133351,NA,1206582
2024,"SOUTH EAST","NHS SUSSEX INTEGRATED CARE BOARD","QNX",75,NA,10581355,NA,1763893
2024,"NORTH EAST AND YORKSHIRE","NHS WEST YORKSHIRE INTEGRATED CARE BOARD","QWO",77,NA,16318822,NA,2377020
