﻿;;;;;;;;;;;;;;;;;;;;;;;;;;;;;;;
;;;;;;;;;;;;;;;;;;;;;;;;;;;;;;;
;;;;;;;;;;;;;;;;;;;;;;;;;;;;;;;
;;;;;;;;;;;;;;;;;;;;;;;;;;;;;;;
;;;;;;;;;;;;;;;;;;;;;;;;;;;;;;;
Return to Contents;;;;;;;;;;;;;;;;;;;;;;;;;;;;;;;
_;;;;;;;;;;;;;;;;;;;;;;;;;;;;;;;
Table 3a: Appointments by Status, at National, Regional, ICB and sub ICB level, England, May 2024;;;;;;;;;;;;;;;;;;;;;;;;;;;;;;;
;;;;Count of Open GP Practices;Count of Included GP Practices;Count of Appointments;;"Count of Appointments by 
Appointment Status";;;;;;;;;;;;;;;;;;;;;;;
Type;NHS Area Code;ONS Code;Name;;;Total;;Attended;DNA;Unknown¹;;;;;;;;;;;;;;;;;;;;;
Type;NHS Area Code;ONS Code;Name;Open Active Practices;Included Practices;Total;_;Attended;DNA;Unknown;;;;;;;;;;;;;;;;;;;;;
National;ENG;ENG;England;6 304;6 210;30 394 661;;27 433 086;1 276 553;1 685 022;;;;;;;;;;;;;;;;;;;;;
Region;Y56;E40000003;London;1 161;1 134;4 530 561;;4 031 249;254 328;244 984;;;;;;;;;;;;;;;;;;;;;
Region;Y58;E40000006;South West;530;523;3 321 252;;3 030 817;113 829;176 606;;;;;;;;;;;;;;;;;;;;;
Region;Y59;E40000005;South East;795;786;4 628 798;;4 164 868;183 665;280 265;;;;;;;;;;;;;;;;;;;;;
Region;Y60;E40000011;Midlands;1 269;1 253;5 899 131;;5 330 468;244 118;324 545;;;;;;;;;;;;;;;;;;;;;
Region;Y61;E40000007;East of England;652;634;3 507 437;;3 187 201;118 971;201 265;;;;;;;;;;;;;;;;;;;;;
Region;Y62;E40000010;North West;952;944;3 617 761;;3 253 848;180 594;183 319;;;;;;;;;;;;;;;;;;;;;
Region;Y63;E40000012;North East and Yorkshire;945;936;4 889 721;;4 434 635;181 048;274 038;;;;;;;;;;;;;;;;;;;;;
ICB;QE1;E54000048;NHS Lancashire and South Cumbria Integrated Care Board;197;196;835 801;;755 534;38 987;41 280;;;;;;;;;;;;;;;;;;;;;
ICB;QF7;E54000061;NHS South Yorkshire Integrated Care Board;170;169;793 431;;708 589;32 202;52 640;;;;;;;;;;;;;;;;;;;;;
ICB;QGH;E54000019;NHS Herefordshire and Worcestershire Integrated Care Board;78;78;459 259;;421 816;16 819;20 624;;;;;;;;;;;;;;;;;;;;;
ICB;QH8;E54000026;NHS Mid and South Essex Integrated Care Board;147;144;574 216;;519 648;18 291;36 277;;;;;;;;;;;;;;;;;;;;;
ICB;QHG;E54000024;NHS Bedfordshire, Luton and Milton Keynes Integrated Care Board;88;85;481 777;;432 677;20 640;28 460;;;;;;;;;;;;;;;;;;;;;
ICB;QHL;E54000055;NHS Birmingham and Solihull Integrated Care Board;182;179;758 360;;674 076;45 169;39 115;;;;;;;;;;;;;;;;;;;;;
ICB;QHM;E54000050;NHS North East and North Cumbria Integrated Care Board;344;342;1 670 732;;1 517 314;66 186;87 232;;;;;;;;;;;;;;;;;;;;;
ICB;QJ2;E54000058;NHS Derby and Derbyshire Integrated Care Board;112;112;580 127;;528 272;18 297;33 558;;;;;;;;;;;;;;;;;;;;;
ICB;QJG;E54000023;NHS Suffolk and North East Essex Integrated Care Board;93;90;597 497;;552 870;15 999;28 628;;;;;;;;;;;;;;;;;;;;;
ICB;QJK;E54000037;NHS Devon Integrated Care Board;119;117;770 698;;700 852;23 960;45 886;;;;;;;;;;;;;;;;;;;;;
ICB;QJM;E54000013;NHS Lincolnshire Integrated Care Board;81;81;526 975;;484 567;14 813;27 595;;;;;;;;;;;;;;;;;;;;;
ICB;QK1;E54000015;NHS Leicester, Leicestershire and Rutland Integrated Care Board;129;127;640 165;;576 708;24 092;39 365;;;;;;;;;;;;;;;;;;;;;
ICB;QKK;E54000030;NHS South East London Integrated Care Board;198;190;754 704;;667 608;45 408;41 688;;;;;;;;;;;;;;;;;;;;;
ICB;QKS;E54000032;NHS Kent and Medway Integrated Care Board;181;181;915 237;;819 255;37 816;58 166;;;;;;;;;;;;;;;;;;;;;
ICB;QM7;E54000025;NHS Hertfordshire and West Essex Integrated Care Board;130;128;693 542;;630 093;24 376;39 073;;;;;;;;;;;;;;;;;;;;;
ICB;QMF;E54000029;NHS North East London Integrated Care Board;267;261;1 023 876;;905 650;64 179;54 047;;;;;;;;;;;;;;;;;;;;;
ICB;QMJ;E54000028;NHS North Central London Integrated Care Board;180;174;687 516;;617 254;36 945;33 317;;;;;;;;;;;;;;;;;;;;;
ICB;QMM;E54000022;NHS Norfolk and Waveney Integrated Care Board;106;104;612 601;;553 329;21 164;38 108;;;;;;;;;;;;;;;;;;;;;
ICB;QNC;E54000010;NHS Staffordshire and Stoke-on-Trent Integrated Care Board;142;140;536 241;;480 566;22 645;33 030;;;;;;;;;;;;;;;;;;;;;
ICB;QNQ;E54000034;NHS Frimley Integrated Care Board;68;67;387 817;;349 489;18 940;19 388;;;;;;;;;;;;;;;;;;;;;
ICB;QNX;E54000053;NHS Sussex Integrated Care Board;156;156;946 197;;855 463;31 400;59 334;;;;;;;;;;;;;;;;;;;;;
ICB;QOC;E54000011;NHS Shropshire, Telford and Wrekin Integrated Care Board;51;50;254 425;;231 884;9 547;12 994;;;;;;;;;;;;;;;;;;;;;
ICB;QOP;E54000057;NHS Greater Manchester Integrated Care Board;410;406;1 503 906;;1 350 671;78 904;74 331;;;;;;;;;;;;;;;;;;;;;
ICB;QOQ;E54000051;NHS Humber and North Yorkshire Integrated Care Board;166;163;969 300;;887 563;29 589;52 148;;;;;;;;;;;;;;;;;;;;;
ICB;QOX;E54000040;NHS Bath and North East Somerset, Swindon and Wiltshire Integrated Care Board;85;84;538 448;;496 032;16 072;26 344;;;;;;;;;;;;;;;;;;;;;
ICB;QPM;E54000059;NHS Northamptonshire Integrated Care Board;69;67;401 394;;369 789;12 341;19 264;;;;;;;;;;;;;;;;;;;;;
ICB;QR1;E54000043;NHS Gloucestershire Integrated Care Board;65;64;380 397;;348 262;12 002;20 133;;;;;;;;;;;;;;;;;;;;;
ICB;QRL;E54000042;NHS Hampshire and the Isle of Wight Integrated Care Board;134;129;951 980;;857 285;40 288;54 407;;;;;;;;;;;;;;;;;;;;;
ICB;QRV;E54000027;NHS North West London Integrated Care Board;342;339;1 328 856;;1 181 212;68 638;79 006;;;;;;;;;;;;;;;;;;;;;
ICB;QSL;E54000038;NHS Somerset Integrated Care Board;62;61;312 065;;282 974;11 967;17 124;;;;;;;;;;;;;;;;;;;;;
ICB;QT1;E54000060;NHS Nottingham and Nottinghamshire Integrated Care Board;131;127;635 644;;574 515;25 222;35 907;;;;;;;;;;;;;;;;;;;;;
ICB;QT6;E54000036;NHS Cornwall and the Isles of Scilly Integrated Care Board;55;55;371 465;;336 769;12 622;22 074;;;;;;;;;;;;;;;;;;;;;
ICB;QU9;E54000044;NHS Buckinghamshire, Oxfordshire and Berkshire West Integrated Care Board;154;153;883 468;;806 374;36 134;40 960;;;;;;;;;;;;;;;;;;;;;
ICB;QUA;E54000062;NHS Black Country Integrated Care Board;174;173;626 229;;557 623;32 896;35 710;;;;;;;;;;;;;;;;;;;;;
ICB;QUE;E54000056;NHS Cambridgeshire and Peterborough Integrated Care Board;88;83;547 804;;498 584;18 501;30 719;;;;;;;;;;;;;;;;;;;;;
ICB;QUY;E54000039;NHS Bristol, North Somerset and South Gloucestershire Integrated Care Board;75;74;509 268;;465 514;23 146;20 608;;;;;;;;;;;;;;;;;;;;;
ICB;QVV;E54000041;NHS Dorset Integrated Care Board;69;68;438 911;;400 414;14 060;24 437;;;;;;;;;;;;;;;;;;;;;
ICB;QWE;E54000031;NHS South West London Integrated Care Board;174;170;735 609;;659 525;39 158;36 926;;;;;;;;;;;;;;;;;;;;;
ICB;QWO;E54000054;NHS West Yorkshire Integrated Care Board;265;262;1 456 258;;1 321 169;53 071;82 018;;;;;;;;;;;;;;;;;;;;;
ICB;QWU;E54000018;NHS Coventry and Warwickshire Integrated Care Board;120;119;480 312;;430 652;22 277;27 383;;;;;;;;;;;;;;;;;;;;;
ICB;QXU;E54000052;NHS Surrey Heartlands Integrated Care Board;102;100;544 099;;477 002;19 087;48 010;;;;;;;;;;;;;;;;;;;;;
ICB;QYG;E54000008;NHS Cheshire and Merseyside Integrated Care Board;345;342;1 278 054;;1 147 643;62 703;67 708;;;;;;;;;;;;;;;;;;;;;
Sub ICB Location;00L;E38000130;NHS North East and North Cumbria ICB - 00L;36;36;186 401;;170 749;6 478;9 174;;;;;;;;;;;;;;;;;;;;;
Sub ICB Location;00N;E38000163;NHS North East and North Cumbria ICB - 00N;20;20;64 338;;57 834;2 676;3 828;;;;;;;;;;;;;;;;;;;;;
Sub ICB Location;00P;E38000176;NHS North East and North Cumbria ICB - 00P;39;38;132 201;;119 397;6 740;6 064;;;;;;;;;;;;;;;;;;;;;
Sub ICB Location;00Q;E38000014;NHS Lancashire and South Cumbria ICB - 00Q;22;22;73 337;;65 190;3 996;4 151;;;;;;;;;;;;;;;;;;;;;
Sub ICB Location;00R;E38000015;NHS Lancashire and South Cumbria ICB - 00R;17;16;87 760;;79 288;4 731;3 741;;;;;;;;;;;;;;;;;;;;;
Sub ICB Location;00T;E38000016;NHS Greater Manchester ICB - 00T;49;49;158 397;;140 701;9 774;7 922;;;;;;;;;;;;;;;;;;;;;
Sub ICB Location;00V;E38000024;NHS Greater Manchester ICB - 00V;25;25;94 368;;86 835;3 919;3 614;;;;;;;;;;;;;;;;;;;;;
Sub ICB Location;00X;E38000034;NHS Lancashire and South Cumbria ICB - 00X;25;25;84 483;;75 482;3 792;5 209;;;;;;;;;;;;;;;;;;;;;
Sub ICB Location;00Y;E38000135;NHS Greater Manchester ICB - 00Y;33;33;107 948;;96 525;5 998;5 425;;;;;;;;;;;;;;;;;;;;;
Sub ICB Location;01A;E38000050;NHS Lancashire and South Cumbria ICB - 01A;47;47;173 515;;154 572;9 278;9 665;;;;;;;;;;;;;;;;;;;;;
Sub ICB Location;01D;E38000080;NHS Greater Manchester ICB - 01D;37;36;101 705;;91 465;5 780;4 460;;;;;;;;;;;;;;;;;;;;;
Sub ICB Location;01E;E38000227;NHS Lancashire and South Cumbria ICB - 01E;22;22;97 809;;87 753;4 435;5 621;;;;;;;;;;;;;;;;;;;;;
Sub ICB Location;01F;E38000068;NHS Cheshire and Merseyside ICB - 01F;14;14;55 986;;49 656;2 785;3 545;;;;;;;;;;;;;;;;;;;;;
Sub ICB Location;01G;E38000143;NHS Greater Manchester ICB - 01G;37;37;149 476;;129 247;8 279;11 950;;;;;;;;;;;;;;;;;;;;;
Sub ICB Location;01H;E38000215;NHS North East and North Cumbria ICB - 01H;33;33;185 666;;168 237;7 018;10 411;;;;;;;;;;;;;;;;;;;;;
Sub ICB Location;01J;E38000091;NHS Cheshire and Merseyside ICB - 01J;23;23;78 928;;68 031;4 859;6 038;;;;;;;;;;;;;;;;;;;;;
Sub ICB Location;01K;E38000228;NHS Lancashire and South Cumbria ICB - 01K;31;31;161 522;;149 185;6 902;5 435;;;;;;;;;;;;;;;;;;;;;
Sub ICB Location;01T;E38000161;NHS Cheshire and Merseyside ICB - 01T;30;29;54 782;;49 784;2 275;2 723;;;;;;;;;;;;;;;;;;;;;
Sub ICB Location;01V;E38000170;NHS Cheshire and Merseyside ICB - 01V;15;15;67 097;;62 179;2 004;2 914;;;;;;;;;;;;;;;;;;;;;
Sub ICB Location;01W;E38000174;NHS Greater Manchester ICB - 01W;32;32;157 644;;142 387;6 845;8 412;;;;;;;;;;;;;;;;;;;;;
Sub ICB Location;01X;E38000172;NHS Cheshire and Merseyside ICB - 01X;30;30;88 252;;77 465;4 000;6 787;;;;;;;;;;;;;;;;;;;;;
Sub ICB Location;01Y;E38000263;NHS Greater Manchester ICB - 01Y;31;31;116 602;;104 357;6 684;5 561;;;;;;;;;;;;;;;;;;;;;
Sub ICB Location;02A;E38000187;NHS Greater Manchester ICB - 02A;26;26;122 334;;113 008;4 473;4 853;;;;;;;;;;;;;;;;;;;;;
Sub ICB Location;02E;E38000194;NHS Cheshire and Merseyside ICB - 02E;26;26;103 553;;95 290;3 412;4 851;;;;;;;;;;;;;;;;;;;;;
Sub ICB Location;02G;E38000200;NHS Lancashire and South Cumbria ICB - 02G;15;15;56 086;;50 753;2 043;3 290;;;;;;;;;;;;;;;;;;;;;
Sub ICB Location;02H;E38000205;NHS Greater Manchester ICB - 02H;57;55;191 807;;177 793;7 157;6 857;;;;;;;;;;;;;;;;;;;;;
Sub ICB Location;02M;E38000226;NHS Lancashire and South Cumbria ICB - 02M;18;18;101 289;;93 311;3 810;4 168;;;;;;;;;;;;;;;;;;;;;
Sub ICB Location;02P;E38000006;NHS South Yorkshire ICB - 02P;31;31;135 914;;122 180;4 893;8 841;;;;;;;;;;;;;;;;;;;;;
Sub ICB Location;02Q;E38000008;NHS Nottingham and Nottinghamshire ICB - 02Q;10;9;85 856;;80 288;2 682;2 886;;;;;;;;;;;;;;;;;;;;;
Sub ICB Location;02T;E38000025;NHS West Yorkshire ICB - 02T;21;20;116 526;;106 709;4 149;5 668;;;;;;;;;;;;;;;;;;;;;
Sub ICB Location;02X;E38000044;NHS South Yorkshire ICB - 02X;37;37;176 394;;159 219;7 940;9 235;;;;;;;;;;;;;;;;;;;;;
Sub ICB Location;02Y;E38000052;NHS Humber and North Yorkshire ICB - 02Y;24;23;163 460;;148 112;4 699;10 649;;;;;;;;;;;;;;;;;;;;;
Sub ICB Location;03F;E38000085;NHS Humber and North Yorkshire ICB - 03F;28;27;134 217;;120 883;6 084;7 250;;;;;;;;;;;;;;;;;;;;;
Sub ICB Location;03H;E38000119;NHS Humber and North Yorkshire ICB - 03H;19;19;126 811;;116 207;3 329;7 275;;;;;;;;;;;;;;;;;;;;;
Sub ICB Location;03K;E38000122;NHS Humber and North Yorkshire ICB - 03K;19;19;103 979;;94 118;2 917;6 944;;;;;;;;;;;;;;;;;;;;;
Sub ICB Location;03L;E38000141;NHS South Yorkshire ICB - 03L;28;28;162 346;;142 157;6 137;14 052;;;;;;;;;;;;;;;;;;;;;
Sub ICB Location;03N;E38000146;NHS South Yorkshire ICB - 03N;74;73;318 777;;285 033;13 232;20 512;;;;;;;;;;;;;;;;;;;;;
Sub ICB Location;03Q;E38000188;NHS Humber and North Yorkshire ICB - 03Q;12;11;116 048;;108 603;3 191;4 254;;;;;;;;;;;;;;;;;;;;;
Sub ICB Location;03R;E38000190;NHS West Yorkshire ICB - 03R;34;34;228 744;;207 047;7 699;13 998;;;;;;;;;;;;;;;;;;;;;
Sub ICB Location;03W;E38000051;NHS Leicester, Leicestershire and Rutland ICB - 03W;32;30;193 791;;175 694;6 206;11 891;;;;;;;;;;;;;;;;;;;;;
Sub ICB Location;04C;E38000097;NHS Leicester, Leicestershire and Rutland ICB - 04C;51;51;226 074;;200 613;10 418;15 043;;;;;;;;;;;;;;;;;;;;;
Sub ICB Location;04V;E38000201;NHS Leicester, Leicestershire and Rutland ICB - 04V;46;46;220 300;;200 401;7 468;12 431;;;;;;;;;;;;;;;;;;;;;
Sub ICB Location;04Y;E38000028;NHS Staffordshire and Stoke-on-Trent ICB - 04Y;23;22;65 545;;59 378;2 543;3 624;;;;;;;;;;;;;;;;;;;;;
Sub ICB Location;05D;E38000053;NHS Staffordshire and Stoke-on-Trent ICB - 05D;18;17;61 527;;55 672;2 518;3 337;;;;;;;;;;;;;;;;;;;;;
Sub ICB Location;05G;E38000126;NHS Staffordshire and Stoke-on-Trent ICB - 05G;30;30;106 177;;95 913;3 460;6 804;;;;;;;;;;;;;;;;;;;;;
Sub ICB Location;05Q;E38000153;NHS Staffordshire and Stoke-on-Trent ICB - 05Q;21;21;100 410;;92 588;4 158;3 664;;;;;;;;;;;;;;;;;;;;;
Sub ICB Location;05V;E38000173;NHS Staffordshire and Stoke-on-Trent ICB - 05V;14;14;70 946;;65 092;2 837;3 017;;;;;;;;;;;;;;;;;;;;;
Sub ICB Location;05W;E38000175;NHS Staffordshire and Stoke-on-Trent ICB - 05W;36;36;131 636;;111 923;7 129;12 584;;;;;;;;;;;;;;;;;;;;;
Sub ICB Location;06H;E38000260;NHS Cambridgeshire and Peterborough ICB - 06H;88;83;547 804;;498 584;18 501;30 719;;;;;;;;;;;;;;;;;;;;;
Sub ICB Location;06K;E38000049;NHS Hertfordshire and West Essex ICB - 06K;49;47;276 330;;250 872;9 117;16 341;;;;;;;;;;;;;;;;;;;;;
Sub ICB Location;06L;E38000086;NHS Suffolk and North East Essex ICB - 06L;35;34;246 983;;230 553;5 343;11 087;;;;;;;;;;;;;;;;;;;;;
Sub ICB Location;06N;E38000079;NHS Hertfordshire and West Essex ICB - 06N;51;51;274 873;;248 164;10 443;16 266;;;;;;;;;;;;;;;;;;;;;
Sub ICB Location;06Q;E38000106;NHS Mid and South Essex ICB - 06Q;39;37;178 134;;162 032;5 836;10 266;;;;;;;;;;;;;;;;;;;;;
Sub ICB Location;06T;E38000117;NHS Suffolk and North East Essex ICB - 06T;33;32;191 915;;172 998;6 971;11 946;;;;;;;;;;;;;;;;;;;;;
Sub ICB Location;07G;E38000185;NHS Mid and South Essex ICB - 07G;26;26;96 161;;85 419;2 916;7 826;;;;;;;;;;;;;;;;;;;;;
Sub ICB Location;07H;E38000197;NHS Hertfordshire and West Essex ICB - 07H;30;30;142 339;;131 057;4 816;6 466;;;;;;;;;;;;;;;;;;;;;
Sub ICB Location;07K;E38000204;NHS Suffolk and North East Essex ICB - 07K;25;24;158 599;;149 319;3 685;5 595;;;;;;;;;;;;;;;;;;;;;
Sub ICB Location;09D;E38000021;NHS Sussex ICB - 09D;31;31;139 409;;125 575;5 649;8 185;;;;;;;;;;;;;;;;;;;;;
Sub ICB Location;10Q;E38000136;NHS Buckinghamshire, Oxfordshire and Berkshire West ICB - 10Q;64;64;374 314;;343 469;16 066;14 779;;;;;;;;;;;;;;;;;;;;;
Sub ICB Location;10R;E38000137;NHS Hampshire and Isle Of Wight ICB - 10R;11;10;101 181;;86 540;3 726;10 915;;;;;;;;;;;;;;;;;;;;;
Sub ICB Location;11J;E38000045;NHS Dorset ICB - 11J;69;68;438 911;;400 414;14 060;24 437;;;;;;;;;;;;;;;;;;;;;
Sub ICB Location;11M;E38000062;NHS Gloucestershire ICB - 11M;65;64;380 397;;348 262;12 002;20 133;;;;;;;;;;;;;;;;;;;;;
Sub ICB Location;11N;E38000089;NHS Cornwall and The Isles Of Scilly ICB - 11N;55;55;371 465;;336 769;12 622;22 074;;;;;;;;;;;;;;;;;;;;;
Sub ICB Location;11X;E38000150;NHS Somerset ICB - 11X;62;61;312 065;;282 974;11 967;17 124;;;;;;;;;;;;;;;;;;;;;
Sub ICB Location;12F;E38000208;NHS Cheshire and Merseyside ICB - 12F;45;44;201 795;;180 968;10 175;10 652;;;;;;;;;;;;;;;;;;;;;
Sub ICB Location;13T;E38000212;NHS North East and North Cumbria ICB - 13T;54;54;269 179;;245 997;12 007;11 175;;;;;;;;;;;;;;;;;;;;;
Sub ICB Location;14L;E38000217;NHS Greater Manchester ICB - 14L;83;82;303 625;;268 353;19 995;15 277;;;;;;;;;;;;;;;;;;;;;
Sub ICB Location;14Y;E38000223;NHS Buckinghamshire, Oxfordshire and Berkshire West ICB - 14Y;47;47;255 685;;233 551;9 779;12 355;;;;;;;;;;;;;;;;;;;;;
Sub ICB Location;15A;E38000221;NHS Buckinghamshire, Oxfordshire and Berkshire West ICB - 15A;43;42;253 469;;229 354;10 289;13 826;;;;;;;;;;;;;;;;;;;;;
Sub ICB Location;15C;E38000222;NHS Bristol, North Somerset and South Gloucestershire ICB - 15C;75;74;509 268;;465 514;23 146;20 608;;;;;;;;;;;;;;;;;;;;;
Sub ICB Location;15E;E38000258;NHS Birmingham and Solihull ICB - 15E;182;179;758 360;;674 076;45 169;39 115;;;;;;;;;;;;;;;;;;;;;
Sub ICB Location;15F;E38000225;NHS West Yorkshire ICB - 15F;86;86;418 754;;379 468;18 367;20 919;;;;;;;;;;;;;;;;;;;;;
Sub ICB Location;15M;E38000261;NHS Derby and Derbyshire ICB - 15M;112;112;580 127;;528 272;18 297;33 558;;;;;;;;;;;;;;;;;;;;;
Sub ICB Location;15N;E38000230;NHS Devon ICB - 15N;119;117;770 698;;700 852;23 960;45 886;;;;;;;;;;;;;;;;;;;;;
Sub ICB Location;16C;E38000247;NHS North East and North Cumbria ICB - 16C;78;77;361 676;;325 208;14 877;21 591;;;;;;;;;;;;;;;;;;;;;
Sub ICB Location;18C;E38000236;NHS Herefordshire and Worcestershire ICB - 18C;78;78;459 259;;421 816;16 819;20 624;;;;;;;;;;;;;;;;;;;;;
Sub ICB Location;26A;E38000239;NHS Norfolk and Waveney ICB - 26A;106;104;612 601;;553 329;21 164;38 108;;;;;;;;;;;;;;;;;;;;;
Sub ICB Location;27D;E38000233;NHS Cheshire and Merseyside ICB - 27D;79;78;370 878;;335 241;16 462;19 175;;;;;;;;;;;;;;;;;;;;;
Sub ICB Location;36J;E38000232;NHS West Yorkshire ICB - 36J;59;59;419 736;;379 568;14 187;25 981;;;;;;;;;;;;;;;;;;;;;
Sub ICB Location;36L;E38000245;NHS South West London ICB - 36L;174;170;735 609;;659 525;39 158;36 926;;;;;;;;;;;;;;;;;;;;;
Sub ICB Location;42D;E38000241;NHS Humber and North Yorkshire ICB - 42D;64;64;324 785;;299 640;9 369;15 776;;;;;;;;;;;;;;;;;;;;;
Sub ICB Location;52R;E38000243;NHS Nottingham and Nottinghamshire ICB - 52R;121;118;549 788;;494 227;22 540;33 021;;;;;;;;;;;;;;;;;;;;;
Sub ICB Location;70F;E38000248;NHS Sussex ICB - 70F;75;75;493 154;;455 489;13 193;24 472;;;;;;;;;;;;;;;;;;;;;
Sub ICB Location;71E;E38000238;NHS Lincolnshire ICB - 71E;81;81;526 975;;484 567;14 813;27 595;;;;;;;;;;;;;;;;;;;;;
Sub ICB Location;72Q;E38000244;NHS South East London ICB - 72Q;198;190;754 704;;667 608;45 408;41 688;;;;;;;;;;;;;;;;;;;;;
Sub ICB Location;78H;E38000262;NHS Northamptonshire ICB - 78H;69;67;401 394;;369 789;12 341;19 264;;;;;;;;;;;;;;;;;;;;;
Sub ICB Location;84H;E38000234;NHS North East and North Cumbria ICB - 84H;61;61;361 577;;329 799;12 033;19 745;;;;;;;;;;;;;;;;;;;;;
Sub ICB Location;91Q;E38000237;NHS Kent and Medway ICB - 91Q;181;181;915 237;;819 255;37 816;58 166;;;;;;;;;;;;;;;;;;;;;
Sub ICB Location;92A;E38000246;NHS Surrey Heartlands ICB - 92A;102;100;544 099;;477 002;19 087;48 010;;;;;;;;;;;;;;;;;;;;;
Sub ICB Location;92G;E38000231;NHS Bath and North East Somerset, Swindon and Wiltshire ICB - 92G;85;84;538 448;;496 032;16 072;26 344;;;;;;;;;;;;;;;;;;;;;
Sub ICB Location;93C;E38000240;NHS North Central London ICB - 93C;180;174;687 516;;617 254;36 945;33 317;;;;;;;;;;;;;;;;;;;;;
Sub ICB Location;97R;E38000235;NHS Sussex ICB - 97R;50;50;313 634;;274 399;12 558;26 677;;;;;;;;;;;;;;;;;;;;;
Sub ICB Location;99A;E38000101;NHS Cheshire and Merseyside ICB - 99A;83;83;256 783;;229 029;16 731;11 023;;;;;;;;;;;;;;;;;;;;;
Sub ICB Location;99C;E38000127;NHS North East and North Cumbria ICB - 99C;23;23;109 694;;100 093;4 357;5 244;;;;;;;;;;;;;;;;;;;;;
Sub ICB Location;99E;E38000007;NHS Mid and South Essex ICB - 99E;35;35;143 827;;131 489;3 245;9 093;;;;;;;;;;;;;;;;;;;;;
Sub ICB Location;99F;E38000030;NHS Mid and South Essex ICB - 99F;23;23;78 823;;70 494;3 098;5 231;;;;;;;;;;;;;;;;;;;;;
Sub ICB Location;99G;E38000168;NHS Mid and South Essex ICB - 99G;24;23;77 271;;70 214;3 196;3 861;;;;;;;;;;;;;;;;;;;;;
Sub ICB Location;A3A8R;E38000255;NHS North East London ICB - A3A8R;267;261;1 023 876;;905 650;64 179;54 047;;;;;;;;;;;;;;;;;;;;;
Sub ICB Location;B2M3M;E38000251;NHS Coventry and Warwickshire ICB - B2M3M;120;119;480 312;;430 652;22 277;27 383;;;;;;;;;;;;;;;;;;;;;
Sub ICB Location;D2P2L;E38000259;NHS Black Country ICB - D2P2L;174;173;626 229;;557 623;32 896;35 710;;;;;;;;;;;;;;;;;;;;;
Sub ICB Location;D4U1Y;E38000252;NHS Frimley ICB - D4U1Y;68;67;387 817;;349 489;18 940;19 388;;;;;;;;;;;;;;;;;;;;;
Sub ICB Location;D9Y0V;E38000253;NHS Hampshire and Isle Of Wight ICB - D9Y0V;123;119;850 799;;770 745;36 562;43 492;;;;;;;;;;;;;;;;;;;;;
Sub ICB Location;M1J4Y;E38000249;NHS Bedfordshire, Luton and Milton Keynes ICB - M1J4Y;88;85;481 777;;432 677;20 640;28 460;;;;;;;;;;;;;;;;;;;;;
Sub ICB Location;M2L0M;E38000257;NHS Shropshire, Telford and Wrekin ICB - M2L0M;51;50;254 425;;231 884;9 547;12 994;;;;;;;;;;;;;;;;;;;;;
Sub ICB Location;W2U3Z;E38000256;NHS North West London ICB - W2U3Z;342;339;1 328 856;;1 181 212;68 638;79 006;;;;;;;;;;;;;;;;;;;;;
Sub ICB Location;X2C4Y;E38000254;NHS West Yorkshire ICB - X2C4Y;65;63;272 498;;248 377;8 669;15 452;;;;;;;;;;;;;;;;;;;;;
;;;;;;;;;;;;;;;;;;;;;;;;;;;;;;;
Notes:;;;;;;;;;;;;;;;;;;;;;;;;;;;;;;;
1;"At the time of the appointment a ‘Booked’ status will usually be changed to either ‘Attended’ or ‘DNA’. In some cases (4-7% of monthly appointments), the final status of an appointment remains as ‘Booked’. It is not known from the data whether these appointments were actually attended or not. From a sample audit these were found to be consultations where the status has not been updated to say if patients had attended or not. 
For this reason, these appointments are reported as ""Unknown"" status";;;;;;;;;;;;;;;;;;;;;;;;;;;;;;
2;This table contains activity recorded in GP practice appointment systems. Where PCN activity is recorded in the GP practice appointment system it will be included.;;;;;;;;;;;;;;;;;;;;;;;;;;;;;;
Copyright © 2024 NHS England;;;;;;;;;;;;;;;;;;;;;;;;;;;;;;;