﻿;;;;;;;;;;
;;;;;;;;;;
;;;;;;;;;;
;;;;;;;;;;
;;;;;;;;;;
Return to Contents;;;;;;;;;;
_;;;;;;;;;;
Table 3a: Appointments by Status, at National, Regional, STP and CCG level, England, February 2022;;;;;;;;;;
;;;;Count of Open GP Practices1;Count of Included GP Practices;Count of Appointments;;"Count of Appointments by 
Appointment Status";;
Type;NHS Area Code;ONS Code;Name;;;Total;;Attended;DNA;Unknown2
Type;NHS Area Code;ONS Code;Name;Open Active Practices;Included Practices;Total;_;Attended;DNA;Unknown
National;ENG;ENG;England;6 541;6 455;25 326 945;;23 326 754;1 074 474;925 717
Region;Y56;E40000003;London;1 199;1 180;3 764 311;;3 414 427;202 143;147 741
Region;Y58;E40000006;South West;555;549;2 741 489;;2 546 250;98 371;96 868
Region;Y59;E40000005;South East;833;825;3 843 820;;3 544 776;154 889;144 155
Region;Y60;E40000008;Midlands;1 286;1 278;4 873 630;;4 503 038;205 289;165 303
Region;Y61;E40000007;East of England;675;660;2 901 798;;2 706 049;96 450;99 299
Region;Y62;E40000010;North West;991;970;3 058 252;;2 764 444;159 986;133 822
Region;Y63;E40000009;North East and Yorkshire;1 002;993;4 143 645;;3 847 770;157 346;138 529
STP;QE1;E54000048;Healthier Lancashire And South Cumbria  STP;201;200;747 013;;681 548;33 767;31 698
STP;QF7;E54000009;South Yorkshire And Bassetlaw  STP;184;183;705 292;;652 547;29 090;23 655
STP;QGH;E54000019;Herefordshire And Worcestershire  STP;80;80;404 049;;376 275;15 889;11 885
STP;QH8;E54000026;Mid And South Essex  STP;152;149;482 596;;452 780;13 309;16 507
STP;QHG;E54000024;Bedfordshire, Luton And Milton Keynes  STP;98;96;419 345;;389 974;16 278;13 093
STP;QHL;E54000017;Birmingham And Solihull  STP;160;158;559 504;;508 138;32 183;19 183
STP;QHM;E54000050;Cumbria And North East  STP;361;358;1 439 488;;1 330 642;59 148;49 698
STP;QJ2;E54000012;Joined Up Care Derbyshire  STP;112;112;492 542;;459 214;15 203;18 125
STP;QJG;E54000023;Suffolk And North East Essex  STP;93;91;452 568;;423 660;15 403;13 505
STP;QJK;E54000037;Devon  STP;121;119;635 095;;590 610;22 303;22 182
STP;QJM;E54000013;Lincolnshire  STP;85;85;360 428;;337 065;12 434;10 929
STP;QK1;E54000015;Leicester, Leicestershire And Rutland  STP;133;131;539 308;;504 868;19 616;14 824
STP;QKK;E54000030;Our Healthier South East London  STP;204;199;673 031;;608 699;36 640;27 692
STP;QKS;E54000032;Kent And Medway  STP;192;192;794 640;;723 862;34 447;36 331
STP;QM7;E54000025;Hertfordshire And West Essex  STP;136;134;604 401;;560 507;20 001;23 893
STP;QMF;E54000029;East London Health And Care Partnership  STP;276;272;827 045;;741 753;48 607;36 685
STP;QMJ;E54000028;North London Partners In Health And Care  STP;187;181;587 932;;534 758;32 348;20 826
STP;QMM;E54000022;Norfolk And Waveney Health And Care Partnership  STP;106;104;514 797;;479 493;17 258;18 046
STP;QNC;E54000010;Staffordshire And Stoke On Trent  STP;146;145;455 604;;415 697;20 780;19 127
STP;QNQ;E54000034;Frimley Health And Care Ics  STP;73;71;320 586;;296 903;13 762;9 921
STP;QNX;E54000053;Sussex Health And Care Partnership  STP;160;160;759 532;;704 594;26 873;28 065
STP;QOC;E54000011;Shropshire And Telford And Wrekin  STP;52;51;220 679;;205 046;8 259;7 374
STP;QOP;E54000007;Greater Manchester Health And Social Care Partnership  STP;433;417;1 186 324;;1 060 079;68 720;57 525
STP;QOQ;E54000051;Humber, Coast And Vale  STP;183;180;784 545;;733 028;26 894;24 623
STP;QOX;E54000040;Bath And North East Somerset, Swindon And Wiltshire  STP;90;89;447 972;;419 434;12 947;15 591
STP;QPM;E54000020;Northamptonshire  STP;69;68;334 408;;315 062;9 627;9 719
STP;QR1;E54000043;Gloucestershire  STP;72;71;314 131;;293 853;10 961;9 317
STP;QRL;E54000042;Hampshire And The Isle Of Wight  STP;144;141;785 374;;724 806;33 031;27 537
STP;QRV;E54000027;North West London Health And Care Partnership  STP;351;350;1 053 468;;966 601;49 980;36 887
STP;QSL;E54000038;Somerset  STP;64;63;241 483;;221 254;9 830;10 399
STP;QT1;E54000014;Nottingham And Nottinghamshire Health And Care  STP;125;124;482 621;;448 184;18 434;16 003
STP;QT6;E54000036;Cornwall And The Isles Of Scilly Health And Social Care Partnership  STP;57;57;314 751;;290 284;11 054;13 413
STP;QU9;E54000044;Buckinghamshire, Oxfordshire And Berkshire West  STP;160;158;762 659;;706 413;28 845;27 401
STP;QUA;E54000016;The Black Country And West Birmingham  STP;205;205;610 764;;551 853;35 622;23 289
STP;QUE;E54000021;Cambridgeshire And Peterborough  STP;90;86;428 091;;399 635;14 201;14 255
STP;QUY;E54000039;Bristol, North Somerset And South Gloucestershire  STP;78;77;416 286;;382 044;19 116;15 126
STP;QVV;E54000041;Dorset  STP;73;73;371 771;;348 771;12 160;10 840
STP;QWE;E54000031;South West London Health And Care Partnership  STP;181;178;622 835;;562 616;34 568;25 651
STP;QWO;E54000054;West Yorkshire And Harrogate (Health And Care Partnership)  STP;274;272;1 214 320;;1 131 553;42 214;40 553
STP;QWU;E54000018;Coventry And Warwickshire  STP;119;119;413 723;;381 636;17 242;14 845
STP;QXU;E54000052;Surrey Heartlands Health And Care Partnership  STP;104;103;421 029;;388 198;17 931;14 900
STP;QYG;E54000008;Cheshire And Merseyside  STP;357;353;1 124 915;;1 022 817;57 499;44 599
CCG;00L;E38000130;NHS Northumberland CCG;38;38;159 752;;151 012;4 984;3 756
CCG;00N;E38000163;NHS South Tyneside CCG;21;21;59 641;;54 602;2 457;2 582
CCG;00P;E38000176;NHS Sunderland CCG;39;38;114 497;;103 379;6 183;4 935
CCG;00Q;E38000014;NHS Blackburn with Darwen CCG;22;22;74 471;;67 634;3 543;3 294
CCG;00R;E38000015;NHS Blackpool CCG;17;16;80 349;;73 441;4 317;2 591
CCG;00T;E38000016;NHS Bolton CCG;49;49;135 845;;122 471;8 394;4 980
CCG;00V;E38000024;NHS Bury CCG;25;21;57 601;;49 780;2 878;4 943
CCG;00X;E38000034;NHS Chorley and South Ribble CCG;26;26;72 278;;66 376;3 178;2 724
CCG;00Y;E38000135;NHS Oldham CCG;40;39;95 336;;86 683;5 277;3 376
CCG;01A;E38000050;NHS East Lancashire CCG;48;48;149 976;;135 417;7 454;7 105
CCG;01D;E38000080;NHS Heywood, Middleton and Rochdale CCG;41;36;88 528;;80 900;4 867;2 761
CCG;01E;E38000227;NHS Greater Preston CCG;22;22;88 263;;78 616;4 063;5 584
CCG;01F;E38000068;NHS Halton CCG;14;14;56 270;;50 677;2 772;2 821
CCG;01G;E38000143;NHS Salford CCG;38;34;111 409;;98 216;6 820;6 373
CCG;01H;E38000215;NHS North Cumbria CCG;35;35;167 936;;154 246;6 126;7 564
CCG;01J;E38000091;NHS Knowsley CCG;25;25;69 733;;63 556;3 871;2 306
CCG;01K;E38000228;NHS Morecambe Bay CCG;32;32;148 398;;137 562;6 289;4 547
CCG;01T;E38000161;NHS South Sefton CCG;30;29;51 405;;47 268;2 355;1 782
CCG;01V;E38000170;NHS Southport and Formby CCG;16;16;54 574;;50 427;2 133;2 014
CCG;01W;E38000174;NHS Stockport CCG;36;36;139 991;;128 545;6 258;5 188
CCG;01X;E38000172;NHS St Helens CCG;33;32;71 551;;63 625;4 050;3 876
CCG;01Y;E38000182;NHS Tameside and Glossop CCG;36;36;105 453;;93 353;6 158;5 942
CCG;02A;E38000187;NHS Trafford CCG;27;27;71 314;;63 950;4 382;2 982
CCG;02E;E38000194;NHS Warrington CCG;26;26;89 948;;84 524;2 694;2 730
CCG;02G;E38000200;NHS West Lancashire CCG;15;15;46 684;;43 174;1 900;1 610
CCG;02H;E38000205;NHS Wigan Borough CCG;58;57;117 976;;105 481;6 633;5 862
CCG;02M;E38000226;NHS Fylde and Wyre CCG;19;19;86 594;;79 328;3 023;4 243
CCG;02P;E38000006;NHS Barnsley CCG;32;32;111 598;;101 429;4 946;5 223
CCG;02Q;E38000008;NHS Bassetlaw CCG;9;9;54 186;;51 309;1 819;1 058
CCG;02T;E38000025;NHS Calderdale CCG;22;21;97 512;;91 938;3 242;2 332
CCG;02X;E38000044;NHS Doncaster CCG;38;38;137 798;;127 219;6 652;3 927
CCG;02Y;E38000052;NHS East Riding of Yorkshire CCG;30;29;125 856;;118 465;4 125;3 266
CCG;03F;E38000085;NHS Hull CCG;32;32;120 183;;109 703;6 927;3 553
CCG;03H;E38000119;NHS North East Lincolnshire CCG;25;24;93 234;;87 398;2 659;3 177
CCG;03K;E38000122;NHS North Lincolnshire CCG;19;19;88 298;;81 981;2 380;3 937
CCG;03L;E38000141;NHS Rotherham CCG;29;29;133 381;;124 302;5 097;3 982
CCG;03N;E38000146;NHS Sheffield CCG;76;75;268 329;;248 288;10 576;9 465
CCG;03Q;E38000188;NHS Vale of York CCG;26;25;145 470;;136 227;4 947;4 296
CCG;03R;E38000190;NHS Wakefield CCG;34;34;181 736;;170 182;5 693;5 861
CCG;03W;E38000051;NHS East Leicestershire and Rutland CCG;31;29;166 035;;156 195;5 838;4 002
CCG;04C;E38000097;NHS Leicester City CCG;56;56;185 573;;170 844;8 149;6 580
CCG;04V;E38000201;NHS West Leicestershire CCG;46;46;187 700;;177 829;5 629;4 242
CCG;04Y;E38000028;NHS Cannock Chase CCG;23;22;56 245;;51 406;2 228;2 611
CCG;05D;E38000053;NHS East Staffordshire CCG;18;18;61 795;;55 473;2 635;3 687
CCG;05G;E38000126;NHS North Staffordshire CCG;30;30;85 390;;78 793;3 360;3 237
CCG;05Q;E38000153;NHS South East Staffordshire and Seisdon Peninsula CCG;23;23;86 528;;80 379;3 598;2 551
CCG;05V;E38000173;NHS Stafford and Surrounds CCG;14;14;59 793;;55 121;2 633;2 039
CCG;05W;E38000175;NHS Stoke on Trent CCG;38;38;105 853;;94 525;6 326;5 002
CCG;06H;E38000026;NHS Cambridgeshire and Peterborough CCG;90;86;428 091;;399 635;14 201;14 255
CCG;06K;E38000049;NHS East and North Hertfordshire CCG;52;50;236 495;;220 019;6 729;9 747
CCG;06L;E38000086;NHS Ipswich and East Suffolk CCG;36;35;180 257;;169 615;4 820;5 822
CCG;06N;E38000079;NHS Herts Valley CCG;54;54;244 207;;223 559;9 571;11 077
CCG;06Q;E38000106;NHS Mid Essex CCG;41;39;160 921;;151 706;4 302;4 913
CCG;06T;E38000117;NHS North East Essex CCG;33;32;163 214;;150 260;7 870;5 084
CCG;07G;E38000185;NHS Thurrock CCG;27;27;76 477;;70 918;2 155;3 404
CCG;07H;E38000197;NHS West Essex CCG;30;30;123 699;;116 929;3 701;3 069
CCG;07K;E38000204;NHS West Suffolk CCG;24;24;109 097;;103 785;2 713;2 599
CCG;09D;E38000021;NHS Brighton and Hove CCG;33;33;122 223;;112 766;4 743;4 714
CCG;10Q;E38000136;NHS Oxfordshire CCG;67;66;324 086;;300 508;11 380;12 198
CCG;10R;E38000137;NHS Portsmouth CCG;13;13;81 881;;75 685;3 550;2 646
CCG;11J;E38000045;NHS Dorset CCG;73;73;371 771;;348 771;12 160;10 840
CCG;11M;E38000062;NHS Gloucestershire CCG;72;71;314 131;;293 853;10 961;9 317
CCG;11N;E38000089;NHS Kernow CCG;57;57;314 751;;290 284;11 054;13 413
CCG;11X;E38000150;NHS Somerset CCG;64;63;241 483;;221 254;9 830;10 399
CCG;12F;E38000208;NHS Wirral CCG;47;47;176 983;;161 319;9 243;6 421
CCG;13T;E38000212;NHS Newcastle Gateshead CCG;60;60;219 732;;200 173;10 948;8 611
CCG;14L;E38000217;NHS Manchester CCG;83;82;262 871;;230 700;17 053;15 118
CCG;14Y;E38000223;NHS Buckinghamshire CCG;48;48;215 327;;199 956;7 936;7 435
CCG;15A;E38000221;NHS Berkshire West CCG;45;44;223 246;;205 949;9 529;7 768
CCG;15C;E38000222;NHS Bristol, North Somerset and South Gloucestershire CCG;78;77;416 286;;382 044;19 116;15 126
CCG;15E;E38000220;NHS Birmingham and Solihull CCG;160;158;559 504;;508 138;32 183;19 183
CCG;15F;E38000225;NHS Leeds CCG;91;91;385 066;;359 083;15 792;10 191
CCG;15M;E38000229;NHS Derby and Derbyshire CCG;112;112;492 542;;459 214;15 203;18 125
CCG;15N;E38000230;NHS Devon CCG;121;119;635 095;;590 610;22 303;22 182
CCG;16C;E38000247;NHS Tees Valley CCG;81;80;321 796;;297 289;14 222;10 285
CCG;18C;E38000236;NHS Herefordshire CCG;80;80;404 049;;376 275;15 889;11 885
CCG;26A;E38000239;NHS Norfolk and Waveney CCG;106;104;514 797;;479 493;17 258;18 046
CCG;27D;E38000233;NHS Cheshire CCG;79;79;324 058;;293 717;15 890;14 451
CCG;36J;E38000232;NHS Bradford District and Craven CCG;62;62;349 425;;322 019;11 102;16 304
CCG;36L;E38000245;NHS South West London CCG;181;178;622 835;;562 616;34 568;25 651
CCG;42D;E38000241;NHS North Yorkshire CCG;51;51;211 504;;199 254;5 856;6 394
CCG;52R;E38000243;NHS Nottingham and Nottinghamshire CCG;125;124;482 621;;448 184;18 434;16 003
CCG;70F;E38000248;NHS West Sussex CCG;75;75;379 593;;356 129;11 400;12 064
CCG;71E;E38000238;NHS Lincolnshire CCG;85;85;360 428;;337 065;12 434;10 929
CCG;72Q;E38000244;NHS South East London CCG;204;199;673 031;;608 699;36 640;27 692
CCG;78H;E38000242;NHS Northamptonshire CCG;69;68;334 408;;315 062;9 627;9 719
CCG;84H;E38000234;NHS County Durham CCG;61;61;301 702;;282 439;10 355;8 908
CCG;91Q;E38000237;NHS Kent and Medway CCG;192;192;794 640;;723 862;34 447;36 331
CCG;92A;E38000246;NHS Surrey Heartlands CCG;104;103;421 029;;388 198;17 931;14 900
CCG;92G;E38000231;NHS Bath and North East Somerset, Swindon and Wiltshire CCG;90;89;447 972;;419 434;12 947;15 591
CCG;93C;E38000240;NHS North Central London CCG;187;181;587 932;;534 758;32 348;20 826
CCG;97R;E38000235;NHS East Sussex CCG;52;52;257 716;;235 699;10 730;11 287
CCG;99A;E38000101;NHS Liverpool CCG;87;85;230 393;;207 704;14 491;8 198
CCG;99C;E38000127;NHS North Tyneside CCG;26;25;94 432;;87 502;3 873;3 057
CCG;99E;E38000007;NHS Basildon and Brentwood CCG;35;35;111 401;;104 370;2 911;4 120
CCG;99F;E38000030;NHS Castle Point and Rochford CCG;23;23;67 510;;63 398;1 786;2 326
CCG;99G;E38000168;NHS Southend CCG;26;25;66 287;;62 388;2 155;1 744
CCG;A3A8R;E38000255;NHS North East London CCG;276;272;827 045;;741 753;48 607;36 685
CCG;B2M3M;E38000251;NHS Coventry and Warwickshire CCG;119;119;413 723;;381 636;17 242;14 845
CCG;D2P2L;E38000250;NHS Black Country and West Birmingham CCG;205;205;610 764;;551 853;35 622;23 289
CCG;D4U1Y;E38000252;NHS Frimley CCG;73;71;320 586;;296 903;13 762;9 921
CCG;D9Y0V;E38000253;NHS Hampshire, Southampton and Isle of Wight CCG;131;128;703 493;;649 121;29 481;24 891
CCG;M1J4Y;E38000249;NHS Bedfordshire, Luton and Milton Keynes CCG;98;96;419 345;;389 974;16 278;13 093
CCG;M2L0M;E38000257;NHS Shropshire and Telford and Wrekin CCG;52;51;220 679;;205 046;8 259;7 374
CCG;W2U3Z;E38000256;NHS North West London CCG;351;350;1 053 468;;966 601;49 980;36 887
CCG;X2C4Y;E38000254;NHS Kirklees CCG;65;64;200 581;;188 331;6 385;5 865
;;;;;;;;;;
Notes:;;;;;;;;;;
1;CCGs are only included if there is data for more than one practice within the CCG, therefore the total count of open GP practices by CCG may not equal the national total;;;;;;;;;
2;"At the time of the appointment a ‘Booked’ status will usually be changed to either ‘Attended’ or ‘DNA’. In some cases (4-7% of monthly appointments), the final status of an appointment remains as ‘Booked’. It is not known from the data whether these appointments were actually attended or not. From a sample audit these were found to be consultations where the status has not been updated to say if patients had attended or not. 
For this reason, these appointments are reported as ""Unknown"" status";;;;;;;;;
_;See 'Coronavirus Impact' tab for further information;;;;;;;;;
Copyright © 2022 Health and Social Care Information Centre. The Health and Social Care Information Centre is a non-departmental body created by statute, also known as NHS Digital.;;;;;;;;;;
;;;;;;;;;;
;;;;;;;;;;
;;;;;;;;;;
;;;;;;;;;;
;;;;;;;;;;
;;;;;;;;;;
;;;;;;;;;;
;;;;;;;;;;
;;;;;;;;;;
;;;;;;;;;;
;;;;;;;;;;
;;;;;;;;;;
;;;;;;;;;;
;;;;;;;;;;
;;;;;;;;;;
;;;;;;;;;;
;;;;;;;;;;
;;;;;;;;;;
;;;;;;;;;;
;;;;;;;;;;
;;;;;;;;;;
;;;;;;;;;;
;;;;;;;;;;
;;;;;;;;;;
;;;;;;;;;;
;;;;;;;;;;
;;;;;;;;;;
;;;;;;;;;;
;;;;;;;;;;
;;;;;;;;;;
;;;;;;;;;;
;;;;;;;;;;
;;;;;;;;;;
;;;;;;;;;;
;;;;;;;;;;
;;;;;;;;;;
;;;;;;;;;;
;;;;;;;;;;
;;;;;;;;;;
;;;;;;;;;;
;;;;;;;;;;
;;;;;;;;;;
;;;;;;;;;;
;;;;;;;;;;
;;;;;;;;;;
;;;;;;;;;;
;;;;;;;;;;
;;;;;;;;;;
;;;;;;;;;;
;;;;;;;;;;
;;;;;;;;;;
;;;;;;;;;;
;;;;;;;;;;
;;;;;;;;;;
;;;;;;;;;;
;;;;;;;;;;
;;;;;;;;;;
;;;;;;;;;;
;;;;;;;;;;
;;;;;;;;;;
;;;;;;;;;;
;;;;;;;;;;
;;;;;;;;;;
;;;;;;;;;;
;;;;;;;;;;
;;;;;;;;;;
;;;;;;;;;;
;;;;;;;;;;
;;;;;;;;;;
;;;;;;;;;;
;;;;;;;;;;
;;;;;;;;;;
;;;;;;;;;;
;;;;;;;;;;
;;;;;;;;;;
;;;;;;;;;;
;;;;;;;;;;
;;;;;;;;;;
;;;;;;;;;;
;;;;;;;;;;
;;;;;;;;;;
;;;;;;;;;;
;;;;;;;;;;
;;;;;;;;;;
;;;;;;;;;;
;;;;;;;;;;
;;;;;;;;;;
;;;;;;;;;;
;;;;;;;;;;
;;;;;;;;;;
;;;;;;;;;;
;;;;;;;;;;
;;;;;;;;;;
;;;;;;;;;;
;;;;;;;;;;
;;;;;;;;;;
;;;;;;;;;;
;;;;;;;;;;
;;;;;;;;;;
;;;;;;;;;;
;;;;;;;;;;
;;;;;;;;;;
;;;;;;;;;;
;;;;;;;;;;
;;;;;;;;;;
;;;;;;;;;;
;;;;;;;;;;
;;;;;;;;;;
;;;;;;;;;;
;;;;;;;;;;
;;;;;;;;;;
;;;;;;;;;;
;;;;;;;;;;
;;;;;;;;;;
;;;;;;;;;;
;;;;;;;;;;
;;;;;;;;;;
;;;;;;;;;;
;;;;;;;;;;
;;;;;;;;;;
;;;;;;;;;;
;;;;;;;;;;
;;;;;;;;;;
;;;;;;;;;;
;;;;;;;;;;
;;;;;;;;;;
;;;;;;;;;;
;;;;;;;;;;
;;;;;;;;;;
;;;;;;;;;;
;;;;;;;;;;
;;;;;;;;;;
;;;;;;;;;;
;;;;;;;;;;
;;;;;;;;;;
;;;;;;;;;;
;;;;;;;;;;
;;;;;;;;;;
;;;;;;;;;;
;;;;;;;;;;
;;;;;;;;;;
;;;;;;;;;;
;;;;;;;;;;
;;;;;;;;;;
;;;;;;;;;;
;;;;;;;;;;
;;;;;;;;;;
;;;;;;;;;;
;;;;;;;;;;
;;;;;;;;;;
;;;;;;;;;;
;;;;;;;;;;
;;;;;;;;;;
;;;;;;;;;;
;;;;;;;;;;
;;;;;;;;;;
;;;;;;;;;;
;;;;;;;;;;
;;;;;;;;;;
;;;;;;;;;;
;;;;;;;;;;
;;;;;;;;;;
;;;;;;;;;;
;;;;;;;;;;
;;;;;;;;;;
;;;;;;;;;;
;;;;;;;;;;
;;;;;;;;;;
;;;;;;;;;;
;;;;;;;;;;
;;;;;;;;;;
;;;;;;;;;;
;;;;;;;;;;
;;;;;;;;;;
;;;;;;;;;;
;;;;;;;;;;
;;;;;;;;;;
;;;;;;;;;;
;;;;;;;;;;
;;;;;;;;;;
;;;;;;;;;;
;;;;;;;;;;
;;;;;;;;;;
;;;;;;;;;;
;;;;;;;;;;
;;;;;;;;;;
;;;;;;;;;;
;;;;;;;;;;
;;;;;;;;;;
;;;;;;;;;;
;;;;;;;;;;
;;;;;;;;;;
;;;;;;;;;;
;;;;;;;;;;
;;;;;;;;;;
;;;;;;;;;;
;;;;;;;;;;
;;;;;;;;;;
;;;;;;;;;;
;;;;;;;;;;
;;;;;;;;;;
;;;;;;;;;;
;;;;;;;;;;
;;;;;;;;;;
;;;;;;;;;;
;;;;;;;;;;
;;;;;;;;;;
;;;;;;;;;;
;;;;;;;;;;
;;;;;;;;;;
;;;;;;;;;;
;;;;;;;;;;
;;;;;;;;;;
;;;;;;;;;;
;;;;;;;;;;
;;;;;;;;;;
;;;;;;;;;;
;;;;;;;;;;
;;;;;;;;;;
;;;;;;;;;;
;;;;;;;;;;
;;;;;;;;;;
;;;;;;;;;;
;;;;;;;;;;
;;;;;;;;;;
;;;;;;;;;;
;;;;;;;;;;
;;;;;;;;;;
;;;;;;;;;;
;;;;;;;;;;
;;;;;;;;;;
;;;;;;;;;;
;;;;;;;;;;
;;;;;;;;;;
;;;;;;;;;;
;;;;;;;;;;
;;;;;;;;;;
;;;;;;;;;;
;;;;;;;;;;
;;;;;;;;;;
;;;;;;;;;;
;;;;;;;;;;
;;;;;;;;;;
;;;;;;;;;;
;;;;;;;;;;
;;;;;;;;;;
;;;;;;;;;;
;;;;;;;;;;
;;;;;;;;;;
;;;;;;;;;;
;;;;;;;;;;
;;;;;;;;;;
;;;;;;;;;;
;;;;;;;;;;
;;;;;;;;;;
;;;;;;;;;;
;;;;;;;;;;
;;;;;;;;;;
;;;;;;;;;;
;;;;;;;;;;
;;;;;;;;;;
;;;;;;;;;;
;;;;;;;;;;
;;;;;;;;;;
;;;;;;;;;;
;;;;;;;;;;
;;;;;;;;;;
;;;;;;;;;;
;;;;;;;;;;
;;;;;;;;;;
;;;;;;;;;;
;;;;;;;;;;
;;;;;;;;;;
;;;;;;;;;;
;;;;;;;;;;
;;;;;;;;;;
;;;;;;;;;;
;;;;;;;;;;
;;;;;;;;;;
;;;;;;;;;;
;;;;;;;;;;
;;;;;;;;;;
;;;;;;;;;;
;;;;;;;;;;
;;;;;;;;;;
;;;;;;;;;;
;;;;;;;;;;
;;;;;;;;;;
;;;;;;;;;;
;;;;;;;;;;
;;;;;;;;;;
;;;;;;;;;;
;;;;;;;;;;
;;;;;;;;;;
;;;;;;;;;;
;;;;;;;;;;
;;;;;;;;;;
;;;;;;;;;;
;;;;;;;;;;
;;;;;;;;;;
;;;;;;;;;;
;;;;;;;;;;
;;;;;;;;;;
;;;;;;;;;;
;;;;;;;;;;
;;;;;;;;;;
;;;;;;;;;;
;;;;;;;;;;
;;;;;;;;;;
;;;;;;;;;;
;;;;;;;;;;
;;;;;;;;;;
;;;;;;;;;;
;;;;;;;;;;
;;;;;;;;;;
;;;;;;;;;;
;;;;;;;;;;
;;;;;;;;;;
;;;;;;;;;;
;;;;;;;;;;
;;;;;;;;;;
;;;;;;;;;;
;;;;;;;;;;
;;;;;;;;;;
;;;;;;;;;;
;;;;;;;;;;
;;;;;;;;;;
;;;;;;;;;;
;;;;;;;;;;
;;;;;;;;;;
;;;;;;;;;;
;;;;;;;;;;
;;;;;;;;;;
;;;;;;;;;;
;;;;;;;;;;
;;;;;;;;;;
;;;;;;;;;;
;;;;;;;;;;
;;;;;;;;;;
;;;;;;;;;;
;;;;;;;;;;
;;;;;;;;;;
;;;;;;;;;;
;;;;;;;;;;
;;;;;;;;;;
;;;;;;;;;;
;;;;;;;;;;
;;;;;;;;;;
;;;;;;;;;;
;;;;;;;;;;
;;;;;;;;;;
;;;;;;;;;;
;;;;;;;;;;
;;;;;;;;;;
;;;;;;;;;;
;;;;;;;;;;
;;;;;;;;;;
;;;;;;;;;;
;;;;;;;;;;
;;;;;;;;;;
;;;;;;;;;;
;;;;;;;;;;
;;;;;;;;;;
;;;;;;;;;;
;;;;;;;;;;
;;;;;;;;;;
;;;;;;;;;;
;;;;;;;;;;
;;;;;;;;;;
;;;;;;;;;;
;;;;;;;;;;
;;;;;;;;;;
;;;;;;;;;;
;;;;;;;;;;
;;;;;;;;;;
;;;;;;;;;;
;;;;;;;;;;
;;;;;;;;;;
;;;;;;;;;;
;;;;;;;;;;
;;;;;;;;;;
;;;;;;;;;;
;;;;;;;;;;
;;;;;;;;;;
;;;;;;;;;;
;;;;;;;;;;
;;;;;;;;;;
;;;;;;;;;;
;;;;;;;;;;
;;;;;;;;;;
;;;;;;;;;;
;;;;;;;;;;
;;;;;;;;;;
;;;;;;;;;;
;;;;;;;;;;
;;;;;;;;;;
;;;;;;;;;;
;;;;;;;;;;
;;;;;;;;;;
;;;;;;;;;;
;;;;;;;;;;
;;;;;;;;;;
;;;;;;;;;;
;;;;;;;;;;
;;;;;;;;;;
;;;;;;;;;;
;;;;;;;;;;
;;;;;;;;;;
;;;;;;;;;;
;;;;;;;;;;
;;;;;;;;;;
;;;;;;;;;;
;;;;;;;;;;
;;;;;;;;;;
;;;;;;;;;;
;;;;;;;;;;
;;;;;;;;;;
;;;;;;;;;;
;;;;;;;;;;
;;;;;;;;;;
;;;;;;;;;;
;;;;;;;;;;
;;;;;;;;;;
;;;;;;;;;;
;;;;;;;;;;
;;;;;;;;;;
;;;;;;;;;;
;;;;;;;;;;
;;;;;;;;;;
;;;;;;;;;;
;;;;;;;;;;
;;;;;;;;;;
;;;;;;;;;;
;;;;;;;;;;
;;;;;;;;;;
;;;;;;;;;;
;;;;;;;;;;
;;;;;;;;;;
;;;;;;;;;;
;;;;;;;;;;
;;;;;;;;;;
;;;;;;;;;;
;;;;;;;;;;
;;;;;;;;;;
;;;;;;;;;;
;;;;;;;;;;
;;;;;;;;;;
;;;;;;;;;;
;;;;;;;;;;
;;;;;;;;;;
;;;;;;;;;;
;;;;;;;;;;
;;;;;;;;;;
;;;;;;;;;;
;;;;;;;;;;
;;;;;;;;;;
;;;;;;;;;;
;;;;;;;;;;
;;;;;;;;;;
;;;;;;;;;;
;;;;;;;;;;
;;;;;;;;;;
;;;;;;;;;;
;;;;;;;;;;
;;;;;;;;;;
;;;;;;;;;;
;;;;;;;;;;
;;;;;;;;;;
;;;;;;;;;;
;;;;;;;;;;
;;;;;;;;;;
;;;;;;;;;;
;;;;;;;;;;
;;;;;;;;;;
;;;;;;;;;;
;;;;;;;;;;
;;;;;;;;;;
;;;;;;;;;;
;;;;;;;;;;
;;;;;;;;;;
;;;;;;;;;;
;;;;;;;;;;
;;;;;;;;;;
;;;;;;;;;;
;;;;;;;;;;
;;;;;;;;;;
;;;;;;;;;;
;;;;;;;;;;
;;;;;;;;;;
;;;;;;;;;;
;;;;;;;;;;
;;;;;;;;;;
;;;;;;;;;;
;;;;;;;;;;
;;;;;;;;;;
;;;;;;;;;;
;;;;;;;;;;
;;;;;;;;;;
;;;;;;;;;;
;;;;;;;;;;
;;;;;;;;;;
;;;;;;;;;;
;;;;;;;;;;
;;;;;;;;;;
;;;;;;;;;;
;;;;;;;;;;
;;;;;;;;;;
;;;;;;;;;;
;;;;;;;;;;
;;;;;;;;;;
;;;;;;;;;;
;;;;;;;;;;
;;;;;;;;;;
;;;;;;;;;;
;;;;;;;;;;
;;;;;;;;;;
;;;;;;;;;;
;;;;;;;;;;
;;;;;;;;;;
;;;;;;;;;;
;;;;;;;;;;
;;;;;;;;;;
;;;;;;;;;;
;;;;;;;;;;
;;;;;;;;;;
;;;;;;;;;;
;;;;;;;;;;
;;;;;;;;;;
;;;;;;;;;;
;;;;;;;;;;
;;;;;;;;;;
;;;;;;;;;;
;;;;;;;;;;
;;;;;;;;;;
;;;;;;;;;;
;;;;;;;;;;
;;;;;;;;;;
;;;;;;;;;;
;;;;;;;;;;
;;;;;;;;;;
;;;;;;;;;;
;;;;;;;;;;
;;;;;;;;;;
;;;;;;;;;;
;;;;;;;;;;
;;;;;;;;;;
;;;;;;;;;;
;;;;;;;;;;
;;;;;;;;;;
;;;;;;;;;;
;;;;;;;;;;
;;;;;;;;;;
;;;;;;;;;;
;;;;;;;;;;
;;;;;;;;;;
;;;;;;;;;;
;;;;;;;;;;
;;;;;;;;;;
;;;;;;;;;;
;;;;;;;;;;
;;;;;;;;;;
;;;;;;;;;;
;;;;;;;;;;
;;;;;;;;;;
;;;;;;;;;;
;;;;;;;;;;