﻿;;;;;;;;;;
;;;;;;;;;;
;;;;;;;;;;
;;;;;;;;;;
;;;;;;;;;;
Return to Contents;;;;;;;;;;
_;;;;;;;;;;
Table 3a: Appointments by Status, at National, Regional, STP and CCG level, England, March 2022;;;;;;;;;;
;;;;Count of Open GP Practices1;Count of Included GP Practices;Count of Appointments;;"Count of Appointments by 
Appointment Status";;
Type;NHS Area Code;ONS Code;Name;;;Total;;Attended;DNA;Unknown2
Type;NHS Area Code;ONS Code;Name;Open Active Practices;Included Practices;Total;_;Attended;DNA;Unknown
National;ENG;ENG;England;6 539;6 456;29 574 021;;27 141 974;1 288 983;1 143 064
Region;Y56;E40000003;London;1 198;1 178;4 376 368;;3 959 218;240 229;176 921
Region;Y58;E40000006;South West;555;549;3 188 371;;2 948 905;117 569;121 897
Region;Y59;E40000005;South East;832;825;4 490 565;;4 134 385;183 860;172 320
Region;Y60;E40000008;Midlands;1 286;1 277;5 660 634;;5 208 407;244 847;207 380
Region;Y61;E40000007;East of England;675;662;3 405 772;;3 166 772;117 991;121 009
Region;Y62;E40000010;North West;991;972;3 616 024;;3 255 993;194 616;165 415
Region;Y63;E40000009;North East and Yorkshire;1 002;993;4 836 287;;4 468 294;189 871;178 122
STP;QE1;E54000048;Healthier Lancashire And South Cumbria  STP;201;200;870 814;;791 927;40 463;38 424
STP;QF7;E54000009;South Yorkshire And Bassetlaw  STP;184;183;821 672;;756 842;34 671;30 159
STP;QGH;E54000019;Herefordshire And Worcestershire  STP;80;80;466 530;;431 957;18 801;15 772
STP;QH8;E54000026;Mid And South Essex  STP;152;149;563 963;;527 217;16 070;20 676
STP;QHG;E54000024;Bedfordshire, Luton And Milton Keynes  STP;98;95;486 886;;450 616;19 729;16 541
STP;QHL;E54000017;Birmingham And Solihull  STP;160;157;648 507;;587 443;37 852;23 212
STP;QHM;E54000050;Cumbria And North East  STP;361;358;1 679 730;;1 545 888;71 745;62 097
STP;QJ2;E54000012;Joined Up Care Derbyshire  STP;112;112;574 647;;533 913;18 138;22 596
STP;QJG;E54000023;Suffolk And North East Essex  STP;93;91;523 940;;489 763;17 926;16 251
STP;QJK;E54000037;Devon  STP;121;119;738 255;;683 548;26 846;27 861
STP;QJM;E54000013;Lincolnshire  STP;85;85;425 563;;395 468;15 330;14 765
STP;QK1;E54000015;Leicester, Leicestershire And Rutland  STP;133;131;630 663;;586 062;24 412;20 189
STP;QKK;E54000030;Our Healthier South East London  STP;204;197;779 452;;702 182;43 986;33 284
STP;QKS;E54000032;Kent And Medway  STP;192;192;921 471;;838 086;40 138;43 247
STP;QM7;E54000025;Hertfordshire And West Essex  STP;136;134;715 277;;661 371;24 506;29 400
STP;QMF;E54000029;East London Health And Care Partnership  STP;276;272;966 160;;865 775;57 636;42 749
STP;QMJ;E54000028;North London Partners In Health And Care  STP;186;181;679 743;;615 683;38 722;25 338
STP;QMM;E54000022;Norfolk And Waveney Health And Care Partnership  STP;106;104;597 008;;554 344;21 466;21 198
STP;QNC;E54000010;Staffordshire And Stoke On Trent  STP;146;145;525 959;;478 243;24 298;23 418
STP;QNQ;E54000034;Frimley Health And Care Ics  STP;73;71;380 604;;352 008;16 690;11 906
STP;QNX;E54000053;Sussex Health And Care Partnership  STP;160;160;894 601;;828 654;31 994;33 953
STP;QOC;E54000011;Shropshire And Telford And Wrekin  STP;52;51;256 176;;236 456;9 836;9 884
STP;QOP;E54000007;Greater Manchester Health And Social Care Partnership  STP;433;419;1 413 417;;1 259 808;83 594;70 015
STP;QOQ;E54000051;Humber, Coast And Vale  STP;183;180;903 934;;837 943;32 670;33 321
STP;QOX;E54000040;Bath And North East Somerset, Swindon And Wiltshire  STP;90;89;521 158;;485 466;15 931;19 761
STP;QPM;E54000020;Northamptonshire  STP;69;68;388 660;;366 122;11 519;11 019
STP;QR1;E54000043;Gloucestershire  STP;72;71;365 541;;339 621;13 298;12 622
STP;QRL;E54000042;Hampshire And The Isle Of Wight  STP;143;142;922 221;;848 551;39 924;33 746
STP;QRV;E54000027;North West London Health And Care Partnership  STP;351;350;1 232 683;;1 127 325;59 500;45 858
STP;QSL;E54000038;Somerset  STP;64;63;280 466;;256 341;11 418;12 707
STP;QT1;E54000014;Nottingham And Nottinghamshire Health And Care  STP;125;124;561 609;;519 620;22 649;19 340
STP;QT6;E54000036;Cornwall And The Isles Of Scilly Health And Social Care Partnership  STP;57;57;366 778;;336 170;13 334;17 274
STP;QU9;E54000044;Buckinghamshire, Oxfordshire And Berkshire West  STP;160;157;879 628;;814 599;33 878;31 151
STP;QUA;E54000016;The Black Country And West Birmingham  STP;205;205;702 358;;631 882;41 573;28 903
STP;QUE;E54000021;Cambridgeshire And Peterborough  STP;90;89;518 698;;483 461;18 294;16 943
STP;QUY;E54000039;Bristol, North Somerset And South Gloucestershire  STP;78;77;484 243;;443 983;22 406;17 854
STP;QVV;E54000041;Dorset  STP;73;73;431 930;;403 776;14 336;13 818
STP;QWE;E54000031;South West London Health And Care Partnership  STP;181;178;718 330;;648 253;40 385;29 692
STP;QWO;E54000054;West Yorkshire And Harrogate (Health And Care Partnership)  STP;274;272;1 430 951;;1 327 621;50 785;52 545
STP;QWU;E54000018;Coventry And Warwickshire  STP;119;119;479 962;;441 241;20 439;18 282
STP;QXU;E54000052;Surrey Heartlands Health And Care Partnership  STP;104;103;492 040;;452 487;21 236;18 317
STP;QYG;E54000008;Cheshire And Merseyside  STP;357;353;1 331 793;;1 204 258;70 559;56 976
CCG;00L;E38000130;NHS Northumberland CCG;38;38;187 123;;176 268;6 097;4 758
CCG;00N;E38000163;NHS South Tyneside CCG;21;21;69 906;;63 951;2 938;3 017
CCG;00P;E38000176;NHS Sunderland CCG;39;38;136 678;;123 417;7 281;5 980
CCG;00Q;E38000014;NHS Blackburn with Darwen CCG;22;22;83 704;;76 233;4 228;3 243
CCG;00R;E38000015;NHS Blackpool CCG;17;16;96 965;;88 336;5 267;3 362
CCG;00T;E38000016;NHS Bolton CCG;49;49;165 249;;147 710;10 736;6 803
CCG;00V;E38000024;NHS Bury CCG;25;22;70 489;;61 336;3 099;6 054
CCG;00X;E38000034;NHS Chorley and South Ribble CCG;26;26;83 799;;76 066;3 905;3 828
CCG;00Y;E38000135;NHS Oldham CCG;40;39;114 350;;104 210;6 390;3 750
CCG;01A;E38000050;NHS East Lancashire CCG;48;48;177 670;;159 539;8 995;9 136
CCG;01D;E38000080;NHS Heywood, Middleton and Rochdale CCG;41;36;104 822;;95 671;5 714;3 437
CCG;01E;E38000227;NHS Greater Preston CCG;22;22;98 459;;87 630;4 747;6 082
CCG;01F;E38000068;NHS Halton CCG;14;14;64 431;;57 791;3 303;3 337
CCG;01G;E38000143;NHS Salford CCG;38;35;139 078;;122 188;8 793;8 097
CCG;01H;E38000215;NHS North Cumbria CCG;35;35;193 825;;176 111;7 852;9 862
CCG;01J;E38000091;NHS Knowsley CCG;25;25;82 140;;74 690;4 707;2 743
CCG;01K;E38000228;NHS Morecambe Bay CCG;32;32;172 899;;160 160;7 137;5 602
CCG;01T;E38000161;NHS South Sefton CCG;30;29;60 458;;55 335;2 986;2 137
CCG;01V;E38000170;NHS Southport and Formby CCG;16;16;63 930;;58 694;2 783;2 453
CCG;01W;E38000174;NHS Stockport CCG;36;36;164 383;;150 091;7 938;6 354
CCG;01X;E38000172;NHS St Helens CCG;33;32;92 320;;79 346;6 687;6 287
CCG;01Y;E38000182;NHS Tameside and Glossop CCG;36;36;126 089;;111 634;7 238;7 217
CCG;02A;E38000187;NHS Trafford CCG;27;27;81 644;;72 936;4 955;3 753
CCG;02E;E38000194;NHS Warrington CCG;26;26;107 076;;100 376;3 383;3 317
CCG;02G;E38000200;NHS West Lancashire CCG;15;15;55 219;;50 854;2 368;1 997
CCG;02H;E38000205;NHS Wigan Borough CCG;58;57;138 248;;123 413;7 861;6 974
CCG;02M;E38000226;NHS Fylde and Wyre CCG;19;19;102 099;;93 109;3 816;5 174
CCG;02P;E38000006;NHS Barnsley CCG;32;32;129 206;;118 066;5 545;5 595
CCG;02Q;E38000008;NHS Bassetlaw CCG;9;9;66 031;;61 864;2 293;1 874
CCG;02T;E38000025;NHS Calderdale CCG;22;21;113 656;;106 793;3 882;2 981
CCG;02X;E38000044;NHS Doncaster CCG;38;38;162 807;;149 350;8 173;5 284
CCG;02Y;E38000052;NHS East Riding of Yorkshire CCG;30;29;145 965;;136 566;4 764;4 635
CCG;03F;E38000085;NHS Hull CCG;32;32;136 327;;123 579;8 116;4 632
CCG;03H;E38000119;NHS North East Lincolnshire CCG;25;24;106 103;;98 381;3 156;4 566
CCG;03K;E38000122;NHS North Lincolnshire CCG;19;19;99 317;;90 633;3 162;5 522
CCG;03L;E38000141;NHS Rotherham CCG;29;29;153 796;;142 333;6 070;5 393
CCG;03N;E38000146;NHS Sheffield CCG;76;75;309 832;;285 229;12 590;12 013
CCG;03Q;E38000188;NHS Vale of York CCG;26;25;166 966;;155 297;6 081;5 588
CCG;03R;E38000190;NHS Wakefield CCG;34;34;218 467;;203 891;6 822;7 754
CCG;03W;E38000051;NHS East Leicestershire and Rutland CCG;31;29;195 974;;182 327;7 791;5 856
CCG;04C;E38000097;NHS Leicester City CCG;56;56;216 292;;198 342;9 738;8 212
CCG;04V;E38000201;NHS West Leicestershire CCG;46;46;218 397;;205 393;6 883;6 121
CCG;04Y;E38000028;NHS Cannock Chase CCG;23;22;64 760;;58 791;2 652;3 317
CCG;05D;E38000053;NHS East Staffordshire CCG;18;18;68 730;;61 574;2 918;4 238
CCG;05G;E38000126;NHS North Staffordshire CCG;30;30;98 649;;90 596;4 070;3 983
CCG;05Q;E38000153;NHS South East Staffordshire and Seisdon Peninsula CCG;23;23;101 430;;94 345;3 919;3 166
CCG;05V;E38000173;NHS Stafford and Surrounds CCG;14;14;70 086;;64 042;3 121;2 923
CCG;05W;E38000175;NHS Stoke on Trent CCG;38;38;122 304;;108 895;7 618;5 791
CCG;06H;E38000026;NHS Cambridgeshire and Peterborough CCG;90;89;518 698;;483 461;18 294;16 943
CCG;06K;E38000049;NHS East and North Hertfordshire CCG;52;50;278 282;;257 511;8 428;12 343
CCG;06L;E38000086;NHS Ipswich and East Suffolk CCG;36;35;203 250;;190 624;5 400;7 226
CCG;06N;E38000079;NHS Herts Valley CCG;54;54;291 263;;266 854;11 526;12 883
CCG;06Q;E38000106;NHS Mid Essex CCG;41;39;187 368;;175 515;4 876;6 977
CCG;06T;E38000117;NHS North East Essex CCG;33;32;192 370;;176 445;9 439;6 486
CCG;07G;E38000185;NHS Thurrock CCG;27;27;89 663;;83 250;2 685;3 728
CCG;07H;E38000197;NHS West Essex CCG;30;30;145 732;;137 006;4 552;4 174
CCG;07K;E38000204;NHS West Suffolk CCG;24;24;128 320;;122 694;3 087;2 539
CCG;09D;E38000021;NHS Brighton and Hove CCG;33;33;143 681;;132 433;5 724;5 524
CCG;10Q;E38000136;NHS Oxfordshire CCG;67;66;373 802;;347 189;13 493;13 120
CCG;10R;E38000137;NHS Portsmouth CCG;13;13;92 147;;85 258;3 898;2 991
CCG;11J;E38000045;NHS Dorset CCG;73;73;431 930;;403 776;14 336;13 818
CCG;11M;E38000062;NHS Gloucestershire CCG;72;71;365 541;;339 621;13 298;12 622
CCG;11N;E38000089;NHS Kernow CCG;57;57;366 778;;336 170;13 334;17 274
CCG;11X;E38000150;NHS Somerset CCG;64;63;280 466;;256 341;11 418;12 707
CCG;12F;E38000208;NHS Wirral CCG;47;47;209 473;;189 267;11 053;9 153
CCG;13T;E38000212;NHS Newcastle Gateshead CCG;60;60;253 850;;229 799;13 278;10 773
CCG;14L;E38000217;NHS Manchester CCG;83;82;309 065;;270 619;20 870;17 576
CCG;14Y;E38000223;NHS Buckinghamshire CCG;48;47;245 132;;227 996;9 232;7 904
CCG;15A;E38000221;NHS Berkshire West CCG;45;44;260 694;;239 414;11 153;10 127
CCG;15C;E38000222;NHS Bristol, North Somerset and South Gloucestershire CCG;78;77;484 243;;443 983;22 406;17 854
CCG;15E;E38000220;NHS Birmingham and Solihull CCG;160;157;648 507;;587 443;37 852;23 212
CCG;15F;E38000225;NHS Leeds CCG;91;91;455 999;;422 962;19 437;13 600
CCG;15M;E38000229;NHS Derby and Derbyshire CCG;112;112;574 647;;533 913;18 138;22 596
CCG;15N;E38000230;NHS Devon CCG;121;119;738 255;;683 548;26 846;27 861
CCG;16C;E38000247;NHS Tees Valley CCG;81;80;378 416;;348 631;17 048;12 737
CCG;18C;E38000236;NHS Herefordshire CCG;80;80;466 530;;431 957;18 801;15 772
CCG;26A;E38000239;NHS Norfolk and Waveney CCG;106;104;597 008;;554 344;21 466;21 198
CCG;27D;E38000233;NHS Cheshire CCG;79;79;379 636;;343 209;18 819;17 608
CCG;36J;E38000232;NHS Bradford District and Craven CCG;62;62;407 396;;374 038;12 785;20 573
CCG;36L;E38000245;NHS South West London CCG;181;178;718 330;;648 253;40 385;29 692
CCG;42D;E38000241;NHS North Yorkshire CCG;51;51;249 256;;233 487;7 391;8 378
CCG;52R;E38000243;NHS Nottingham and Nottinghamshire CCG;125;124;561 609;;519 620;22 649;19 340
CCG;70F;E38000248;NHS West Sussex CCG;75;75;447 750;;419 068;13 840;14 842
CCG;71E;E38000238;NHS Lincolnshire CCG;85;85;425 563;;395 468;15 330;14 765
CCG;72Q;E38000244;NHS South East London CCG;204;197;779 452;;702 182;43 986;33 284
CCG;78H;E38000242;NHS Northamptonshire CCG;69;68;388 660;;366 122;11 519;11 019
CCG;84H;E38000234;NHS County Durham CCG;61;61;349 984;;326 723;12 547;10 714
CCG;91Q;E38000237;NHS Kent and Medway CCG;192;192;921 471;;838 086;40 138;43 247
CCG;92A;E38000246;NHS Surrey Heartlands CCG;104;103;492 040;;452 487;21 236;18 317
CCG;92G;E38000231;NHS Bath and North East Somerset, Swindon and Wiltshire CCG;90;89;521 158;;485 466;15 931;19 761
CCG;93C;E38000240;NHS North Central London CCG;186;181;679 743;;615 683;38 722;25 338
CCG;97R;E38000235;NHS East Sussex CCG;52;52;303 170;;277 153;12 430;13 587
CCG;99A;E38000101;NHS Liverpool CCG;87;85;272 329;;245 550;16 838;9 941
CCG;99C;E38000127;NHS North Tyneside CCG;26;25;109 948;;100 988;4 704;4 256
CCG;99E;E38000007;NHS Basildon and Brentwood CCG;35;35;130 196;;121 998;3 572;4 626
CCG;99F;E38000030;NHS Castle Point and Rochford CCG;23;23;79 865;;74 725;2 119;3 021
CCG;99G;E38000168;NHS Southend CCG;26;25;76 871;;71 729;2 818;2 324
CCG;A3A8R;E38000255;NHS North East London CCG;276;272;966 160;;865 775;57 636;42 749
CCG;B2M3M;E38000251;NHS Coventry and Warwickshire CCG;119;119;479 962;;441 241;20 439;18 282
CCG;D2P2L;E38000250;NHS Black Country and West Birmingham CCG;205;205;702 358;;631 882;41 573;28 903
CCG;D4U1Y;E38000252;NHS Frimley CCG;73;71;380 604;;352 008;16 690;11 906
CCG;D9Y0V;E38000253;NHS Hampshire, Southampton and Isle of Wight CCG;130;129;830 074;;763 293;36 026;30 755
CCG;M1J4Y;E38000249;NHS Bedfordshire, Luton and Milton Keynes CCG;98;95;486 886;;450 616;19 729;16 541
CCG;M2L0M;E38000257;NHS Shropshire and Telford and Wrekin CCG;52;51;256 176;;236 456;9 836;9 884
CCG;W2U3Z;E38000256;NHS North West London CCG;351;350;1 232 683;;1 127 325;59 500;45 858
CCG;X2C4Y;E38000254;NHS Kirklees CCG;65;64;235 433;;219 937;7 859;7 637
;;;;;;;;;;
Notes:;;;;;;;;;;
1;CCGs are only included if there is data for more than one practice within the CCG, therefore the total count of open GP practices by CCG may not equal the national total;;;;;;;;;
2;"At the time of the appointment a ‘Booked’ status will usually be changed to either ‘Attended’ or ‘DNA’. In some cases (4-7% of monthly appointments), the final status of an appointment remains as ‘Booked’. It is not known from the data whether these appointments were actually attended or not. From a sample audit these were found to be consultations where the status has not been updated to say if patients had attended or not. 
For this reason, these appointments are reported as ""Unknown"" status";;;;;;;;;
_;See 'Coronavirus Impact' tab for further information;;;;;;;;;
Copyright © 2022 Health and Social Care Information Centre. The Health and Social Care Information Centre is a non-departmental body created by statute, also known as NHS Digital.;;;;;;;;;;