﻿;;;;;;;;;;;;;;;;;;;;;;;;;;;;;;;
;;;;;;;;;;;;;;;;;;;;;;;;;;;;;;;
;;;;;;;;;;;;;;;;;;;;;;;;;;;;;;;
;;;;;;;;;;;;;;;;;;;;;;;;;;;;;;;
;;;;;;;;;;;;;;;;;;;;;;;;;;;;;;;
Return to Contents;;;;;;;;;;;;;;;;;;;;;;;;;;;;;;;
_;;;;;;;;;;;;;;;;;;;;;;;;;;;;;;;
Table 3a: Appointments by Status, at National, Regional, ICB and Sub ICB Location level, England, June 2022;;;;;;;;;;;;;;;;;;;;;;;;;;;;;;;
;;;;Count of Open GP Practices1;Count of Included GP Practices;Count of Appointments;;"Count of Appointments by 
Appointment Status";;;;;;;;;;;;;;;;;;;;;;;
Type;NHS Area Code;ONS Code;Name;;;Total;;Attended;DNA;Unknown2;;;;;;;;;;;;;;;;;;;;;
Type;NHS Area Code;ONS Code;Name;Open Active Practices;Included Practices;Total;_;Attended;DNA;Unknown;;;;;;;;;;;;;;;;;;;;;
National;ENG;ENG;England;6 511;6 422;25 828 078;;23 715 317;1 167 790;944 971;;;;;;;;;;;;;;;;;;;;;
Region;Y56;E40000003;London;1 191;1 168;3 873 375;;3 494 242;223 479;155 654;;;;;;;;;;;;;;;;;;;;;
Region;Y58;E40000006;South West;553;548;2 795 081;;2 594 734;106 527;93 820;;;;;;;;;;;;;;;;;;;;;
Region;Y59;E40000005;South East;829;822;3 922 220;;3 609 275;170 040;142 905;;;;;;;;;;;;;;;;;;;;;
Region;Y60;E40000011;Midlands;1 290;1 279;4 998 755;;4 603 219;223 429;172 107;;;;;;;;;;;;;;;;;;;;;
Region;Y61;E40000007;East of England;672;659;2 973 400;;2 764 926;108 243;100 231;;;;;;;;;;;;;;;;;;;;;
Region;Y62;E40000010;North West;986;967;3 096 703;;2 790 227;168 499;137 977;;;;;;;;;;;;;;;;;;;;;
Region;Y63;E40000012;North East and Yorkshire;990;979;4 168 544;;3 858 694;167 573;142 277;;;;;;;;;;;;;;;;;;;;;
ICB ;QE1;E54000048;NHS Lancashire and South Cumbria Integrated Care Board;201;200;752 617;;682 341;37 626;32 650;;;;;;;;;;;;;;;;;;;;;
ICB ;QF7;E54000061;NHS South Yorkshire Integrated Care Board;173;170;648 462;;596 650;28 581;23 231;;;;;;;;;;;;;;;;;;;;;
ICB ;QGH;E54000019;NHS Herefordshire and Worcestershire Integrated Care Board;79;79;409 165;;380 537;16 607;12 021;;;;;;;;;;;;;;;;;;;;;
ICB ;QH8;E54000026;NHS Mid and South Essex Integrated Care Board;151;148;489 805;;455 876;14 827;19 102;;;;;;;;;;;;;;;;;;;;;
ICB ;QHG;E54000024;NHS Bedfordshire, Luton and Milton Keynes Integrated Care Board;97;95;425 927;;395 358;17 490;13 079;;;;;;;;;;;;;;;;;;;;;
ICB ;QHL;E54000055;NHS Birmingham and Solihull Integrated Care Board;160;157;573 675;;518 010;35 040;20 625;;;;;;;;;;;;;;;;;;;;;
ICB ;QHM;E54000050;NHS North East and North Cumbria Integrated Care Board;361;357;1 466 587;;1 349 404;65 463;51 720;;;;;;;;;;;;;;;;;;;;;
ICB ;QJ2;E54000058;NHS Derby and Derbyshire Integrated Care Board;111;111;495 201;;459 252;16 631;19 318;;;;;;;;;;;;;;;;;;;;;
ICB ;QJG;E54000023;NHS Suffolk and North East Essex Integrated Care Board;93;91;458 402;;428 406;16 034;13 962;;;;;;;;;;;;;;;;;;;;;
ICB ;QJK;E54000037;NHS Devon Integrated Care Board;121;119;642 418;;597 570;24 108;20 740;;;;;;;;;;;;;;;;;;;;;
ICB ;QJM;E54000013;NHS Lincolnshire Integrated Care Board;83;83;377 275;;352 799;13 832;10 644;;;;;;;;;;;;;;;;;;;;;
ICB ;QK1;E54000015;NHS Leicester, Leicestershire and Rutland Integrated Care Board;133;131;547 140;;509 911;21 480;15 749;;;;;;;;;;;;;;;;;;;;;
ICB ;QKK;E54000030;NHS South East London Integrated Care Board;200;194;683 830;;614 936;40 109;28 785;;;;;;;;;;;;;;;;;;;;;
ICB ;QKS;E54000032;NHS Kent and Medway Integrated Care Board;191;191;804 528;;730 485;37 110;36 933;;;;;;;;;;;;;;;;;;;;;
ICB ;QM7;E54000025;NHS Hertfordshire and West Essex Integrated Care Board;135;133;616 588;;569 757;22 632;24 199;;;;;;;;;;;;;;;;;;;;;
ICB ;QMF;E54000029;NHS North East London Integrated Care Board;275;270;861 953;;768 797;54 718;38 438;;;;;;;;;;;;;;;;;;;;;
ICB ;QMJ;E54000028;NHS North Central London Integrated Care Board;186;178;589 700;;534 278;34 101;21 321;;;;;;;;;;;;;;;;;;;;;
ICB ;QMM;E54000022;NHS Norfolk and Waveney Integrated Care Board;106;104;536 530;;498 998;21 457;16 075;;;;;;;;;;;;;;;;;;;;;
ICB ;QNC;E54000010;NHS Staffordshire and Stoke-on-Trent Integrated Care Board;146;143;448 258;;408 697;20 789;18 772;;;;;;;;;;;;;;;;;;;;;
ICB ;QNQ;E54000034;NHS Frimley Integrated Care Board;73;71;335 410;;308 737;17 090;9 583;;;;;;;;;;;;;;;;;;;;;
ICB ;QNX;E54000053;NHS Sussex Integrated Care Board;160;159;774 163;;717 525;28 060;28 578;;;;;;;;;;;;;;;;;;;;;
ICB ;QOC;E54000011;NHS Shropshire, Telford and Wrekin Integrated Care Board;52;51;221 454;;203 745;8 842;8 867;;;;;;;;;;;;;;;;;;;;;
ICB ;QOP;E54000057;NHS Greater Manchester Integrated Care Board;430;415;1 215 649;;1 088 449;70 433;56 767;;;;;;;;;;;;;;;;;;;;;
ICB ;QOQ;E54000051;NHS Humber and North Yorkshire Integrated Care Board;182;180;793 072;;738 520;28 279;26 273;;;;;;;;;;;;;;;;;;;;;
ICB ;QOX;E54000040;NHS Bath and North East Somerset, Swindon and Wiltshire Integrated Care Board;89;88;448 536;;419 432;14 675;14 429;;;;;;;;;;;;;;;;;;;;;
ICB ;QPM;E54000059;NHS Northamptonshire Integrated Care Board;68;67;336 328;;316 792;10 369;9 167;;;;;;;;;;;;;;;;;;;;;
ICB ;QR1;E54000043;NHS Gloucestershire Integrated Care Board;72;71;324 523;;302 495;12 020;10 008;;;;;;;;;;;;;;;;;;;;;
ICB ;QRL;E54000042;NHS Hampshire and the Isle of Wight Integrated Care Board;141;141;808 873;;745 892;37 373;25 608;;;;;;;;;;;;;;;;;;;;;
ICB ;QRV;E54000027;NHS North West London Integrated Care Board;351;350;1 102 597;;1 003 813;57 555;41 229;;;;;;;;;;;;;;;;;;;;;
ICB ;QSL;E54000038;NHS Somerset Integrated Care Board;64;64;265 630;;243 300;10 667;11 663;;;;;;;;;;;;;;;;;;;;;
ICB ;QT1;E54000060;NHS Nottingham and Nottinghamshire Integrated Care Board;133;132;537 509;;497 064;22 911;17 534;;;;;;;;;;;;;;;;;;;;;
ICB ;QT6;E54000036;NHS Cornwall and the Isles of Scilly Integrated Care Board;57;57;318 899;;294 172;12 000;12 727;;;;;;;;;;;;;;;;;;;;;
ICB ;QU9;E54000044;NHS Buckinghamshire, Oxfordshire and Berkshire West Integrated Care Board;160;157;772 901;;713 935;31 515;27 451;;;;;;;;;;;;;;;;;;;;;
ICB ;QUA;E54000062;NHS Black Country Integrated Care Board;205;205;622 301;;560 465;36 898;24 938;;;;;;;;;;;;;;;;;;;;;
ICB ;QUE;E54000056;NHS Cambridgeshire and Peterborough Integrated Care Board;90;88;446 148;;416 531;15 803;13 814;;;;;;;;;;;;;;;;;;;;;
ICB ;QUY;E54000039;NHS Bristol, North Somerset and South Gloucestershire Integrated Care Board;77;76;423 708;;390 005;19 676;14 027;;;;;;;;;;;;;;;;;;;;;
ICB ;QVV;E54000041;NHS Dorset Integrated Care Board;73;73;371 367;;347 760;13 381;10 226;;;;;;;;;;;;;;;;;;;;;
ICB ;QWE;E54000031;NHS South West London Integrated Care Board;179;176;635 295;;572 418;36 996;25 881;;;;;;;;;;;;;;;;;;;;;
ICB ;QWO;E54000054;NHS West Yorkshire Integrated Care Board;274;272;1 260 423;;1 174 120;45 250;41 053;;;;;;;;;;;;;;;;;;;;;
ICB ;QWU;E54000018;NHS Coventry and Warwickshire Integrated Care Board;120;120;430 449;;395 947;20 030;14 472;;;;;;;;;;;;;;;;;;;;;
ICB ;QXU;E54000052;NHS Surrey Heartlands Integrated Care Board;104;103;426 345;;392 701;18 892;14 752;;;;;;;;;;;;;;;;;;;;;
ICB ;QYG;E54000008;NHS Cheshire and Merseyside Integrated Care Board;355;352;1 128 437;;1 019 437;60 440;48 560;;;;;;;;;;;;;;;;;;;;;
Sub ICB Location;00L;E38000130;NHS North East and North Cumbria ICB - 00L;38;37;167 637;;157 475;6 009;4 153;;;;;;;;;;;;;;;;;;;;;
Sub ICB Location;00N;E38000163;NHS North East and North Cumbria ICB - 00N;21;21;61 746;;56 088;2 598;3 060;;;;;;;;;;;;;;;;;;;;;
Sub ICB Location;00P;E38000176;NHS North East and North Cumbria ICB - 00P;39;38;117 204;;105 864;6 353;4 987;;;;;;;;;;;;;;;;;;;;;
Sub ICB Location;00Q;E38000014;NHS Lancashire and South Cumbria ICB - 00Q;22;22;69 822;;62 993;3 824;3 005;;;;;;;;;;;;;;;;;;;;;
Sub ICB Location;00R;E38000015;NHS Lancashire and South Cumbria ICB - 00R;17;16;82 542;;75 019;4 964;2 559;;;;;;;;;;;;;;;;;;;;;
Sub ICB Location;00T;E38000016;NHS Greater Manchester ICB - 00T;49;48;142 952;;128 169;9 477;5 306;;;;;;;;;;;;;;;;;;;;;
Sub ICB Location;00V;E38000024;NHS Greater Manchester ICB - 00V;25;24;60 043;;53 357;3 041;3 645;;;;;;;;;;;;;;;;;;;;;
Sub ICB Location;00X;E38000034;NHS Lancashire and South Cumbria ICB - 00X;26;26;73 248;;65 936;3 589;3 723;;;;;;;;;;;;;;;;;;;;;
Sub ICB Location;00Y;E38000135;NHS Greater Manchester ICB - 00Y;38;37;98 214;;89 119;5 249;3 846;;;;;;;;;;;;;;;;;;;;;
Sub ICB Location;01A;E38000050;NHS Lancashire and South Cumbria ICB - 01A;48;48;151 928;;137 234;8 042;6 652;;;;;;;;;;;;;;;;;;;;;
Sub ICB Location;01D;E38000080;NHS Greater Manchester ICB - 01D;41;35;88 225;;80 775;4 878;2 572;;;;;;;;;;;;;;;;;;;;;
Sub ICB Location;01E;E38000227;NHS Lancashire and South Cumbria ICB - 01E;22;22;87 771;;78 405;4 363;5 003;;;;;;;;;;;;;;;;;;;;;
Sub ICB Location;01F;E38000068;NHS Cheshire and Merseyside ICB - 01F;14;14;54 203;;47 928;2 951;3 324;;;;;;;;;;;;;;;;;;;;;
Sub ICB Location;01G;E38000143;NHS Greater Manchester ICB - 01G;38;35;118 128;;104 524;7 054;6 550;;;;;;;;;;;;;;;;;;;;;
Sub ICB Location;01H;E38000215;NHS North East and North Cumbria ICB - 01H;35;35;167 357;;152 710;6 994;7 653;;;;;;;;;;;;;;;;;;;;;
Sub ICB Location;01J;E38000091;NHS Cheshire and Merseyside ICB - 01J;25;25;68 415;;61 626;4 309;2 480;;;;;;;;;;;;;;;;;;;;;
Sub ICB Location;01K;E38000228;NHS Lancashire and South Cumbria ICB - 01K;32;32;151 095;;139 292;6 834;4 969;;;;;;;;;;;;;;;;;;;;;
Sub ICB Location;01T;E38000161;NHS Cheshire and Merseyside ICB - 01T;30;29;51 309;;47 228;2 260;1 821;;;;;;;;;;;;;;;;;;;;;
Sub ICB Location;01V;E38000170;NHS Cheshire and Merseyside ICB - 01V;16;16;52 868;;48 709;2 111;2 048;;;;;;;;;;;;;;;;;;;;;
Sub ICB Location;01W;E38000174;NHS Greater Manchester ICB - 01W;35;34;141 451;;130 167;6 138;5 146;;;;;;;;;;;;;;;;;;;;;
Sub ICB Location;01X;E38000172;NHS Cheshire and Merseyside ICB - 01X;31;31;74 836;;65 389;4 569;4 878;;;;;;;;;;;;;;;;;;;;;
Sub ICB Location;01Y;E38000263;NHS Greater Manchester ICB - 01Y;36;36;106 214;;94 078;6 246;5 890;;;;;;;;;;;;;;;;;;;;;
Sub ICB Location;02A;E38000187;NHS Greater Manchester ICB - 02A;27;27;75 910;;68 586;4 086;3 238;;;;;;;;;;;;;;;;;;;;;
Sub ICB Location;02E;E38000194;NHS Cheshire and Merseyside ICB - 02E;26;26;90 948;;84 522;3 378;3 048;;;;;;;;;;;;;;;;;;;;;
Sub ICB Location;02G;E38000200;NHS Lancashire and South Cumbria ICB - 02G;15;15;46 965;;42 614;2 253;2 098;;;;;;;;;;;;;;;;;;;;;
Sub ICB Location;02H;E38000205;NHS Greater Manchester ICB - 02H;58;57;121 952;;109 468;6 922;5 562;;;;;;;;;;;;;;;;;;;;;
Sub ICB Location;02M;E38000226;NHS Lancashire and South Cumbria ICB - 02M;19;19;89 246;;80 848;3 757;4 641;;;;;;;;;;;;;;;;;;;;;
Sub ICB Location;02P;E38000006;NHS South Yorkshire ICB - 02P;32;30;108 607;;99 654;4 294;4 659;;;;;;;;;;;;;;;;;;;;;
Sub ICB Location;02Q;E38000008;NHS Nottingham and Nottinghamshire ICB - 02Q;9;9;55 621;;52 167;2 196;1 258;;;;;;;;;;;;;;;;;;;;;
Sub ICB Location;02T;E38000025;NHS West Yorkshire ICB - 02T;22;21;106 044;;99 768;3 739;2 537;;;;;;;;;;;;;;;;;;;;;
Sub ICB Location;02X;E38000044;NHS South Yorkshire ICB - 02X;37;37;141 170;;128 815;7 313;5 042;;;;;;;;;;;;;;;;;;;;;
Sub ICB Location;02Y;E38000052;NHS Humber and North Yorkshire ICB - 02Y;30;29;128 311;;119 549;4 685;4 077;;;;;;;;;;;;;;;;;;;;;
Sub ICB Location;03F;E38000085;NHS Humber and North Yorkshire ICB - 03F;32;32;118 403;;108 323;6 279;3 801;;;;;;;;;;;;;;;;;;;;;
Sub ICB Location;03H;E38000119;NHS Humber and North Yorkshire ICB - 03H;24;24;98 114;;91 488;3 027;3 599;;;;;;;;;;;;;;;;;;;;;
Sub ICB Location;03K;E38000122;NHS Humber and North Yorkshire ICB - 03K;19;19;87 508;;80 441;2 771;4 296;;;;;;;;;;;;;;;;;;;;;
Sub ICB Location;03L;E38000141;NHS South Yorkshire ICB - 03L;28;28;133 386;;123 792;5 333;4 261;;;;;;;;;;;;;;;;;;;;;
Sub ICB Location;03N;E38000146;NHS South Yorkshire ICB - 03N;76;75;265 299;;244 389;11 641;9 269;;;;;;;;;;;;;;;;;;;;;
Sub ICB Location;03Q;E38000188;NHS Humber and North Yorkshire ICB - 03Q;26;25;142 814;;134 296;4 840;3 678;;;;;;;;;;;;;;;;;;;;;
Sub ICB Location;03R;E38000190;NHS West Yorkshire ICB - 03R;34;34;193 879;;180 208;6 492;7 179;;;;;;;;;;;;;;;;;;;;;
Sub ICB Location;03W;E38000051;NHS Leicester, Leicestershire and Rutland ICB - 03W;31;29;164 514;;154 107;6 171;4 236;;;;;;;;;;;;;;;;;;;;;
Sub ICB Location;04C;E38000097;NHS Leicester, Leicestershire and Rutland ICB - 04C;56;56;189 318;;173 996;8 883;6 439;;;;;;;;;;;;;;;;;;;;;
Sub ICB Location;04V;E38000201;NHS Leicester, Leicestershire and Rutland ICB - 04V;46;46;193 308;;181 808;6 426;5 074;;;;;;;;;;;;;;;;;;;;;
Sub ICB Location;04Y;E38000028;NHS Staffordshire and Stoke-on-Trent ICB - 04Y;23;22;54 955;;50 168;2 367;2 420;;;;;;;;;;;;;;;;;;;;;
Sub ICB Location;05D;E38000053;NHS Staffordshire and Stoke-on-Trent ICB - 05D;18;18;60 428;;54 713;2 376;3 339;;;;;;;;;;;;;;;;;;;;;
Sub ICB Location;05G;E38000126;NHS Staffordshire and Stoke-on-Trent ICB - 05G;30;30;84 007;;77 045;3 357;3 605;;;;;;;;;;;;;;;;;;;;;
Sub ICB Location;05Q;E38000153;NHS Staffordshire and Stoke-on-Trent ICB - 05Q;23;23;87 597;;81 138;3 679;2 780;;;;;;;;;;;;;;;;;;;;;
Sub ICB Location;05V;E38000173;NHS Staffordshire and Stoke-on-Trent ICB - 05V;14;14;59 520;;54 895;2 651;1 974;;;;;;;;;;;;;;;;;;;;;
Sub ICB Location;05W;E38000175;NHS Staffordshire and Stoke-on-Trent ICB - 05W;38;36;101 751;;90 738;6 359;4 654;;;;;;;;;;;;;;;;;;;;;
Sub ICB Location;06H;E38000260;NHS Cambridgeshire and Peterborough ICB - 06H;90;88;446 148;;416 531;15 803;13 814;;;;;;;;;;;;;;;;;;;;;
Sub ICB Location;06K;E38000049;NHS Hertfordshire and West Essex ICB - 06K;52;50;242 119;;225 751;7 628;8 740;;;;;;;;;;;;;;;;;;;;;
Sub ICB Location;06L;E38000086;NHS Suffolk and North East Essex ICB - 06L;36;35;177 005;;166 799;4 616;5 590;;;;;;;;;;;;;;;;;;;;;
Sub ICB Location;06N;E38000079;NHS Hertfordshire and West Essex ICB - 06N;53;53;247 701;;225 795;10 813;11 093;;;;;;;;;;;;;;;;;;;;;
Sub ICB Location;06Q;E38000106;NHS Mid and South Essex ICB - 06Q;41;39;158 759;;148 963;4 561;5 235;;;;;;;;;;;;;;;;;;;;;
Sub ICB Location;06T;E38000117;NHS Suffolk and North East Essex ICB - 06T;33;32;166 181;;151 717;8 326;6 138;;;;;;;;;;;;;;;;;;;;;
Sub ICB Location;07G;E38000185;NHS Mid and South Essex ICB - 07G;27;27;78 427;;72 690;2 400;3 337;;;;;;;;;;;;;;;;;;;;;
Sub ICB Location;07H;E38000197;NHS Hertfordshire and West Essex ICB - 07H;30;30;126 768;;118 211;4 191;4 366;;;;;;;;;;;;;;;;;;;;;
Sub ICB Location;07K;E38000204;NHS Suffolk and North East Essex ICB - 07K;24;24;115 216;;109 890;3 092;2 234;;;;;;;;;;;;;;;;;;;;;
Sub ICB Location;09D;E38000021;NHS Sussex ICB - 09D;33;32;122 199;;111 504;5 134;5 561;;;;;;;;;;;;;;;;;;;;;
Sub ICB Location;10Q;E38000136;NHS Buckinghamshire, Oxfordshire and Berkshire West ICB - 10Q;67;66;327 616;;303 789;12 464;11 363;;;;;;;;;;;;;;;;;;;;;
Sub ICB Location;10R;E38000137;NHS Hampshire and Isle Of Wight ICB - 10R;13;13;78 419;;73 315;3 207;1 897;;;;;;;;;;;;;;;;;;;;;
Sub ICB Location;11J;E38000045;NHS Dorset ICB - 11J;73;73;371 367;;347 760;13 381;10 226;;;;;;;;;;;;;;;;;;;;;
Sub ICB Location;11M;E38000062;NHS Gloucestershire ICB - 11M;72;71;324 523;;302 495;12 020;10 008;;;;;;;;;;;;;;;;;;;;;
Sub ICB Location;11N;E38000089;NHS Cornwall and The Isles Of Scilly ICB - 11N;57;57;318 899;;294 172;12 000;12 727;;;;;;;;;;;;;;;;;;;;;
Sub ICB Location;11X;E38000150;NHS Somerset ICB - 11X;64;64;265 630;;243 300;10 667;11 663;;;;;;;;;;;;;;;;;;;;;
Sub ICB Location;12F;E38000208;NHS Cheshire and Merseyside ICB - 12F;47;47;178 539;;161 257;9 954;7 328;;;;;;;;;;;;;;;;;;;;;
Sub ICB Location;13T;E38000212;NHS North East and North Cumbria ICB - 13T;60;60;222 923;;202 280;12 095;8 548;;;;;;;;;;;;;;;;;;;;;
Sub ICB Location;14L;E38000217;NHS Greater Manchester ICB - 14L;83;82;262 560;;230 206;17 342;15 012;;;;;;;;;;;;;;;;;;;;;
Sub ICB Location;14Y;E38000223;NHS Buckinghamshire, Oxfordshire and Berkshire West ICB - 14Y;48;47;217 469;;200 043;9 133;8 293;;;;;;;;;;;;;;;;;;;;;
Sub ICB Location;15A;E38000221;NHS Buckinghamshire, Oxfordshire and Berkshire West ICB - 15A;45;44;227 816;;210 103;9 918;7 795;;;;;;;;;;;;;;;;;;;;;
Sub ICB Location;15C;E38000222;NHS Bristol, North Somerset and South Gloucestershire ICB - 15C;77;76;423 708;;390 005;19 676;14 027;;;;;;;;;;;;;;;;;;;;;
Sub ICB Location;15E;E38000258;NHS Birmingham and Solihull ICB - 15E;160;157;573 675;;518 010;35 040;20 625;;;;;;;;;;;;;;;;;;;;;
Sub ICB Location;15F;E38000225;NHS West Yorkshire ICB - 15F;91;91;389 686;;362 436;16 123;11 127;;;;;;;;;;;;;;;;;;;;;
Sub ICB Location;15M;E38000261;NHS Derby and Derbyshire ICB - 15M;111;111;495 201;;459 252;16 631;19 318;;;;;;;;;;;;;;;;;;;;;
Sub ICB Location;15N;E38000230;NHS Devon ICB - 15N;121;119;642 418;;597 570;24 108;20 740;;;;;;;;;;;;;;;;;;;;;
Sub ICB Location;16C;E38000247;NHS North East and North Cumbria ICB - 16C;81;80;325 935;;300 031;15 486;10 418;;;;;;;;;;;;;;;;;;;;;
Sub ICB Location;18C;E38000236;NHS Herefordshire and Worcestershire ICB - 18C;79;79;409 165;;380 537;16 607;12 021;;;;;;;;;;;;;;;;;;;;;
Sub ICB Location;26A;E38000239;NHS Norfolk and Waveney ICB - 26A;106;104;536 530;;498 998;21 457;16 075;;;;;;;;;;;;;;;;;;;;;
Sub ICB Location;27D;E38000233;NHS Cheshire and Merseyside ICB - 27D;79;79;329 713;;297 474;17 108;15 131;;;;;;;;;;;;;;;;;;;;;
Sub ICB Location;36J;E38000232;NHS West Yorkshire ICB - 36J;62;62;359 297;;334 530;11 485;13 282;;;;;;;;;;;;;;;;;;;;;
Sub ICB Location;36L;E38000245;NHS South West London ICB - 36L;179;176;635 295;;572 418;36 996;25 881;;;;;;;;;;;;;;;;;;;;;
Sub ICB Location;42D;E38000241;NHS Humber and North Yorkshire ICB - 42D;51;51;217 922;;204 423;6 677;6 822;;;;;;;;;;;;;;;;;;;;;
Sub ICB Location;52R;E38000243;NHS Nottingham and Nottinghamshire ICB - 52R;124;123;481 888;;444 897;20 715;16 276;;;;;;;;;;;;;;;;;;;;;
Sub ICB Location;70F;E38000248;NHS Sussex ICB - 70F;75;75;390 285;;366 569;11 891;11 825;;;;;;;;;;;;;;;;;;;;;
Sub ICB Location;71E;E38000238;NHS Lincolnshire ICB - 71E;83;83;377 275;;352 799;13 832;10 644;;;;;;;;;;;;;;;;;;;;;
Sub ICB Location;72Q;E38000244;NHS South East London ICB - 72Q;200;194;683 830;;614 936;40 109;28 785;;;;;;;;;;;;;;;;;;;;;
Sub ICB Location;78H;E38000262;NHS Northamptonshire ICB - 78H;68;67;336 328;;316 792;10 369;9 167;;;;;;;;;;;;;;;;;;;;;
Sub ICB Location;84H;E38000234;NHS North East and North Cumbria ICB - 84H;61;61;308 272;;287 386;11 417;9 469;;;;;;;;;;;;;;;;;;;;;
Sub ICB Location;91Q;E38000237;NHS Kent and Medway ICB - 91Q;191;191;804 528;;730 485;37 110;36 933;;;;;;;;;;;;;;;;;;;;;
Sub ICB Location;92A;E38000246;NHS Surrey Heartlands ICB - 92A;104;103;426 345;;392 701;18 892;14 752;;;;;;;;;;;;;;;;;;;;;
Sub ICB Location;92G;E38000231;NHS Bath and North East Somerset, Swindon and Wiltshire ICB - 92G;89;88;448 536;;419 432;14 675;14 429;;;;;;;;;;;;;;;;;;;;;
Sub ICB Location;93C;E38000240;NHS North Central London ICB - 93C;186;178;589 700;;534 278;34 101;21 321;;;;;;;;;;;;;;;;;;;;;
Sub ICB Location;97R;E38000235;NHS Sussex ICB - 97R;52;52;261 679;;239 452;11 035;11 192;;;;;;;;;;;;;;;;;;;;;
Sub ICB Location;99A;E38000101;NHS Cheshire and Merseyside ICB - 99A;87;85;227 606;;205 304;13 800;8 502;;;;;;;;;;;;;;;;;;;;;
Sub ICB Location;99C;E38000127;NHS North East and North Cumbria ICB - 99C;26;25;95 513;;87 570;4 511;3 432;;;;;;;;;;;;;;;;;;;;;
Sub ICB Location;99E;E38000007;NHS Mid and South Essex ICB - 99E;35;35;118 074;;108 854;3 072;6 148;;;;;;;;;;;;;;;;;;;;;
Sub ICB Location;99F;E38000030;NHS Mid and South Essex ICB - 99F;23;23;68 211;;63 860;2 000;2 351;;;;;;;;;;;;;;;;;;;;;
Sub ICB Location;99G;E38000168;NHS Mid and South Essex ICB - 99G;25;24;66 334;;61 509;2 794;2 031;;;;;;;;;;;;;;;;;;;;;
Sub ICB Location;A3A8R;E38000255;NHS North East London ICB - A3A8R;275;270;861 953;;768 797;54 718;38 438;;;;;;;;;;;;;;;;;;;;;
Sub ICB Location;B2M3M;E38000251;NHS Coventry and Warwickshire ICB - B2M3M;120;120;430 449;;395 947;20 030;14 472;;;;;;;;;;;;;;;;;;;;;
Sub ICB Location;D2P2L;E38000259;NHS Black Country ICB - D2P2L;205;205;622 301;;560 465;36 898;24 938;;;;;;;;;;;;;;;;;;;;;
Sub ICB Location;D4U1Y;E38000252;NHS Frimley ICB - D4U1Y;73;71;335 410;;308 737;17 090;9 583;;;;;;;;;;;;;;;;;;;;;
Sub ICB Location;D9Y0V;E38000253;NHS Hampshire and Isle Of Wight ICB - D9Y0V;128;128;730 454;;672 577;34 166;23 711;;;;;;;;;;;;;;;;;;;;;
Sub ICB Location;M1J4Y;E38000249;NHS Bedfordshire, Luton and Milton Keynes ICB - M1J4Y;97;95;425 927;;395 358;17 490;13 079;;;;;;;;;;;;;;;;;;;;;
Sub ICB Location;M2L0M;E38000257;NHS Shropshire, Telford and Wrekin ICB - M2L0M;52;51;221 454;;203 745;8 842;8 867;;;;;;;;;;;;;;;;;;;;;
Sub ICB Location;W2U3Z;E38000256;NHS North West London ICB - W2U3Z;351;350;1 102 597;;1 003 813;57 555;41 229;;;;;;;;;;;;;;;;;;;;;
Sub ICB Location;X2C4Y;E38000254;NHS West Yorkshire ICB - X2C4Y;65;64;211 517;;197 178;7 411;6 928;;;;;;;;;;;;;;;;;;;;;
;;;;;;;;;;;;;;;;;;;;;;;;;;;;;;;
Notes:;;;;;;;;;;;;;;;;;;;;;;;;;;;;;;;
1;Sub ICB locations are only included if there is data for more than one practice within the sub ICB location, therefore the total count of open GP practices by sub ICB location may not equal the national total;;;;;;;;;;;;;;;;;;;;;;;;;;;;;;
2;"At the time of the appointment a ‘Booked’ status will usually be changed to either ‘Attended’ or ‘DNA’. In some cases (4-7% of monthly appointments), the final status of an appointment remains as ‘Booked’. It is not known from the data whether these appointments were actually attended or not. From a sample audit these were found to be consultations where the status has not been updated to say if patients had attended or not. 
For this reason, these appointments are reported as ""Unknown"" status";;;;;;;;;;;;;;;;;;;;;;;;;;;;;;
_;See 'Coronavirus Impact' tab for further information;;;;;;;;;;;;;;;;;;;;;;;;;;;;;;
Copyright © 2022 Health and Social Care Information Centre. The Health and Social Care Information Centre is a non-departmental body created by statute, also known as NHS Digital.;;;;;;;;;;;;;;;;;;;;;;;;;;;;;;;