Area,ICB_Region
uacounty19:Darlington,NHS North East and North Cumbria ICB
uacounty19:County Durham,NHS North East and North Cumbria ICB
uacounty19:Hartlepool,NHS North East and North Cumbria ICB
uacounty19:Middlesbrough,NHS North East and North Cumbria ICB
uacounty19:Northumberland,NHS North East and North Cumbria ICB
uacounty19:Redcar and Cleveland,NHS North East and North Cumbria ICB
uacounty19:Stockton-on-Tees,NHS North East and North Cumbria ICB
uacounty19:Gateshead,NHS North East and North Cumbria ICB
uacounty19:Newcastle upon Tyne,NHS North East and North Cumbria ICB
uacounty19:North Tyneside,NHS North East and North Cumbria ICB
uacounty19:South Tyneside,NHS North East and North Cumbria ICB
uacounty19:Sunderland,NHS North East and North Cumbria ICB
uacounty19:Blackburn with Darwen,NHS Lancashire and South Cumbria ICB
uacounty19:Blackpool,NHS Lancashire and South Cumbria ICB
uacounty19:Cheshire East,NHS Cheshire and Merseyside ICB
uacounty19:Cheshire West and Chester,NHS Cheshire and Merseyside ICB
uacounty19:Halton,NHS Cheshire and Merseyside ICB
uacounty19:Warrington,NHS Cheshire and Merseyside ICB
uacounty19:Cumbria,NHS North East and North Cumbria ICB
uacounty19:Bolton,NHS Greater Manchester ICB
uacounty19:Bury,NHS Greater Manchester ICB
uacounty19:Manchester,NHS Greater Manchester ICB
uacounty19:Oldham,NHS Greater Manchester ICB
uacounty19:Rochdale,NHS Greater Manchester ICB
uacounty19:Salford,NHS Greater Manchester ICB
uacounty19:Stockport,NHS Greater Manchester ICB
uacounty19:Tameside,NHS Greater Manchester ICB
uacounty19:Trafford,NHS Greater Manchester ICB
uacounty19:Wigan,NHS Greater Manchester ICB
uacounty19:Lancashire,NHS Lancashire and South Cumbria ICB
uacounty19:Knowsley,NHS Cheshire and Merseyside ICB
uacounty19:Liverpool,NHS Cheshire and Merseyside ICB
uacounty19:Sefton,NHS Cheshire and Merseyside ICB
uacounty19:St. Helens,NHS Cheshire and Merseyside ICB
uacounty19:Wirral,NHS Cheshire and Merseyside ICB
uacounty19:East Riding of Yorkshire,NHS Humber and North Yorkshire ICB
"uacounty19:Kingston upon Hull, City of",NHS Humber and North Yorkshire ICB
uacounty19:North East Lincolnshire,NHS Humber and North Yorkshire ICB
uacounty19:North Lincolnshire,NHS Humber and North Yorkshire ICB
uacounty19:York,NHS Humber and North Yorkshire ICB
uacounty19:North Yorkshire,NHS Humber and North Yorkshire ICB
uacounty19:Barnsley,NHS South Yorkshire ICB
uacounty19:Doncaster,NHS South Yorkshire ICB
uacounty19:Rotherham,NHS South Yorkshire ICB
uacounty19:Sheffield,NHS South Yorkshire ICB
uacounty19:Bradford,NHS West Yorkshire ICB
uacounty19:Calderdale,NHS West Yorkshire ICB
uacounty19:Kirklees,NHS West Yorkshire ICB
uacounty19:Leeds,NHS West Yorkshire ICB
uacounty19:Wakefield,NHS West Yorkshire ICB
uacounty19:Derby,NHS Derby and Derbyshire ICB
uacounty19:Leicester,"NHS Leicester, Leicestershire and Rutland ICB"
uacounty19:Nottingham,NHS Nottingham and Nottinghamshire ICB
uacounty19:Rutland,"NHS Leicester, Leicestershire and Rutland ICB"
uacounty19:Derbyshire,NHS Derby and Derbyshire ICB
uacounty19:Leicestershire,"NHS Leicester, Leicestershire and Rutland ICB"
uacounty19:Lincolnshire,NHS Lincolnshire ICB
uacounty19:Northamptonshire,NHS Northamptonshire ICB
uacounty19:Nottinghamshire,NHS Nottingham and Nottinghamshire ICB
"uacounty19:Herefordshire, County of",NHS Herefordshire and Worcestershire ICB
uacounty19:Shropshire,"NHS Shropshire, Telford and Wrekin ICB"
uacounty19:Stoke-on-Trent,NHS Staffordshire and Stoke-on-Trent ICB
uacounty19:Telford and Wrekin,"NHS Shropshire, Telford and Wrekin ICB"
uacounty19:Staffordshire,NHS Staffordshire and Stoke-on-Trent ICB
uacounty19:Warwickshire,NHS Coventry and Warwickshire ICB
uacounty19:Birmingham,NHS Birmingham and Solihull ICB
uacounty19:Coventry,NHS Coventry and Warwickshire ICB
uacounty19:Dudley,NHS Black Country ICB
uacounty19:Sandwell,NHS Black Country ICB
uacounty19:Solihull,NHS Birmingham and Solihull ICB
uacounty19:Walsall,NHS Black Country ICB
uacounty19:Wolverhampton,NHS Black Country ICB
uacounty19:Worcestershire,NHS Herefordshire and Worcestershire ICB
uacounty19:Bedford,"NHS Bedfordshire, Luton and Milton Keynes ICB"
uacounty19:Central Bedfordshire,"NHS Bedfordshire, Luton and Milton Keynes ICB"
uacounty19:Luton,"NHS Bedfordshire, Luton and Milton Keynes ICB"
uacounty19:Peterborough,NHS Cambridgeshire and Peterborough ICB
uacounty19:Southend-on-Sea,NHS Mid and South Essex ICB
uacounty19:Thurrock,NHS Mid and South Essex ICB
uacounty19:Cambridgeshire,NHS Cambridgeshire and Peterborough ICB
uacounty19:Essex,NA
uacounty19:Hertfordshire,NHS Hertfordshire and West Essex ICB
uacounty19:Norfolk,NHS Norfolk and Waveney ICB
uacounty19:Suffolk,NHS Suffolk and North East Essex ICB
uacounty19:Camden,NHS North Central London ICB
uacounty19:City of London,NHS North East London ICB
uacounty19:Hackney,NHS North East London ICB
uacounty19:Hammersmith and Fulham,NHS North West London ICB
uacounty19:Haringey,NHS North Central London ICB
uacounty19:Islington,NHS North Central London ICB
uacounty19:Kensington and Chelsea,NHS North West London ICB
uacounty19:Lambeth,NHS South East London ICB
uacounty19:Lewisham,NHS South East London ICB
uacounty19:Newham,NHS North East London ICB
uacounty19:Southwark,NHS South East London ICB
uacounty19:Tower Hamlets,NHS North East London ICB
uacounty19:Wandsworth,NHS South West London ICB
uacounty19:Westminster,NHS North West London ICB
uacounty19:Barking and Dagenham,NHS North East London ICB
uacounty19:Barnet,NHS North Central London ICB
uacounty19:Bexley,NHS South East London ICB
uacounty19:Brent,NHS North West London ICB
uacounty19:Bromley,NHS South East London ICB
uacounty19:Croydon,NHS South West London ICB
uacounty19:Ealing,NHS North West London ICB
uacounty19:Enfield,NHS North Central London ICB
uacounty19:Greenwich,NHS South East London ICB
uacounty19:Harrow,NHS North West London ICB
uacounty19:Havering,NHS North East London ICB
uacounty19:Hillingdon,NHS North West London ICB
uacounty19:Hounslow,NHS North West London ICB
uacounty19:Kingston upon Thames,NHS South West London ICB
uacounty19:Merton,NHS South West London ICB
uacounty19:Redbridge,NHS North East London ICB
uacounty19:Richmond upon Thames,NHS South West London ICB
uacounty19:Sutton,NHS South West London ICB
uacounty19:Waltham Forest,NHS North East London ICB
uacounty19:Bracknell Forest,NHS Frimley ICB
uacounty19:Brighton and Hove,NHS Sussex ICB
uacounty19:Isle of Wight,NHS Hampshire and Isle of Wight ICB
uacounty19:Medway,NHS Kent and Medway ICB
uacounty19:Milton Keynes,"NHS Bedfordshire, Luton and Milton Keynes ICB"
uacounty19:Portsmouth,NHS Hampshire and Isle of Wight ICB
uacounty19:Reading,"NHS Buckinghamshire, Oxfordshire and Berkshire West ICB"
uacounty19:Slough,NHS Frimley ICB
uacounty19:Southampton,NHS Hampshire and Isle of Wight ICB
uacounty19:West Berkshire,"NHS Buckinghamshire, Oxfordshire and Berkshire West ICB"
uacounty19:Windsor and Maidenhead,NHS Frimley ICB
uacounty19:Wokingham,"NHS Buckinghamshire, Oxfordshire and Berkshire West ICB"
uacounty19:Buckinghamshire,"NHS Buckinghamshire, Oxfordshire and Berkshire West ICB"
uacounty19:East Sussex,NHS Sussex ICB
uacounty19:Hampshire,NHS Hampshire and Isle of Wight ICB
uacounty19:Kent,NHS Kent and Medway ICB
uacounty19:Oxfordshire,"NHS Buckinghamshire, Oxfordshire and Berkshire West ICB"
uacounty19:Surrey,NHS Surrey Heartlands ICB
uacounty19:West Sussex,NHS Sussex ICB
uacounty19:Bath and North East Somerset,"NHS Bath and North East Somerset, Swindon and Wiltshire ICB"
"uacounty19:Bournemouth, Christchurch and Poole",NHS Dorset ICB
"uacounty19:Bristol, City of","NHS Bristol, North Somerset and South Gloucestershire ICB"
uacounty19:Cornwall,NHS Cornwall and the Isles of Scilly ICB
uacounty19:Isles of Scilly,NHS Cornwall and the Isles of Scilly ICB
uacounty19:North Somerset,"NHS Bristol, North Somerset and South Gloucestershire ICB"
uacounty19:Plymouth,NHS Devon ICB
uacounty19:South Gloucestershire,"NHS Bristol, North Somerset and South Gloucestershire ICB"
uacounty19:Swindon,"NHS Bath and North East Somerset, Swindon and Wiltshire ICB"
uacounty19:Torbay,NHS Devon ICB
uacounty19:Wiltshire,"NHS Bath and North East Somerset, Swindon and Wiltshire ICB"
uacounty19:Devon,NHS Devon ICB
uacounty19:Dorset,NHS Dorset ICB
uacounty19:Gloucestershire,NHS Gloucestershire ICB
uacounty19:Somerset,NHS Somerset ICB
combauth:Greater Manchester,NA
combauth:South Yorkshire,NA
combauth:West Yorkshire,NA
combauth:Liverpool City Region,NA
combauth:Tees Valley,NA
combauth:West Midlands,NA
combauth:Cambridgeshire and Peterborough,NA
combauth:West of England,NA
combauth:York and North Yorkshire,NA
combauth:East Midlands,NA
combauth:North East,NA
country:England,NA
NA,NA
Figures may not sum because of rounding.,NA
