﻿;;;;;;;;;;
;;;;;;;;;;
;;;;;;;;;;
;;;;;;;;;;
;;;;;;;;;;
Return to Contents;;;;;;;;;;
_;;;;;;;;;;
Table 3a: Appointments by Status, at National, Regional, STP and CCG level, England, March 2021;;;;;;;;;;
;;;;Count of Open GP Practices1;Count of Included GP Practices;Count of Appointments;;"Count of Appointments by 
Appointment Status";;
Type;NHS Area Code;ONS Code;Name;;;Total;;Attended;DNA;Unknown2
Type;NHS Area Code;ONS Code;Name;Open Active Practices;Included Practices;Total;_;Attended;DNA;Unknown
National;ENG;ENG;England;6 633;6 532;28 377 307;;25 999 016;1 105 482;1 272 809
Region;Y56;E40000003;London;1 214;1 190;3 967 693;;3 633 505;169 567;164 621
Region;Y58;E40000006;South West;570;565;3 164 146;;2 922 956;104 353;136 837
Region;Y59;E40000005;South East;850;845;4 367 358;;3 972 920;170 986;223 452
Region;Y60;E40000008;Midlands;1 303;1 294;5 436 737;;4 953 369;239 977;243 391
Region;Y61;E40000007;East of England;676;664;3 260 374;;3 039 919;102 034;118 421
Region;Y62;E40000010;North West;1 002;970;3 362 686;;3 021 926;165 048;175 712
Region;Y63;E40000009;North East and Yorkshire;1 018;1 004;4 818 313;;4 454 421;153 517;210 375
STP;QE1;E54000048;Healthier Lancashire And South Cumbria  STP;203;202;818 296;;744 079;33 917;40 300
STP;QF7;E54000009;South Yorkshire And Bassetlaw  STP;186;186;792 733;;732 966;27 943;31 824
STP;QGH;E54000019;Herefordshire And Worcestershire  STP;81;81;451 651;;414 017;21 511;16 123
STP;QH8;E54000026;Mid And South Essex  STP;153;149;568 318;;514 792;20 504;33 022
STP;QHG;E54000024;Bedfordshire, Luton And Milton Keynes  STP;99;97;449 451;;424 515;13 510;11 426
STP;QHL;E54000017;Birmingham And Solihull  STP;163;160;662 451;;594 578;32 218;35 655
STP;QHM;E54000050;Cumbria And North East  STP;363;357;1 705 638;;1 549 706;59 618;96 314
STP;QJ2;E54000012;Joined Up Care Derbyshire  STP;112;112;544 622;;507 141;14 761;22 720
STP;QJG;E54000023;Suffolk And North East Essex  STP;96;94;532 189;;502 907;14 373;14 909
STP;QJK;E54000037;Devon  STP;123;121;747 553;;693 422;24 815;29 316
STP;QJM;E54000013;Lincolnshire  STP;85;85;386 524;;361 020;12 075;13 429
STP;QK1;E54000015;Leicester, Leicestershire And Rutland  STP;134;133;597 181;;560 716;18 450;18 015
STP;QKK;E54000030;Our Healthier South East London  STP;208;200;761 525;;686 290;36 524;38 711
STP;QKS;E54000032;Kent And Medway  STP;198;197;895 505;;801 435;38 693;55 377
STP;QM7;E54000025;Hertfordshire And West Essex  STP;137;135;672 008;;617 648;25 301;29 059
STP;QMF;E54000029;East London Health And Care Partnership  STP;280;276;878 343;;801 057;42 442;34 844
STP;QMJ;E54000028;North London Partners In Health And Care  STP;190;184;615 536;;570 948;23 917;20 671
STP;QMM;E54000022;Norfolk And Waveney Health And Care Partnership  STP;106;104;576 549;;542 956;15 997;17 596
STP;QNC;E54000010;Staffordshire And Stoke On Trent  STP;148;147;504 046;;451 371;27 454;25 221
STP;QNQ;E54000034;Frimley Health And Care Ics  STP;74;72;335 363;;315 167;11 104;9 092
STP;QNX;E54000053;Sussex And East Surrey Health And Care Partnership  STP;166;166;864 216;;795 708;25 854;42 654
STP;QOC;E54000011;Shropshire And Telford And Wrekin  STP;54;53;256 006;;234 220;8 052;13 734
STP;QOP;E54000007;Greater Manchester Health And Social Care Partnership  STP;440;413;1 249 256;;1 109 308;70 057;69 891
STP;QOQ;E54000051;Humber, Coast And Vale  STP;182;180;906 536;;848 210;26 117;32 209
STP;QOX;E54000040;Bath And North East Somerset, Swindon And Wiltshire  STP;93;92;508 988;;477 249;14 023;17 716
STP;QPM;E54000020;Northamptonshire  STP;70;69;367 994;;347 585;8 522;11 887
STP;QR1;E54000043;Gloucestershire  STP;73;72;339 645;;319 501;7 868;12 276
STP;QRL;E54000042;Hampshire And The Isle Of Wight  STP;148;148;915 769;;841 901;32 984;40 884
STP;QRV;E54000027;North West London Health And Care Partnership  STP;353;350;1 017 648;;943 063;36 106;38 479
STP;QSL;E54000038;Somerset  STP;65;65;296 668;;269 111;14 057;13 500
STP;QT1;E54000014;Nottingham And Nottinghamshire Health And Care  STP;127;126;534 353;;501 091;16 993;16 269
STP;QT6;E54000036;Cornwall And The Isles Of Scilly Health And Social Care Partnership  STP;59;59;360 020;;328 025;11 194;20 801
STP;QU9;E54000044;Buckinghamshire, Oxfordshire And Berkshire West  STP;160;159;897 632;;793 704;46 421;57 507
STP;QUA;E54000016;The Black Country And West Birmingham  STP;207;206;676 437;;569 202;55 863;51 372
STP;QUE;E54000021;Cambridgeshire And Peterborough  STP;85;85;461 859;;437 101;12 349;12 409
STP;QUY;E54000039;Bristol, North Somerset And South Gloucestershire  STP;78;77;482 900;;437 665;22 388;22 847
STP;QVV;E54000041;Dorset  STP;79;79;428 372;;397 983;10 008;20 381
STP;QWE;E54000031;South West London Health And Care Partnership  STP;183;180;694 641;;632 147;30 578;31 916
STP;QWO;E54000054;West Yorkshire And Harrogate (Health And Care Partnership)  STP;287;281;1 413 406;;1 323 539;39 839;50 028
STP;QWU;E54000018;Coventry And Warwickshire  STP;122;122;455 472;;412 428;24 078;18 966
STP;QXU;E54000052;Surrey Heartlands Health And Care Partnership  STP;104;103;458 873;;425 005;15 930;17 938
STP;QYG;E54000008;Cheshire And Merseyside  STP;359;355;1 295 134;;1 168 539;61 074;65 521
CCG;00L;E38000130;NHS Northumberland CCG;38;37;189 075;;173 318;4 090;11 667
CCG;00N;E38000163;NHS South Tyneside CCG;21;21;66 546;;62 343;2 001;2 202
CCG;00P;E38000176;NHS Sunderland CCG;39;38;128 459;;119 795;5 287;3 377
CCG;00Q;E38000014;NHS Blackburn with Darwen CCG;23;23;85 038;;78 889;3 412;2 737
CCG;00R;E38000015;NHS Blackpool CCG;18;17;86 791;;80 245;3 586;2 960
CCG;00T;E38000016;NHS Bolton CCG;49;49;159 504;;135 218;14 847;9 439
CCG;00V;E38000024;NHS Bury CCG;26;13;35 977;;27 213;2 718;6 046
CCG;00X;E38000034;NHS Chorley and South Ribble CCG;26;26;81 935;;75 683;3 036;3 216
CCG;00Y;E38000135;NHS Oldham CCG;40;40;111 750;;101 325;5 536;4 889
CCG;01A;E38000050;NHS East Lancashire CCG;48;48;159 975;;147 833;5 761;6 381
CCG;01D;E38000080;NHS Heywood, Middleton & Rochdale CCG;41;36;100 786;;94 020;4 412;2 354
CCG;01E;E38000065;NHS Greater Preston CCG;22;22;91 550;;82 381;2 981;6 188
CCG;01F;E38000068;NHS Halton CCG;14;14;65 385;;58 847;3 685;2 853
CCG;01G;E38000143;NHS Salford CCG;38;34;116 903;;102 793;5 971;8 139
CCG;01H;E38000041;NHS Cumbria CCG;37;36;198 879;;174 330;6 875;17 674
CCG;01J;E38000091;NHS Knowsley CCG;25;25;77 494;;69 282;5 671;2 541
CCG;01K;E38000093;NHS Lancashire North CCG;32;32;155 296;;141 778;5 032;8 486
CCG;01T;E38000161;NHS South Sefton CCG;31;30;57 665;;54 235;1 854;1 576
CCG;01V;E38000170;NHS Southport and Formby CCG;17;17;57 433;;53 868;1 469;2 096
CCG;01W;E38000174;NHS Stockport CCG;36;36;148 934;;134 953;5 899;8 082
CCG;01X;E38000172;NHS St Helens CCG;33;32;73 054;;66 936;2 866;3 252
CCG;01Y;E38000182;NHS Tameside and Glossop CCG;37;37;116 076;;104 340;6 082;5 654
CCG;02A;E38000187;NHS Trafford CCG;29;28;74 117;;62 708;4 420;6 989
CCG;02E;E38000194;NHS Warrington CCG;26;26;105 968;;98 977;2 198;4 793
CCG;02G;E38000200;NHS West Lancashire CCG;15;15;52 002;;47 202;2 885;1 915
CCG;02H;E38000205;NHS Wigan Borough CCG;59;56;108 666;;96 636;4 402;7 628
CCG;02M;E38000060;NHS Fylde & Wyre CCG;19;19;105 709;;90 068;7 224;8 417
CCG;02P;E38000006;NHS Barnsley CCG;32;32;142 677;;128 781;5 557;8 339
CCG;02Q;E38000008;NHS Bassetlaw CCG;9;9;60 136;;56 089;1 765;2 282
CCG;02T;E38000025;NHS Calderdale CCG;22;21;108 441;;100 220;4 894;3 327
CCG;02X;E38000044;NHS Doncaster CCG;39;39;140 797;;130 557;5 903;4 337
CCG;02Y;E38000052;NHS East Riding of Yorkshire CCG;29;29;156 806;;145 553;5 901;5 352
CCG;03A;E38000064;NHS Greater Huddersfield CCG;37;37;120 595;;113 783;3 569;3 243
CCG;03F;E38000085;NHS Hull CCG;32;32;126 484;;116 921;5 031;4 532
CCG;03H;E38000119;NHS North East Lincolnshire CCG;25;24;98 754;;92 486;2 526;3 742
CCG;03J;E38000121;NHS North Kirklees CCG;28;27;101 083;;95 345;2 588;3 150
CCG;03K;E38000122;NHS North Lincolnshire CCG;19;19;115 635;;108 519;2 029;5 087
CCG;03L;E38000141;NHS Rotherham CCG;29;29;137 123;;128 527;4 023;4 573
CCG;03N;E38000146;NHS Sheffield CCG;77;77;312 000;;289 012;10 695;12 293
CCG;03Q;E38000188;NHS Vale of York CCG;26;25;167 312;;157 366;4 213;5 733
CCG;03R;E38000190;NHS Wakefield CCG;36;34;202 473;;192 218;4 839;5 416
CCG;03W;E38000051;NHS East Leicestershire and Rutland CCG;31;30;182 307;;171 170;5 613;5 524
CCG;04C;E38000097;NHS Leicester City CCG;57;57;210 321;;196 135;7 124;7 062
CCG;04F;E38000107;NHS Milton Keynes CCG;26;25;128 099;;121 198;4 386;2 515
CCG;04V;E38000201;NHS West Leicestershire CCG;46;46;204 553;;193 411;5 713;5 429
CCG;04Y;E38000028;NHS Cannock Chase CCG;23;22;64 837;;58 514;2 827;3 496
CCG;05A;E38000038;NHS Coventry and Rugby CCG;65;65;211 087;;194 839;8 910;7 338
CCG;05C;E38000046;NHS Dudley CCG;43;43;163 405;;125 755;12 675;24 975
CCG;05D;E38000053;NHS East Staffordshire CCG;18;18;64 950;;57 005;2 749;5 196
CCG;05G;E38000126;NHS North Staffordshire CCG;30;30;98 899;;87 060;5 698;6 141
CCG;05H;E38000195;NHS Warwickshire North CCG;25;25;93 858;;78 947;10 869;4 042
CCG;05L;E38000144;NHS Sandwell and West Birmingham CCG;75;74;248 132;;223 539;13 090;11 503
CCG;05N;E38000147;NHS Shropshire CCG;41;40;167 143;;151 336;5 306;10 501
CCG;05Q;E38000153;NHS South East Staffs and Seisdon and Peninsular CCG;24;24;88 384;;81 780;3 458;3 146
CCG;05R;E38000164;NHS South Warwickshire CCG;32;32;150 527;;138 642;4 299;7 586
CCG;05V;E38000173;NHS Stafford and Surrounds CCG;14;14;70 113;;65 484;2 298;2 331
CCG;05W;E38000175;NHS Stoke on Trent CCG;39;39;116 863;;101 528;10 424;4 911
CCG;05X;E38000183;NHS Telford & Wrekin CCG;13;13;88 863;;82 884;2 746;3 233
CCG;05Y;E38000191;NHS Walsall CCG;52;52;161 376;;126 331;25 705;9 340
CCG;06A;E38000210;NHS Wolverhampton CCG;37;37;103 524;;93 577;4 393;5 554
CCG;06F;E38000010;NHS Bedfordshire CCG;47;46;227 211;;215 560;5 768;5 883
CCG;06H;E38000026;NHS Cambridgeshire and Peterborough CCG;85;85;461 859;;437 101;12 349;12 409
CCG;06K;E38000049;NHS East and North Hertfordshire CCG;52;50;270 206;;246 123;10 245;13 838
CCG;06L;E38000086;NHS Ipswich and East Suffolk CCG;39;38;221 972;;212 706;4 189;5 077
CCG;06N;E38000079;NHS Herts Valleys CCG;55;55;269 166;;247 452;9 602;12 112
CCG;06P;E38000102;NHS Luton CCG;26;26;94 141;;87 757;3 356;3 028
CCG;06Q;E38000106;NHS Mid Essex CCG;42;39;195 191;;173 294;9 514;12 383
CCG;06T;E38000117;NHS North East Essex CCG;33;32;181 404;;169 378;7 786;4 240
CCG;07G;E38000185;NHS Thurrock CCG;27;27;87 474;;82 026;1 687;3 761
CCG;07H;E38000197;NHS West Essex CCG;30;30;132 636;;124 073;5 454;3 109
CCG;07K;E38000204;NHS West Suffolk CCG;24;24;128 813;;120 823;2 398;5 592
CCG;07L;E38000004;NHS Barking & Dagenham CCG;33;33;80 191;;71 765;3 952;4 474
CCG;07P;E38000020;NHS Brent CCG;51;51;163 256;;144 970;7 447;10 839
CCG;07T;E38000035;NHS City and Hackney CCG;40;40;144 781;;132 926;7 492;4 363
CCG;07W;E38000048;NHS Ealing CCG;74;73;186 672;;177 585;5 457;3 630
CCG;07Y;E38000084;NHS Hounslow CCG;46;46;120 023;;112 573;4 072;3 378
CCG;08C;E38000070;NHS Hammersmith and Fulham CCG;29;27;98 369;;92 244;2 166;3 959
CCG;08E;E38000074;NHS Harrow CCG;33;33;115 319;;103 959;5 110;6 250
CCG;08F;E38000077;NHS Havering CCG;41;41;98 877;;88 820;4 284;5 773
CCG;08G;E38000082;NHS Hillingdon CCG;45;45;126 176;;117 683;4 875;3 618
CCG;08M;E38000113;NHS Newham CCG;49;46;150 783;;138 043;8 099;4 641
CCG;08N;E38000138;NHS Redbridge CCG;42;42;139 497;;124 498;7 397;7 602
CCG;08V;E38000186;NHS Tower Hamlets CCG;36;35;158 746;;146 124;7 775;4 847
CCG;08W;E38000192;NHS Waltham Forest CCG;39;39;105 468;;98 881;3 443;3 144
CCG;08Y;E38000202;NHS West London (Kensington and Chelsea, Queen’s Park and Paddington);41;41;120 800;;112 127;3 884;4 789
CCG;09A;E38000031;NHS Central London (Westminster) CCG;34;34;87 033;;81 922;3 095;2 016
CCG;09D;E38000021;NHS Brighton & Hove CCG;34;34;134 750;;126 663;3 649;4 438
CCG;10C;E38000178;NHS Surrey Heath CCG;7;7;44 849;;42 746;1 163;940
CCG;10J;E38000120;NHS North Hampshire CCG;15;15;106 706;;101 229;2 785;2 692
CCG;10K;E38000059;NHS Fareham and Gosport CCG;16;16;102 717;;92 951;3 773;5 993
CCG;10L;E38000087;NHS Isle of Wight CCG;12;12;94 926;;86 435;4 239;4 252
CCG;10Q;E38000136;NHS Oxfordshire CCG;67;67;397 704;;343 354;29 282;25 068
CCG;10R;E38000137;NHS Portsmouth CCG;13;13;101 694;;92 286;4 378;5 030
CCG;10V;E38000154;NHS South Eastern Hampshire CCG;20;20;101 235;;92 341;4 014;4 880
CCG;10X;E38000167;NHS Southampton CCG;26;26;134 883;;126 892;4 315;3 676
CCG;11A;E38000198;NHS West Hampshire CCG;46;46;273 608;;249 767;9 480;14 361
CCG;11J;E38000045;NHS Dorset CCG;79;79;428 372;;397 983;10 008;20 381
CCG;11M;E38000062;NHS Gloucestershire CCG;73;72;339 645;;319 501;7 868;12 276
CCG;11N;E38000089;NHS Kernow CCG;59;59;360 020;;328 025;11 194;20 801
CCG;11X;E38000150;NHS Somerset CCG;65;65;296 668;;269 111;14 057;13 500
CCG;12F;E38000208;NHS Wirral CCG;47;47;212 085;;191 973;10 254;9 858
CCG;13T;E38000212;NHS Newcastle Gateshead CCG;60;60;272 844;;231 388;12 803;28 653
CCG;14L;E38000217;NHS Manchester CCG;85;84;276 543;;250 102;15 770;10 671
CCG;14Y;E38000223;NHS Buckinghamshire CCG;48;48;245 504;;223 347;7 651;14 506
CCG;15A;E38000221;NHS Berkshire West CCG;45;44;254 424;;227 003;9 488;17 933
CCG;15C;E38000222;NHS Bristol, North Somerset and South Gloucestershire CCG;78;77;482 900;;437 665;22 388;22 847
CCG;15D;E38000224;NHS East Berkshire CCG;47;45;187 416;;174 801;6 790;5 825
CCG;15E;E38000220;NHS Birmingham and Solihull CCG;163;160;662 451;;594 578;32 218;35 655
CCG;15F;E38000225;NHS Leeds CCG;93;93;469 610;;436 761;14 226;18 623
CCG;15M;E38000229;NHS Derby and Derbyshire CCG;112;112;544 622;;507 141;14 761;22 720
CCG;15N;E38000230;NHS Devon CCG;123;121;747 553;;693 422;24 815;29 316
CCG;16C;E38000247;NHS Tees Valley CCG;81;79;400 196;;362 685;16 490;21 021
CCG;18C;E38000236;NHS Herefordshire CCG;81;81;451 651;;414 017;21 511;16 123
CCG;26A;E38000239;NHS Norfolk and Waveney CCG;106;104;576 549;;542 956;15 997;17 596
CCG;27D;E38000233;NHS Cheshire CCG;79;79;392 620;;343 368;21 351;27 901
CCG;36J;E38000232;NHS Bradford District and Craven CCG;71;69;411 204;;385 212;9 723;16 269
CCG;36L;E38000245;NHS South West London CCG;183;180;694 641;;632 147;30 578;31 916
CCG;42D;E38000241;NHS North Yorkshire CCG;51;51;241 545;;227 365;6 417;7 763
CCG;52R;E38000243;NHS Nottingham and Nottinghamshire CCG;127;126;534 353;;501 091;16 993;16 269
CCG;70F;E38000248;NHS West Sussex CCG;78;78;441 865;;410 424;10 030;21 411
CCG;71E;E38000238;NHS Lincolnshire CCG;85;85;386 524;;361 020;12 075;13 429
CCG;72Q;E38000244;NHS South East London CCG;208;200;761 525;;686 290;36 524;38 711
CCG;78H;E38000242;NHS Northamptonshire CCG;70;69;367 994;;347 585;8 522;11 887
CCG;84H;E38000234;NHS County Durham CCG;61;61;344 320;;326 548;8 569;9 203
CCG;91Q;E38000237;NHS Kent and Medway CCG;198;197;895 505;;801 435;38 693;55 377
CCG;92A;E38000246;NHS Surrey Heartlands CCG;104;103;458 873;;425 005;15 930;17 938
CCG;92G;E38000231;NHS Bath and North East Somerset, Swindon and Wiltshire CCG;93;92;508 988;;477 249;14 023;17 716
CCG;93C;E38000240;NHS North Central London CCG;190;184;615 536;;570 948;23 917;20 671
CCG;97R;E38000235;NHS East Sussex CCG;54;54;287 601;;258 621;12 175;16 805
CCG;99A;E38000101;NHS Liverpool CCG;87;85;253 430;;231 053;11 726;10 651
CCG;99C;E38000127;NHS North Tyneside CCG;26;25;105 319;;99 299;3 503;2 517
CCG;99E;E38000007;NHS Basildon and Brentwood CCG;35;35;121 951;;113 695;1 916;6 340
CCG;99F;E38000030;NHS Castle Point, Rayleigh and Rochford CCG;23;23;76 846;;71 353;1 593;3 900
CCG;99G;E38000168;NHS Southend CCG;26;25;86 856;;74 424;5 794;6 638
CCG;99M;E38000118;NHS North East Hampshire and Farnham CCG;20;20;103 098;;97 620;3 151;2 327
;;;;;;;;;;
;;;;;;;;;;
;;;;;;;;;;
Notes:;;;;;;;;;;
1;CCGs are only included if there is data for more than one practice within the CCG, therefore the total count of open GP practices by CCG may not equal the national total;;;;;;;;;
2;"At the time of the appointment a ‘Booked’ status will usually be changed to either ‘Attended’ or ‘DNA’. In some cases (4-7% of monthly appointments), the final status of an appointment remains as ‘Booked’. It is not known from the data whether these appointments were actually attended or not. From a sample audit these were found to be consultations where the status has not been updated to say if patients had attended or not. 
For this reason, these appointments are reported as ""Unknown"" status";;;;;;;;;
_;See 'Coronavirus Impact' tab for further information;;;;;;;;;
Copyright © 2021 Health and Social Care Information Centre. The Health and Social Care Information Centre is a non-departmental body created by statute, also known as NHS Digital.;;;;;;;;;;
;;;;;;;;;;
;;;;;;;;;;
;;;;;;;;;;
;;;;;;;;;;
;;;;;;;;;;
;;;;;;;;;;
;;;;;;;;;;
;;;;;;;;;;
;;;;;;;;;;
;;;;;;;;;;
;;;;;;;;;;
;;;;;;;;;;
;;;;;;;;;;
;;;;;;;;;;
;;;;;;;;;;
;;;;;;;;;;
;;;;;;;;;;
;;;;;;;;;;
;;;;;;;;;;
;;;;;;;;;;
;;;;;;;;;;
;;;;;;;;;;
;;;;;;;;;;
;;;;;;;;;;
;;;;;;;;;;
;;;;;;;;;;
;;;;;;;;;;
;;;;;;;;;;
;;;;;;;;;;
;;;;;;;;;;
;;;;;;;;;;
;;;;;;;;;;
;;;;;;;;;;
;;;;;;;;;;
;;;;;;;;;;
;;;;;;;;;;
;;;;;;;;;;
;;;;;;;;;;
;;;;;;;;;;
;;;;;;;;;;
;;;;;;;;;;
;;;;;;;;;;
;;;;;;;;;;
;;;;;;;;;;
;;;;;;;;;;
;;;;;;;;;;
;;;;;;;;;;
;;;;;;;;;;
;;;;;;;;;;
;;;;;;;;;;
;;;;;;;;;;
;;;;;;;;;;
;;;;;;;;;;
;;;;;;;;;;
;;;;;;;;;;
;;;;;;;;;;
;;;;;;;;;;
;;;;;;;;;;
;;;;;;;;;;
;;;;;;;;;;
;;;;;;;;;;
;;;;;;;;;;
;;;;;;;;;;
;;;;;;;;;;
;;;;;;;;;;
;;;;;;;;;;
;;;;;;;;;;
;;;;;;;;;;
;;;;;;;;;;
;;;;;;;;;;
;;;;;;;;;;
;;;;;;;;;;
;;;;;;;;;;
;;;;;;;;;;
;;;;;;;;;;
;;;;;;;;;;
;;;;;;;;;;
;;;;;;;;;;
;;;;;;;;;;
;;;;;;;;;;
;;;;;;;;;;
;;;;;;;;;;
;;;;;;;;;;
;;;;;;;;;;
;;;;;;;;;;
;;;;;;;;;;
;;;;;;;;;;
;;;;;;;;;;
;;;;;;;;;;
;;;;;;;;;;
;;;;;;;;;;
;;;;;;;;;;
;;;;;;;;;;
;;;;;;;;;;
;;;;;;;;;;
;;;;;;;;;;
;;;;;;;;;;
;;;;;;;;;;
;;;;;;;;;;
;;;;;;;;;;
;;;;;;;;;;
;;;;;;;;;;
;;;;;;;;;;
;;;;;;;;;;
;;;;;;;;;;
;;;;;;;;;;
;;;;;;;;;;
;;;;;;;;;;
;;;;;;;;;;
;;;;;;;;;;
;;;;;;;;;;
;;;;;;;;;;
;;;;;;;;;;
;;;;;;;;;;
;;;;;;;;;;
;;;;;;;;;;
;;;;;;;;;;
;;;;;;;;;;
;;;;;;;;;;
;;;;;;;;;;
;;;;;;;;;;
;;;;;;;;;;
;;;;;;;;;;
;;;;;;;;;;
;;;;;;;;;;
;;;;;;;;;;
;;;;;;;;;;
;;;;;;;;;;
;;;;;;;;;;
;;;;;;;;;;
;;;;;;;;;;
;;;;;;;;;;
;;;;;;;;;;
;;;;;;;;;;
;;;;;;;;;;
;;;;;;;;;;
;;;;;;;;;;
;;;;;;;;;;
;;;;;;;;;;
;;;;;;;;;;
;;;;;;;;;;
;;;;;;;;;;
;;;;;;;;;;
;;;;;;;;;;
;;;;;;;;;;
;;;;;;;;;;
;;;;;;;;;;
;;;;;;;;;;
;;;;;;;;;;
;;;;;;;;;;
;;;;;;;;;;
;;;;;;;;;;
;;;;;;;;;;
;;;;;;;;;;
;;;;;;;;;;
;;;;;;;;;;
;;;;;;;;;;
;;;;;;;;;;
;;;;;;;;;;
;;;;;;;;;;
;;;;;;;;;;
;;;;;;;;;;
;;;;;;;;;;
;;;;;;;;;;
;;;;;;;;;;
;;;;;;;;;;
;;;;;;;;;;
;;;;;;;;;;
;;;;;;;;;;
;;;;;;;;;;
;;;;;;;;;;
;;;;;;;;;;
;;;;;;;;;;
;;;;;;;;;;
;;;;;;;;;;
;;;;;;;;;;
;;;;;;;;;;
;;;;;;;;;;
;;;;;;;;;;
;;;;;;;;;;
;;;;;;;;;;
;;;;;;;;;;
;;;;;;;;;;
;;;;;;;;;;
;;;;;;;;;;
;;;;;;;;;;
;;;;;;;;;;
;;;;;;;;;;
;;;;;;;;;;
;;;;;;;;;;
;;;;;;;;;;
;;;;;;;;;;
;;;;;;;;;;
;;;;;;;;;;
;;;;;;;;;;
;;;;;;;;;;
;;;;;;;;;;
;;;;;;;;;;
;;;;;;;;;;
;;;;;;;;;;
;;;;;;;;;;
;;;;;;;;;;
;;;;;;;;;;
;;;;;;;;;;
;;;;;;;;;;
;;;;;;;;;;
;;;;;;;;;;
;;;;;;;;;;
;;;;;;;;;;
;;;;;;;;;;
;;;;;;;;;;
;;;;;;;;;;
;;;;;;;;;;
;;;;;;;;;;
;;;;;;;;;;
;;;;;;;;;;
;;;;;;;;;;
;;;;;;;;;;
;;;;;;;;;;
;;;;;;;;;;
;;;;;;;;;;
;;;;;;;;;;
;;;;;;;;;;
;;;;;;;;;;
;;;;;;;;;;
;;;;;;;;;;
;;;;;;;;;;
;;;;;;;;;;
;;;;;;;;;;
;;;;;;;;;;
;;;;;;;;;;
;;;;;;;;;;
;;;;;;;;;;
;;;;;;;;;;
;;;;;;;;;;
;;;;;;;;;;
;;;;;;;;;;
;;;;;;;;;;
;;;;;;;;;;
;;;;;;;;;;
;;;;;;;;;;
;;;;;;;;;;
;;;;;;;;;;
;;;;;;;;;;
;;;;;;;;;;
;;;;;;;;;;
;;;;;;;;;;
;;;;;;;;;;
;;;;;;;;;;
;;;;;;;;;;
;;;;;;;;;;
;;;;;;;;;;
;;;;;;;;;;
;;;;;;;;;;
;;;;;;;;;;
;;;;;;;;;;
;;;;;;;;;;
;;;;;;;;;;
;;;;;;;;;;
;;;;;;;;;;
;;;;;;;;;;
;;;;;;;;;;
;;;;;;;;;;
;;;;;;;;;;
;;;;;;;;;;
;;;;;;;;;;
;;;;;;;;;;
;;;;;;;;;;
;;;;;;;;;;
;;;;;;;;;;
;;;;;;;;;;
;;;;;;;;;;
;;;;;;;;;;
;;;;;;;;;;
;;;;;;;;;;
;;;;;;;;;;
;;;;;;;;;;
;;;;;;;;;;
;;;;;;;;;;
;;;;;;;;;;
;;;;;;;;;;
;;;;;;;;;;
;;;;;;;;;;
;;;;;;;;;;
;;;;;;;;;;
;;;;;;;;;;
;;;;;;;;;;
;;;;;;;;;;
;;;;;;;;;;
;;;;;;;;;;
;;;;;;;;;;
;;;;;;;;;;
;;;;;;;;;;
;;;;;;;;;;
;;;;;;;;;;
;;;;;;;;;;
;;;;;;;;;;
;;;;;;;;;;
;;;;;;;;;;
;;;;;;;;;;
;;;;;;;;;;
;;;;;;;;;;
;;;;;;;;;;
;;;;;;;;;;
;;;;;;;;;;
;;;;;;;;;;
;;;;;;;;;;
;;;;;;;;;;
;;;;;;;;;;
;;;;;;;;;;
;;;;;;;;;;
;;;;;;;;;;
;;;;;;;;;;
;;;;;;;;;;
;;;;;;;;;;
;;;;;;;;;;
;;;;;;;;;;
;;;;;;;;;;
;;;;;;;;;;
;;;;;;;;;;
;;;;;;;;;;
;;;;;;;;;;
;;;;;;;;;;
;;;;;;;;;;
;;;;;;;;;;
;;;;;;;;;;
;;;;;;;;;;
;;;;;;;;;;
;;;;;;;;;;
;;;;;;;;;;
;;;;;;;;;;
;;;;;;;;;;
;;;;;;;;;;
;;;;;;;;;;
;;;;;;;;;;
;;;;;;;;;;
;;;;;;;;;;
;;;;;;;;;;
;;;;;;;;;;
;;;;;;;;;;
;;;;;;;;;;
;;;;;;;;;;
;;;;;;;;;;
;;;;;;;;;;
;;;;;;;;;;
;;;;;;;;;;
;;;;;;;;;;
;;;;;;;;;;
;;;;;;;;;;
;;;;;;;;;;
;;;;;;;;;;
;;;;;;;;;;
;;;;;;;;;;
;;;;;;;;;;
;;;;;;;;;;
;;;;;;;;;;
;;;;;;;;;;
;;;;;;;;;;
;;;;;;;;;;
;;;;;;;;;;
;;;;;;;;;;
;;;;;;;;;;
;;;;;;;;;;
;;;;;;;;;;
;;;;;;;;;;
;;;;;;;;;;
;;;;;;;;;;
;;;;;;;;;;
;;;;;;;;;;
;;;;;;;;;;
;;;;;;;;;;
;;;;;;;;;;
;;;;;;;;;;
;;;;;;;;;;
;;;;;;;;;;
;;;;;;;;;;
;;;;;;;;;;
;;;;;;;;;;
;;;;;;;;;;
;;;;;;;;;;
;;;;;;;;;;
;;;;;;;;;;
;;;;;;;;;;
;;;;;;;;;;
;;;;;;;;;;
;;;;;;;;;;
;;;;;;;;;;
;;;;;;;;;;
;;;;;;;;;;
;;;;;;;;;;
;;;;;;;;;;
;;;;;;;;;;
;;;;;;;;;;
;;;;;;;;;;
;;;;;;;;;;
;;;;;;;;;;
;;;;;;;;;;
;;;;;;;;;;
;;;;;;;;;;
;;;;;;;;;;
;;;;;;;;;;
;;;;;;;;;;
;;;;;;;;;;
;;;;;;;;;;
;;;;;;;;;;
;;;;;;;;;;
;;;;;;;;;;
;;;;;;;;;;
;;;;;;;;;;
;;;;;;;;;;
;;;;;;;;;;
;;;;;;;;;;
;;;;;;;;;;
;;;;;;;;;;
;;;;;;;;;;
;;;;;;;;;;
;;;;;;;;;;
;;;;;;;;;;
;;;;;;;;;;
;;;;;;;;;;
;;;;;;;;;;
;;;;;;;;;;
;;;;;;;;;;
;;;;;;;;;;
;;;;;;;;;;
;;;;;;;;;;
;;;;;;;;;;
;;;;;;;;;;
;;;;;;;;;;
;;;;;;;;;;
;;;;;;;;;;
;;;;;;;;;;
;;;;;;;;;;
;;;;;;;;;;
;;;;;;;;;;
;;;;;;;;;;
;;;;;;;;;;
;;;;;;;;;;
;;;;;;;;;;
;;;;;;;;;;
;;;;;;;;;;
;;;;;;;;;;
;;;;;;;;;;
;;;;;;;;;;
;;;;;;;;;;
;;;;;;;;;;
;;;;;;;;;;
;;;;;;;;;;
;;;;;;;;;;
;;;;;;;;;;
;;;;;;;;;;
;;;;;;;;;;
;;;;;;;;;;
;;;;;;;;;;
;;;;;;;;;;
;;;;;;;;;;
;;;;;;;;;;
;;;;;;;;;;
;;;;;;;;;;
;;;;;;;;;;
;;;;;;;;;;
;;;;;;;;;;
;;;;;;;;;;
;;;;;;;;;;
;;;;;;;;;;
;;;;;;;;;;
;;;;;;;;;;
;;;;;;;;;;
;;;;;;;;;;
;;;;;;;;;;
;;;;;;;;;;
;;;;;;;;;;
;;;;;;;;;;
;;;;;;;;;;
;;;;;;;;;;
;;;;;;;;;;
;;;;;;;;;;
;;;;;;;;;;
;;;;;;;;;;
;;;;;;;;;;
;;;;;;;;;;
;;;;;;;;;;
;;;;;;;;;;
;;;;;;;;;;
;;;;;;;;;;
;;;;;;;;;;
;;;;;;;;;;
;;;;;;;;;;
;;;;;;;;;;
;;;;;;;;;;
;;;;;;;;;;
;;;;;;;;;;
;;;;;;;;;;
;;;;;;;;;;
;;;;;;;;;;
;;;;;;;;;;
;;;;;;;;;;
;;;;;;;;;;
;;;;;;;;;;
;;;;;;;;;;
;;;;;;;;;;
;;;;;;;;;;
;;;;;;;;;;
;;;;;;;;;;
;;;;;;;;;;
;;;;;;;;;;
;;;;;;;;;;
;;;;;;;;;;
;;;;;;;;;;
;;;;;;;;;;
;;;;;;;;;;
;;;;;;;;;;
;;;;;;;;;;
;;;;;;;;;;
;;;;;;;;;;
;;;;;;;;;;
;;;;;;;;;;
;;;;;;;;;;
;;;;;;;;;;
;;;;;;;;;;
;;;;;;;;;;
;;;;;;;;;;
;;;;;;;;;;
;;;;;;;;;;
;;;;;;;;;;
;;;;;;;;;;
;;;;;;;;;;
;;;;;;;;;;
;;;;;;;;;;
;;;;;;;;;;
;;;;;;;;;;
;;;;;;;;;;
;;;;;;;;;;
;;;;;;;;;;
;;;;;;;;;;
;;;;;;;;;;
;;;;;;;;;;
;;;;;;;;;;
;;;;;;;;;;
;;;;;;;;;;
;;;;;;;;;;
;;;;;;;;;;
;;;;;;;;;;
;;;;;;;;;;
;;;;;;;;;;
;;;;;;;;;;
;;;;;;;;;;
;;;;;;;;;;
;;;;;;;;;;
;;;;;;;;;;
;;;;;;;;;;
;;;;;;;;;;
;;;;;;;;;;
;;;;;;;;;;
;;;;;;;;;;
;;;;;;;;;;
;;;;;;;;;;
;;;;;;;;;;
;;;;;;;;;;
;;;;;;;;;;
;;;;;;;;;;
;;;;;;;;;;
;;;;;;;;;;
;;;;;;;;;;
;;;;;;;;;;
;;;;;;;;;;