﻿;;;;;;;;;;
;;;;;;;;;;
;;;;;;;;;;
;;;;;;;;;;
;;;;;;;;;;
Return to Contents;;;;;;;;;;
_;;;;;;;;;;
Table 3a: Appointments by Status, at National, Regional, STP and CCG level, England, November 2021;;;;;;;;;;
;;;;Count of Open GP Practices1;Count of Included GP Practices;Count of Appointments;;"Count of Appointments by 
Appointment Status";;
Type;NHS Area Code;ONS Code;Name;;;Total;;Attended;DNA;Unknown2
Type;NHS Area Code;ONS Code;Name;Open Active Practices;Included Practices;Total;_;Attended;DNA;Unknown
National;ENG;ENG;England;6 565;6 471;30 326 400;;27 597 610;1 420 529;1 308 261
Region;Y56;E40000003;London;1 203;1 182;4 345 412;;3 908 365;246 355;190 692
Region;Y58;E40000006;South West;556;549;3 348 475;;3 051 291;135 522;161 662
Region;Y59;E40000005;South East;835;827;4 623 014;;4 206 369;216 265;200 380
Region;Y60;E40000008;Midlands;1 287;1 278;5 862 953;;5 349 374;278 477;235 102
Region;Y61;E40000007;East of England;675;658;3 480 501;;3 217 886;127 998;134 617
Region;Y62;E40000010;North West;996;975;3 673 145;;3 270 707;213 819;188 619
Region;Y63;E40000009;North East and Yorkshire;1 013;1 002;4 992 900;;4 593 618;202 093;197 189
STP;QE1;E54000048;Healthier Lancashire And South Cumbria  STP;202;200;894 241;;803 739;48 822;41 680
STP;QF7;E54000009;South Yorkshire And Bassetlaw  STP;184;184;843 333;;774 818;35 946;32 569
STP;QGH;E54000019;Herefordshire And Worcestershire  STP;80;80;482 784;;444 217;21 670;16 897
STP;QH8;E54000026;Mid And South Essex  STP;152;148;571 143;;526 328;19 087;25 728
STP;QHG;E54000024;Bedfordshire, Luton And Milton Keynes  STP;98;96;490 665;;455 160;19 199;16 306
STP;QHL;E54000017;Birmingham And Solihull  STP;160;157;647 270;;580 331;39 202;27 737
STP;QHM;E54000050;Cumbria And North East  STP;361;358;1 738 485;;1 592 376;74 757;71 352
STP;QJ2;E54000012;Joined Up Care Derbyshire  STP;112;112;612 838;;564 888;22 757;25 193
STP;QJG;E54000023;Suffolk And North East Essex  STP;93;91;548 450;;509 652;20 280;18 518
STP;QJK;E54000037;Devon  STP;122;119;767 497;;702 766;32 686;32 045
STP;QJM;E54000013;Lincolnshire  STP;85;85;435 060;;403 233;15 839;15 988
STP;QK1;E54000015;Leicester, Leicestershire And Rutland  STP;133;131;643 907;;596 897;24 354;22 656
STP;QKK;E54000030;Our Healthier South East London  STP;207;201;807 764;;719 778;49 864;38 122
STP;QKS;E54000032;Kent And Medway  STP;194;192;963 115;;859 226;54 379;49 510
STP;QM7;E54000025;Hertfordshire And West Essex  STP;136;134;715 557;;656 553;28 899;30 105
STP;QMF;E54000029;East London Health And Care Partnership  STP;276;272;968 353;;866 126;60 190;42 037
STP;QMJ;E54000028;North London Partners In Health And Care  STP;187;182;690 124;;622 651;40 666;26 807
STP;QMM;E54000022;Norfolk And Waveney Health And Care Partnership  STP;106;104;629 602;;582 173;22 318;25 111
STP;QNC;E54000010;Staffordshire And Stoke On Trent  STP;146;145;553 610;;495 549;29 736;28 325
STP;QNQ;E54000034;Frimley Health And Care Ics  STP;73;71;372 929;;341 902;19 369;11 658
STP;QNX;E54000053;Sussex Health And Care Partnership  STP;160;160;910 026;;837 853;34 017;38 156
STP;QOC;E54000011;Shropshire And Telford And Wrekin  STP;52;51;268 039;;246 451;11 404;10 184
STP;QOP;E54000007;Greater Manchester Health And Social Care Partnership  STP;436;422;1 419 090;;1 248 313;87 706;83 071
STP;QOQ;E54000051;Humber, Coast And Vale  STP;182;181;937 062;;865 353;36 853;34 856
STP;QOX;E54000040;Bath And North East Somerset, Swindon And Wiltshire  STP;90;89;544 519;;503 846;17 138;23 535
STP;QPM;E54000020;Northamptonshire  STP;69;68;414 769;;387 774;14 410;12 585
STP;QR1;E54000043;Gloucestershire  STP;72;71;377 960;;349 056;13 875;15 029
STP;QRL;E54000042;Hampshire And The Isle Of Wight  STP;144;143;940 010;;859 571;41 870;38 569
STP;QRV;E54000027;North West London Health And Care Partnership  STP;352;349;1 155 718;;1 051 052;53 988;50 678
STP;QSL;E54000038;Somerset  STP;64;63;305 468;;271 440;15 836;18 192
STP;QT1;E54000014;Nottingham And Nottinghamshire Health And Care  STP;125;124;581 070;;531 475;25 579;24 016
STP;QT6;E54000036;Cornwall And The Isles Of Scilly Health And Social Care Partnership  STP;57;57;389 199;;348 116;15 030;26 053
STP;QU9;E54000044;Buckinghamshire, Oxfordshire And Berkshire West  STP;160;158;933 900;;848 262;43 837;41 801
STP;QUA;E54000016;The Black Country And West Birmingham  STP;206;206;721 980;;642 305;47 892;31 783
STP;QUE;E54000021;Cambridgeshire And Peterborough  STP;90;85;525 084;;488 020;18 215;18 849
STP;QUY;E54000039;Bristol, North Somerset And South Gloucestershire  STP;78;77;515 214;;463 707;26 521;24 986
STP;QVV;E54000041;Dorset  STP;73;73;448 618;;412 360;14 436;21 822
STP;QWE;E54000031;South West London Health And Care Partnership  STP;181;178;723 453;;648 758;41 647;33 048
STP;QWO;E54000054;West Yorkshire And Harrogate (Health And Care Partnership)  STP;286;279;1 474 020;;1 361 071;54 537;58 412
STP;QWU;E54000018;Coventry And Warwickshire  STP;119;119;501 626;;456 254;25 634;19 738
STP;QXU;E54000052;Surrey Heartlands Health And Care Partnership  STP;104;103;503 034;;459 555;22 793;20 686
STP;QYG;E54000008;Cheshire And Merseyside  STP;358;353;1 359 814;;1 218 655;77 291;63 868
CCG;00L;E38000130;NHS Northumberland CCG;38;38;189 752;;177 498;6 361;5 893
CCG;00N;E38000163;NHS South Tyneside CCG;21;21;71 475;;65 818;3 004;2 653
CCG;00P;E38000176;NHS Sunderland CCG;39;38;142 879;;128 395;8 168;6 316
CCG;00Q;E38000014;NHS Blackburn with Darwen CCG;22;22;86 332;;78 003;4 898;3 431
CCG;00R;E38000015;NHS Blackpool CCG;18;16;96 628;;86 392;6 845;3 391
CCG;00T;E38000016;NHS Bolton CCG;49;49;163 883;;145 285;10 655;7 943
CCG;00V;E38000024;NHS Bury CCG;26;24;65 127;;51 442;3 417;10 268
CCG;00X;E38000034;NHS Chorley and South Ribble CCG;26;26;83 500;;75 384;4 180;3 936
CCG;00Y;E38000135;NHS Oldham CCG;40;39;118 671;;106 189;7 372;5 110
CCG;01A;E38000050;NHS East Lancashire CCG;48;48;187 890;;168 964;10 326;8 600
CCG;01D;E38000080;NHS Heywood, Middleton and Rochdale CCG;41;36;110 607;;99 301;6 523;4 783
CCG;01E;E38000227;NHS Greater Preston CCG;22;22;103 856;;90 495;6 241;7 120
CCG;01F;E38000068;NHS Halton CCG;14;14;66 917;;59 720;3 668;3 529
CCG;01G;E38000143;NHS Salford CCG;38;34;136 741;;118 577;9 321;8 843
CCG;01H;E38000215;NHS North Cumbria CCG;35;35;196 255;;176 867;7 552;11 836
CCG;01J;E38000091;NHS Knowsley CCG;25;25;86 107;;77 276;5 364;3 467
CCG;01K;E38000228;NHS Morecambe Bay CCG;32;32;172 544;;158 561;7 866;6 117
CCG;01T;E38000161;NHS South Sefton CCG;30;29;63 765;;58 403;3 061;2 301
CCG;01V;E38000170;NHS Southport and Formby CCG;17;16;65 156;;59 459;3 252;2 445
CCG;01W;E38000174;NHS Stockport CCG;36;36;167 534;;152 548;7 678;7 308
CCG;01X;E38000172;NHS St Helens CCG;33;32;84 844;;75 190;4 398;5 256
CCG;01Y;E38000182;NHS Tameside and Glossop CCG;37;37;120 771;;106 607;7 385;6 779
CCG;02A;E38000187;NHS Trafford CCG;27;27;85 699;;74 700;5 180;5 819
CCG;02E;E38000194;NHS Warrington CCG;26;26;108 892;;100 572;3 798;4 522
CCG;02G;E38000200;NHS West Lancashire CCG;15;15;57 402;;51 806;2 837;2 759
CCG;02H;E38000205;NHS Wigan Borough CCG;58;57;140 874;;125 030;7 831;8 013
CCG;02M;E38000226;NHS Fylde and Wyre CCG;19;19;106 089;;94 134;5 629;6 326
CCG;02P;E38000006;NHS Barnsley CCG;32;32;134 421;;121 169;6 336;6 916
CCG;02Q;E38000008;NHS Bassetlaw CCG;9;9;65 390;;61 119;2 178;2 093
CCG;02T;E38000025;NHS Calderdale CCG;22;21;118 240;;109 938;4 198;4 104
CCG;02X;E38000044;NHS Doncaster CCG;38;38;162 484;;148 787;7 987;5 710
CCG;02Y;E38000052;NHS East Riding of Yorkshire CCG;29;29;154 922;;143 267;7 069;4 586
CCG;03F;E38000085;NHS Hull CCG;32;32;138 851;;126 278;7 966;4 607
CCG;03H;E38000119;NHS North East Lincolnshire CCG;25;25;113 296;;104 669;3 907;4 720
CCG;03K;E38000122;NHS North Lincolnshire CCG;19;19;104 603;;95 671;3 642;5 290
CCG;03L;E38000141;NHS Rotherham CCG;29;29;157 649;;146 268;6 235;5 146
CCG;03N;E38000146;NHS Sheffield CCG;76;76;323 389;;297 475;13 210;12 704
CCG;03Q;E38000188;NHS Vale of York CCG;26;25;170 883;;157 574;6 058;7 251
CCG;03R;E38000190;NHS Wakefield CCG;36;34;229 168;;213 080;8 261;7 827
CCG;03W;E38000051;NHS East Leicestershire and Rutland CCG;31;29;196 200;;182 823;7 375;6 002
CCG;04C;E38000097;NHS Leicester City CCG;56;56;219 371;;200 605;9 654;9 112
CCG;04V;E38000201;NHS West Leicestershire CCG;46;46;228 336;;213 469;7 325;7 542
CCG;04Y;E38000028;NHS Cannock Chase CCG;23;22;69 238;;62 923;3 174;3 141
CCG;05D;E38000053;NHS East Staffordshire CCG;18;18;72 757;;65 700;3 135;3 922
CCG;05G;E38000126;NHS North Staffordshire CCG;30;30;102 114;;93 325;4 489;4 300
CCG;05Q;E38000153;NHS South East Staffordshire and Seisdon Peninsula CCG;23;23;106 675;;94 491;5 637;6 547
CCG;05V;E38000173;NHS Stafford and Surrounds CCG;14;14;74 108;;65 760;4 200;4 148
CCG;05W;E38000175;NHS Stoke on Trent CCG;38;38;128 718;;113 350;9 101;6 267
CCG;06H;E38000026;NHS Cambridgeshire and Peterborough CCG;90;85;525 084;;488 020;18 215;18 849
CCG;06K;E38000049;NHS East and North Hertfordshire CCG;52;50;281 682;;260 963;9 640;11 079
CCG;06L;E38000086;NHS Ipswich and East Suffolk CCG;36;35;222 643;;209 189;5 894;7 560
CCG;06N;E38000079;NHS Herts Valley CCG;54;54;286 874;;258 345;13 839;14 690
CCG;06Q;E38000106;NHS Mid Essex CCG;41;38;186 215;;171 802;6 880;7 533
CCG;06T;E38000117;NHS North East Essex CCG;33;32;190 471;;173 467;9 614;7 390
CCG;07G;E38000185;NHS Thurrock CCG;27;27;91 459;;84 103;2 677;4 679
CCG;07H;E38000197;NHS West Essex CCG;30;30;147 001;;137 245;5 420;4 336
CCG;07K;E38000204;NHS West Suffolk CCG;24;24;135 336;;126 996;4 772;3 568
CCG;09D;E38000021;NHS Brighton and Hove CCG;33;33;144 962;;132 082;5 589;7 291
CCG;10Q;E38000136;NHS Oxfordshire CCG;67;66;396 862;;360 291;19 316;17 255
CCG;10R;E38000137;NHS Portsmouth CCG;13;13;92 804;;85 796;4 494;2 514
CCG;11J;E38000045;NHS Dorset CCG;73;73;448 618;;412 360;14 436;21 822
CCG;11M;E38000062;NHS Gloucestershire CCG;72;71;377 960;;349 056;13 875;15 029
CCG;11N;E38000089;NHS Kernow CCG;57;57;389 199;;348 116;15 030;26 053
CCG;11X;E38000150;NHS Somerset CCG;64;63;305 468;;271 440;15 836;18 192
CCG;12F;E38000208;NHS Wirral CCG;47;47;210 670;;188 952;12 151;9 567
CCG;13T;E38000212;NHS Newcastle Gateshead CCG;60;60;262 029;;237 519;14 200;10 310
CCG;14L;E38000217;NHS Manchester CCG;84;83;309 183;;268 634;22 344;18 205
CCG;14Y;E38000223;NHS Buckinghamshire CCG;48;48;264 825;;243 536;11 731;9 558
CCG;15A;E38000221;NHS Berkshire West CCG;45;44;272 213;;244 435;12 790;14 988
CCG;15C;E38000222;NHS Bristol, North Somerset and South Gloucestershire CCG;78;77;515 214;;463 707;26 521;24 986
CCG;15E;E38000220;NHS Birmingham and Solihull CCG;160;157;647 270;;580 331;39 202;27 737
CCG;15F;E38000225;NHS Leeds CCG;92;92;468 870;;431 735;20 094;17 041
CCG;15M;E38000229;NHS Derby and Derbyshire CCG;112;112;612 838;;564 888;22 757;25 193
CCG;15N;E38000230;NHS Devon CCG;122;119;767 497;;702 766;32 686;32 045
CCG;16C;E38000247;NHS Tees Valley CCG;81;80;395 914;;359 708;18 072;18 134
CCG;18C;E38000236;NHS Herefordshire CCG;80;80;482 784;;444 217;21 670;16 897
CCG;26A;E38000239;NHS Norfolk and Waveney CCG;106;104;629 602;;582 173;22 318;25 111
CCG;27D;E38000233;NHS Cheshire CCG;79;79;395 519;;351 020;22 680;21 819
CCG;36J;E38000232;NHS Bradford District and Craven CCG;71;68;412 100;;378 149;12 859;21 092
CCG;36L;E38000245;NHS South West London CCG;181;178;723 453;;648 758;41 647;33 048
CCG;42D;E38000241;NHS North Yorkshire CCG;51;51;254 507;;237 894;8 211;8 402
CCG;52R;E38000243;NHS Nottingham and Nottinghamshire CCG;125;124;581 070;;531 475;25 579;24 016
CCG;70F;E38000248;NHS West Sussex CCG;75;75;452 531;;423 653;14 084;14 794
CCG;71E;E38000238;NHS Lincolnshire CCG;85;85;435 060;;403 233;15 839;15 988
CCG;72Q;E38000244;NHS South East London CCG;207;201;807 764;;719 778;49 864;38 122
CCG;78H;E38000242;NHS Northamptonshire CCG;69;68;414 769;;387 774;14 410;12 585
CCG;84H;E38000234;NHS County Durham CCG;61;61;366 351;;340 898;12 773;12 680
CCG;91Q;E38000237;NHS Kent and Medway CCG;194;192;963 115;;859 226;54 379;49 510
CCG;92A;E38000246;NHS Surrey Heartlands CCG;104;103;503 034;;459 555;22 793;20 686
CCG;92G;E38000231;NHS Bath and North East Somerset, Swindon and Wiltshire CCG;90;89;544 519;;503 846;17 138;23 535
CCG;93C;E38000240;NHS North Central London CCG;187;182;690 124;;622 651;40 666;26 807
CCG;97R;E38000235;NHS East Sussex CCG;52;52;312 533;;282 118;14 344;16 071
CCG;99A;E38000101;NHS Liverpool CCG;87;85;277 944;;248 063;18 919;10 962
CCG;99C;E38000127;NHS North Tyneside CCG;26;25;113 830;;105 673;4 627;3 530
CCG;99E;E38000007;NHS Basildon and Brentwood CCG;35;35;132 868;;122 416;3 690;6 762
CCG;99F;E38000030;NHS Castle Point and Rochford CCG;23;23;79 481;;73 652;2 810;3 019
CCG;99G;E38000168;NHS Southend CCG;26;25;81 120;;74 355;3 030;3 735
CCG;A3A8R;E38000255;NHS North East London CCG;276;272;968 353;;866 126;60 190;42 037
CCG;B2M3M;E38000251;NHS Coventry and Warwickshire CCG;119;119;501 626;;456 254;25 634;19 738
CCG;D2P2L;E38000250;NHS Black Country and West Birmingham CCG;206;206;721 980;;642 305;47 892;31 783
CCG;D4U1Y;E38000252;NHS Frimley CCG;73;71;372 929;;341 902;19 369;11 658
CCG;D9Y0V;E38000253;NHS Hampshire, Southampton and Isle of Wight CCG;131;130;847 206;;773 775;37 376;36 055
CCG;M1J4Y;E38000249;NHS Bedfordshire, Luton and Milton Keynes CCG;98;96;490 665;;455 160;19 199;16 306
CCG;M2L0M;E38000257;NHS Shropshire and Telford and Wrekin CCG;52;51;268 039;;246 451;11 404;10 184
CCG;W2U3Z;E38000256;NHS North West London CCG;352;349;1 155 718;;1 051 052;53 988;50 678
CCG;X2C4Y;E38000254;NHS Kirklees CCG;65;64;245 642;;228 169;9 125;8 348
;;;;;;;;;;
Notes:;;;;;;;;;;
1;CCGs are only included if there is data for more than one practice within the CCG, therefore the total count of open GP practices by CCG may not equal the national total;;;;;;;;;
2;"At the time of the appointment a ‘Booked’ status will usually be changed to either ‘Attended’ or ‘DNA’. In some cases (4-7% of monthly appointments), the final status of an appointment remains as ‘Booked’. It is not known from the data whether these appointments were actually attended or not. From a sample audit these were found to be consultations where the status has not been updated to say if patients had attended or not. 
For this reason, these appointments are reported as ""Unknown"" status";;;;;;;;;
_;See 'Coronavirus Impact' tab for further information;;;;;;;;;
Copyright © 2021 Health and Social Care Information Centre. The Health and Social Care Information Centre is a non-departmental body created by statute, also known as NHS Digital.;;;;;;;;;;
;;;;;;;;;;
;;;;;;;;;;
;;;;;;;;;;
;;;;;;;;;;
;;;;;;;;;;
;;;;;;;;;;
;;;;;;;;;;
;;;;;;;;;;
;;;;;;;;;;
;;;;;;;;;;
;;;;;;;;;;
;;;;;;;;;;
;;;;;;;;;;
;;;;;;;;;;
;;;;;;;;;;
;;;;;;;;;;
;;;;;;;;;;
;;;;;;;;;;
;;;;;;;;;;
;;;;;;;;;;
;;;;;;;;;;
;;;;;;;;;;
;;;;;;;;;;
;;;;;;;;;;
;;;;;;;;;;
;;;;;;;;;;
;;;;;;;;;;
;;;;;;;;;;
;;;;;;;;;;
;;;;;;;;;;
;;;;;;;;;;
;;;;;;;;;;
;;;;;;;;;;
;;;;;;;;;;
;;;;;;;;;;
;;;;;;;;;;
;;;;;;;;;;
;;;;;;;;;;
;;;;;;;;;;
;;;;;;;;;;
;;;;;;;;;;
;;;;;;;;;;
;;;;;;;;;;
;;;;;;;;;;
;;;;;;;;;;
;;;;;;;;;;
;;;;;;;;;;
;;;;;;;;;;
;;;;;;;;;;
;;;;;;;;;;
;;;;;;;;;;
;;;;;;;;;;
;;;;;;;;;;
;;;;;;;;;;
;;;;;;;;;;
;;;;;;;;;;
;;;;;;;;;;
;;;;;;;;;;
;;;;;;;;;;
;;;;;;;;;;
;;;;;;;;;;
;;;;;;;;;;
;;;;;;;;;;
;;;;;;;;;;
;;;;;;;;;;
;;;;;;;;;;
;;;;;;;;;;
;;;;;;;;;;
;;;;;;;;;;
;;;;;;;;;;
;;;;;;;;;;
;;;;;;;;;;
;;;;;;;;;;
;;;;;;;;;;
;;;;;;;;;;
;;;;;;;;;;
;;;;;;;;;;
;;;;;;;;;;
;;;;;;;;;;
;;;;;;;;;;
;;;;;;;;;;
;;;;;;;;;;
;;;;;;;;;;
;;;;;;;;;;
;;;;;;;;;;
;;;;;;;;;;
;;;;;;;;;;
;;;;;;;;;;
;;;;;;;;;;
;;;;;;;;;;
;;;;;;;;;;
;;;;;;;;;;
;;;;;;;;;;
;;;;;;;;;;
;;;;;;;;;;
;;;;;;;;;;
;;;;;;;;;;
;;;;;;;;;;
;;;;;;;;;;
;;;;;;;;;;
;;;;;;;;;;
;;;;;;;;;;
;;;;;;;;;;
;;;;;;;;;;
;;;;;;;;;;
;;;;;;;;;;
;;;;;;;;;;
;;;;;;;;;;
;;;;;;;;;;
;;;;;;;;;;
;;;;;;;;;;
;;;;;;;;;;
;;;;;;;;;;
;;;;;;;;;;
;;;;;;;;;;
;;;;;;;;;;
;;;;;;;;;;
;;;;;;;;;;
;;;;;;;;;;
;;;;;;;;;;
;;;;;;;;;;
;;;;;;;;;;
;;;;;;;;;;
;;;;;;;;;;
;;;;;;;;;;
;;;;;;;;;;
;;;;;;;;;;
;;;;;;;;;;
;;;;;;;;;;
;;;;;;;;;;
;;;;;;;;;;
;;;;;;;;;;
;;;;;;;;;;
;;;;;;;;;;
;;;;;;;;;;
;;;;;;;;;;
;;;;;;;;;;
;;;;;;;;;;
;;;;;;;;;;
;;;;;;;;;;
;;;;;;;;;;
;;;;;;;;;;
;;;;;;;;;;
;;;;;;;;;;
;;;;;;;;;;
;;;;;;;;;;
;;;;;;;;;;
;;;;;;;;;;
;;;;;;;;;;
;;;;;;;;;;
;;;;;;;;;;
;;;;;;;;;;
;;;;;;;;;;
;;;;;;;;;;
;;;;;;;;;;
;;;;;;;;;;
;;;;;;;;;;
;;;;;;;;;;
;;;;;;;;;;
;;;;;;;;;;
;;;;;;;;;;
;;;;;;;;;;
;;;;;;;;;;
;;;;;;;;;;
;;;;;;;;;;
;;;;;;;;;;
;;;;;;;;;;
;;;;;;;;;;
;;;;;;;;;;
;;;;;;;;;;
;;;;;;;;;;
;;;;;;;;;;
;;;;;;;;;;
;;;;;;;;;;
;;;;;;;;;;
;;;;;;;;;;
;;;;;;;;;;
;;;;;;;;;;
;;;;;;;;;;
;;;;;;;;;;
;;;;;;;;;;
;;;;;;;;;;
;;;;;;;;;;
;;;;;;;;;;
;;;;;;;;;;
;;;;;;;;;;
;;;;;;;;;;
;;;;;;;;;;
;;;;;;;;;;
;;;;;;;;;;
;;;;;;;;;;
;;;;;;;;;;
;;;;;;;;;;
;;;;;;;;;;
;;;;;;;;;;
;;;;;;;;;;
;;;;;;;;;;
;;;;;;;;;;
;;;;;;;;;;
;;;;;;;;;;
;;;;;;;;;;
;;;;;;;;;;
;;;;;;;;;;
;;;;;;;;;;
;;;;;;;;;;
;;;;;;;;;;
;;;;;;;;;;
;;;;;;;;;;
;;;;;;;;;;
;;;;;;;;;;
;;;;;;;;;;
;;;;;;;;;;
;;;;;;;;;;
;;;;;;;;;;
;;;;;;;;;;
;;;;;;;;;;
;;;;;;;;;;
;;;;;;;;;;
;;;;;;;;;;
;;;;;;;;;;
;;;;;;;;;;
;;;;;;;;;;
;;;;;;;;;;
;;;;;;;;;;
;;;;;;;;;;
;;;;;;;;;;
;;;;;;;;;;
;;;;;;;;;;
;;;;;;;;;;
;;;;;;;;;;
;;;;;;;;;;
;;;;;;;;;;
;;;;;;;;;;
;;;;;;;;;;
;;;;;;;;;;
;;;;;;;;;;
;;;;;;;;;;
;;;;;;;;;;
;;;;;;;;;;
;;;;;;;;;;
;;;;;;;;;;
;;;;;;;;;;
;;;;;;;;;;
;;;;;;;;;;
;;;;;;;;;;
;;;;;;;;;;
;;;;;;;;;;
;;;;;;;;;;
;;;;;;;;;;
;;;;;;;;;;
;;;;;;;;;;
;;;;;;;;;;
;;;;;;;;;;
;;;;;;;;;;
;;;;;;;;;;
;;;;;;;;;;
;;;;;;;;;;
;;;;;;;;;;
;;;;;;;;;;
;;;;;;;;;;
;;;;;;;;;;
;;;;;;;;;;
;;;;;;;;;;
;;;;;;;;;;
;;;;;;;;;;
;;;;;;;;;;
;;;;;;;;;;
;;;;;;;;;;
;;;;;;;;;;
;;;;;;;;;;
;;;;;;;;;;
;;;;;;;;;;
;;;;;;;;;;
;;;;;;;;;;
;;;;;;;;;;
;;;;;;;;;;
;;;;;;;;;;
;;;;;;;;;;
;;;;;;;;;;
;;;;;;;;;;
;;;;;;;;;;
;;;;;;;;;;
;;;;;;;;;;
;;;;;;;;;;
;;;;;;;;;;
;;;;;;;;;;
;;;;;;;;;;
;;;;;;;;;;
;;;;;;;;;;
;;;;;;;;;;
;;;;;;;;;;
;;;;;;;;;;
;;;;;;;;;;
;;;;;;;;;;
;;;;;;;;;;
;;;;;;;;;;
;;;;;;;;;;
;;;;;;;;;;
;;;;;;;;;;
;;;;;;;;;;
;;;;;;;;;;
;;;;;;;;;;
;;;;;;;;;;
;;;;;;;;;;
;;;;;;;;;;
;;;;;;;;;;
;;;;;;;;;;
;;;;;;;;;;
;;;;;;;;;;
;;;;;;;;;;
;;;;;;;;;;
;;;;;;;;;;
;;;;;;;;;;
;;;;;;;;;;
;;;;;;;;;;
;;;;;;;;;;
;;;;;;;;;;
;;;;;;;;;;
;;;;;;;;;;
;;;;;;;;;;
;;;;;;;;;;
;;;;;;;;;;
;;;;;;;;;;
;;;;;;;;;;
;;;;;;;;;;
;;;;;;;;;;
;;;;;;;;;;
;;;;;;;;;;
;;;;;;;;;;
;;;;;;;;;;
;;;;;;;;;;
;;;;;;;;;;
;;;;;;;;;;
;;;;;;;;;;
;;;;;;;;;;
;;;;;;;;;;
;;;;;;;;;;
;;;;;;;;;;
;;;;;;;;;;
;;;;;;;;;;
;;;;;;;;;;
;;;;;;;;;;
;;;;;;;;;;
;;;;;;;;;;
;;;;;;;;;;
;;;;;;;;;;
;;;;;;;;;;
;;;;;;;;;;
;;;;;;;;;;
;;;;;;;;;;
;;;;;;;;;;
;;;;;;;;;;
;;;;;;;;;;
;;;;;;;;;;
;;;;;;;;;;
;;;;;;;;;;
;;;;;;;;;;
;;;;;;;;;;
;;;;;;;;;;
;;;;;;;;;;
;;;;;;;;;;
;;;;;;;;;;
;;;;;;;;;;
;;;;;;;;;;
;;;;;;;;;;
;;;;;;;;;;
;;;;;;;;;;
;;;;;;;;;;
;;;;;;;;;;
;;;;;;;;;;
;;;;;;;;;;
;;;;;;;;;;
;;;;;;;;;;
;;;;;;;;;;
;;;;;;;;;;
;;;;;;;;;;
;;;;;;;;;;
;;;;;;;;;;
;;;;;;;;;;
;;;;;;;;;;
;;;;;;;;;;
;;;;;;;;;;
;;;;;;;;;;
;;;;;;;;;;
;;;;;;;;;;
;;;;;;;;;;
;;;;;;;;;;
;;;;;;;;;;
;;;;;;;;;;
;;;;;;;;;;
;;;;;;;;;;
;;;;;;;;;;
;;;;;;;;;;
;;;;;;;;;;
;;;;;;;;;;
;;;;;;;;;;
;;;;;;;;;;
;;;;;;;;;;
;;;;;;;;;;
;;;;;;;;;;
;;;;;;;;;;
;;;;;;;;;;
;;;;;;;;;;
;;;;;;;;;;
;;;;;;;;;;
;;;;;;;;;;
;;;;;;;;;;
;;;;;;;;;;
;;;;;;;;;;
;;;;;;;;;;
;;;;;;;;;;
;;;;;;;;;;
;;;;;;;;;;
;;;;;;;;;;
;;;;;;;;;;
;;;;;;;;;;
;;;;;;;;;;
;;;;;;;;;;
;;;;;;;;;;
;;;;;;;;;;
;;;;;;;;;;
;;;;;;;;;;
;;;;;;;;;;
;;;;;;;;;;
;;;;;;;;;;
;;;;;;;;;;
;;;;;;;;;;
;;;;;;;;;;
;;;;;;;;;;
;;;;;;;;;;
;;;;;;;;;;
;;;;;;;;;;
;;;;;;;;;;
;;;;;;;;;;
;;;;;;;;;;
;;;;;;;;;;
;;;;;;;;;;
;;;;;;;;;;
;;;;;;;;;;
;;;;;;;;;;
;;;;;;;;;;
;;;;;;;;;;
;;;;;;;;;;
;;;;;;;;;;
;;;;;;;;;;
;;;;;;;;;;
;;;;;;;;;;
;;;;;;;;;;
;;;;;;;;;;
;;;;;;;;;;
;;;;;;;;;;
;;;;;;;;;;
;;;;;;;;;;
;;;;;;;;;;
;;;;;;;;;;
;;;;;;;;;;
;;;;;;;;;;
;;;;;;;;;;
;;;;;;;;;;
;;;;;;;;;;
;;;;;;;;;;
;;;;;;;;;;
;;;;;;;;;;
;;;;;;;;;;
;;;;;;;;;;
;;;;;;;;;;
;;;;;;;;;;
;;;;;;;;;;
;;;;;;;;;;
;;;;;;;;;;
;;;;;;;;;;
;;;;;;;;;;
;;;;;;;;;;
;;;;;;;;;;
;;;;;;;;;;
;;;;;;;;;;
;;;;;;;;;;
;;;;;;;;;;
;;;;;;;;;;
;;;;;;;;;;
;;;;;;;;;;
;;;;;;;;;;
;;;;;;;;;;
;;;;;;;;;;
;;;;;;;;;;
;;;;;;;;;;
;;;;;;;;;;
;;;;;;;;;;
;;;;;;;;;;
;;;;;;;;;;
;;;;;;;;;;
;;;;;;;;;;
;;;;;;;;;;
;;;;;;;;;;
;;;;;;;;;;
;;;;;;;;;;
;;;;;;;;;;
;;;;;;;;;;
;;;;;;;;;;
;;;;;;;;;;
;;;;;;;;;;
;;;;;;;;;;
;;;;;;;;;;
;;;;;;;;;;
;;;;;;;;;;
;;;;;;;;;;
;;;;;;;;;;
;;;;;;;;;;
;;;;;;;;;;
;;;;;;;;;;
;;;;;;;;;;
;;;;;;;;;;
;;;;;;;;;;
;;;;;;;;;;
;;;;;;;;;;
;;;;;;;;;;
;;;;;;;;;;
;;;;;;;;;;
;;;;;;;;;;
;;;;;;;;;;
;;;;;;;;;;
;;;;;;;;;;
;;;;;;;;;;
;;;;;;;;;;
;;;;;;;;;;
;;;;;;;;;;
;;;;;;;;;;
;;;;;;;;;;
;;;;;;;;;;
;;;;;;;;;;
;;;;;;;;;;
;;;;;;;;;;
;;;;;;;;;;
;;;;;;;;;;
;;;;;;;;;;
;;;;;;;;;;
;;;;;;;;;;
;;;;;;;;;;
;;;;;;;;;;
;;;;;;;;;;
;;;;;;;;;;
;;;;;;;;;;
;;;;;;;;;;
;;;;;;;;;;
;;;;;;;;;;
;;;;;;;;;;
;;;;;;;;;;
;;;;;;;;;;
;;;;;;;;;;
;;;;;;;;;;
;;;;;;;;;;
;;;;;;;;;;
;;;;;;;;;;
;;;;;;;;;;
;;;;;;;;;;
;;;;;;;;;;
;;;;;;;;;;
;;;;;;;;;;
;;;;;;;;;;
;;;;;;;;;;
;;;;;;;;;;
;;;;;;;;;;
;;;;;;;;;;
;;;;;;;;;;
;;;;;;;;;;
;;;;;;;;;;