Type,NHS_area_code,ONS_code,Name,Count_gp_appointments,Attended,Did_not_attend,Unknown,Month
National,ENG,ENG,England,25 535 481,23 588 983,1 015 516,930 982,July
Region,Y56,E40000003,London,3 785 510,3 437 479,189 359,158 672,July
Region,Y58,E40000006,South West,2 791 887,2 606 667,93 971,91 249,July
Region,Y59,E40000005,South East,3 914 243,3 625 506,149 756,138 981,July
Region,Y60,E40000008,Midlands,4 894 408,4 529 796,198 281,166 331,July
Region,Y61,E40000007,East of England,2 949 556,2 762 156,88 238,99 162,July
Region,Y62,E40000010,North West,2 989 664,2 710 351,149 241,130 072,July
Region,Y63,E40000009,North East and Yorkshire,4 210 213,3 917 028,146 670,146 515,July
STP,QE1,E54000048,Healthier Lancashire And South Cumbria  STP,743 891,679 495,32 854,31 542,July
STP,QF7,E54000009,South Yorkshire And Bassetlaw  STP,702 495,651 201,26 968,24 326,July
STP,QGH,E54000019,Herefordshire And Worcestershire  STP,406 961,380 934,15 831,10 196,July
STP,QH8,E54000026,Mid And South Essex  STP,483 273,453 787,12 144,17 342,July
STP,QHG,E54000024,"Bedfordshire, Luton And Milton Keynes  STP",423 502,394 899,13 841,14 762,July
STP,QHL,E54000017,Birmingham And Solihull  STP,547 759,496 499,30 702,20 558,July
STP,QHM,E54000050,Cumbria And North East  STP,1 451 738,1 344 668,55 310,51 760,July
STP,QJ2,E54000012,Joined Up Care Derbyshire  STP,501 234,467 194,14 764,19 276,July
STP,QJG,E54000023,Suffolk And North East Essex  STP,460 994,434 753,13 487,12 754,July
STP,QJK,E54000037,Devon  STP,651 123,608 282,21 026,21 815,July
STP,QJM,E54000013,Lincolnshire  STP,358 801,334 690,11 645,12 466,July
STP,QK1,E54000015,"Leicester, Leicestershire And Rutland  STP",526 792,492 352,17 897,16 543,July
STP,QKK,E54000030,Our Healthier South East London  STP,683 960,615 946,35 251,32 763,July
STP,QKS,E54000032,Kent And Medway  STP,811 524,743 232,33 815,34 477,July
STP,QM7,E54000025,Hertfordshire And West Essex  STP,606 835,563 140,19 653,24 042,July
STP,QMF,E54000029,East London Health And Care Partnership  STP,839 486,758 038,47 961,33 487,July
STP,QMJ,E54000028,North London Partners In Health And Care  STP,*,*,*,*,July
STP,QMM,E54000022,Norfolk And Waveney Health And Care Partnership  STP,524 446,492 604,15 648,16 194,July
STP,QNC,E54000010,Staffordshire And Stoke On Trent  STP,456 401,417 935,20 302,18 164,July
STP,QNQ,E54000034,Frimley Health And Care Ics  STP,315 721,294 821,12 658,8 242,July
STP,QNX,E54000053,Sussex Health And Care Partnership  STP,769 496,714 585,24 783,30 128,July
STP,QOC,E54000011,Shropshire And Telford And Wrekin  STP,*,*,*,*,July
STP,QOP,E54000007,Greater Manchester Health And Social Care Partnership  STP,1 107 417,994 525,62 228,50 664,July
STP,QOQ,E54000051,"Humber, Coast And Vale  STP",800 069,747 507,24 701,27 861,July
STP,QOX,E54000040,"Bath And North East Somerset, Swindon And Wiltshire  STP",462 128,433 599,14 127,14 402,July
STP,QPM,E54000020,Northamptonshire  STP,347 872,330 715,8 726,8 431,July
STP,QR1,E54000043,Gloucestershire  STP,318 893,299 565,9 454,9 874,July
STP,QRL,E54000042,Hampshire And The Isle Of Wight  STP,806 029,750 529,30 423,25 077,July
STP,QRV,E54000027,North West London Health And Care Partnership  STP,1 026 577,934 121,43 165,49 291,July
STP,QSL,E54000038,Somerset  STP,227 471,208 976,9 950,8 545,July
STP,QT1,E54000014,Nottingham And Nottinghamshire Health And Care  STP,492 711,458 457,17 374,16 880,July
STP,QT6,E54000036,Cornwall And The Isles Of Scilly Health And Social Care Partnership  STP,326 570,303 956,10 205,12 409,July
STP,QU9,E54000044,"Buckinghamshire, Oxfordshire And Berkshire West  STP",783 573,727 087,30 383,26 103,July
STP,QUA,E54000016,The Black Country And West Birmingham  STP,613 062,554 747,34 016,24 299,July
STP,QUE,E54000021,Cambridgeshire And Peterborough  STP,450 506,422 973,13 465,14 068,July
STP,QUY,E54000039,"Bristol, North Somerset And South Gloucestershire  STP",424 068,391 284,18 932,13 852,July
STP,QVV,E54000041,Dorset  STP,381 634,361 005,10 277,10 352,July
STP,QWE,E54000031,South West London Health And Care Partnership  STP,626 304,571 966,32 931,21 407,July
STP,QWO,E54000054,West Yorkshire And Harrogate (Health And Care Partnership)  STP,1 255 911,1 173 652,39 691,42 568,July
STP,QWU,E54000018,Coventry And Warwickshire  STP,428 163,394 928,19 780,13 455,July
STP,QXU,E54000052,Surrey Heartlands Health And Care Partnership  STP,*,*,*,*,July
STP,QYG,E54000008,Cheshire And Merseyside  STP,1 138 356,1 036 331,54 159,47 866,July
CCG,00L,E38000130,NHS Northumberland CCG,153 855,145 276,4 523,4 056,July
CCG,00N,E38000163,NHS South Tyneside CCG,63 427,58 884,2 351,2 192,July
CCG,00P,E38000176,NHS Sunderland CCG,120 051,109 324,6 504,4 223,July
CCG,00Q,E38000014,NHS Blackburn with Darwen CCG,73 703,67 577,3 555,2 571,July
CCG,00R,E38000015,NHS Blackpool CCG,82 027,75 415,4 015,2 597,July
CCG,00T,E38000016,NHS Bolton CCG,133 299,120 739,7 507,5 053,July
CCG,00V,E38000024,NHS Bury CCG,10 702,8 664,591,1 447,July
CCG,00X,E38000034,NHS Chorley and South Ribble CCG,71 942,65 676,3 183,3 083,July
CCG,00Y,E38000135,NHS Oldham CCG,98 293,89 675,5 179,3 439,July
CCG,01A,E38000050,NHS East Lancashire CCG,153 064,139 179,7 437,6 448,July
CCG,01D,E38000080,"NHS Heywood, Middleton and Rochdale CCG",90 371,82 677,4 728,2 966,July
CCG,01E,E38000227,NHS Greater Preston CCG,84 114,75 782,3 403,4 929,July
CCG,01F,E38000068,NHS Halton CCG,58 382,52 389,3 023,2 970,July
CCG,01G,E38000143,NHS Salford CCG,98 874,86 847,5 679,6 348,July
CCG,01H,E38000215,NHS North Cumbria CCG,164 743,152 416,5 696,6 631,July
CCG,01J,E38000091,NHS Knowsley CCG,69 615,63 176,3 541,2 898,July
CCG,01K,E38000228,NHS Morecambe Bay CCG,142 247,131 132,6 446,4 669,July
CCG,01T,E38000161,NHS South Sefton CCG,52 265,48 563,2 048,1 654,July
CCG,01V,E38000170,NHS Southport and Formby CCG,56 282,52 093,1 966,2 223,July
CCG,01W,E38000174,NHS Stockport CCG,139 535,127 969,6 512,5 054,July
CCG,01X,E38000172,NHS St Helens CCG,71 841,64 884,3 315,3 642,July
CCG,01Y,E38000182,NHS Tameside and Glossop CCG,104 827,92 636,5 916,6 275,July
CCG,02A,E38000187,NHS Trafford CCG,70 474,62 184,4 455,3 835,July
CCG,02E,E38000194,NHS Warrington CCG,93 888,88 307,2 508,3 073,July
CCG,02G,E38000200,NHS West Lancashire CCG,47 029,43 436,1 694,1 899,July
CCG,02H,E38000205,NHS Wigan Borough CCG,109 039,98 301,4 994,5 744,July
CCG,02M,E38000226,NHS Fylde and Wyre CCG,89 765,81 298,3 121,5 346,July
CCG,02P,E38000006,NHS Barnsley CCG,*,*,*,*,July
CCG,02Q,E38000008,NHS Bassetlaw CCG,56 083,52 521,1 898,1 664,July
CCG,02T,E38000025,NHS Calderdale CCG,101 169,94 878,3 357,2 934,July
CCG,02X,E38000044,NHS Doncaster CCG,*,*,*,*,July
CCG,02Y,E38000052,NHS East Riding of Yorkshire CCG,133 940,125 476,3 970,4 494,July
CCG,03F,E38000085,NHS Hull CCG,118 657,108 360,5 795,4 502,July
CCG,03H,E38000119,NHS North East Lincolnshire CCG,94 779,88 011,2 846,3 922,July
CCG,03K,E38000122,NHS North Lincolnshire CCG,91 773,85 231,2 392,4 150,July
CCG,03L,E38000141,NHS Rotherham CCG,130 518,121 732,4 638,4 148,July
CCG,03N,E38000146,NHS Sheffield CCG,267 069,248 362,9 788,8 919,July
CCG,03Q,E38000188,NHS Vale of York CCG,144 187,135 951,4 272,3 964,July
CCG,03R,E38000190,NHS Wakefield CCG,189 452,178 136,5 286,6 030,July
CCG,03W,E38000051,NHS East Leicestershire and Rutland CCG,160 298,150 218,5 749,4 331,July
CCG,04C,E38000097,NHS Leicester City CCG,184 839,169 957,7 128,7 754,July
CCG,04V,E38000201,NHS West Leicestershire CCG,181 655,172 177,5 020,4 458,July
CCG,04Y,E38000028,NHS Cannock Chase CCG,*,*,*,*,July
CCG,05D,E38000053,NHS East Staffordshire CCG,*,*,*,*,July
CCG,05G,E38000126,NHS North Staffordshire CCG,82 585,76 709,3 058,2 818,July
CCG,05Q,E38000153,NHS South East Staffordshire and Seisdon Peninsula CCG,84 618,78 834,3 555,2 229,July
CCG,05V,E38000173,NHS Stafford and Surrounds CCG,66 714,61 585,2 812,2 317,July
CCG,05W,E38000175,NHS Stoke on Trent CCG,107 291,96 701,6 259,4 331,July
CCG,06H,E38000026,NHS Cambridgeshire and Peterborough CCG,450 506,422 973,13 465,14 068,July
CCG,06K,E38000049,NHS East and North Hertfordshire CCG,237 661,221 721,6 105,9 835,July
CCG,06L,E38000086,NHS Ipswich and East Suffolk CCG,187 672,178 721,3 596,5 355,July
CCG,06N,E38000079,NHS Herts Valley CCG,245 119,224 130,9 705,11 284,July
CCG,06Q,E38000106,NHS Mid Essex CCG,160 632,151 365,4 105,5 162,July
CCG,06T,E38000117,NHS North East Essex CCG,163 386,150 289,7 622,5 475,July
CCG,07G,E38000185,NHS Thurrock CCG,77 032,71 506,1 667,3 859,July
CCG,07H,E38000197,NHS West Essex CCG,124 055,117 289,3 843,2 923,July
CCG,07K,E38000204,NHS West Suffolk CCG,109 936,105 743,2 269,1 924,July
CCG,09D,E38000021,NHS Brighton and Hove CCG,124 951,116 106,4 398,4 447,July
CCG,10Q,E38000136,NHS Oxfordshire CCG,332 443,306 230,14 765,11 448,July
CCG,10R,E38000137,NHS Portsmouth CCG,80 683,75 319,3 467,1 897,July
CCG,11J,E38000045,NHS Dorset CCG,381 634,361 005,10 277,10 352,July
CCG,11M,E38000062,NHS Gloucestershire CCG,318 893,299 565,9 454,9 874,July
CCG,11N,E38000089,NHS Kernow CCG,326 570,303 956,10 205,12 409,July
CCG,11X,E38000150,NHS Somerset CCG,227 471,208 976,9 950,8 545,July
CCG,12F,E38000208,NHS Wirral CCG,176 739,159 719,8 736,8 284,July
CCG,13T,E38000212,NHS Newcastle Gateshead CCG,226 580,206 727,10 330,9 523,July
CCG,14L,E38000217,NHS Manchester CCG,252 003,224 833,16 667,10 503,July
CCG,14Y,E38000223,NHS Buckinghamshire CCG,228 162,213 675,7 127,7 360,July
CCG,15A,E38000221,NHS Berkshire West CCG,222 968,207 182,8 491,7 295,July
CCG,15C,E38000222,"NHS Bristol, North Somerset and South Gloucestershire CCG",424 068,391 284,18 932,13 852,July
CCG,15E,E38000220,NHS Birmingham and Solihull CCG,547 759,496 499,30 702,20 558,July
CCG,15F,E38000225,NHS Leeds CCG,404 807,376 841,14 408,13 558,July
CCG,15M,E38000229,NHS Derby and Derbyshire CCG,501 234,467 194,14 764,19 276,July
CCG,15N,E38000230,NHS Devon CCG,651 123,608 282,21 026,21 815,July
CCG,16C,E38000247,NHS Tees Valley CCG,322 425,297 492,12 438,12 495,July
CCG,18C,E38000236,NHS Herefordshire CCG,406 961,380 934,15 831,10 196,July
CCG,26A,E38000239,NHS Norfolk and Waveney CCG,524 446,492 604,15 648,16 194,July
CCG,27D,E38000233,NHS Cheshire CCG,331 377,300 970,16 030,14 377,July
CCG,36J,E38000232,NHS Bradford District and Craven CCG,344 924,321 428,10 366,13 130,July
CCG,36L,E38000245,NHS South West London CCG,626 304,571 966,32 931,21 407,July
CCG,42D,E38000241,NHS North Yorkshire CCG,216 733,204 478,5 426,6 829,July
CCG,52R,E38000243,NHS Nottingham and Nottinghamshire CCG,492 711,458 457,17 374,16 880,July
CCG,70F,E38000248,NHS West Sussex CCG,381 367,356 745,10 368,14 254,July
CCG,71E,E38000238,NHS Lincolnshire CCG,358 801,334 690,11 645,12 466,July
CCG,72Q,E38000244,NHS South East London CCG,683 960,615 946,35 251,32 763,July
CCG,78H,E38000242,NHS Northamptonshire CCG,347 872,330 715,8 726,8 431,July
CCG,84H,E38000234,NHS County Durham CCG,300 531,281 796,9 338,9 397,July
CCG,91Q,E38000237,NHS Kent and Medway CCG,811 524,743 232,33 815,34 477,July
CCG,92A,E38000246,NHS Surrey Heartlands CCG,*,*,*,*,July
CCG,92G,E38000231,"NHS Bath and North East Somerset, Swindon and Wiltshire CCG",462 128,433 599,14 127,14 402,July
CCG,93C,E38000240,NHS North Central London CCG,*,*,*,*,July
CCG,97R,E38000235,NHS East Sussex CCG,263 178,241 734,10 017,11 427,July
CCG,99A,E38000101,NHS Liverpool CCG,227 967,206 230,12 992,8 745,July
CCG,99C,E38000127,NHS North Tyneside CCG,100 126,92 753,4 130,3 243,July
CCG,99E,E38000007,NHS Basildon and Brentwood CCG,109 305,102 375,2 654,4 276,July
CCG,99F,E38000030,NHS Castle Point and Rochford CCG,68 394,64 805,1 703,1 886,July
CCG,99G,E38000168,NHS Southend CCG,67 910,63 736,2 015,2 159,July
CCG,A3A8R,E38000255,NHS North East London CCG,839 486,758 038,47 961,33 487,July
CCG,B2M3M,E38000251,NHS Coventry and Warwickshire CCG,428 163,394 928,19 780,13 455,July
CCG,D2P2L,E38000250,NHS Black Country and West Birmingham CCG,613 062,554 747,34 016,24 299,July
CCG,D4U1Y,E38000252,NHS Frimley CCG,315 721,294 821,12 658,8 242,July
CCG,D9Y0V,E38000253,"NHS Hampshire, Southampton and Isle of Wight CCG",725 346,675 210,26 956,23 180,July
CCG,M1J4Y,E38000249,"NHS Bedfordshire, Luton and Milton Keynes CCG",423 502,394 899,13 841,14 762,July
CCG,M2L0M,E38000257,NHS Shropshire and Telford and Wrekin CCG,*,*,*,*,July
CCG,W2U3Z,E38000256,NHS North West London CCG,1 026 577,934 121,43 165,49 291,July
CCG,X2C4Y,E38000254,NHS Kirklees CCG,215 559,202 369,6 274,6 916,July
