﻿;;;;;;;;;;
;;;;;;;;;;
;;;;;;;;;;
;;;;;;;;;;
;;;;;;;;;;
;;;;;;;;;;
;;;;;;;;;;
Return to Contents;;;;;;;;;;
_;;;;;;;;;;
Table 3a: Appointments by Status, at National, Regional, STP and CCG level, England, June 2021;;;;;;;;;;
;;;;Count of Open GP Practices1;Count of Included GP Practices;Count of Appointments;;"Count of Appointments by 
Appointment Status";;
Type;NHS Area Code;ONS Code;Name;;;Total;;Attended;DNA;Unknown2
Type;NHS Area Code;ONS Code;Name;Open Active Practices;Included Practices;Total;_;Attended;DNA;Unknown
National;ENG;ENG;England;6 609;6 504;26 711 452;;24 745 202;1 025 093;941 157
Region;Y56;E40000003;London;1 212;1 188;3 993 157;;3 635 287;191 910;165 960
Region;Y58;E40000006;South West;565;555;2 885 444;;2 702 362;92 991;90 091
Region;Y59;E40000005;South East;847;842;4 066 757;;3 778 089;154 112;134 556
Region;Y60;E40000008;Midlands;1 294;1 283;5 119 900;;4 752 570;199 501;167 829
Region;Y61;E40000007;East of England;678;663;3 078 882;;2 894 294;88 974;95 614
Region;Y62;E40000010;North West;1 000;972;3 155 391;;2 865 049;151 421;138 921
Region;Y63;E40000009;North East and Yorkshire;1 013;1 001;4 411 921;;4 117 551;146 184;148 186
STP;QE1;E54000048;Healthier Lancashire And South Cumbria  STP;202;201;764 068;;703 721;32 364;27 983
STP;QF7;E54000009;South Yorkshire And Bassetlaw  STP;184;184;735 659;;679 968;28 330;27 361
STP;QGH;E54000019;Herefordshire And Worcestershire  STP;80;80;416 902;;390 685;15 993;10 224
STP;QH8;E54000026;Mid And South Essex  STP;153;149;507 981;;478 559;11 757;17 665
STP;QHG;E54000024;Bedfordshire, Luton And Milton Keynes  STP;99;96;435 732;;408 717;13 604;13 411
STP;QHL;E54000017;Birmingham And Solihull  STP;162;159;585 892;;533 130;29 898;22 864
STP;QHM;E54000050;Cumbria And North East  STP;361;356;1 538 522;;1 430 516;54 390;53 616
STP;QJ2;E54000012;Joined Up Care Derbyshire  STP;112;112;519 200;;486 363;14 325;18 512
STP;QJG;E54000023;Suffolk And North East Essex  STP;96;94;487 803;;462 022;14 550;11 231
STP;QJK;E54000037;Devon  STP;123;121;676 014;;632 747;21 141;22 126
STP;QJM;E54000013;Lincolnshire  STP;85;85;370 352;;346 351;12 116;11 885
STP;QK1;E54000015;Leicester, Leicestershire And Rutland  STP;133;131;564 111;;529 435;17 813;16 863
STP;QKK;E54000030;Our Healthier South East London  STP;209;200;744 571;;667 047;39 253;38 271
STP;QKS;E54000032;Kent And Medway  STP;196;196;832 794;;764 715;33 920;34 159
STP;QM7;E54000025;Hertfordshire And West Essex  STP;137;135;641 400;;596 992;20 379;24 029
STP;QMF;E54000029;East London Health And Care Partnership  STP;280;276;891 848;;808 149;47 319;36 380
STP;QMJ;E54000028;North London Partners In Health And Care  STP;188;183;628 660;;576 033;30 442;22 185
STP;QMM;E54000022;Norfolk And Waveney Health And Care Partnership  STP;106;104;543 849;;512 363;15 696;15 790
STP;QNC;E54000010;Staffordshire And Stoke On Trent  STP;146;145;474 428;;436 434;19 908;18 086
STP;QNQ;E54000034;Frimley Health And Care Ics  STP;73;71;338 004;;315 871;13 416;8 717
STP;QNX;E54000053;Sussex Health And Care Partnership  STP;166;166;806 283;;754 944;24 955;26 384
STP;QOC;E54000011;Shropshire And Telford And Wrekin  STP;52;51;231 845;;217 244;8 342;6 259
STP;QOP;E54000007;Greater Manchester Health And Social Care Partnership  STP;439;418;1 208 635;;1 083 397;65 468;59 770
STP;QOQ;E54000051;Humber, Coast And Vale  STP;182;181;835 854;;785 800;24 903;25 151
STP;QOX;E54000040;Bath And North East Somerset, Swindon And Wiltshire  STP;91;90;478 402;;450 340;14 092;13 970
STP;QPM;E54000020;Northamptonshire  STP;69;68;356 986;;340 310;8 782;7 894
STP;QR1;E54000043;Gloucestershire  STP;73;72;330 043;;311 816;8 875;9 352
STP;QRL;E54000042;Hampshire And The Isle Of Wight  STP;148;148;827 863;;770 926;32 788;24 149
STP;QRV;E54000027;North West London Health And Care Partnership  STP;352;349;1 056 310;;969 734;41 442;45 134
STP;QSL;E54000038;Somerset  STP;65;60;234 531;;216 215;10 423;7 893
STP;QT1;E54000014;Nottingham And Nottinghamshire Health And Care  STP;126;125;522 336;;488 173;17 482;16 681
STP;QT6;E54000036;Cornwall And The Isles Of Scilly Health And Social Care Partnership  STP;58;58;337 097;;313 540;10 291;13 266
STP;QU9;E54000044;Buckinghamshire, Oxfordshire And Berkshire West  STP;160;158;820 266;;762 779;31 377;26 110
STP;QUA;E54000016;The Black Country And West Birmingham  STP;207;207;637 425;;577 322;34 784;25 319
STP;QUE;E54000021;Cambridgeshire And Peterborough  STP;87;85;462 117;;435 641;12 988;13 488
STP;QUY;E54000039;Bristol, North Somerset And South Gloucestershire  STP;78;77;446 371;;414 815;18 477;13 079
STP;QVV;E54000041;Dorset  STP;77;77;382 986;;362 889;9 692;10 405
STP;QWE;E54000031;South West London Health And Care Partnership  STP;183;180;671 768;;614 324;33 454;23 990
STP;QWO;E54000054;West Yorkshire And Harrogate (Health And Care Partnership)  STP;286;280;1 301 886;;1 221 267;38 561;42 058
STP;QWU;E54000018;Coventry And Warwickshire  STP;122;120;440 423;;407 123;20 058;13 242
STP;QXU;E54000052;Surrey Heartlands Health And Care Partnership  STP;104;103;441 547;;408 854;17 656;15 037
STP;QYG;E54000008;Cheshire And Merseyside  STP;359;353;1 182 688;;1 077 931;53 589;51 168
CCG;00L;E38000130;NHS Northumberland CCG;38;37;164 560;;156 038;4 400;4 122
CCG;00N;E38000163;NHS South Tyneside CCG;21;21;66 429;;61 692;2 448;2 289
CCG;00P;E38000176;NHS Sunderland CCG;39;38;125 487;;115 533;6 151;3 803
CCG;00Q;E38000014;NHS Blackburn with Darwen CCG;22;22;77 955;;71 938;3 470;2 547
CCG;00R;E38000015;NHS Blackpool CCG;18;17;81 774;;76 204;3 686;1 884
CCG;00T;E38000016;NHS Bolton CCG;49;49;142 458;;128 978;7 298;6 182
CCG;00V;E38000024;NHS Bury CCG;26;16;47 608;;36 532;3 260;7 816
CCG;00X;E38000034;NHS Chorley and South Ribble CCG;26;26;73 413;;67 463;3 134;2 816
CCG;00Y;E38000135;NHS Oldham CCG;40;40;104 029;;95 383;5 272;3 374
CCG;01A;E38000050;NHS East Lancashire CCG;48;48;159 439;;145 538;7 199;6 702
CCG;01D;E38000080;NHS Heywood, Middleton and Rochdale CCG;41;36;93 535;;86 799;4 535;2 201
CCG;01E;E38000227;NHS Greater Preston CCG;22;22;84 533;;77 577;3 498;3 458
CCG;01F;E38000068;NHS Halton CCG;14;14;59 361;;53 373;2 932;3 056
CCG;01G;E38000143;NHS Salford CCG;38;35;124 094;;107 752;7 104;9 238
CCG;01H;E38000215;NHS North Cumbria CCG;35;35;175 511;;159 898;5 713;9 900
CCG;01J;E38000091;NHS Knowsley CCG;25;25;73 359;;67 359;3 442;2 558
CCG;01K;E38000228;NHS Morecambe Bay CCG;32;32;148 086;;136 923;6 550;4 613
CCG;01T;E38000161;NHS South Sefton CCG;31;29;55 172;;51 475;2 121;1 576
CCG;01V;E38000170;NHS Southport and Formby CCG;17;16;55 711;;51 542;1 916;2 253
CCG;01W;E38000174;NHS Stockport CCG;36;36;142 840;;131 035;6 496;5 309
CCG;01X;E38000172;NHS St Helens CCG;33;32;74 484;;67 715;3 114;3 655
CCG;01Y;E38000182;NHS Tameside and Glossop CCG;37;37;108 702;;97 169;6 093;5 440
CCG;02A;E38000187;NHS Trafford CCG;28;27;71 067;;62 648;4 033;4 386
CCG;02E;E38000194;NHS Warrington CCG;26;26;99 739;;92 889;2 841;4 009
CCG;02G;E38000200;NHS West Lancashire CCG;15;15;48 583;;45 046;1 643;1 894
CCG;02H;E38000205;NHS Wigan Borough CCG;59;58;112 708;;101 854;5 091;5 763
CCG;02M;E38000226;NHS Fylde and Wyre CCG;19;19;90 285;;83 032;3 184;4 069
CCG;02P;E38000006;NHS Barnsley CCG;32;32;121 831;;110 252;5 416;6 163
CCG;02Q;E38000008;NHS Bassetlaw CCG;9;9;58 363;;55 246;1 683;1 434
CCG;02T;E38000025;NHS Calderdale CCG;22;21;101 567;;95 604;3 159;2 804
CCG;02X;E38000044;NHS Doncaster CCG;38;38;140 297;;128 694;6 495;5 108
CCG;02Y;E38000052;NHS East Riding of Yorkshire CCG;29;29;140 896;;132 622;4 451;3 823
CCG;03F;E38000085;NHS Hull CCG;32;32;124 999;;115 373;5 427;4 199
CCG;03H;E38000119;NHS North East Lincolnshire CCG;25;25;99 240;;92 751;3 267;3 222
CCG;03K;E38000122;NHS North Lincolnshire CCG;19;19;94 979;;88 338;2 188;4 453
CCG;03L;E38000141;NHS Rotherham CCG;29;29;132 894;;122 957;4 741;5 196
CCG;03N;E38000146;NHS Sheffield CCG;76;76;282 274;;262 819;9 995;9 460
CCG;03Q;E38000188;NHS Vale of York CCG;26;25;150 615;;143 214;4 191;3 210
CCG;03R;E38000190;NHS Wakefield CCG;36;34;198 935;;188 019;5 261;5 655
CCG;03W;E38000051;NHS East Leicestershire and Rutland CCG;31;29;170 689;;160 342;5 227;5 120
CCG;04C;E38000097;NHS Leicester City CCG;56;56;198 760;;183 862;7 363;7 535
CCG;04V;E38000201;NHS West Leicestershire CCG;46;46;194 662;;185 231;5 223;4 208
CCG;04Y;E38000028;NHS Cannock Chase CCG;23;22;57 350;;52 632;1 991;2 727
CCG;05D;E38000053;NHS East Staffordshire CCG;18;18;63 203;;57 334;2 318;3 551
CCG;05G;E38000126;NHS North Staffordshire CCG;30;30;86 145;;79 735;3 088;3 322
CCG;05Q;E38000153;NHS South East Staffordshire and Seisdon Peninsula CCG;23;23;86 387;;81 201;3 266;1 920
CCG;05V;E38000173;NHS Stafford and Surrounds CCG;14;14;67 830;;62 779;2 733;2 318
CCG;05W;E38000175;NHS Stoke on Trent CCG;38;38;113 513;;102 753;6 512;4 248
CCG;06H;E38000026;NHS Cambridgeshire and Peterborough CCG;87;85;462 117;;435 641;12 988;13 488
CCG;06K;E38000049;NHS East and North Hertfordshire CCG;52;50;252 619;;235 623;6 740;10 256
CCG;06L;E38000086;NHS Ipswich and East Suffolk CCG;39;38;197 692;;188 886;3 886;4 920
CCG;06N;E38000079;NHS Herts Valley CCG;55;55;257 790;;237 415;9 947;10 428
CCG;06Q;E38000106;NHS Mid Essex CCG;42;39;167 258;;158 779;3 839;4 640
CCG;06T;E38000117;NHS North East Essex CCG;33;32;173 975;;161 335;8 231;4 409
CCG;07G;E38000185;NHS Thurrock CCG;27;27;78 314;;72 712;1 607;3 995
CCG;07H;E38000197;NHS West Essex CCG;30;30;130 991;;123 954;3 692;3 345
CCG;07K;E38000204;NHS West Suffolk CCG;24;24;116 136;;111 801;2 433;1 902
CCG;09D;E38000021;NHS Brighton and Hove CCG;34;34;131 202;;122 543;4 346;4 313
CCG;10Q;E38000136;NHS Oxfordshire CCG;67;66;346 374;;320 799;15 854;9 721
CCG;10R;E38000137;NHS Portsmouth CCG;13;13;87 963;;79 236;6 288;2 439
CCG;11J;E38000045;NHS Dorset CCG;77;77;382 986;;362 889;9 692;10 405
CCG;11M;E38000062;NHS Gloucestershire CCG;73;72;330 043;;311 816;8 875;9 352
CCG;11N;E38000089;NHS Kernow CCG;58;58;337 097;;313 540;10 291;13 266
CCG;11X;E38000150;NHS Somerset CCG;65;60;234 531;;216 215;10 423;7 893
CCG;12F;E38000208;NHS Wirral CCG;47;47;179 521;;163 393;8 375;7 753
CCG;13T;E38000212;NHS Newcastle Gateshead CCG;60;60;234 020;;215 703;10 090;8 227
CCG;14L;E38000217;NHS Manchester CCG;85;84;261 594;;235 247;16 286;10 061
CCG;14Y;E38000223;NHS Buckinghamshire CCG;48;48;234 998;;220 779;6 789;7 430
CCG;15A;E38000221;NHS Berkshire West CCG;45;44;238 894;;221 201;8 734;8 959
CCG;15C;E38000222;NHS Bristol, North Somerset and South Gloucestershire CCG;78;77;446 371;;414 815;18 477;13 079
CCG;15E;E38000220;NHS Birmingham and Solihull CCG;162;159;585 892;;533 130;29 898;22 864
CCG;15F;E38000225;NHS Leeds CCG;92;92;415 056;;388 829;13 780;12 447
CCG;15M;E38000229;NHS Derby and Derbyshire CCG;112;112;519 200;;486 363;14 325;18 512
CCG;15N;E38000230;NHS Devon CCG;123;121;676 014;;632 747;21 141;22 126
CCG;16C;E38000247;NHS Tees Valley CCG;81;79;347 128;;322 327;12 262;12 539
CCG;18C;E38000236;NHS Herefordshire CCG;80;80;416 902;;390 685;15 993;10 224
CCG;26A;E38000239;NHS Norfolk and Waveney CCG;106;104;543 849;;512 363;15 696;15 790
CCG;27D;E38000233;NHS Cheshire CCG;79;79;344 541;;311 213;15 422;17 906
CCG;36J;E38000232;NHS Bradford District and Craven CCG;71;69;364 553;;339 817;10 171;14 565
CCG;36L;E38000245;NHS South West London CCG;183;180;671 768;;614 324;33 454;23 990
CCG;42D;E38000241;NHS North Yorkshire CCG;51;51;225 125;;213 502;5 379;6 244
CCG;52R;E38000243;NHS Nottingham and Nottinghamshire CCG;126;125;522 336;;488 173;17 482;16 681
CCG;70F;E38000248;NHS West Sussex CCG;78;78;402 421;;379 524;10 720;12 177
CCG;71E;E38000238;NHS Lincolnshire CCG;85;85;370 352;;346 351;12 116;11 885
CCG;72Q;E38000244;NHS South East London CCG;209;200;744 571;;667 047;39 253;38 271
CCG;78H;E38000242;NHS Northamptonshire CCG;69;68;356 986;;340 310;8 782;7 894
CCG;84H;E38000234;NHS County Durham CCG;61;61;320 599;;301 981;9 175;9 443
CCG;91Q;E38000237;NHS Kent and Medway CCG;196;196;832 794;;764 715;33 920;34 159
CCG;92A;E38000246;NHS Surrey Heartlands CCG;104;103;441 547;;408 854;17 656;15 037
CCG;92G;E38000231;NHS Bath and North East Somerset, Swindon and Wiltshire CCG;91;90;478 402;;450 340;14 092;13 970
CCG;93C;E38000240;NHS North Central London CCG;188;183;628 660;;576 033;30 442;22 185
CCG;97R;E38000235;NHS East Sussex CCG;54;54;272 660;;252 877;9 889;9 894
CCG;99A;E38000101;NHS Liverpool CCG;87;85;240 800;;218 972;13 426;8 402
CCG;99C;E38000127;NHS North Tyneside CCG;26;25;104 788;;97 344;4 151;3 293
CCG;99E;E38000007;NHS Basildon and Brentwood CCG;35;35;113 886;;106 722;2 521;4 643
CCG;99F;E38000030;NHS Castle Point and Rochford CCG;23;23;72 120;;68 012;1 823;2 285
CCG;99G;E38000168;NHS Southend CCG;26;25;76 403;;72 334;1 967;2 102
CCG;A3A8R;E38000255;NHS North East London CCG;280;276;891 848;;808 149;47 319;36 380
CCG;B2M3M;E38000251;NHS Coventry and Warwickshire CCG;122;120;440 423;;407 123;20 058;13 242
CCG;D2P2L;E38000250;NHS Black Country and West Birmingham CCG;207;207;637 425;;577 322;34 784;25 319
CCG;D4U1Y;E38000252;NHS Frimley CCG;73;71;338 004;;315 871;13 416;8 717
CCG;D9Y0V;E38000253;NHS Hampshire, Southampton and Isle of Wight CCG;135;135;739 900;;691 690;26 500;21 710
CCG;M1J4Y;E38000249;NHS Bedfordshire, Luton and Milton Keynes CCG;99;96;435 732;;408 717;13 604;13 411
CCG;M2L0M;E38000257;NHS Shropshire and Telford and Wrekin CCG;52;51;231 845;;217 244;8 342;6 259
CCG;W2U3Z;E38000256;NHS North West London CCG;352;349;1 056 310;;969 734;41 442;45 134
CCG;X2C4Y;E38000254;NHS Kirklees CCG;65;64;221 775;;208 998;6 190;6 587
;;;;;;;;;;
;;;;;;;;;;
;;;;;;;;;;
;;;;;;;;;;
;;;;;;;;;;
;;;;;;;;;;
;;;;;;;;;;
;;;;;;;;;;
;;;;;;;;;;
;;;;;;;;;;
;;;;;;;;;;
;;;;;;;;;;
;;;;;;;;;;
;;;;;;;;;;
;;;;;;;;;;
;;;;;;;;;;
;;;;;;;;;;
;;;;;;;;;;
;;;;;;;;;;
;;;;;;;;;;
;;;;;;;;;;
;;;;;;;;;;
;;;;;;;;;;
;;;;;;;;;;
;;;;;;;;;;
;;;;;;;;;;
;;;;;;;;;;
;;;;;;;;;;
;;;;;;;;;;
;;;;;;;;;;
;;;;;;;;;;
;;;;;;;;;;
Notes:;;;;;;;;;;
1;CCGs are only included if there is data for more than one practice within the CCG, therefore the total count of open GP practices by CCG may not equal the national total;;;;;;;;;
2;"At the time of the appointment a ‘Booked’ status will usually be changed to either ‘Attended’ or ‘DNA’. In some cases (4-7% of monthly appointments), the final status of an appointment remains as ‘Booked’. It is not known from the data whether these appointments were actually attended or not. From a sample audit these were found to be consultations where the status has not been updated to say if patients had attended or not. 
For this reason, these appointments are reported as ""Unknown"" status";;;;;;;;;
_;See 'Coronavirus Impact' tab for further information;;;;;;;;;
Copyright © 2021 Health and Social Care Information Centre. The Health and Social Care Information Centre is a non-departmental body created by statute, also known as NHS Digital.;;;;;;;;;;
;;;;;;;;;;
;;;;;;;;;;
;;;;;;;;;;
;;;;;;;;;;
;;;;;;;;;;
;;;;;;;;;;
;;;;;;;;;;
;;;;;;;;;;
;;;;;;;;;;
;;;;;;;;;;
;;;;;;;;;;
;;;;;;;;;;
;;;;;;;;;;
;;;;;;;;;;
;;;;;;;;;;
;;;;;;;;;;
;;;;;;;;;;
;;;;;;;;;;
;;;;;;;;;;
;;;;;;;;;;
;;;;;;;;;;
;;;;;;;;;;
;;;;;;;;;;
;;;;;;;;;;
;;;;;;;;;;
;;;;;;;;;;
;;;;;;;;;;
;;;;;;;;;;
;;;;;;;;;;
;;;;;;;;;;
;;;;;;;;;;
;;;;;;;;;;
;;;;;;;;;;
;;;;;;;;;;
;;;;;;;;;;
;;;;;;;;;;
;;;;;;;;;;
;;;;;;;;;;
;;;;;;;;;;
;;;;;;;;;;
;;;;;;;;;;
;;;;;;;;;;
;;;;;;;;;;
;;;;;;;;;;
;;;;;;;;;;
;;;;;;;;;;
;;;;;;;;;;
;;;;;;;;;;
;;;;;;;;;;
;;;;;;;;;;
;;;;;;;;;;
;;;;;;;;;;
;;;;;;;;;;
;;;;;;;;;;
;;;;;;;;;;
;;;;;;;;;;
;;;;;;;;;;
;;;;;;;;;;
;;;;;;;;;;
;;;;;;;;;;
;;;;;;;;;;
;;;;;;;;;;
;;;;;;;;;;
;;;;;;;;;;
;;;;;;;;;;
;;;;;;;;;;
;;;;;;;;;;
;;;;;;;;;;
;;;;;;;;;;
;;;;;;;;;;
;;;;;;;;;;
;;;;;;;;;;
;;;;;;;;;;
;;;;;;;;;;
;;;;;;;;;;
;;;;;;;;;;
;;;;;;;;;;
;;;;;;;;;;
;;;;;;;;;;
;;;;;;;;;;
;;;;;;;;;;
;;;;;;;;;;
;;;;;;;;;;
;;;;;;;;;;
;;;;;;;;;;
;;;;;;;;;;
;;;;;;;;;;
;;;;;;;;;;
;;;;;;;;;;
;;;;;;;;;;
;;;;;;;;;;
;;;;;;;;;;
;;;;;;;;;;
;;;;;;;;;;
;;;;;;;;;;
;;;;;;;;;;
;;;;;;;;;;
;;;;;;;;;;
;;;;;;;;;;
;;;;;;;;;;
;;;;;;;;;;
;;;;;;;;;;
;;;;;;;;;;
;;;;;;;;;;
;;;;;;;;;;
;;;;;;;;;;
;;;;;;;;;;
;;;;;;;;;;
;;;;;;;;;;
;;;;;;;;;;
;;;;;;;;;;
;;;;;;;;;;
;;;;;;;;;;
;;;;;;;;;;
;;;;;;;;;;
;;;;;;;;;;
;;;;;;;;;;
;;;;;;;;;;
;;;;;;;;;;
;;;;;;;;;;
;;;;;;;;;;
;;;;;;;;;;
;;;;;;;;;;
;;;;;;;;;;
;;;;;;;;;;
;;;;;;;;;;
;;;;;;;;;;
;;;;;;;;;;
;;;;;;;;;;
;;;;;;;;;;
;;;;;;;;;;
;;;;;;;;;;
;;;;;;;;;;
;;;;;;;;;;
;;;;;;;;;;
;;;;;;;;;;
;;;;;;;;;;
;;;;;;;;;;
;;;;;;;;;;
;;;;;;;;;;
;;;;;;;;;;
;;;;;;;;;;
;;;;;;;;;;
;;;;;;;;;;
;;;;;;;;;;
;;;;;;;;;;
;;;;;;;;;;
;;;;;;;;;;
;;;;;;;;;;
;;;;;;;;;;
;;;;;;;;;;
;;;;;;;;;;
;;;;;;;;;;
;;;;;;;;;;
;;;;;;;;;;
;;;;;;;;;;
;;;;;;;;;;
;;;;;;;;;;
;;;;;;;;;;
;;;;;;;;;;
;;;;;;;;;;
;;;;;;;;;;
;;;;;;;;;;
;;;;;;;;;;
;;;;;;;;;;
;;;;;;;;;;
;;;;;;;;;;
;;;;;;;;;;
;;;;;;;;;;
;;;;;;;;;;
;;;;;;;;;;
;;;;;;;;;;
;;;;;;;;;;
;;;;;;;;;;
;;;;;;;;;;
;;;;;;;;;;
;;;;;;;;;;
;;;;;;;;;;
;;;;;;;;;;
;;;;;;;;;;
;;;;;;;;;;
;;;;;;;;;;
;;;;;;;;;;
;;;;;;;;;;
;;;;;;;;;;
;;;;;;;;;;
;;;;;;;;;;
;;;;;;;;;;
;;;;;;;;;;
;;;;;;;;;;
;;;;;;;;;;
;;;;;;;;;;
;;;;;;;;;;
;;;;;;;;;;
;;;;;;;;;;
;;;;;;;;;;
;;;;;;;;;;
;;;;;;;;;;
;;;;;;;;;;
;;;;;;;;;;
;;;;;;;;;;
;;;;;;;;;;
;;;;;;;;;;
;;;;;;;;;;
;;;;;;;;;;
;;;;;;;;;;
;;;;;;;;;;
;;;;;;;;;;
;;;;;;;;;;
;;;;;;;;;;
;;;;;;;;;;
;;;;;;;;;;
;;;;;;;;;;
;;;;;;;;;;
;;;;;;;;;;
;;;;;;;;;;
;;;;;;;;;;
;;;;;;;;;;
;;;;;;;;;;
;;;;;;;;;;
;;;;;;;;;;
;;;;;;;;;;
;;;;;;;;;;
;;;;;;;;;;
;;;;;;;;;;
;;;;;;;;;;
;;;;;;;;;;
;;;;;;;;;;
;;;;;;;;;;
;;;;;;;;;;
;;;;;;;;;;
;;;;;;;;;;
;;;;;;;;;;
;;;;;;;;;;
;;;;;;;;;;
;;;;;;;;;;
;;;;;;;;;;
;;;;;;;;;;
;;;;;;;;;;
;;;;;;;;;;
;;;;;;;;;;
;;;;;;;;;;
;;;;;;;;;;
;;;;;;;;;;
;;;;;;;;;;
;;;;;;;;;;
;;;;;;;;;;
;;;;;;;;;;
;;;;;;;;;;
;;;;;;;;;;
;;;;;;;;;;
;;;;;;;;;;
;;;;;;;;;;
;;;;;;;;;;
;;;;;;;;;;
;;;;;;;;;;
;;;;;;;;;;
;;;;;;;;;;
;;;;;;;;;;
;;;;;;;;;;
;;;;;;;;;;
;;;;;;;;;;
;;;;;;;;;;
;;;;;;;;;;
;;;;;;;;;;
;;;;;;;;;;
;;;;;;;;;;
;;;;;;;;;;
;;;;;;;;;;
;;;;;;;;;;
;;;;;;;;;;
;;;;;;;;;;
;;;;;;;;;;
;;;;;;;;;;
;;;;;;;;;;
;;;;;;;;;;
;;;;;;;;;;
;;;;;;;;;;
;;;;;;;;;;
;;;;;;;;;;
;;;;;;;;;;
;;;;;;;;;;
;;;;;;;;;;
;;;;;;;;;;
;;;;;;;;;;
;;;;;;;;;;
;;;;;;;;;;
;;;;;;;;;;
;;;;;;;;;;
;;;;;;;;;;
;;;;;;;;;;
;;;;;;;;;;
;;;;;;;;;;
;;;;;;;;;;
;;;;;;;;;;
;;;;;;;;;;
;;;;;;;;;;
;;;;;;;;;;
;;;;;;;;;;
;;;;;;;;;;
;;;;;;;;;;
;;;;;;;;;;
;;;;;;;;;;
;;;;;;;;;;
;;;;;;;;;;
;;;;;;;;;;
;;;;;;;;;;
;;;;;;;;;;
;;;;;;;;;;
;;;;;;;;;;
;;;;;;;;;;
;;;;;;;;;;
;;;;;;;;;;
;;;;;;;;;;
;;;;;;;;;;
;;;;;;;;;;
;;;;;;;;;;
;;;;;;;;;;
;;;;;;;;;;
;;;;;;;;;;
;;;;;;;;;;
;;;;;;;;;;
;;;;;;;;;;
;;;;;;;;;;
;;;;;;;;;;
;;;;;;;;;;
;;;;;;;;;;
;;;;;;;;;;
;;;;;;;;;;
;;;;;;;;;;
;;;;;;;;;;
;;;;;;;;;;
;;;;;;;;;;
;;;;;;;;;;
;;;;;;;;;;
;;;;;;;;;;
;;;;;;;;;;
;;;;;;;;;;
;;;;;;;;;;
;;;;;;;;;;
;;;;;;;;;;
;;;;;;;;;;
;;;;;;;;;;
;;;;;;;;;;
;;;;;;;;;;
;;;;;;;;;;
;;;;;;;;;;
;;;;;;;;;;
;;;;;;;;;;
;;;;;;;;;;
;;;;;;;;;;
;;;;;;;;;;
;;;;;;;;;;
;;;;;;;;;;
;;;;;;;;;;
;;;;;;;;;;
;;;;;;;;;;
;;;;;;;;;;
;;;;;;;;;;
;;;;;;;;;;
;;;;;;;;;;
;;;;;;;;;;
;;;;;;;;;;
;;;;;;;;;;
;;;;;;;;;;
;;;;;;;;;;
;;;;;;;;;;
;;;;;;;;;;
;;;;;;;;;;
;;;;;;;;;;
;;;;;;;;;;
;;;;;;;;;;
;;;;;;;;;;
;;;;;;;;;;
;;;;;;;;;;
;;;;;;;;;;
;;;;;;;;;;
;;;;;;;;;;
;;;;;;;;;;
;;;;;;;;;;
;;;;;;;;;;
;;;;;;;;;;
;;;;;;;;;;
;;;;;;;;;;
;;;;;;;;;;
;;;;;;;;;;
;;;;;;;;;;
;;;;;;;;;;
;;;;;;;;;;
;;;;;;;;;;
;;;;;;;;;;
;;;;;;;;;;
;;;;;;;;;;
;;;;;;;;;;
;;;;;;;;;;
;;;;;;;;;;
;;;;;;;;;;
;;;;;;;;;;
;;;;;;;;;;
;;;;;;;;;;
;;;;;;;;;;
;;;;;;;;;;
;;;;;;;;;;
;;;;;;;;;;
;;;;;;;;;;
;;;;;;;;;;
;;;;;;;;;;
;;;;;;;;;;
;;;;;;;;;;
;;;;;;;;;;
;;;;;;;;;;
;;;;;;;;;;
;;;;;;;;;;
;;;;;;;;;;
;;;;;;;;;;
;;;;;;;;;;
;;;;;;;;;;
;;;;;;;;;;
;;;;;;;;;;
;;;;;;;;;;
;;;;;;;;;;
;;;;;;;;;;
;;;;;;;;;;
;;;;;;;;;;
;;;;;;;;;;
;;;;;;;;;;
;;;;;;;;;;
;;;;;;;;;;
;;;;;;;;;;
;;;;;;;;;;
;;;;;;;;;;
;;;;;;;;;;
;;;;;;;;;;
;;;;;;;;;;
;;;;;;;;;;
;;;;;;;;;;
;;;;;;;;;;
;;;;;;;;;;
;;;;;;;;;;
;;;;;;;;;;
;;;;;;;;;;
;;;;;;;;;;
;;;;;;;;;;
;;;;;;;;;;
;;;;;;;;;;
;;;;;;;;;;
;;;;;;;;;;
;;;;;;;;;;
;;;;;;;;;;
;;;;;;;;;;
;;;;;;;;;;
;;;;;;;;;;
;;;;;;;;;;
;;;;;;;;;;
;;;;;;;;;;
;;;;;;;;;;
;;;;;;;;;;
;;;;;;;;;;
;;;;;;;;;;
;;;;;;;;;;
;;;;;;;;;;
;;;;;;;;;;
;;;;;;;;;;
;;;;;;;;;;
;;;;;;;;;;
;;;;;;;;;;
;;;;;;;;;;
;;;;;;;;;;
;;;;;;;;;;
;;;;;;;;;;
;;;;;;;;;;
;;;;;;;;;;
;;;;;;;;;;
;;;;;;;;;;
;;;;;;;;;;
;;;;;;;;;;
;;;;;;;;;;
;;;;;;;;;;
;;;;;;;;;;
;;;;;;;;;;
;;;;;;;;;;
;;;;;;;;;;
;;;;;;;;;;
;;;;;;;;;;
;;;;;;;;;;
;;;;;;;;;;
;;;;;;;;;;
;;;;;;;;;;
;;;;;;;;;;
;;;;;;;;;;
;;;;;;;;;;
;;;;;;;;;;
;;;;;;;;;;
;;;;;;;;;;
;;;;;;;;;;
;;;;;;;;;;
;;;;;;;;;;
;;;;;;;;;;
;;;;;;;;;;
;;;;;;;;;;
;;;;;;;;;;
;;;;;;;;;;
;;;;;;;;;;
;;;;;;;;;;
;;;;;;;;;;
;;;;;;;;;;
;;;;;;;;;;
;;;;;;;;;;
;;;;;;;;;;
;;;;;;;;;;
;;;;;;;;;;
;;;;;;;;;;
;;;;;;;;;;
;;;;;;;;;;
;;;;;;;;;;
;;;;;;;;;;
;;;;;;;;;;
;;;;;;;;;;
;;;;;;;;;;
;;;;;;;;;;
;;;;;;;;;;
;;;;;;;;;;
;;;;;;;;;;
;;;;;;;;;;
;;;;;;;;;;
;;;;;;;;;;
;;;;;;;;;;
;;;;;;;;;;
;;;;;;;;;;
;;;;;;;;;;
;;;;;;;;;;
;;;;;;;;;;
;;;;;;;;;;
;;;;;;;;;;
;;;;;;;;;;
;;;;;;;;;;
;;;;;;;;;;
;;;;;;;;;;
;;;;;;;;;;
;;;;;;;;;;
;;;;;;;;;;
;;;;;;;;;;
;;;;;;;;;;
;;;;;;;;;;
;;;;;;;;;;
;;;;;;;;;;
;;;;;;;;;;
;;;;;;;;;;
;;;;;;;;;;
;;;;;;;;;;
;;;;;;;;;;
;;;;;;;;;;
;;;;;;;;;;
;;;;;;;;;;
;;;;;;;;;;
;;;;;;;;;;
;;;;;;;;;;
;;;;;;;;;;
;;;;;;;;;;
;;;;;;;;;;
;;;;;;;;;;
;;;;;;;;;;
;;;;;;;;;;
;;;;;;;;;;
;;;;;;;;;;
;;;;;;;;;;