Type,NHS_area_code,ONS_code,Name,Count_gp_appointments,Attended,Did_not_attend,Unknown,Month
National,ENG,ENG,England,23 776 396,21 229 244,1 165 303,1 381 849,January
Region,Y56,E40000003,London,3 222 701,2 919 349,154 238,149 114,January
Region,Y58,E40000006,South West,2 811 229,2 454 606,157 652,198 971,January
Region,Y59,E40000005,South East,3 663 755,3 222 738,194 452,246 565,January
Region,Y60,E40000008,Midlands,4 536 059,4 018 688,240 800,276 571,January
Region,Y61,E40000007,East of England,2 761 635,2 527 251,114 659,119 725,January
Region,Y62,E40000010,North West,2 813 354,2 471 433,155 737,186 184,January
Region,Y63,E40000009,North East and Yorkshire,3 967 663,3 615 179,147 765,204 719,January
STP,QE1,E54000048,Healthier Lancashire And South Cumbria  STP,697 037,613 820,35 092,48 125,January
STP,QF7,E54000009,South Yorkshire And Bassetlaw  STP,664 561,605 328,26 024,33 209,January
STP,QGH,E54000019,Herefordshire And Worcestershire  STP,379 729,327 656,21 645,30 428,January
STP,QH8,E54000026,Mid And South Essex  STP,485 300,432 359,21 199,31 742,January
STP,QHG,E54000024,"Bedfordshire, Luton And Milton Keynes  STP",379 267,353 350,13 481,12 436,January
STP,QHL,E54000017,Birmingham And Solihull  STP,541 703,475 557,29 364,36 782,January
STP,QHM,E54000050,Cumbria And North East  STP,1 403 722,1 262 264,54 471,86 987,January
STP,QJ2,E54000012,Joined Up Care Derbyshire  STP,462 064,419 378,14 121,28 565,January
STP,QJG,E54000023,Suffolk And North East Essex  STP,455 356,422 228,18 305,14 823,January
STP,QJK,E54000037,Devon  STP,664 724,581 565,43 957,39 202,January
STP,QJM,E54000013,Lincolnshire  STP,311 578,288 837,10 333,12 408,January
STP,QK1,E54000015,"Leicester, Leicestershire And Rutland  STP",485 950,451 034,16 165,18 751,January
STP,QKK,E54000030,Our Healthier South East London  STP,634 285,571 514,32 141,30 630,January
STP,QKS,E54000032,Kent And Medway  STP,717 175,624 243,35 125,57 807,January
STP,QM7,E54000025,Hertfordshire And West Essex  STP,550 773,500 267,25 979,24 527,January
STP,QMF,E54000029,East London Health And Care Partnership  STP,713 655,644 977,38 489,30 189,January
STP,QMJ,E54000028,North London Partners In Health And Care  STP,494 920,449 992,24 953,19 975,January
STP,QMM,E54000022,Norfolk And Waveney Health And Care Partnership  STP,517 861,471 577,23 858,22 426,January
STP,QNC,E54000010,Staffordshire And Stoke On Trent  STP,443 065,371 331,31 073,40 661,January
STP,QNQ,E54000034,Frimley Health And Care Ics  STP,283 579,256 447,17 336,9 796,January
STP,QNX,E54000053,Sussex And East Surrey Health And Care Partnership  STP,730 482,654 197,30 682,45 603,January
STP,QOC,E54000011,Shropshire And Telford And Wrekin  STP,208 362,187 481,7 175,13 706,January
STP,QOP,E54000007,Greater Manchester Health And Social Care Partnership  STP,1 043 021,904 466,63 837,74 718,January
STP,QOQ,E54000051,"Humber, Coast And Vale  STP",755 554,692 708,32 558,30 288,January
STP,QOX,E54000040,"Bath And North East Somerset, Swindon And Wiltshire  STP",460 646,411 226,23 371,26 049,January
STP,QPM,E54000020,Northamptonshire  STP,302 931,284 543,9 023,9 365,January
STP,QR1,E54000043,Gloucestershire  STP,301 116,265 496,9 119,26 501,January
STP,QRL,E54000042,Hampshire And The Isle Of Wight  STP,796 572,698 162,43 038,55 372,January
STP,QRV,E54000027,North West London Health And Care Partnership  STP,811 868,745 500,30 312,36 056,January
STP,QSL,E54000038,Somerset  STP,278 168,234 300,23 435,20 433,January
STP,QT1,E54000014,Nottingham And Nottinghamshire Health And Care  STP,436 384,408 210,14 719,13 455,January
STP,QT6,E54000036,Cornwall And The Isles Of Scilly Health And Social Care Partnership  STP,311 367,273 196,16 362,21 809,January
STP,QU9,E54000044,"Buckinghamshire, Oxfordshire And Berkshire West  STP",757 416,643 404,53 334,60 678,January
STP,QUA,E54000016,The Black Country And West Birmingham  STP,564 575,462 191,55 071,47 313,January
STP,QUE,E54000021,Cambridgeshire And Peterborough  STP,373 078,347 470,11 837,13 771,January
STP,QUY,E54000039,"Bristol, North Somerset And South Gloucestershire  STP",424 652,354 909,31 263,38 480,January
STP,QVV,E54000041,Dorset  STP,370 556,333 914,10 145,26 497,January
STP,QWE,E54000031,South West London Health And Care Partnership  STP,567 973,507 366,28 343,32 264,January
STP,QWO,E54000054,West Yorkshire And Harrogate (Health And Care Partnership)  STP,1 143 826,1 054 879,34 712,54 235,January
STP,QWU,E54000018,Coventry And Warwickshire  STP,399 718,342 470,32 111,25 137,January
STP,QXU,E54000052,Surrey Heartlands Health And Care Partnership  STP,378 531,346 285,14 937,17 309,January
STP,QYG,E54000008,Cheshire And Merseyside  STP,1 073 296,953 147,56 808,63 341,January
CCG,00L,E38000130,NHS Northumberland CCG,151 141,138 456,4 062,8 623,January
CCG,00N,E38000163,NHS South Tyneside CCG,54 937,51 576,1 789,1 572,January
CCG,00P,E38000176,NHS Sunderland CCG,111 484,103 462,4 926,3 096,January
CCG,00Q,E38000014,NHS Blackburn with Darwen CCG,64 933,60 247,2 728,1 958,January
CCG,00R,E38000015,NHS Blackpool CCG,74 644,67 730,3 035,3 879,January
CCG,00T,E38000016,NHS Bolton CCG,136 266,111 193,14 267,10 806,January
CCG,00V,E38000024,NHS Bury CCG,30 745,23 130,2 535,5 080,January
CCG,00X,E38000034,NHS Chorley and South Ribble CCG,66 558,60 638,2 529,3 391,January
CCG,00Y,E38000135,NHS Oldham CCG,97 320,81 940,6 906,8 474,January
CCG,01A,E38000050,NHS East Lancashire CCG,138 692,124 204,7 264,7 224,January
CCG,01D,E38000080,"NHS Heywood, Middleton and Rochdale CCG",85 042,77 967,4 559,2 516,January
CCG,01E,E38000227,NHS Greater Preston CCG,85 308,70 862,4 112,10 334,January
CCG,01F,E38000068,NHS Halton CCG,55 279,48 784,3 778,2 717,January
CCG,01G,E38000143,NHS Salford CCG,86 990,76 840,5 225,4 925,January
CCG,01H,E38000215,NHS North Cumbria CCG,166 902,136 716,9 745,20 441,January
CCG,01J,E38000091,NHS Knowsley CCG,64 826,56 579,5 849,2 398,January
CCG,01K,E38000228,NHS Morecambe Bay CCG,131 183,117 270,4 974,8 939,January
CCG,01T,E38000161,NHS South Sefton CCG,47 283,44 086,1 627,1 570,January
CCG,01V,E38000170,NHS Southport and Formby CCG,46 859,43 398,1 214,2 247,January
CCG,01W,E38000174,NHS Stockport CCG,130 965,113 204,5 037,12 724,January
CCG,01X,E38000172,NHS St Helens CCG,60 048,54 629,2 438,2 981,January
CCG,01Y,E38000182,NHS Tameside and Glossop CCG,90 948,81 602,4 445,4 901,January
CCG,02A,E38000187,NHS Trafford CCG,64 193,51 121,4 062,9 010,January
CCG,02E,E38000194,NHS Warrington CCG,90 728,83 308,2 316,5 104,January
CCG,02G,E38000200,NHS West Lancashire CCG,47 555,39 938,3 959,3 658,January
CCG,02H,E38000205,NHS Wigan Borough CCG,89 861,79 088,3 955,6 818,January
CCG,02M,E38000226,NHS Fylde and Wyre CCG,88 164,72 931,6 491,8 742,January
CCG,02P,E38000006,NHS Barnsley CCG,111 434,101 739,3 856,5 839,January
CCG,02Q,E38000008,NHS Bassetlaw CCG,53 248,48 434,1 635,3 179,January
CCG,02T,E38000025,NHS Calderdale CCG,89 597,82 460,3 419,3 718,January
CCG,02X,E38000044,NHS Doncaster CCG,123 710,114 430,4 574,4 706,January
CCG,02Y,E38000052,NHS East Riding of Yorkshire CCG,125 172,116 679,4 626,3 867,January
CCG,03A,E38000064,NHS Greater Huddersfield CCG,95 474,90 111,2 529,2 834,January
CCG,03F,E38000085,NHS Hull CCG,112 930,95 388,13 537,4 005,January
CCG,03H,E38000119,NHS North East Lincolnshire CCG,81 519,76 249,1 867,3 403,January
CCG,03J,E38000121,NHS North Kirklees CCG,86 663,80 980,2 539,3 144,January
CCG,03K,E38000122,NHS North Lincolnshire CCG,96 101,88 495,1 941,5 665,January
CCG,03L,E38000141,NHS Rotherham CCG,116 563,108 443,3 602,4 518,January
CCG,03N,E38000146,NHS Sheffield CCG,259 606,232 282,12 357,14 967,January
CCG,03Q,E38000188,NHS Vale of York CCG,137 777,128 867,4 176,4 734,January
CCG,03R,E38000190,NHS Wakefield CCG,164 717,154 238,4 271,6 208,January
CCG,03W,E38000051,NHS East Leicestershire and Rutland CCG,156 834,144 696,5 100,7 038,January
CCG,04C,E38000097,NHS Leicester City CCG,165 673,153 009,6 107,6 557,January
CCG,04F,E38000107,NHS Milton Keynes CCG,106 908,99 478,4 196,3 234,January
CCG,04V,E38000201,NHS West Leicestershire CCG,163 443,153 329,4 958,5 156,January
CCG,04Y,E38000028,NHS Cannock Chase CCG,55 858,49 180,2 347,4 331,January
CCG,05A,E38000038,NHS Coventry and Rugby CCG,190 440,161 569,20 687,8 184,January
CCG,05C,E38000046,NHS Dudley CCG,137 999,103 457,14 782,19 760,January
CCG,05D,E38000053,NHS East Staffordshire CCG,62 657,48 797,4 986,8 874,January
CCG,05G,E38000126,NHS North Staffordshire CCG,86 948,72 422,6 634,7 892,January
CCG,05H,E38000195,NHS Warwickshire North CCG,77 998,65 079,7 998,4 921,January
CCG,05L,E38000144,NHS Sandwell and West Birmingham CCG,203 768,181 712,12 078,9 978,January
CCG,05N,E38000147,NHS Shropshire CCG,136 623,121 529,4 710,10 384,January
CCG,05Q,E38000153,NHS South East Staffordshire and Seisdon Peninsula CCG,81 703,66 281,6 911,8 511,January
CCG,05R,E38000164,NHS South Warwickshire CCG,131 280,115 822,3 426,12 032,January
CCG,05V,E38000173,NHS Stafford and Surrounds CCG,58 377,52 502,2 401,3 474,January
CCG,05W,E38000175,NHS Stoke on Trent CCG,97 522,82 149,7 794,7 579,January
CCG,05X,E38000183,NHS Telford and Wrekin CCG,71 739,65 952,2 465,3 322,January
CCG,05Y,E38000191,NHS Walsall CCG,129 558,99 002,22 449,8 107,January
CCG,06A,E38000210,NHS Wolverhampton CCG,93 250,78 020,5 762,9 468,January
CCG,06F,E38000010,NHS Bedfordshire CCG,190 178,178 822,6 250,5 106,January
CCG,06H,E38000026,NHS Cambridgeshire and Peterborough CCG,373 078,347 470,11 837,13 771,January
CCG,06K,E38000049,NHS East and North Hertfordshire CCG,219 881,198 038,9 997,11 846,January
CCG,06L,E38000086,NHS Ipswich and East Suffolk CCG,195 786,183 666,4 482,7 638,January
CCG,06N,E38000079,NHS Herts Valley CCG,223 237,201 570,12 066,9 601,January
CCG,06P,E38000102,NHS Luton CCG,82 181,75 050,3 035,4 096,January
CCG,06Q,E38000106,NHS Mid Essex CCG,172 879,143 975,13 917,14 987,January
CCG,06T,E38000117,NHS North East Essex CCG,147 396,135 640,7 198,4 558,January
CCG,07G,E38000185,NHS Thurrock CCG,74 355,68 708,1 675,3 972,January
CCG,07H,E38000197,NHS West Essex CCG,107 655,100 659,3 916,3 080,January
CCG,07K,E38000204,NHS West Suffolk CCG,112 174,102 922,6 625,2 627,January
CCG,07L,E38000004,NHS Barking and Dagenham CCG,65 820,58 496,3 411,3 913,January
CCG,07P,E38000020,NHS Brent CCG,126 596,111 369,6 256,8 971,January
CCG,07T,E38000035,NHS City and Hackney CCG,117 439,107 428,6 114,3 897,January
CCG,07W,E38000048,NHS Ealing CCG,152 246,143 279,4 687,4 280,January
CCG,07Y,E38000084,NHS Hounslow CCG,100 497,93 346,3 469,3 682,January
CCG,08C,E38000070,NHS Hammersmith and Fulham CCG,78 206,71 431,2 087,4 688,January
CCG,08E,E38000074,NHS Harrow CCG,90 228,80 856,4 581,4 791,January
CCG,08F,E38000077,NHS Havering CCG,83 153,73 758,4 540,4 855,January
CCG,08G,E38000082,NHS Hillingdon CCG,98 605,92 119,3 519,2 967,January
CCG,08M,E38000113,NHS Newham CCG,123 988,113 155,6 897,3 936,January
CCG,08N,E38000138,NHS Redbridge CCG,108 270,95 247,7 884,5 139,January
CCG,08V,E38000186,NHS Tower Hamlets CCG,129 030,116 448,6 731,5 851,January
CCG,08W,E38000192,NHS Waltham Forest CCG,85 955,80 445,2 912,2 598,January
CCG,08Y,E38000202,NHS West London CCG,96 127,88 656,3 130,4 341,January
CCG,09A,E38000031,NHS Central London (Westminster) CCG,69 363,64 444,2 583,2 336,January
CCG,09D,E38000021,NHS Brighton and Hove CCG,111 236,104 518,3 016,3 702,January
CCG,10C,E38000178,NHS Surrey Heath CCG,41 770,33 229,7 242,1 299,January
CCG,10J,E38000120,NHS North Hampshire CCG,87 519,81 967,2 966,2 586,January
CCG,10K,E38000059,NHS Fareham and Gosport CCG,90 224,78 298,5 219,6 707,January
CCG,10L,E38000087,NHS Isle of Wight CCG,79 099,71 110,4 244,3 745,January
CCG,10Q,E38000136,NHS Oxfordshire CCG,337 255,281 129,30 071,26 055,January
CCG,10R,E38000137,NHS Portsmouth CCG,86 187,79 069,2 841,4 277,January
CCG,10V,E38000154,NHS South Eastern Hampshire CCG,93 802,71 407,10 322,12 073,January
CCG,10X,E38000167,NHS Southampton CCG,113 549,105 377,4 047,4 125,January
CCG,11A,E38000198,NHS West Hampshire CCG,246 192,210 934,13 399,21 859,January
CCG,11J,E38000045,NHS Dorset CCG,370 556,333 914,10 145,26 497,January
CCG,11M,E38000062,NHS Gloucestershire CCG,301 116,265 496,9 119,26 501,January
CCG,11N,E38000089,NHS Kernow CCG,311 367,273 196,16 362,21 809,January
CCG,11X,E38000150,NHS Somerset CCG,278 168,234 300,23 435,20 433,January
CCG,12F,E38000208,NHS Wirral CCG,171 935,152 918,9 555,9 462,January
CCG,13T,E38000212,NHS Newcastle Gateshead CCG,228 880,196 920,9 595,22 365,January
CCG,14L,E38000217,NHS Manchester CCG,230 691,208 381,12 846,9 464,January
CCG,14Y,E38000223,NHS Buckinghamshire CCG,197 785,175 179,8 060,14 546,January
CCG,15A,E38000221,NHS Berkshire West CCG,222 376,187 096,15 203,20 077,January
CCG,15C,E38000222,"NHS Bristol, North Somerset and South Gloucestershire CCG",424 652,354 909,31 263,38 480,January
