Type,NHS_area_code,ONS_code,Name,Count_gp_appointments,Attended,Did_not_attend,Unknown,Month
National,ENG,ENG,England,30 207 145,27 084 211,1 556 068,1 566 866,October
Region,Y56,E40000003,London,4 267 579,3 811 544,250 407,205 628,October
Region,Y58,E40000006,South West,3 368 963,2 995 557,167 122,206 284,October
Region,Y59,E40000005,South East,4 602 138,4 099 782,253 702,248 654,October
Region,Y60,E40000008,Midlands,5 816 417,5 233 407,298 492,284 518,October
Region,Y61,E40000007,East of England,3 545 284,3 234 516,143 492,167 276,October
Region,Y62,E40000010,North West,3 666 508,3 211 339,230 245,224 924,October
Region,Y63,E40000009,North East and Yorkshire,4 940 256,4 498 066,212 608,229 582,October
STP,QE1,E54000048,Healthier Lancashire And South Cumbria  STP,898 712,788 550,53 789,56 373,October
STP,QF7,E54000009,South Yorkshire And Bassetlaw  STP,842 102,759 000,37 117,45 985,October
STP,QGH,E54000019,Herefordshire And Worcestershire  STP,475 898,428 813,24 457,22 628,October
STP,QH8,E54000026,Mid And South Essex  STP,587 907,530 717,21 591,35 599,October
STP,QHG,E54000024,"Bedfordshire, Luton And Milton Keynes  STP",488 962,451 154,20 841,16 967,October
STP,QHL,E54000017,Birmingham And Solihull  STP,624 265,553 652,42 005,28 608,October
STP,QHM,E54000050,Cumbria And North East  STP,1 724 749,1 563 389,82 262,79 098,October
STP,QJ2,E54000012,Joined Up Care Derbyshire  STP,619 888,562 721,23 674,33 493,October
STP,QJG,E54000023,Suffolk And North East Essex  STP,556 120,509 819,25 798,20 503,October
STP,QJK,E54000037,Devon  STP,775 992,698 570,37 740,39 682,October
STP,QJM,E54000013,Lincolnshire  STP,457 281,418 136,16 182,22 963,October
STP,QK1,E54000015,"Leicester, Leicestershire And Rutland  STP",614 249,567 994,24 516,21 739,October
STP,QKK,E54000030,Our Healthier South East London  STP,803 218,706 644,50 032,46 542,October
STP,QKS,E54000032,Kent And Medway  STP,958 643,838 257,60 828,59 558,October
STP,QM7,E54000025,Hertfordshire And West Essex  STP,725 629,653 326,32 515,39 788,October
STP,QMF,E54000029,East London Health And Care Partnership  STP,942 653,837 547,60 371,44 735,October
STP,QMJ,E54000028,North London Partners In Health And Care  STP,674 149,605 834,40 635,27 680,October
STP,QMM,E54000022,Norfolk And Waveney Health And Care Partnership  STP,648 801,594 986,23 952,29 863,October
STP,QNC,E54000010,Staffordshire And Stoke On Trent  STP,563 973,484 811,38 642,40 520,October
STP,QNQ,E54000034,Frimley Health And Care Ics  STP,372 749,327 845,27 524,17 380,October
STP,QNX,E54000053,Sussex and East Surrey Health and Care Partnership,903 716,819 273,37 014,47 429,October
STP,QOC,E54000011,Shropshire And Telford And Wrekin  STP,264 097,236 150,14 409,13 538,October
STP,QOP,E54000007,Greater Manchester Health And Social Care Partnership  STP,1 395 602,1 218 368,89 333,87 901,October
STP,QOQ,E54000051,"Humber, Coast And Vale  STP",941 937,856 136,40 036,45 765,October
STP,QOX,E54000040,"Bath And North East Somerset, Swindon And Wiltshire  STP",548 638,491 276,19 705,37 657,October
STP,QPM,E54000020,Northamptonshire  STP,392 554,366 320,14 493,11 741,October
STP,QR1,E54000043,Gloucestershire  STP,372 146,335 375,16 319,20 452,October
STP,QRL,E54000042,Hampshire And The Isle Of Wight  STP,951 077,848 850,51 311,50 916,October
STP,QRV,E54000027,North West London Health And Care Partnership  STP,1 133 589,1 029 172,54 656,49 761,October
STP,QSL,E54000038,Somerset  STP,322 559,270 821,20 675,31 063,October
STP,QT1,E54000014,Nottingham And Nottinghamshire Health And Care  STP,577 747,530 519,24 971,22 257,October
STP,QT6,E54000036,Cornwall And The Isles Of Scilly Health And Social Care Partnership  STP,381 952,338 264,18 766,24 922,October
STP,QU9,E54000044,"Buckinghamshire, Oxfordshire And Berkshire West  STP",912 678,813 599,52 254,46 825,October
STP,QUA,E54000016,The Black Country And West Birmingham  STP,725 212,642 290,46 354,36 568,October
STP,QUE,E54000021,Cambridgeshire And Peterborough  STP,537 865,494 514,18 795,24 556,October
STP,QUY,E54000039,"Bristol, North Somerset And South Gloucestershire  STP",516 804,449 378,38 092,29 334,October
STP,QVV,E54000041,Dorset  STP,450 872,411 873,15 825,23 174,October
STP,QWE,E54000031,South West London Health And Care Partnership  STP,713 970,632 347,44 713,36 910,October
STP,QWO,E54000054,West Yorkshire And Harrogate (Health And Care Partnership)  STP,1 431 468,1 319 541,53 193,58 734,October
STP,QWU,E54000018,Coventry And Warwickshire  STP,501 253,442 001,28 789,30 463,October
STP,QXU,E54000052,Surrey Heartlands Health And Care Partnership  STP,503 275,451 958,24 771,26 546,October
STP,QYG,E54000008,Cheshire And Merseyside  STP,1 372 194,1 204 421,87 123,80 650,October
CCG,00L,E38000130,NHS Northumberland CCG,191 901,175 622,8 189,8 090,October
CCG,00N,E38000163,NHS South Tyneside CCG,73 572,67 132,2 996,3 444,October
CCG,00P,E38000176,NHS Sunderland CCG,138 499,124 930,7 319,6 250,October
CCG,00Q,E38000014,NHS Blackburn with Darwen CCG,86 451,78 716,4 284,3 451,October
CCG,00R,E38000015,NHS Blackpool CCG,97 755,82 704,8 872,6 179,October
CCG,00T,E38000016,NHS Bolton CCG,170 095,148 310,11 137,10 648,October
CCG,00V,E38000024,NHS Bury CCG,47 846,37 439,3 006,7 401,October
CCG,00X,E38000034,NHS Chorley and South Ribble CCG,88 859,75 595,7 049,6 215,October
CCG,00Y,E38000135,NHS Oldham CCG,112 235,99 926,6 971,5 338,October
CCG,01A,E38000050,NHS East Lancashire CCG,186 595,167 212,10 063,9 320,October
CCG,01D,E38000080,"NHS Heywood, Middleton and Rochdale CCG",112 331,100 902,6 375,5 054,October
CCG,01E,E38000227,NHS Greater Preston CCG,101 737,86 912,5 287,9 538,October
CCG,01F,E38000068,NHS Halton CCG,71 904,62 612,4 736,4 556,October
CCG,01G,E38000143,NHS Salford CCG,131 210,114 171,8 840,8 199,October
CCG,01H,E38000215,NHS North Cumbria CCG,187 877,167 050,7 258,13 569,October
CCG,01J,E38000091,NHS Knowsley CCG,86 775,76 795,6 959,3 021,October
CCG,01K,E38000228,NHS Morecambe Bay CCG,168 699,149 999,9 173,9 527,October
CCG,01T,E38000161,NHS South Sefton CCG,63 951,58 860,2 931,2 160,October
CCG,01V,E38000170,NHS Southport and Formby CCG,68 497,61 212,3 840,3 445,October
CCG,01W,E38000174,NHS Stockport CCG,172 912,151 770,10 893,10 249,October
CCG,01X,E38000172,NHS St Helens CCG,90 869,79 005,5 899,5 965,October
CCG,01Y,E38000182,NHS Tameside and Glossop CCG,111 622,97 367,7 316,6 939,October
CCG,02A,E38000187,NHS Trafford CCG,94 829,79 957,6 046,8 826,October
CCG,02E,E38000194,NHS Warrington CCG,107 705,96 486,4 691,6 528,October
CCG,02G,E38000200,NHS West Lancashire CCG,58 026,51 488,2 806,3 732,October
CCG,02H,E38000205,NHS Wigan Borough CCG,141 138,125 430,8 254,7 454,October
CCG,02M,E38000226,NHS Fylde and Wyre CCG,110 590,95 924,6 255,8 411,October
CCG,02P,E38000006,NHS Barnsley CCG,137 782,122 354,5 839,9 589,October
CCG,02Q,E38000008,NHS Bassetlaw CCG,66 345,57 328,2 385,6 632,October
CCG,02T,E38000025,NHS Calderdale CCG,120 944,111 048,4 527,5 369,October
CCG,02X,E38000044,NHS Doncaster CCG,166 407,149 812,8 907,7 688,October
CCG,02Y,E38000052,NHS East Riding of Yorkshire CCG,158 895,144 560,6 693,7 642,October
CCG,03F,E38000085,NHS Hull CCG,130 167,118 661,7 108,4 398,October
CCG,03H,E38000119,NHS North East Lincolnshire CCG,110 711,102 895,3 392,4 424,October
CCG,03K,E38000122,NHS North Lincolnshire CCG,105 808,96 136,3 638,6 034,October
CCG,03L,E38000141,NHS Rotherham CCG,151 877,140 038,6 289,5 550,October
CCG,03N,E38000146,NHS Sheffield CCG,319 691,289 468,13 697,16 526,October
CCG,03Q,E38000188,NHS Vale of York CCG,178 465,159 741,7 369,11 355,October
CCG,03R,E38000190,NHS Wakefield CCG,217 224,203 305,6 727,7 192,October
CCG,03W,E38000051,NHS East Leicestershire and Rutland CCG,188 322,174 117,7 787,6 418,October
CCG,04C,E38000097,NHS Leicester City CCG,206 292,189 401,8 897,7 994,October
CCG,04V,E38000201,NHS West Leicestershire CCG,219 635,204 476,7 832,7 327,October
CCG,04Y,E38000028,NHS Cannock Chase CCG,68 469,60 919,4 027,3 523,October
CCG,05D,E38000053,NHS East Staffordshire CCG,76 524,67 244,4 064,5 216,October
CCG,05G,E38000126,NHS North Staffordshire CCG,98 180,87 860,4 490,5 830,October
CCG,05Q,E38000153,NHS South East Staffordshire and Seisdon Peninsula CCG,110 930,91 197,7 984,11 749,October
CCG,05V,E38000173,NHS Stafford and Surrounds CCG,78 265,63 702,8 898,5 665,October
CCG,05W,E38000175,NHS Stoke on Trent CCG,131 605,113 889,9 179,8 537,October
CCG,06H,E38000026,NHS Cambridgeshire and Peterborough CCG,537 865,494 514,18 795,24 556,October
CCG,06K,E38000049,NHS East and North Hertfordshire CCG,285 780,262 881,9 784,13 115,October
CCG,06L,E38000086,NHS Ipswich and East Suffolk CCG,227 301,211 653,7 208,8 440,October
CCG,06N,E38000079,NHS Herts Valley CCG,287 850,249 720,15 846,22 284,October
CCG,06Q,E38000106,NHS Mid Essex CCG,195 596,173 598,9 695,12 303,October
CCG,06T,E38000117,NHS North East Essex CCG,193 739,173 292,11 983,8 464,October
CCG,07G,E38000185,NHS Thurrock CCG,90 128,82 386,2 563,5 179,October
CCG,07H,E38000197,NHS West Essex CCG,151 999,140 725,6 885,4 389,October
CCG,07K,E38000204,NHS West Suffolk CCG,135 080,124 874,6 607,3 599,October
CCG,09D,E38000021,NHS Brighton and Hove CCG,143 382,129 547,6 079,7 756,October
CCG,10Q,E38000136,NHS Oxfordshire CCG,399 946,353 042,23 294,23 610,October
CCG,10R,E38000137,NHS Portsmouth CCG,99 790,91 945,5 540,2 305,October
CCG,11J,E38000045,NHS Dorset CCG,450 872,411 873,15 825,23 174,October
CCG,11M,E38000062,NHS Gloucestershire CCG,372 146,335 375,16 319,20 452,October
CCG,11N,E38000089,NHS Kernow CCG,381 952,338 264,18 766,24 922,October
CCG,11X,E38000150,NHS Somerset CCG,322 559,270 821,20 675,31 063,October
CCG,12F,E38000208,NHS Wirral CCG,208 983,185 177,13 014,10 792,October
CCG,13T,E38000212,NHS Newcastle Gateshead CCG,258 102,231 827,13 681,12 594,October
CCG,14L,E38000217,NHS Manchester CCG,301 384,263 096,20 495,17 793,October
CCG,14Y,E38000223,NHS Buckinghamshire CCG,251 028,224 470,16 042,10 516,October
CCG,15A,E38000221,NHS Berkshire West CCG,261 704,236 087,12 918,12 699,October
CCG,15C,E38000222,"NHS Bristol, North Somerset and South Gloucestershire CCG",516 804,449 378,38 092,29 334,October
CCG,15E,E38000220,NHS Birmingham and Solihull CCG,624 265,553 652,42 005,28 608,October
CCG,15F,E38000225,NHS Leeds CCG,463 031,422 805,20 650,19 576,October
CCG,15M,E38000229,NHS Derby and Derbyshire CCG,619 888,562 721,23 674,33 493,October
CCG,15N,E38000230,NHS Devon CCG,775 992,698 570,37 740,39 682,October
CCG,16C,E38000247,NHS Tees Valley CCG,398 724,354 512,25 759,18 453,October
CCG,18C,E38000236,NHS Herefordshire CCG,475 898,428 813,24 457,22 628,October
CCG,26A,E38000239,NHS Norfolk and Waveney CCG,648 801,594 986,23 952,29 863,October
CCG,27D,E38000233,NHS Cheshire CCG,407 613,345 987,28 455,33 171,October
CCG,36J,E38000232,NHS Bradford District and Craven CCG,389 994,361 397,11 635,16 962,October
CCG,36L,E38000245,NHS South West London CCG,713 970,632 347,44 713,36 910,October
CCG,42D,E38000241,NHS North Yorkshire CCG,257 891,234 143,11 836,11 912,October
CCG,52R,E38000243,NHS Nottingham and Nottinghamshire CCG,577 747,530 519,24 971,22 257,October
CCG,70F,E38000248,NHS West Sussex CCG,443 121,409 432,14 826,18 863,October
CCG,71E,E38000238,NHS Lincolnshire CCG,457 281,418 136,16 182,22 963,October
CCG,72Q,E38000244,NHS South East London CCG,803 218,706 644,50 032,46 542,October
CCG,78H,E38000242,NHS Northamptonshire CCG,392 554,366 320,14 493,11 741,October
CCG,84H,E38000234,NHS County Durham CCG,361 767,337 606,11 583,12 578,October
CCG,91Q,E38000237,NHS Kent and Medway CCG,958 643,838 257,60 828,59 558,October
CCG,92A,E38000246,NHS Surrey Heartlands CCG,503 275,451 958,24 771,26 546,October
CCG,92G,E38000231,"NHS Bath and North East Somerset, Swindon and Wiltshire CCG",548 638,491 276,19 705,37 657,October
CCG,93C,E38000240,NHS North Central London CCG,674 149,605 834,40 635,27 680,October
CCG,97R,E38000235,NHS East Sussex CCG,317 213,280 294,16 109,20 810,October
CCG,99A,E38000101,NHS Liverpool CCG,265 897,238 287,16 598,11 012,October
CCG,99C,E38000127,NHS North Tyneside CCG,114 307,104 710,5 477,4 120,October
CCG,99E,E38000007,NHS Basildon and Brentwood CCG,137 094,123 943,3 663,9 488,October
CCG,99F,E38000030,NHS Castle Point and Rochford CCG,83 165,74 754,2 603,5 808,October
CCG,99G,E38000168,NHS Southend CCG,81 924,76 036,3 067,2 821,October
CCG,A3A8R,E38000255,NHS North East London CCG,942 653,837 547,60 371,44 735,October
CCG,B2M3M,E38000251,NHS Coventry and Warwickshire CCG,501 253,442 001,28 789,30 463,October
CCG,D2P2L,E38000250,NHS Black Country and West Birmingham CCG,725 212,642 290,46 354,36 568,October
CCG,D4U1Y,E38000252,NHS Frimley CCG,372 749,327 845,27 524,17 380,October
CCG,D9Y0V,E38000253,"NHS Hampshire, Southampton and Isle of Wight CCG",851 287,756 905,45 771,48 611,October
CCG,M1J4Y,E38000249,"NHS Bedfordshire, Luton and Milton Keynes CCG",488 962,451 154,20 841,16 967,October
CCG,M2L0M,E38000257,NHS Shropshire and Telford and Wrekin CCG,264 097,236 150,14 409,13 538,October
CCG,W2U3Z,E38000256,NHS North West London CCG,1 133 589,1 029 172,54 656,49 761,October
CCG,X2C4Y,E38000254,NHS Kirklees CCG,240 275,220 986,9 654,9 635,October
