Type,NHS_area_code,ONS_code,Name,Count_gp_appointments,Attended,Did_not_attend,Unknown,Month
National,ENG,ENG,England,25 077 056,22 795 668,1 192 569,1 088 819,December
Region,Y56,E40000003,London,3 592 449,3 228 447,206 686,157 316,December
Region,Y58,E40000006,South West,2 748 855,2 523 168,110 569,115 118,December
Region,Y59,E40000005,South East,3 807 782,3 465 483,177 269,165 030,December
Region,Y60,E40000008,Midlands,4 816 344,4 386 029,231 469,198 846,December
Region,Y61,E40000007,East of England,2 903 010,2 674 767,110 981,117 262,December
Region,Y62,E40000010,North West,3 011 280,2 676 979,173 157,161 144,December
Region,Y63,E40000009,North East and Yorkshire,4 197 336,3 840 795,182 438,174 103,December
STP,QE1,E54000048,Healthier Lancashire And South Cumbria  STP,740 655,665 104,38 479,37 072,December
STP,QF7,E54000009,South Yorkshire And Bassetlaw  STP,702 858,639 812,33 699,29 347,December
STP,QGH,E54000019,Herefordshire And Worcestershire  STP,401 139,369 184,18 073,13 882,December
STP,QH8,E54000026,Mid And South Essex  STP,474 457,437 105,15 014,22 338,December
STP,QHG,E54000024,"Bedfordshire, Luton And Milton Keynes  STP",420 357,386 678,18 406,15 273,December
STP,QHL,E54000017,Birmingham And Solihull  STP,519 494,463 919,33 021,22 554,December
STP,QHM,E54000050,Cumbria And North East  STP,1 439 067,1 310 511,67 385,61 171,December
STP,QJ2,E54000012,Joined Up Care Derbyshire  STP,496 320,455 571,18 559,22 190,December
STP,QJG,E54000023,Suffolk And North East Essex  STP,454 694,421 214,17 033,16 447,December
STP,QJK,E54000037,Devon  STP,629 975,579 064,26 654,24 257,December
STP,QJM,E54000013,Lincolnshire  STP,370 377,340 620,15 256,14 501,December
STP,QK1,E54000015,"Leicester, Leicestershire And Rutland  STP",535 049,494 723,20 954,19 372,December
STP,QKK,E54000030,Our Healthier South East London  STP,657 178,587 854,38 923,30 401,December
STP,QKS,E54000032,Kent And Medway  STP,795 311,711 957,42 347,41 007,December
STP,QM7,E54000025,Hertfordshire And West Essex  STP,596 545,544 998,24 370,27 177,December
STP,QMF,E54000029,East London Health And Care Partnership  STP,798 455,709 371,52 168,36 916,December
STP,QMJ,E54000028,North London Partners In Health And Care  STP,566 643,511 056,33 503,22 084,December
STP,QMM,E54000022,Norfolk And Waveney Health And Care Partnership  STP,527 243,486 794,20 262,20 187,December
STP,QNC,E54000010,Staffordshire And Stoke On Trent  STP,451 377,406 497,23 945,20 935,December
STP,QNQ,E54000034,Frimley Health And Care Ics  STP,315 145,289 513,14 773,10 859,December
STP,QNX,E54000053,Sussex Health And Care Partnership  STP,753 451,692 289,28 434,32 728,December
STP,QOC,E54000011,Shropshire And Telford And Wrekin  STP,217 784,199 845,9 613,8 326,December
STP,QOP,E54000007,Greater Manchester Health And Social Care Partnership  STP,1 165 245,1 021 351,73 477,70 417,December
STP,QOQ,E54000051,"Humber, Coast And Vale  STP",784 755,722 845,31 444,30 466,December
STP,QOX,E54000040,"Bath And North East Somerset, Swindon And Wiltshire  STP",445 431,414 584,14 081,16 766,December
STP,QPM,E54000020,Northamptonshire  STP,340 368,317 259,11 606,11 503,December
STP,QR1,E54000043,Gloucestershire  STP,314 936,291 923,11 416,11 597,December
STP,QRL,E54000042,Hampshire And The Isle Of Wight  STP,765 483,699 768,35 069,30 646,December
STP,QRV,E54000027,North West London Health And Care Partnership  STP,977 679,887 601,48 019,42 059,December
STP,QSL,E54000038,Somerset  STP,246 848,223 050,11 319,12 479,December
STP,QT1,E54000014,Nottingham And Nottinghamshire Health And Care  STP,486 478,444 233,21 153,21 092,December
STP,QT6,E54000036,Cornwall And The Isles Of Scilly Health And Social Care Partnership  STP,318 583,289 881,12 099,16 603,December
STP,QU9,E54000044,"Buckinghamshire, Oxfordshire And Berkshire West  STP",765 939,695 546,37 393,33 000,December
STP,QUA,E54000016,The Black Country And West Birmingham  STP,592 866,524 318,40 431,28 117,December
STP,QUE,E54000021,Cambridgeshire And Peterborough  STP,429 714,397 978,15 896,15 840,December
STP,QUY,E54000039,"Bristol, North Somerset And South Gloucestershire  STP",416 597,374 823,22 032,19 742,December
STP,QVV,E54000041,Dorset  STP,376 485,349 843,12 968,13 674,December
STP,QWE,E54000031,South West London Health And Care Partnership  STP,592 494,532 565,34 073,25 856,December
STP,QWO,E54000054,West Yorkshire And Harrogate (Health And Care Partnership)  STP,1 270 656,1 167 627,49 910,53 119,December
STP,QWU,E54000018,Coventry And Warwickshire  STP,405 092,369 860,18 858,16 374,December
STP,QXU,E54000052,Surrey Heartlands Health And Care Partnership  STP,412 453,376 410,19 253,16 790,December
STP,QYG,E54000008,Cheshire And Merseyside  STP,1 105 380,990 524,61 201,53 655,December
CCG,00L,E38000130,NHS Northumberland CCG,158 028,147 659,5 569,4 800,December
CCG,00N,E38000163,NHS South Tyneside CCG,57 833,52 941,2 563,2 329,December
CCG,00P,E38000176,NHS Sunderland CCG,111 770,99 342,7 147,5 281,December
CCG,00Q,E38000014,NHS Blackburn with Darwen CCG,73 644,66 523,3 994,3 127,December
CCG,00R,E38000015,NHS Blackpool CCG,78 823,70 822,4 955,3 046,December
CCG,00T,E38000016,NHS Bolton CCG,132 228,117 427,8 601,6 200,December
CCG,00V,E38000024,NHS Bury CCG,56 962,46 267,2 574,8 121,December
CCG,00X,E38000034,NHS Chorley and South Ribble CCG,70 764,63 949,3 520,3 295,December
CCG,00Y,E38000135,NHS Oldham CCG,94 446,83 909,6 022,4 515,December
CCG,01A,E38000050,NHS East Lancashire CCG,151 518,135 046,8 627,7 845,December
CCG,01D,E38000080,"NHS Heywood, Middleton and Rochdale CCG",89 081,80 077,5 309,3 695,December
CCG,01E,E38000227,NHS Greater Preston CCG,87 599,76 085,4 595,6 919,December
CCG,01F,E38000068,NHS Halton CCG,53 205,47 218,2 877,3 110,December
CCG,01G,E38000143,NHS Salford CCG,113 916,96 619,7 313,9 984,December
CCG,01H,E38000215,NHS North Cumbria CCG,168 037,150 272,6 961,10 804,December
CCG,01J,E38000091,NHS Knowsley CCG,67 466,60 438,4 431,2 597,December
CCG,01K,E38000228,NHS Morecambe Bay CCG,143 798,131 769,6 504,5 525,December
CCG,01T,E38000161,NHS South Sefton CCG,51 344,46 437,2 699,2 208,December
CCG,01V,E38000170,NHS Southport and Formby CCG,54 571,49 598,2 326,2 647,December
CCG,01W,E38000174,NHS Stockport CCG,143 270,129 648,7 628,5 994,December
CCG,01X,E38000172,NHS St Helens CCG,69 864,61 670,3 927,4 267,December
CCG,01Y,E38000182,NHS Tameside and Glossop CCG,100 848,87 939,6 443,6 466,December
CCG,02A,E38000187,NHS Trafford CCG,67 734,59 436,4 285,4 013,December
CCG,02E,E38000194,NHS Warrington CCG,87 150,80 060,2 979,4 111,December
CCG,02G,E38000200,NHS West Lancashire CCG,47 942,43 035,2 342,2 565,December
CCG,02H,E38000205,NHS Wigan Borough CCG,113 102,99 140,7 165,6 797,December
CCG,02M,E38000226,NHS Fylde and Wyre CCG,86 567,77 875,3 942,4 750,December
CCG,02P,E38000006,NHS Barnsley CCG,108 855,98 292,5 016,5 547,December
CCG,02Q,E38000008,NHS Bassetlaw CCG,52 449,48 746,2 163,1 540,December
CCG,02T,E38000025,NHS Calderdale CCG,98 642,92 043,3 777,2 822,December
CCG,02X,E38000044,NHS Doncaster CCG,137 354,124 325,7 803,5 226,December
CCG,02Y,E38000052,NHS East Riding of Yorkshire CCG,129 149,119 654,4 794,4 701,December
CCG,03F,E38000085,NHS Hull CCG,120 879,109 185,7 606,4 088,December
CCG,03H,E38000119,NHS North East Lincolnshire CCG,92 758,85 221,3 153,4 384,December
CCG,03K,E38000122,NHS North Lincolnshire CCG,89 725,81 913,3 235,4 577,December
CCG,03L,E38000141,NHS Rotherham CCG,133 026,121 925,5 720,5 381,December
CCG,03N,E38000146,NHS Sheffield CCG,271 174,246 524,12 997,11 653,December
CCG,03Q,E38000188,NHS Vale of York CCG,140 824,130 502,4 780,5 542,December
CCG,03R,E38000190,NHS Wakefield CCG,191 727,177 080,7 386,7 261,December
CCG,03W,E38000051,NHS East Leicestershire and Rutland CCG,163 144,151 540,6 440,5 164,December
CCG,04C,E38000097,NHS Leicester City CCG,182 897,166 913,8 130,7 854,December
CCG,04V,E38000201,NHS West Leicestershire CCG,189 008,176 270,6 384,6 354,December
CCG,04Y,E38000028,NHS Cannock Chase CCG,57 137,51 830,2 797,2 510,December
CCG,05D,E38000053,NHS East Staffordshire CCG,60 991,54 662,2 831,3 498,December
CCG,05G,E38000126,NHS North Staffordshire CCG,82 626,75 019,3 705,3 902,December
CCG,05Q,E38000153,NHS South East Staffordshire and Seisdon Peninsula CCG,84 552,77 393,4 002,3 157,December
CCG,05V,E38000173,NHS Stafford and Surrounds CCG,61 103,55 116,3 151,2 836,December
CCG,05W,E38000175,NHS Stoke on Trent CCG,104 968,92 477,7 459,5 032,December
CCG,06H,E38000026,NHS Cambridgeshire and Peterborough CCG,429 714,397 978,15 896,15 840,December
CCG,06K,E38000049,NHS East and North Hertfordshire CCG,237 172,215 652,9 649,11 871,December
CCG,06L,E38000086,NHS Ipswich and East Suffolk CCG,187 470,174 761,5 754,6 955,December
CCG,06N,E38000079,NHS Herts Valley CCG,238 360,216 356,10 680,11 324,December
CCG,06Q,E38000106,NHS Mid Essex CCG,156 486,144 517,4 995,6 974,December
CCG,06T,E38000117,NHS North East Essex CCG,155 375,140 484,7 952,6 939,December
CCG,07G,E38000185,NHS Thurrock CCG,77 281,70 224,2 422,4 635,December
CCG,07H,E38000197,NHS West Essex CCG,121 013,112 990,4 041,3 982,December
CCG,07K,E38000204,NHS West Suffolk CCG,111 849,105 969,3 327,2 553,December
CCG,09D,E38000021,NHS Brighton and Hove CCG,119 432,109 261,4 924,5 247,December
CCG,10Q,E38000136,NHS Oxfordshire CCG,324 163,290 752,18 245,15 166,December
CCG,10R,E38000137,NHS Portsmouth CCG,75 928,68 851,4 276,2 801,December
CCG,11J,E38000045,NHS Dorset CCG,376 485,349 843,12 968,13 674,December
CCG,11M,E38000062,NHS Gloucestershire CCG,314 936,291 923,11 416,11 597,December
CCG,11N,E38000089,NHS Kernow CCG,318 583,289 881,12 099,16 603,December
CCG,11X,E38000150,NHS Somerset CCG,246 848,223 050,11 319,12 479,December
CCG,12F,E38000208,NHS Wirral CCG,173 097,154 258,9 894,8 945,December
CCG,13T,E38000212,NHS Newcastle Gateshead CCG,220 047,199 106,12 346,8 595,December
CCG,14L,E38000217,NHS Manchester CCG,253 658,220 889,18 137,14 632,December
CCG,14Y,E38000223,NHS Buckinghamshire CCG,218 010,200 866,8 861,8 283,December
CCG,15A,E38000221,NHS Berkshire West CCG,223 766,203 928,10 287,9 551,December
CCG,15C,E38000222,"NHS Bristol, North Somerset and South Gloucestershire CCG",416 597,374 823,22 032,19 742,December
CCG,15E,E38000220,NHS Birmingham and Solihull CCG,519 494,463 919,33 021,22 554,December
CCG,15F,E38000225,NHS Leeds CCG,408 578,372 754,18 510,17 314,December
CCG,15M,E38000229,NHS Derby and Derbyshire CCG,496 320,455 571,18 559,22 190,December
CCG,15N,E38000230,NHS Devon CCG,629 975,579 064,26 654,24 257,December
CCG,16C,E38000247,NHS Tees Valley CCG,325 884,294 217,16 856,14 811,December
CCG,18C,E38000236,NHS Herefordshire CCG,401 139,369 184,18 073,13 882,December
CCG,26A,E38000239,NHS Norfolk and Waveney CCG,527 243,486 794,20 262,20 187,December
CCG,27D,E38000233,NHS Cheshire CCG,324 163,290 346,17 249,16 568,December
CCG,36J,E38000232,NHS Bradford District and Craven CCG,364 636,334 194,12 332,18 110,December
CCG,36L,E38000245,NHS South West London CCG,592 494,532 565,34 073,25 856,December
CCG,42D,E38000241,NHS North Yorkshire CCG,211 420,196 370,7 876,7 174,December
CCG,52R,E38000243,NHS Nottingham and Nottinghamshire CCG,486 478,444 233,21 153,21 092,December
CCG,70F,E38000248,NHS West Sussex CCG,375 905,348 654,12 115,15 136,December
CCG,71E,E38000238,NHS Lincolnshire CCG,370 377,340 620,15 256,14 501,December
CCG,72Q,E38000244,NHS South East London CCG,657 178,587 854,38 923,30 401,December
CCG,78H,E38000242,NHS Northamptonshire CCG,340 368,317 259,11 606,11 503,December
CCG,84H,E38000234,NHS County Durham CCG,302 880,280 758,11 606,10 516,December
CCG,91Q,E38000237,NHS Kent and Medway CCG,795 311,711 957,42 347,41 007,December
CCG,92A,E38000246,NHS Surrey Heartlands CCG,412 453,376 410,19 253,16 790,December
CCG,92G,E38000231,"NHS Bath and North East Somerset, Swindon and Wiltshire CCG",445 431,414 584,14 081,16 766,December
CCG,93C,E38000240,NHS North Central London CCG,566 643,511 056,33 503,22 084,December
CCG,97R,E38000235,NHS East Sussex CCG,258 114,234 374,11 395,12 345,December
CCG,99A,E38000101,NHS Liverpool CCG,224 520,200 499,14 819,9 202,December
CCG,99C,E38000127,NHS North Tyneside CCG,94 588,86 216,4 337,4 035,December
CCG,99E,E38000007,NHS Basildon and Brentwood CCG,109 960,102 110,3 242,4 608,December
CCG,99F,E38000030,NHS Castle Point and Rochford CCG,65 748,61 015,2 003,2 730,December
CCG,99G,E38000168,NHS Southend CCG,64 982,59 239,2 352,3 391,December
CCG,A3A8R,E38000255,NHS North East London CCG,798 455,709 371,52 168,36 916,December
CCG,B2M3M,E38000251,NHS Coventry and Warwickshire CCG,405 092,369 860,18 858,16 374,December
CCG,D2P2L,E38000250,NHS Black Country and West Birmingham CCG,592 866,524 318,40 431,28 117,December
CCG,D4U1Y,E38000252,NHS Frimley CCG,315 145,289 513,14 773,10 859,December
CCG,D9Y0V,E38000253,"NHS Hampshire, Southampton and Isle of Wight CCG",689 555,630 917,30 793,27 845,December
CCG,M1J4Y,E38000249,"NHS Bedfordshire, Luton and Milton Keynes CCG",420 357,386 678,18 406,15 273,December
CCG,M2L0M,E38000257,NHS Shropshire and Telford and Wrekin CCG,217 784,199 845,9 613,8 326,December
CCG,W2U3Z,E38000256,NHS North West London CCG,977 679,887 601,48 019,42 059,December
CCG,X2C4Y,E38000254,NHS Kirklees CCG,207 073,191 556,7 905,7 612,December
