Type,NHS_area_code,ONS_code,Name,Count_gp_appointments,Attended,Did_not_attend,Unknown,Month
National,ENG,ENG,England,23 538 474,21 386 900,990 866,1 160 708,February
Region,Y56,E40000003,London,3 282 397,3 008 430,137 608,136 359,February
Region,Y58,E40000006,South West,2 680 984,2 424 695,116 365,139 924,February
Region,Y59,E40000005,South East,3 610 407,3 238 591,165 752,206 064,February
Region,Y60,E40000008,Midlands,4 498 325,4 056 514,212 832,228 979,February
Region,Y61,E40000007,East of England,2 716 954,2 518 483,90 749,107 722,February
Region,Y62,E40000010,North West,2 788 683,2 487 192,143 215,158 276,February
Region,Y63,E40000009,North East and Yorkshire,3 960 724,3 652 995,124 345,183 384,February
STP,QE1,E54000048,Healthier Lancashire And South Cumbria  STP,676 165,615 633,28 306,32 226,February
STP,QF7,E54000009,South Yorkshire And Bassetlaw  STP,647 472,598 128,21 949,27 395,February
STP,QGH,E54000019,Herefordshire And Worcestershire  STP,365 382,334 653,16 534,14 195,February
STP,QH8,E54000026,Mid And South Essex  STP,476 696,430 933,13 547,32 216,February
STP,QHG,E54000024,"Bedfordshire, Luton And Milton Keynes  STP",373 695,352 792,11 043,9 860,February
STP,QHL,E54000017,Birmingham And Solihull  STP,542 288,489 317,24 775,28 196,February
STP,QHM,E54000050,Cumbria And North East  STP,1 401 265,1 268 058,52 122,81 085,February
STP,QJ2,E54000012,Joined Up Care Derbyshire  STP,453 114,416 660,11 879,24 575,February
STP,QJG,E54000023,Suffolk And North East Essex  STP,450 042,419 144,18 823,12 075,February
STP,QJK,E54000037,Devon  STP,654 461,582 001,37 290,35 170,February
STP,QJM,E54000013,Lincolnshire  STP,311 599,290 908,9 214,11 477,February
STP,QK1,E54000015,"Leicester, Leicestershire And Rutland  STP",492 397,457 361,14 915,20 121,February
STP,QKK,E54000030,Our Healthier South East London  STP,641 514,576 193,32 437,32 884,February
STP,QKS,E54000032,Kent And Medway  STP,739 623,641 230,41 698,56 695,February
STP,QM7,E54000025,Hertfordshire And West Essex  STP,550 520,506 283,21 584,22 653,February
STP,QMF,E54000029,East London Health And Care Partnership  STP,726 466,665 668,33 304,27 494,February
STP,QMJ,E54000028,North London Partners In Health And Care  STP,507 073,471 213,18 978,16 882,February
STP,QMM,E54000022,Norfolk And Waveney Health And Care Partnership  STP,488 349,452 853,15 803,19 693,February
STP,QNC,E54000010,Staffordshire And Stoke On Trent  STP,427 969,371 722,26 006,30 241,February
STP,QNQ,E54000034,Frimley Health And Care Ics  STP,270 128,253 573,8 858,7 697,February
STP,QNX,E54000053,Sussex And East Surrey Health And Care Partnership  STP,710 829,646 465,27 856,36 508,February
STP,QOC,E54000011,Shropshire And Telford And Wrekin  STP,218 706,194 233,7 938,16 535,February
STP,QOP,E54000007,Greater Manchester Health And Social Care Partnership  STP,1 030 100,911 416,58 164,60 520,February
STP,QOQ,E54000051,"Humber, Coast And Vale  STP",746 883,697 873,20 735,28 275,February
STP,QOX,E54000040,"Bath And North East Somerset, Swindon And Wiltshire  STP",439 440,410 133,12 389,16 918,February
STP,QPM,E54000020,Northamptonshire  STP,299 813,285 417,6 595,7 801,February
STP,QR1,E54000043,Gloucestershire  STP,280 035,263 223,6 775,10 037,February
STP,QRL,E54000042,Hampshire And The Isle Of Wight  STP,754 393,694 454,26 801,33 138,February
STP,QRV,E54000027,North West London Health And Care Partnership  STP,829 102,769 511,27 015,32 576,February
STP,QSL,E54000038,Somerset  STP,262 521,225 205,21 502,15 814,February
STP,QT1,E54000014,Nottingham And Nottinghamshire Health And Care  STP,436 409,409 925,13 386,13 098,February
STP,QT6,E54000036,Cornwall And The Isles Of Scilly Health And Social Care Partnership  STP,298 839,259 966,14 127,24 746,February
STP,QU9,E54000044,"Buckinghamshire, Oxfordshire And Berkshire West  STP",756 343,652 723,47 634,55 986,February
STP,QUA,E54000016,The Black Country And West Birmingham  STP,573 256,466 933,58 652,47 671,February
STP,QUE,E54000021,Cambridgeshire And Peterborough  STP,377 652,356 478,9 949,11 225,February
STP,QUY,E54000039,"Bristol, North Somerset And South Gloucestershire  STP",396 563,360 373,16 578,19 612,February
STP,QVV,E54000041,Dorset  STP,349 125,323 794,7 704,17 627,February
STP,QWE,E54000031,South West London Health And Care Partnership  STP,578 242,525 845,25 874,26 523,February
STP,QWO,E54000054,West Yorkshire And Harrogate (Health And Care Partnership)  STP,1 165 104,1 088 936,29 539,46 629,February
STP,QWU,E54000018,Coventry And Warwickshire  STP,377 392,339 385,22 938,15 069,February
STP,QXU,E54000052,Surrey Heartlands Health And Care Partnership  STP,379 091,350 146,12 905,16 040,February
STP,QYG,E54000008,Cheshire And Merseyside  STP,1 082 418,960 143,56 745,65 530,February
CCG,00L,E38000130,NHS Northumberland CCG,148 539,139 081,3 040,6 418,February
CCG,00N,E38000163,NHS South Tyneside CCG,53 214,49 698,1 689,1 827,February
CCG,00P,E38000176,NHS Sunderland CCG,106 343,98 674,4 803,2 866,February
CCG,00Q,E38000014,NHS Blackburn with Darwen CCG,69 360,64 625,2 586,2 149,February
CCG,00R,E38000015,NHS Blackpool CCG,73 554,67 695,2 708,3 151,February
CCG,00T,E38000016,NHS Bolton CCG,133 211,111 053,14 276,7 882,February
CCG,00V,E38000024,NHS Bury CCG,30 063,22 379,2 374,5 310,February
CCG,00X,E38000034,NHS Chorley and South Ribble CCG,63 261,58 471,2 106,2 684,February
CCG,00Y,E38000135,NHS Oldham CCG,91 322,81 834,3 749,5 739,February
CCG,01A,E38000050,NHS East Lancashire CCG,132 757,122 269,4 709,5 779,February
CCG,01D,E38000080,"NHS Heywood, Middleton and Rochdale CCG",82 516,76 430,3 510,2 576,February
CCG,01E,E38000227,NHS Greater Preston CCG,77 092,68 571,2 840,5 681,February
CCG,01F,E38000068,NHS Halton CCG,52 382,46 434,2 511,3 437,February
CCG,01G,E38000143,NHS Salford CCG,95 282,83 958,5 076,6 248,February
CCG,01H,E38000215,NHS North Cumbria CCG,162 205,141 308,5 813,15 084,February
CCG,01J,E38000091,NHS Knowsley CCG,66 879,57 681,6 785,2 413,February
CCG,01K,E38000228,NHS Morecambe Bay CCG,127 447,119 156,4 107,4 184,February
CCG,01T,E38000161,NHS South Sefton CCG,46 897,43 785,1 518,1 594,February
CCG,01V,E38000170,NHS Southport and Formby CCG,47 016,44 132,1 218,1 666,February
CCG,01W,E38000174,NHS Stockport CCG,124 583,113 117,4 603,6 863,February
CCG,01X,E38000172,NHS St Helens CCG,59 622,54 477,2 315,2 830,February
CCG,01Y,E38000182,NHS Tameside and Glossop CCG,95 268,85 354,4 864,5 050,February
CCG,02A,E38000187,NHS Trafford CCG,59 006,51 396,3 109,4 501,February
CCG,02E,E38000194,NHS Warrington CCG,88 130,81 252,1 710,5 168,February
CCG,02G,E38000200,NHS West Lancashire CCG,44 014,39 712,2 275,2 027,February
CCG,02H,E38000205,NHS Wigan Borough CCG,89 391,78 258,3 860,7 273,February
CCG,02M,E38000226,NHS Fylde and Wyre CCG,88 680,75 134,6 975,6 571,February
CCG,02P,E38000006,NHS Barnsley CCG,109 574,100 861,3 487,5 226,February
CCG,02Q,E38000008,NHS Bassetlaw CCG,48 576,46 084,1 439,1 053,February
CCG,02T,E38000025,NHS Calderdale CCG,87 618,82 011,2 181,3 426,February
CCG,02X,E38000044,NHS Doncaster CCG,119 300,110 615,4 579,4 106,February
CCG,02Y,E38000052,NHS East Riding of Yorkshire CCG,130 949,120 447,5 129,5 373,February
CCG,03A,E38000064,NHS Greater Huddersfield CCG,97 585,91 884,2 519,3 182,February
CCG,03F,E38000085,NHS Hull CCG,105 572,97 598,4 702,3 272,February
CCG,03H,E38000119,NHS North East Lincolnshire CCG,78 565,73 483,1 756,3 326,February
CCG,03J,E38000121,NHS North Kirklees CCG,83 763,78 813,2 219,2 731,February
CCG,03K,E38000122,NHS North Lincolnshire CCG,94 101,88 673,1 623,3 805,February
CCG,03L,E38000141,NHS Rotherham CCG,114 223,106 550,3 360,4 313,February
CCG,03N,E38000146,NHS Sheffield CCG,255 799,234 018,9 084,12 697,February
CCG,03Q,E38000188,NHS Vale of York CCG,136 787,128 661,3 157,4 969,February
CCG,03R,E38000190,NHS Wakefield CCG,167 569,158 739,3 730,5 100,February
CCG,03W,E38000051,NHS East Leicestershire and Rutland CCG,150 375,139 944,4 341,6 090,February
CCG,04C,E38000097,NHS Leicester City CCG,169 467,157 919,5 592,5 956,February
CCG,04F,E38000107,NHS Milton Keynes CCG,104 733,99 056,3 440,2 237,February
CCG,04V,E38000201,NHS West Leicestershire CCG,172 555,159 498,4 982,8 075,February
CCG,04Y,E38000028,NHS Cannock Chase CCG,50 462,45 578,2 216,2 668,February
CCG,05A,E38000038,NHS Coventry and Rugby CCG,176 739,159 321,11 174,6 244,February
CCG,05C,E38000046,NHS Dudley CCG,138 804,103 489,13 768,21 547,February
CCG,05D,E38000053,NHS East Staffordshire CCG,56 902,45 076,3 256,8 570,February
CCG,05G,E38000126,NHS North Staffordshire CCG,85 604,75 724,4 405,5 475,February
CCG,05H,E38000195,NHS Warwickshire North CCG,77 848,66 010,8 550,3 288,February
CCG,05L,E38000144,NHS Sandwell and West Birmingham CCG,207 519,185 332,11 977,10 210,February
CCG,05N,E38000147,NHS Shropshire CCG,143 617,123 187,5 674,14 756,February
CCG,05Q,E38000153,NHS South East Staffordshire and Seisdon Peninsula CCG,76 265,67 499,2 980,5 786,February
CCG,05R,E38000164,NHS South Warwickshire CCG,122 805,114 054,3 214,5 537,February
CCG,05V,E38000173,NHS Stafford and Surrounds CCG,58 231,53 334,1 739,3 158,February
CCG,05W,E38000175,NHS Stoke on Trent CCG,100 505,84 511,11 410,4 584,February
CCG,05X,E38000183,NHS Telford and Wrekin CCG,75 089,71 046,2 264,1 779,February
CCG,05Y,E38000191,NHS Walsall CCG,138 308,100 499,28 922,8 887,February
CCG,06A,E38000210,NHS Wolverhampton CCG,88 625,77 613,3 985,7 027,February
CCG,06F,E38000010,NHS Bedfordshire CCG,187 938,178 582,4 754,4 602,February
CCG,06H,E38000026,NHS Cambridgeshire and Peterborough CCG,377 652,356 478,9 949,11 225,February
CCG,06K,E38000049,NHS East and North Hertfordshire CCG,220 501,201 847,8 268,10 386,February
CCG,06L,E38000086,NHS Ipswich and East Suffolk CCG,188 701,179 903,3 451,5 347,February
CCG,06N,E38000079,NHS Herts Valley CCG,220 784,203 532,8 366,8 886,February
CCG,06P,E38000102,NHS Luton CCG,81 024,75 154,2 849,3 021,February
CCG,06Q,E38000106,NHS Mid Essex CCG,159 650,137 251,7 585,14 814,February
CCG,06T,E38000117,NHS North East Essex CCG,148 204,136 339,7 745,4 120,February
CCG,07G,E38000185,NHS Thurrock CCG,79 700,73 839,1 637,4 224,February
CCG,07H,E38000197,NHS West Essex CCG,109 235,100 904,4 950,3 381,February
CCG,07K,E38000204,NHS West Suffolk CCG,113 137,102 902,7 627,2 608,February
CCG,07L,E38000004,NHS Barking and Dagenham CCG,67 457,60 793,3 210,3 454,February
CCG,07P,E38000020,NHS Brent CCG,132 988,117 775,5 724,9 489,February
CCG,07T,E38000035,NHS City and Hackney CCG,119 767,110 086,6 091,3 590,February
CCG,07W,E38000048,NHS Ealing CCG,150 642,143 953,3 747,2 942,February
CCG,07Y,E38000084,NHS Hounslow CCG,99 371,93 661,3 037,2 673,February
CCG,08C,E38000070,NHS Hammersmith and Fulham CCG,80 709,75 202,1 803,3 704,February
CCG,08E,E38000074,NHS Harrow CCG,93 124,84 388,3 748,4 988,February
CCG,08F,E38000077,NHS Havering CCG,83 198,75 376,3 452,4 370,February
CCG,08G,E38000082,NHS Hillingdon CCG,101 529,95 238,3 622,2 669,February
CCG,08M,E38000113,NHS Newham CCG,125 648,115 436,6 522,3 690,February
CCG,08N,E38000138,NHS Redbridge CCG,109 607,99 447,4 854,5 306,February
CCG,08V,E38000186,NHS Tower Hamlets CCG,131 717,120 778,6 480,4 459,February
CCG,08W,E38000192,NHS Waltham Forest CCG,89 072,83 752,2 695,2 625,February
CCG,08Y,E38000202,NHS West London CCG,100 696,93 407,3 060,4 229,February
CCG,09A,E38000031,NHS Central London (Westminster) CCG,70 043,65 887,2 274,1 882,February
CCG,09D,E38000021,NHS Brighton and Hove CCG,110 667,104 424,2 657,3 586,February
CCG,10C,E38000178,NHS Surrey Heath CCG,35 110,33 618,868,624,February
CCG,10J,E38000120,NHS North Hampshire CCG,87 615,82 918,2 606,2 091,February
CCG,10K,E38000059,NHS Fareham and Gosport CCG,85 451,76 068,3 554,5 829,February
CCG,10L,E38000087,NHS Isle of Wight CCG,79 644,73 263,3 823,2 558,February
CCG,10Q,E38000136,NHS Oxfordshire CCG,335 401,284 997,26 815,23 589,February
CCG,10R,E38000137,NHS Portsmouth CCG,79 771,73 796,2 165,3 810,February
CCG,10V,E38000154,NHS South Eastern Hampshire CCG,81 944,75 055,3 124,3 765,February
CCG,10X,E38000167,NHS Southampton CCG,110 553,104 993,3 204,2 356,February
CCG,11A,E38000198,NHS West Hampshire CCG,229 415,208 361,8 325,12 729,February
CCG,11J,E38000045,NHS Dorset CCG,349 125,323 794,7 704,17 627,February
CCG,11M,E38000062,NHS Gloucestershire CCG,280 035,263 223,6 775,10 037,February
CCG,11N,E38000089,NHS Kernow CCG,298 839,259 966,14 127,24 746,February
CCG,11X,E38000150,NHS Somerset CCG,262 521,225 205,21 502,15 814,February
CCG,12F,E38000208,NHS Wirral CCG,178 145,157 414,11 682,9 049,February
CCG,13T,E38000212,NHS Newcastle Gateshead CCG,222 602,190 029,9 983,22 590,February
CCG,14L,E38000217,NHS Manchester CCG,229 458,207 637,12 743,9 078,February
CCG,14Y,E38000223,NHS Buckinghamshire CCG,202 666,178 923,7 817,15 926,February
CCG,15A,E38000221,NHS Berkshire West CCG,218 276,188 803,13 002,16 471,February
CCG,15C,E38000222,"NHS Bristol, North Somerset and South Gloucestershire CCG",396 563,360 373,16 578,19 612,February
