Type,NHS_area_code,ONS_code,Name,Count_gp_appointments,Attended,Did_not_attend,Unknown,Month
National,ENG,ENG,England,29 574 021,27 141 974,1 288 983,1 143 064,March
Region,Y56,E40000003,London,4 376 368,3 959 218,240 229,176 921,March
Region,Y58,E40000006,South West,3 188 371,2 948 905,117 569,121 897,March
Region,Y59,E40000005,South East,4 490 565,4 134 385,183 860,172 320,March
Region,Y60,E40000008,Midlands,5 660 634,5 208 407,244 847,207 380,March
Region,Y61,E40000007,East of England,3 405 772,3 166 772,117 991,121 009,March
Region,Y62,E40000010,North West,3 616 024,3 255 993,194 616,165 415,March
Region,Y63,E40000009,North East and Yorkshire,4 836 287,4 468 294,189 871,178 122,March
STP,QE1,E54000048,Healthier Lancashire And South Cumbria  STP,870 814,791 927,40 463,38 424,March
STP,QF7,E54000009,South Yorkshire And Bassetlaw  STP,821 672,756 842,34 671,30 159,March
STP,QGH,E54000019,Herefordshire And Worcestershire  STP,466 530,431 957,18 801,15 772,March
STP,QH8,E54000026,Mid And South Essex  STP,563 963,527 217,16 070,20 676,March
STP,QHG,E54000024,"Bedfordshire, Luton And Milton Keynes  STP",486 886,450 616,19 729,16 541,March
STP,QHL,E54000017,Birmingham And Solihull  STP,648 507,587 443,37 852,23 212,March
STP,QHM,E54000050,Cumbria And North East  STP,1 679 730,1 545 888,71 745,62 097,March
STP,QJ2,E54000012,Joined Up Care Derbyshire  STP,574 647,533 913,18 138,22 596,March
STP,QJG,E54000023,Suffolk And North East Essex  STP,523 940,489 763,17 926,16 251,March
STP,QJK,E54000037,Devon  STP,738 255,683 548,26 846,27 861,March
STP,QJM,E54000013,Lincolnshire  STP,425 563,395 468,15 330,14 765,March
STP,QK1,E54000015,"Leicester, Leicestershire And Rutland  STP",630 663,586 062,24 412,20 189,March
STP,QKK,E54000030,Our Healthier South East London  STP,779 452,702 182,43 986,33 284,March
STP,QKS,E54000032,Kent And Medway  STP,921 471,838 086,40 138,43 247,March
STP,QM7,E54000025,Hertfordshire And West Essex  STP,715 277,661 371,24 506,29 400,March
STP,QMF,E54000029,East London Health And Care Partnership  STP,966 160,865 775,57 636,42 749,March
STP,QMJ,E54000028,North London Partners In Health And Care  STP,679 743,615 683,38 722,25 338,March
STP,QMM,E54000022,Norfolk And Waveney Health And Care Partnership  STP,597 008,554 344,21 466,21 198,March
STP,QNC,E54000010,Staffordshire And Stoke On Trent  STP,525 959,478 243,24 298,23 418,March
STP,QNQ,E54000034,Frimley Health And Care Ics  STP,380 604,352 008,16 690,11 906,March
STP,QNX,E54000053,Sussex Health And Care Partnership  STP,894 601,828 654,31 994,33 953,March
STP,QOC,E54000011,Shropshire And Telford And Wrekin  STP,256 176,236 456,9 836,9 884,March
STP,QOP,E54000007,Greater Manchester Health And Social Care Partnership  STP,1 413 417,1 259 808,83 594,70 015,March
STP,QOQ,E54000051,"Humber, Coast And Vale  STP",903 934,837 943,32 670,33 321,March
STP,QOX,E54000040,"Bath And North East Somerset, Swindon And Wiltshire  STP",521 158,485 466,15 931,19 761,March
STP,QPM,E54000020,Northamptonshire  STP,388 660,366 122,11 519,11 019,March
STP,QR1,E54000043,Gloucestershire  STP,365 541,339 621,13 298,12 622,March
STP,QRL,E54000042,Hampshire And The Isle Of Wight  STP,922 221,848 551,39 924,33 746,March
STP,QRV,E54000027,North West London Health And Care Partnership  STP,1 232 683,1 127 325,59 500,45 858,March
STP,QSL,E54000038,Somerset  STP,280 466,256 341,11 418,12 707,March
STP,QT1,E54000014,Nottingham And Nottinghamshire Health And Care  STP,561 609,519 620,22 649,19 340,March
STP,QT6,E54000036,Cornwall And The Isles Of Scilly Health And Social Care Partnership  STP,366 778,336 170,13 334,17 274,March
STP,QU9,E54000044,"Buckinghamshire, Oxfordshire And Berkshire West  STP",879 628,814 599,33 878,31 151,March
STP,QUA,E54000016,The Black Country And West Birmingham  STP,702 358,631 882,41 573,28 903,March
STP,QUE,E54000021,Cambridgeshire And Peterborough  STP,518 698,483 461,18 294,16 943,March
STP,QUY,E54000039,"Bristol, North Somerset And South Gloucestershire  STP",484 243,443 983,22 406,17 854,March
STP,QVV,E54000041,Dorset  STP,431 930,403 776,14 336,13 818,March
STP,QWE,E54000031,South West London Health And Care Partnership  STP,718 330,648 253,40 385,29 692,March
STP,QWO,E54000054,West Yorkshire And Harrogate (Health And Care Partnership)  STP,1 430 951,1 327 621,50 785,52 545,March
STP,QWU,E54000018,Coventry And Warwickshire  STP,479 962,441 241,20 439,18 282,March
STP,QXU,E54000052,Surrey Heartlands Health And Care Partnership  STP,492 040,452 487,21 236,18 317,March
STP,QYG,E54000008,Cheshire And Merseyside  STP,1 331 793,1 204 258,70 559,56 976,March
CCG,00L,E38000130,NHS Northumberland CCG,187 123,176 268,6 097,4 758,March
CCG,00N,E38000163,NHS South Tyneside CCG,69 906,63 951,2 938,3 017,March
CCG,00P,E38000176,NHS Sunderland CCG,136 678,123 417,7 281,5 980,March
CCG,00Q,E38000014,NHS Blackburn with Darwen CCG,83 704,76 233,4 228,3 243,March
CCG,00R,E38000015,NHS Blackpool CCG,96 965,88 336,5 267,3 362,March
CCG,00T,E38000016,NHS Bolton CCG,165 249,147 710,10 736,6 803,March
CCG,00V,E38000024,NHS Bury CCG,70 489,61 336,3 099,6 054,March
CCG,00X,E38000034,NHS Chorley and South Ribble CCG,83 799,76 066,3 905,3 828,March
CCG,00Y,E38000135,NHS Oldham CCG,114 350,104 210,6 390,3 750,March
CCG,01A,E38000050,NHS East Lancashire CCG,177 670,159 539,8 995,9 136,March
CCG,01D,E38000080,"NHS Heywood, Middleton and Rochdale CCG",104 822,95 671,5 714,3 437,March
CCG,01E,E38000227,NHS Greater Preston CCG,98 459,87 630,4 747,6 082,March
CCG,01F,E38000068,NHS Halton CCG,64 431,57 791,3 303,3 337,March
CCG,01G,E38000143,NHS Salford CCG,139 078,122 188,8 793,8 097,March
CCG,01H,E38000215,NHS North Cumbria CCG,193 825,176 111,7 852,9 862,March
CCG,01J,E38000091,NHS Knowsley CCG,82 140,74 690,4 707,2 743,March
CCG,01K,E38000228,NHS Morecambe Bay CCG,172 899,160 160,7 137,5 602,March
CCG,01T,E38000161,NHS South Sefton CCG,60 458,55 335,2 986,2 137,March
CCG,01V,E38000170,NHS Southport and Formby CCG,63 930,58 694,2 783,2 453,March
CCG,01W,E38000174,NHS Stockport CCG,164 383,150 091,7 938,6 354,March
CCG,01X,E38000172,NHS St Helens CCG,92 320,79 346,6 687,6 287,March
CCG,01Y,E38000182,NHS Tameside and Glossop CCG,126 089,111 634,7 238,7 217,March
CCG,02A,E38000187,NHS Trafford CCG,81 644,72 936,4 955,3 753,March
CCG,02E,E38000194,NHS Warrington CCG,107 076,100 376,3 383,3 317,March
CCG,02G,E38000200,NHS West Lancashire CCG,55 219,50 854,2 368,1 997,March
CCG,02H,E38000205,NHS Wigan Borough CCG,138 248,123 413,7 861,6 974,March
CCG,02M,E38000226,NHS Fylde and Wyre CCG,102 099,93 109,3 816,5 174,March
CCG,02P,E38000006,NHS Barnsley CCG,129 206,118 066,5 545,5 595,March
CCG,02Q,E38000008,NHS Bassetlaw CCG,66 031,61 864,2 293,1 874,March
CCG,02T,E38000025,NHS Calderdale CCG,113 656,106 793,3 882,2 981,March
CCG,02X,E38000044,NHS Doncaster CCG,162 807,149 350,8 173,5 284,March
CCG,02Y,E38000052,NHS East Riding of Yorkshire CCG,145 965,136 566,4 764,4 635,March
CCG,03F,E38000085,NHS Hull CCG,136 327,123 579,8 116,4 632,March
CCG,03H,E38000119,NHS North East Lincolnshire CCG,106 103,98 381,3 156,4 566,March
CCG,03K,E38000122,NHS North Lincolnshire CCG,99 317,90 633,3 162,5 522,March
CCG,03L,E38000141,NHS Rotherham CCG,153 796,142 333,6 070,5 393,March
CCG,03N,E38000146,NHS Sheffield CCG,309 832,285 229,12 590,12 013,March
CCG,03Q,E38000188,NHS Vale of York CCG,166 966,155 297,6 081,5 588,March
CCG,03R,E38000190,NHS Wakefield CCG,218 467,203 891,6 822,7 754,March
CCG,03W,E38000051,NHS East Leicestershire and Rutland CCG,195 974,182 327,7 791,5 856,March
CCG,04C,E38000097,NHS Leicester City CCG,216 292,198 342,9 738,8 212,March
CCG,04V,E38000201,NHS West Leicestershire CCG,218 397,205 393,6 883,6 121,March
CCG,04Y,E38000028,NHS Cannock Chase CCG,64 760,58 791,2 652,3 317,March
CCG,05D,E38000053,NHS East Staffordshire CCG,68 730,61 574,2 918,4 238,March
CCG,05G,E38000126,NHS North Staffordshire CCG,98 649,90 596,4 070,3 983,March
CCG,05Q,E38000153,NHS South East Staffordshire and Seisdon Peninsula CCG,101 430,94 345,3 919,3 166,March
CCG,05V,E38000173,NHS Stafford and Surrounds CCG,70 086,64 042,3 121,2 923,March
CCG,05W,E38000175,NHS Stoke on Trent CCG,122 304,108 895,7 618,5 791,March
CCG,06H,E38000026,NHS Cambridgeshire and Peterborough CCG,518 698,483 461,18 294,16 943,March
CCG,06K,E38000049,NHS East and North Hertfordshire CCG,278 282,257 511,8 428,12 343,March
CCG,06L,E38000086,NHS Ipswich and East Suffolk CCG,203 250,190 624,5 400,7 226,March
CCG,06N,E38000079,NHS Herts Valley CCG,291 263,266 854,11 526,12 883,March
CCG,06Q,E38000106,NHS Mid Essex CCG,187 368,175 515,4 876,6 977,March
CCG,06T,E38000117,NHS North East Essex CCG,192 370,176 445,9 439,6 486,March
CCG,07G,E38000185,NHS Thurrock CCG,89 663,83 250,2 685,3 728,March
CCG,07H,E38000197,NHS West Essex CCG,145 732,137 006,4 552,4 174,March
CCG,07K,E38000204,NHS West Suffolk CCG,128 320,122 694,3 087,2 539,March
CCG,09D,E38000021,NHS Brighton and Hove CCG,143 681,132 433,5 724,5 524,March
CCG,10Q,E38000136,NHS Oxfordshire CCG,373 802,347 189,13 493,13 120,March
CCG,10R,E38000137,NHS Portsmouth CCG,92 147,85 258,3 898,2 991,March
CCG,11J,E38000045,NHS Dorset CCG,431 930,403 776,14 336,13 818,March
CCG,11M,E38000062,NHS Gloucestershire CCG,365 541,339 621,13 298,12 622,March
CCG,11N,E38000089,NHS Kernow CCG,366 778,336 170,13 334,17 274,March
CCG,11X,E38000150,NHS Somerset CCG,280 466,256 341,11 418,12 707,March
CCG,12F,E38000208,NHS Wirral CCG,209 473,189 267,11 053,9 153,March
CCG,13T,E38000212,NHS Newcastle Gateshead CCG,253 850,229 799,13 278,10 773,March
CCG,14L,E38000217,NHS Manchester CCG,309 065,270 619,20 870,17 576,March
CCG,14Y,E38000223,NHS Buckinghamshire CCG,245 132,227 996,9 232,7 904,March
CCG,15A,E38000221,NHS Berkshire West CCG,260 694,239 414,11 153,10 127,March
CCG,15C,E38000222,"NHS Bristol, North Somerset and South Gloucestershire CCG",484 243,443 983,22 406,17 854,March
CCG,15E,E38000220,NHS Birmingham and Solihull CCG,648 507,587 443,37 852,23 212,March
CCG,15F,E38000225,NHS Leeds CCG,455 999,422 962,19 437,13 600,March
CCG,15M,E38000229,NHS Derby and Derbyshire CCG,574 647,533 913,18 138,22 596,March
CCG,15N,E38000230,NHS Devon CCG,738 255,683 548,26 846,27 861,March
CCG,16C,E38000247,NHS Tees Valley CCG,378 416,348 631,17 048,12 737,March
CCG,18C,E38000236,NHS Herefordshire CCG,466 530,431 957,18 801,15 772,March
CCG,26A,E38000239,NHS Norfolk and Waveney CCG,597 008,554 344,21 466,21 198,March
CCG,27D,E38000233,NHS Cheshire CCG,379 636,343 209,18 819,17 608,March
CCG,36J,E38000232,NHS Bradford District and Craven CCG,407 396,374 038,12 785,20 573,March
CCG,36L,E38000245,NHS South West London CCG,718 330,648 253,40 385,29 692,March
CCG,42D,E38000241,NHS North Yorkshire CCG,249 256,233 487,7 391,8 378,March
CCG,52R,E38000243,NHS Nottingham and Nottinghamshire CCG,561 609,519 620,22 649,19 340,March
CCG,70F,E38000248,NHS West Sussex CCG,447 750,419 068,13 840,14 842,March
CCG,71E,E38000238,NHS Lincolnshire CCG,425 563,395 468,15 330,14 765,March
CCG,72Q,E38000244,NHS South East London CCG,779 452,702 182,43 986,33 284,March
CCG,78H,E38000242,NHS Northamptonshire CCG,388 660,366 122,11 519,11 019,March
CCG,84H,E38000234,NHS County Durham CCG,349 984,326 723,12 547,10 714,March
CCG,91Q,E38000237,NHS Kent and Medway CCG,921 471,838 086,40 138,43 247,March
CCG,92A,E38000246,NHS Surrey Heartlands CCG,492 040,452 487,21 236,18 317,March
CCG,92G,E38000231,"NHS Bath and North East Somerset, Swindon and Wiltshire CCG",521 158,485 466,15 931,19 761,March
CCG,93C,E38000240,NHS North Central London CCG,679 743,615 683,38 722,25 338,March
CCG,97R,E38000235,NHS East Sussex CCG,303 170,277 153,12 430,13 587,March
CCG,99A,E38000101,NHS Liverpool CCG,272 329,245 550,16 838,9 941,March
CCG,99C,E38000127,NHS North Tyneside CCG,109 948,100 988,4 704,4 256,March
CCG,99E,E38000007,NHS Basildon and Brentwood CCG,130 196,121 998,3 572,4 626,March
CCG,99F,E38000030,NHS Castle Point and Rochford CCG,79 865,74 725,2 119,3 021,March
CCG,99G,E38000168,NHS Southend CCG,76 871,71 729,2 818,2 324,March
CCG,A3A8R,E38000255,NHS North East London CCG,966 160,865 775,57 636,42 749,March
CCG,B2M3M,E38000251,NHS Coventry and Warwickshire CCG,479 962,441 241,20 439,18 282,March
CCG,D2P2L,E38000250,NHS Black Country and West Birmingham CCG,702 358,631 882,41 573,28 903,March
CCG,D4U1Y,E38000252,NHS Frimley CCG,380 604,352 008,16 690,11 906,March
CCG,D9Y0V,E38000253,"NHS Hampshire, Southampton and Isle of Wight CCG",830 074,763 293,36 026,30 755,March
CCG,M1J4Y,E38000249,"NHS Bedfordshire, Luton and Milton Keynes CCG",486 886,450 616,19 729,16 541,March
CCG,M2L0M,E38000257,NHS Shropshire and Telford and Wrekin CCG,256 176,236 456,9 836,9 884,March
CCG,W2U3Z,E38000256,NHS North West London CCG,1 232 683,1 127 325,59 500,45 858,March
CCG,X2C4Y,E38000254,NHS Kirklees CCG,235 433,219 937,7 859,7 637,March
