Type,NHS_area_code,ONS_code,Name,Count_gp_appointments,Attended,Did_not_attend,Unknown,Month
National,ENG,ENG,England,23 892 526,21 929 020,1 044 698,918 808,April
Region,Y56,E40000003,London,3 534 167,3 197 783,192 303,144 081,April
Region,Y58,E40000006,South West,2 597 025,2 405 761,97 503,93 761,April
Region,Y59,E40000005,South East,3 640 402,3 348 930,154 671,136 801,April
Region,Y60,E40000008,Midlands,4 547 587,4 184 460,194 256,168 871,April
Region,Y61,E40000007,East of England,2 727 824,2 539 892,94 875,93 057,April
Region,Y62,E40000010,North West,2 882 672,2 589 771,155 326,137 575,April
Region,Y63,E40000009,North East and Yorkshire,3 962 849,3 662 423,155 764,144 662,April
STP,QE1,E54000048,Healthier Lancashire And South Cumbria  STP,701 515,637 020,32 971,31 524,April
STP,QF7,E54000009,South Yorkshire And Bassetlaw  STP,666 028,613 294,28 395,24 339,April
STP,QGH,E54000019,Herefordshire And Worcestershire  STP,379 630,352 624,14 582,12 424,April
STP,QH8,E54000026,Mid And South Essex  STP,449 285,419 779,13 120,16 386,April
STP,QHG,E54000024,"Bedfordshire, Luton And Milton Keynes  STP",388 554,360 889,15 422,12 243,April
STP,QHL,E54000017,Birmingham And Solihull  STP,511 122,462 500,29 974,18 648,April
STP,QHM,E54000050,Cumbria And North East  STP,1 379 494,1 265 804,59 756,53 934,April
STP,QJ2,E54000012,Joined Up Care Derbyshire  STP,464 831,433 607,14 779,16 445,April
STP,QJG,E54000023,Suffolk And North East Essex  STP,429 832,401 524,14 962,13 346,April
STP,QJK,E54000037,Devon  STP,603 142,558 798,21 923,22 421,April
STP,QJM,E54000013,Lincolnshire  STP,347 659,322 626,12 716,12 317,April
STP,QK1,E54000015,"Leicester, Leicestershire And Rutland  STP",502 049,467 493,18 697,15 859,April
STP,QKK,E54000030,Our Healthier South East London  STP,634 789,570 942,36 226,27 621,April
STP,QKS,E54000032,Kent And Medway  STP,754 730,686 786,33 932,34 012,April
STP,QM7,E54000025,Hertfordshire And West Essex  STP,562 302,521 818,19 711,20 773,April
STP,QMF,E54000029,East London Health And Care Partnership  STP,774 019,694 173,45 766,34 080,April
STP,QMJ,E54000028,North London Partners In Health And Care  STP,540 611,488 803,30 019,21 789,April
STP,QMM,E54000022,Norfolk And Waveney Health And Care Partnership  STP,485 889,452 225,17 670,15 994,April
STP,QNC,E54000010,Staffordshire And Stoke On Trent  STP,423 294,385 753,19 684,17 857,April
STP,QNQ,E54000034,Frimley Health And Care Ics  STP,304 563,281 213,13 552,9 798,April
STP,QNX,E54000053,Sussex Health And Care Partnership  STP,722 669,670 308,26 084,26 277,April
STP,QOC,E54000011,Shropshire And Telford And Wrekin  STP,207 690,192 134,7 514,8 042,April
STP,QOP,E54000007,Greater Manchester Health And Social Care Partnership  STP,1 118 648,995 311,66 111,57 226,April
STP,QOQ,E54000051,"Humber, Coast And Vale  STP",742 852,690 281,26 604,25 967,April
STP,QOX,E54000040,"Bath And North East Somerset, Swindon And Wiltshire  STP",420 447,393 016,13 318,14 113,April
STP,QPM,E54000020,Northamptonshire  STP,312 171,293 935,9 210,9 026,April
STP,QR1,E54000043,Gloucestershire  STP,300 335,280 178,10 825,9 332,April
STP,QRL,E54000042,Hampshire And The Isle Of Wight  STP,747 112,686 339,33 934,26 839,April
STP,QRV,E54000027,North West London Health And Care Partnership  STP,1 006 387,921 263,47 571,37 553,April
STP,QSL,E54000038,Somerset  STP,229 796,210 472,9 815,9 509,April
STP,QT1,E54000014,Nottingham And Nottinghamshire Health And Care  STP,447 198,412 822,18 391,15 985,April
STP,QT6,E54000036,Cornwall And The Isles Of Scilly Health And Social Care Partnership  STP,299 544,274 540,11 197,13 807,April
STP,QU9,E54000044,"Buckinghamshire, Oxfordshire And Berkshire West  STP",714 941,658 725,30 095,26 121,April
STP,QUA,E54000016,The Black Country And West Birmingham  STP,557 429,500 783,31 757,24 889,April
STP,QUE,E54000021,Cambridgeshire And Peterborough  STP,411 962,383 657,13 990,14 315,April
STP,QUY,E54000039,"Bristol, North Somerset And South Gloucestershire  STP",392 703,361 140,18 136,13 427,April
STP,QVV,E54000041,Dorset  STP,351 058,327 617,12 289,11 152,April
STP,QWE,E54000031,South West London Health And Care Partnership  STP,578 361,522 602,32 721,23 038,April
STP,QWO,E54000054,West Yorkshire And Harrogate (Health And Care Partnership)  STP,1 174 475,1 093 044,41 009,40 422,April
STP,QWU,E54000018,Coventry And Warwickshire  STP,394 514,360 183,16 952,17 379,April
STP,QXU,E54000052,Surrey Heartlands Health And Care Partnership  STP,396 387,365 559,17 074,13 754,April
STP,QYG,E54000008,Cheshire And Merseyside  STP,1 062 509,957 440,56 244,48 825,April
CCG,00L,E38000130,NHS Northumberland CCG,156 186,146 398,5 237,4 551,April
CCG,00N,E38000163,NHS South Tyneside CCG,56 467,51 561,2 432,2 474,April
CCG,00P,E38000176,NHS Sunderland CCG,111 840,100 332,6 114,5 394,April
CCG,00Q,E38000014,NHS Blackburn with Darwen CCG,66 799,61 031,3 372,2 396,April
CCG,00R,E38000015,NHS Blackpool CCG,77 109,69 697,4 250,3 162,April
CCG,00T,E38000016,NHS Bolton CCG,130 847,116 176,8 859,5 812,April
CCG,00V,E38000024,NHS Bury CCG,55 831,49 053,2 730,4 048,April
CCG,00X,E38000034,NHS Chorley and South Ribble CCG,68 639,62 066,3 296,3 277,April
CCG,00Y,E38000135,NHS Oldham CCG,91 419,82 809,5 151,3 459,April
CCG,01A,E38000050,NHS East Lancashire CCG,143 156,129 136,7 294,6 726,April
CCG,01D,E38000080,"NHS Heywood, Middleton and Rochdale CCG",80 296,73 123,4 550,2 623,April
CCG,01E,E38000227,NHS Greater Preston CCG,78 556,69 670,3 750,5 136,April
CCG,01F,E38000068,NHS Halton CCG,49 845,44 360,2 552,2 933,April
CCG,01G,E38000143,NHS Salford CCG,107 522,93 929,6 208,7 385,April
CCG,01H,E38000215,NHS North Cumbria CCG,159 321,144 503,6 513,8 305,April
CCG,01J,E38000091,NHS Knowsley CCG,66 068,59 784,4 171,2 113,April
CCG,01K,E38000228,NHS Morecambe Bay CCG,139 125,129 111,5 784,4 230,April
CCG,01T,E38000161,NHS South Sefton CCG,47 686,43 861,2 252,1 573,April
CCG,01V,E38000170,NHS Southport and Formby CCG,50 228,46 186,1 939,2 103,April
CCG,01W,E38000174,NHS Stockport CCG,131 629,120 058,6 406,5 165,April
CCG,01X,E38000172,NHS St Helens CCG,73 976,63 115,4 819,6 042,April
CCG,01Y,E38000182,NHS Tameside and Glossop CCG,97 379,85 911,5 861,5 607,April
CCG,02A,E38000187,NHS Trafford CCG,70 245,62 881,3 996,3 368,April
CCG,02E,E38000194,NHS Warrington CCG,84 696,78 719,3 071,2 906,April
CCG,02G,E38000200,NHS West Lancashire CCG,45 216,40 693,1 986,2 537,April
CCG,02H,E38000205,NHS Wigan Borough CCG,110 080,98 051,6 130,5 899,April
CCG,02M,E38000226,NHS Fylde and Wyre CCG,82 915,75 616,3 239,4 060,April
CCG,02P,E38000006,NHS Barnsley CCG,106 172,96 317,4 795,5 060,April
CCG,02Q,E38000008,NHS Bassetlaw CCG,51 603,48 318,1 959,1 326,April
CCG,02T,E38000025,NHS Calderdale CCG,94 569,89 035,3 164,2 370,April
CCG,02X,E38000044,NHS Doncaster CCG,129 845,118 614,6 648,4 583,April
CCG,02Y,E38000052,NHS East Riding of Yorkshire CCG,122 951,114 811,4 202,3 938,April
CCG,03F,E38000085,NHS Hull CCG,108 676,98 675,6 176,3 825,April
CCG,03H,E38000119,NHS North East Lincolnshire CCG,88 863,82 298,2 775,3 790,April
CCG,03K,E38000122,NHS North Lincolnshire CCG,82 759,76 086,2 449,4 224,April
CCG,03L,E38000141,NHS Rotherham CCG,125 339,116 638,4 842,3 859,April
CCG,03N,E38000146,NHS Sheffield CCG,253 069,233 407,10 151,9 511,April
CCG,03Q,E38000188,NHS Vale of York CCG,134 512,125 835,4 724,3 953,April
CCG,03R,E38000190,NHS Wakefield CCG,180 605,168 130,5 830,6 645,April
CCG,03W,E38000051,NHS East Leicestershire and Rutland CCG,153 909,143 905,5 415,4 589,April
CCG,04C,E38000097,NHS Leicester City CCG,170 789,156 567,7 660,6 562,April
CCG,04V,E38000201,NHS West Leicestershire CCG,177 351,167 021,5 622,4 708,April
CCG,04Y,E38000028,NHS Cannock Chase CCG,52 645,48 190,2 164,2 291,April
CCG,05D,E38000053,NHS East Staffordshire CCG,57 327,51 845,2 216,3 266,April
CCG,05G,E38000126,NHS North Staffordshire CCG,80 650,74 293,3 094,3 263,April
CCG,05Q,E38000153,NHS South East Staffordshire and Seisdon Peninsula CCG,81 973,76 205,3 503,2 265,April
CCG,05V,E38000173,NHS Stafford and Surrounds CCG,56 275,51 895,2 613,1 767,April
CCG,05W,E38000175,NHS Stoke on Trent CCG,94 424,83 325,6 094,5 005,April
CCG,06H,E38000026,NHS Cambridgeshire and Peterborough CCG,411 962,383 657,13 990,14 315,April
CCG,06K,E38000049,NHS East and North Hertfordshire CCG,219 459,204 462,6 916,8 081,April
CCG,06L,E38000086,NHS Ipswich and East Suffolk CCG,168 754,158 673,4 377,5 704,April
CCG,06N,E38000079,NHS Herts Valley CCG,228 433,209 546,9 182,9 705,April
CCG,06Q,E38000106,NHS Mid Essex CCG,147 644,138 298,4 157,5 189,April
CCG,06T,E38000117,NHS North East Essex CCG,154 862,141 195,7 833,5 834,April
CCG,07G,E38000185,NHS Thurrock CCG,72 430,67 605,2 211,2 614,April
CCG,07H,E38000197,NHS West Essex CCG,114 410,107 810,3 613,2 987,April
CCG,07K,E38000204,NHS West Suffolk CCG,106 216,101 656,2 752,1 808,April
CCG,09D,E38000021,NHS Brighton and Hove CCG,113 998,105 140,4 570,4 288,April
CCG,10Q,E38000136,NHS Oxfordshire CCG,306 426,281 605,13 290,11 531,April
CCG,10R,E38000137,NHS Portsmouth CCG,74 149,68 566,3 316,2 267,April
CCG,11J,E38000045,NHS Dorset CCG,351 058,327 617,12 289,11 152,April
CCG,11M,E38000062,NHS Gloucestershire CCG,300 335,280 178,10 825,9 332,April
CCG,11N,E38000089,NHS Kernow CCG,299 544,274 540,11 197,13 807,April
CCG,11X,E38000150,NHS Somerset CCG,229 796,210 472,9 815,9 509,April
CCG,12F,E38000208,NHS Wirral CCG,167 190,151 186,8 840,7 164,April
CCG,13T,E38000212,NHS Newcastle Gateshead CCG,209 109,188 147,11 199,9 763,April
CCG,14L,E38000217,NHS Manchester CCG,243 400,213 320,16 220,13 860,April
CCG,14Y,E38000223,NHS Buckinghamshire CCG,193 837,179 879,7 704,6 254,April
CCG,15A,E38000221,NHS Berkshire West CCG,214 678,197 241,9 101,8 336,April
CCG,15C,E38000222,"NHS Bristol, North Somerset and South Gloucestershire CCG",392 703,361 140,18 136,13 427,April
CCG,15E,E38000220,NHS Birmingham and Solihull CCG,511 122,462 500,29 974,18 648,April
CCG,15F,E38000225,NHS Leeds CCG,370 816,344 493,15 216,11 107,April
CCG,15M,E38000229,NHS Derby and Derbyshire CCG,464 831,433 607,14 779,16 445,April
CCG,15N,E38000230,NHS Devon CCG,603 142,558 798,21 923,22 421,April
CCG,16C,E38000247,NHS Tees Valley CCG,306 839,282 021,13 912,10 906,April
CCG,18C,E38000236,NHS Herefordshire CCG,379 630,352 624,14 582,12 424,April
CCG,26A,E38000239,NHS Norfolk and Waveney CCG,485 889,452 225,17 670,15 994,April
CCG,27D,E38000233,NHS Cheshire CCG,307 551,276 577,15 432,15 542,April
CCG,36J,E38000232,NHS Bradford District and Craven CCG,335 496,311 155,10 124,14 217,April
CCG,36L,E38000245,NHS South West London CCG,578 361,522 602,32 721,23 038,April
CCG,42D,E38000241,NHS North Yorkshire CCG,205 091,192 576,6 278,6 237,April
CCG,52R,E38000243,NHS Nottingham and Nottinghamshire CCG,447 198,412 822,18 391,15 985,April
CCG,70F,E38000248,NHS West Sussex CCG,365 074,342 122,11 198,11 754,April
CCG,71E,E38000238,NHS Lincolnshire CCG,347 659,322 626,12 716,12 317,April
CCG,72Q,E38000244,NHS South East London CCG,634 789,570 942,36 226,27 621,April
CCG,78H,E38000242,NHS Northamptonshire CCG,312 171,293 935,9 210,9 026,April
CCG,84H,E38000234,NHS County Durham CCG,288 294,269 124,10 206,8 964,April
CCG,91Q,E38000237,NHS Kent and Medway CCG,754 730,686 786,33 932,34 012,April
CCG,92A,E38000246,NHS Surrey Heartlands CCG,396 387,365 559,17 074,13 754,April
CCG,92G,E38000231,"NHS Bath and North East Somerset, Swindon and Wiltshire CCG",420 447,393 016,13 318,14 113,April
CCG,93C,E38000240,NHS North Central London CCG,540 611,488 803,30 019,21 789,April
CCG,97R,E38000235,NHS East Sussex CCG,243 597,223 046,10 316,10 235,April
CCG,99A,E38000101,NHS Liverpool CCG,215 269,193 652,13 168,8 449,April
CCG,99C,E38000127,NHS North Tyneside CCG,91 438,83 718,4 143,3 577,April
CCG,99E,E38000007,NHS Basildon and Brentwood CCG,105 519,98 245,2 687,4 587,April
CCG,99F,E38000030,NHS Castle Point and Rochford CCG,63 459,59 600,1 652,2 207,April
CCG,99G,E38000168,NHS Southend CCG,60 233,56 031,2 413,1 789,April
CCG,A3A8R,E38000255,NHS North East London CCG,774 019,694 173,45 766,34 080,April
CCG,B2M3M,E38000251,NHS Coventry and Warwickshire CCG,394 514,360 183,16 952,17 379,April
CCG,D2P2L,E38000250,NHS Black Country and West Birmingham CCG,557 429,500 783,31 757,24 889,April
CCG,D4U1Y,E38000252,NHS Frimley CCG,304 563,281 213,13 552,9 798,April
CCG,D9Y0V,E38000253,"NHS Hampshire, Southampton and Isle of Wight CCG",672 963,617 773,30 618,24 572,April
CCG,M1J4Y,E38000249,"NHS Bedfordshire, Luton and Milton Keynes CCG",388 554,360 889,15 422,12 243,April
CCG,M2L0M,E38000257,NHS Shropshire and Telford and Wrekin CCG,207 690,192 134,7 514,8 042,April
CCG,W2U3Z,E38000256,NHS North West London CCG,1 006 387,921 263,47 571,37 553,April
CCG,X2C4Y,E38000254,NHS Kirklees CCG,192 989,180 231,6 675,6 083,April
