﻿;;;;;;;;;;
;;;;;;;;;;
;;;;;;;;;;
;;;;;;;;;;
;;;;;;;;;;
Return to Contents;;;;;;;;;;
_;;;;;;;;;;
Table 3a: Appointments by Status, at National, Regional, STP and CCG level, England, April 20203;;;;;;;;;;
;;;;Count of Open GP Practices1;Count of Included GP Practices;Count of Appointments;;"Count of Appointments by 
Appointment Status";;
Type;NHS Area Code;ONS Code;Name;;;Total;;Attended;DNA;Unknown2
Type;NHS Area Code;ONS Code;Name;Open Active Practices;Included Practices;Total;_;Attended;DNA;Unknown
National;ENG;ENG;England;6 775;6 406;15 835 467;;13 827 410;472 333;1 535 724
Region;Y56;E40000003;London;1 248;1 149;2 183 572;;1 994 257;72 809;116 506
Region;Y58;E40000006;South West;576;552;1 818 488;;1 535 281;54 312;228 895
Region;Y59;E40000005;South East;881;809;2 242 565;;1 989 910;67 107;185 548
Region;Y60;E40000008;Midlands;1 324;1 282;3 058 699;;2 663 188;94 493;301 018
Region;Y61;E40000007;East of England;686;663;1 922 016;;1 644 796;46 721;230 499
Region;Y62;E40000010;North West;1 025;941;1 806 430;;1 620 930;70 585;114 915
Region;Y63;E40000009;North East and Yorkshire;1 035;1 010;2 803 697;;2 379 048;66 306;358 343
STP;QE1;E54000048;Healthier Lancashire And South Cumbria  STP;211;197;436 319;;394 875;15 492;25 952
STP;QF7;E54000009;South Yorkshire And Bassetlaw  STP;189;187;495 785;;415 970;13 418;66 397
STP;QGH;E54000019;Herefordshire And Worcestershire  STP;83;79;207 801;;188 629;5 858;13 314
STP;QH8;E54000026;Mid And South Essex  STP;154;148;322 151;;280 387;4 977;36 787
STP;QHG;E54000024;Bedfordshire, Luton And Milton Keynes  STP;100;99;291 875;;247 053;8 299;36 523
STP;QHL;E54000017;Birmingham And Solihull  STP;164;155;333 653;;291 329;13 178;29 146
STP;QHM;E54000050;Cumbria And North East  STP;371;363;970 090;;834 336;27 317;108 437
STP;QJ2;E54000012;Joined Up Care Derbyshire  STP;114;112;340 705;;285 030;6 532;49 143
STP;QJG;E54000023;Suffolk And North East Essex  STP;97;93;308 466;;261 527;5 794;41 145
STP;QJK;E54000037;Devon  STP;124;120;425 235;;363 229;11 139;50 867
STP;QJM;E54000013;Lincolnshire  STP;86;84;213 449;;178 968;6 555;27 926
STP;QK1;E54000015;Leicester, Leicestershire And Rutland  STP;134;130;361 905;;310 238;9 345;42 322
STP;QKK;E54000030;Our Healthier South East London  STP;213;195;414 977;;377 949;17 047;19 981
STP;QKS;E54000032;Kent And Medway  STP;206;186;432 985;;387 203;15 189;30 593
STP;QM7;E54000025;Hertfordshire And West Essex  STP;142;136;374 124;;326 168;9 690;38 266
STP;QMF;E54000029;East London Health And Care Partnership  STP;285;266;477 077;;435 063;16 920;25 094
STP;QMJ;E54000028;North London Partners In Health And Care  STP;208;167;324 658;;298 021;11 389;15 248
STP;QMM;E54000022;Norfolk And Waveney Health And Care Partnership  STP;106;103;338 792;;283 668;8 623;46 501
STP;QNC;E54000010;Staffordshire And Stoke On Trent  STP;151;146;273 795;;248 378;8 651;16 766
STP;QNQ;E54000034;Frimley Health And Care Ics  STP;74;63;172 637;;159 482;5 351;7 804
STP;QNX;E54000053;Sussex And East Surrey Health And Care Partnership  STP;177;173;490 121;;417 673;12 457;59 991
STP;QOC;E54000011;Shropshire And Telford And Wrekin  STP;54;54;142 221;;130 808;4 535;6 878
STP;QOP;E54000007;Greater Manchester Health And Social Care Partnership  STP;452;396;702 429;;625 155;29 308;47 966
STP;QOQ;E54000051;Humber, Coast And Vale  STP;184;177;507 987;;420 581;9 984;77 422
STP;QOX;E54000040;Bath And North East Somerset, Swindon And Wiltshire  STP;93;91;331 812;;265 978;6 313;59 521
STP;QPM;E54000020;Northamptonshire  STP;70;67;226 662;;193 805;5 921;26 936
STP;QR1;E54000043;Gloucestershire  STP;75;69;193 839;;161 313;3 587;28 939
STP;QRL;E54000042;Hampshire And The Isle Of Wight  STP;156;132;447 603;;391 004;13 144;43 455
STP;QRV;E54000027;North West London Health And Care Partnership  STP;358;349;599 966;;546 164;14 827;38 975
STP;QSL;E54000038;Somerset  STP;65;60;146 015;;128 798;5 667;11 550
STP;QT1;E54000014;Nottingham And Nottinghamshire Health And Care  STP;131;127;330 249;;269 591;7 951;52 707
STP;QT6;E54000036;Cornwall And The Isles Of Scilly Health And Social Care Partnership  STP;59;58;201 523;;167 519;12 759;21 245
STP;QU9;E54000044;Buckinghamshire, Oxfordshire And Berkshire West  STP;164;155;445 001;;404 353;12 750;27 898
STP;QUA;E54000016;The Black Country And West Birmingham  STP;213;207;378 080;;337 345;17 508;23 227
STP;QUE;E54000021;Cambridgeshire And Peterborough  STP;87;84;286 608;;245 993;9 338;31 277
STP;QUY;E54000039;Bristol, North Somerset And South Gloucestershire  STP;80;75;254 815;;232 966;7 963;13 886
STP;QVV;E54000041;Dorset  STP;80;79;265 249;;215 478;6 884;42 887
STP;QWE;E54000031;South West London Health And Care Partnership  STP;184;172;366 894;;337 060;12 626;17 208
STP;QWO;E54000054;West Yorkshire And Harrogate (Health And Care Partnership)  STP;291;283;829 835;;708 161;15 587;106 087
STP;QWU;E54000018;Coventry And Warwickshire  STP;124;121;250 179;;229 067;8 459;12 653
STP;QXU;E54000052;Surrey Heartlands Health And Care Partnership  STP;104;100;254 218;;230 195;8 216;15 807
STP;QYG;E54000008;Cheshire And Merseyside  STP;362;348;667 682;;600 900;25 785;40 997
CCG;00L;E38000130;NHS Northumberland CCG;41;39;110 936;;93 148;2 043;15 745
CCG;00N;E38000163;NHS South Tyneside CCG;21;21;39 689;;36 669;1 224;1 796
CCG;00P;E38000176;NHS Sunderland CCG;40;39;75 812;;69 161;3 428;3 223
CCG;00Q;E38000014;NHS Blackburn with Darwen CCG;23;22;37 971;;34 561;2 015;1 395
CCG;00R;E38000015;NHS Blackpool CCG;18;17;53 784;;49 811;2 269;1 704
CCG;00T;E38000016;NHS Bolton CCG;49;48;89 864;;79 235;3 938;6 691
CCG;00V;E38000024;NHS Bury CCG;26;7;11 974;;9 309;702;1 963
CCG;00X;E38000034;NHS Chorley and South Ribble CCG;29;25;38 096;;34 332;1 063;2 701
CCG;00Y;E38000135;NHS Oldham CCG;42;40;61 066;;54 804;2 461;3 801
CCG;01A;E38000050;NHS East Lancashire CCG;49;48;89 106;;80 074;3 563;5 469
CCG;01D;E38000080;NHS Heywood, Middleton and Rochdale CCG;41;36;59 188;;53 446;2 339;3 403
CCG;01E;E38000227;NHS Greater Preston CCG;23;21;43 730;;39 342;1 603;2 785
CCG;01F;E38000068;NHS Halton CCG;14;14;32 939;;28 764;1 291;2 884
CCG;01G;E38000143;NHS Salford CCG;43;38;83 648;;71 470;4 110;8 068
CCG;01H;E38000215;NHS North Cumbria CCG;39;39;105 139;;93 178;3 457;8 504
CCG;01J;E38000091;NHS Knowsley CCG;25;25;44 768;;39 653;2 150;2 965
CCG;01K;E38000228;NHS Morecambe Bay CCG;35;33;91 263;;81 698;2 816;6 749
CCG;01T;E38000161;NHS South Sefton CCG;31;29;32 990;;30 903;1 063;1 024
CCG;01V;E38000170;NHS Southport and Formby CCG;17;17;30 622;;27 846;920;1 856
CCG;01W;E38000174;NHS Stockport CCG;37;33;77 236;;69 979;2 382;4 875
CCG;01X;E38000172;NHS St Helens CCG;34;33;47 334;;42 385;2 359;2 590
CCG;01Y;E38000182;NHS Tameside and Glossop CCG;37;37;65 763;;58 563;2 684;4 516
CCG;02A;E38000187;NHS Trafford CCG;30;24;36 751;;32 784;1 878;2 089
CCG;02E;E38000194;NHS Warrington CCG;26;26;60 719;;55 673;1 168;3 878
CCG;02G;E38000200;NHS West Lancashire CCG;15;14;31 973;;29 582;1 101;1 290
CCG;02H;E38000205;NHS Wigan Borough CCG;61;57;78 426;;70 008;2 719;5 699
CCG;02M;E38000226;NHS Fylde and Wyre CCG;19;17;50 396;;45 475;1 062;3 859
CCG;02P;E38000006;NHS Barnsley CCG;33;32;76 933;;65 834;1 993;9 106
CCG;02Q;E38000008;NHS Bassetlaw CCG;9;9;37 470;;30 925;1 124;5 421
CCG;02T;E38000025;NHS Calderdale CCG;23;21;57 830;;49 546;920;7 364
CCG;02X;E38000044;NHS Doncaster CCG;39;39;93 932;;82 883;2 136;8 913
CCG;02Y;E38000052;NHS East Riding of Yorkshire CCG;29;27;82 548;;71 767;1 509;9 272
CCG;03A;E38000064;NHS Greater Huddersfield CCG;38;37;73 293;;64 738;1 541;7 014
CCG;03F;E38000085;NHS Hull CCG;33;33;75 540;;61 767;2 331;11 442
CCG;03H;E38000119;NHS North East Lincolnshire CCG;26;24;51 252;;43 000;937;7 315
CCG;03J;E38000121;NHS North Kirklees CCG;28;27;62 762;;55 401;1 035;6 326
CCG;03K;E38000122;NHS North Lincolnshire CCG;19;19;61 144;;50 920;669;9 555
CCG;03L;E38000141;NHS Rotherham CCG;29;29;88 874;;76 209;2 174;10 491
CCG;03N;E38000146;NHS Sheffield CCG;79;78;198 576;;160 119;5 991;32 466
CCG;03Q;E38000188;NHS Vale of York CCG;26;24;87 023;;74 028;1 936;11 059
CCG;03R;E38000190;NHS Wakefield CCG;37;35;130 579;;110 943;2 349;17 287
CCG;03W;E38000051;NHS East Leicestershire and Rutland CCG;31;29;113 742;;97 829;3 120;12 793
CCG;04C;E38000097;NHS Leicester City CCG;57;56;121 340;;105 723;3 420;12 197
CCG;04F;E38000107;NHS Milton Keynes CCG;26;26;80 907;;65 530;2 380;12 997
CCG;04V;E38000201;NHS West Leicestershire CCG;46;45;126 823;;106 686;2 805;17 332
CCG;04Y;E38000028;NHS Cannock Chase CCG;24;23;33 021;;29 509;924;2 588
CCG;05A;E38000038;NHS Coventry and Rugby CCG;66;65;120 971;;110 990;4 999;4 982
CCG;05C;E38000046;NHS Dudley CCG;44;44;87 589;;78 191;4 696;4 702
CCG;05D;E38000053;NHS East Staffordshire CCG;18;17;38 592;;33 063;1 406;4 123
CCG;05G;E38000126;NHS North Staffordshire CCG;30;29;51 886;;48 385;1 200;2 301
CCG;05H;E38000195;NHS Warwickshire North CCG;26;24;46 104;;42 243;1 658;2 203
CCG;05L;E38000144;NHS Sandwell and West Birmingham CCG;79;76;153 603;;136 410;6 408;10 785
CCG;05N;E38000147;NHS Shropshire CCG;41;41;93 641;;86 150;2 644;4 847
CCG;05Q;E38000153;NHS South East Staffordshire and Seisdon Peninsula CCG;25;24;48 763;;44 145;1 308;3 310
CCG;05R;E38000164;NHS South Warwickshire CCG;32;32;83 104;;75 834;1 802;5 468
CCG;05V;E38000173;NHS Stafford and Surrounds CCG;14;14;40 379;;36 905;1 213;2 261
CCG;05W;E38000175;NHS Stoke on Trent CCG;40;39;61 154;;56 371;2 600;2 183
CCG;05X;E38000183;NHS Telford and Wrekin CCG;13;13;48 580;;44 658;1 891;2 031
CCG;05Y;E38000191;NHS Walsall CCG;52;50;75 902;;68 184;3 275;4 443
CCG;06A;E38000210;NHS Wolverhampton CCG;38;37;60 986;;54 560;3 129;3 297
CCG;06F;E38000010;NHS Bedfordshire CCG;48;47;147 775;;124 642;3 722;19 411
CCG;06H;E38000026;NHS Cambridgeshire and Peterborough CCG;87;84;286 608;;245 993;9 338;31 277
CCG;06K;E38000049;NHS East and North Hertfordshire CCG;55;50;150 096;;124 416;2 773;22 907
CCG;06L;E38000086;NHS Ipswich and East Suffolk CCG;40;38;133 664;;108 422;2 390;22 852
CCG;06N;E38000079;NHS Herts Valley CCG;57;56;145 591;;131 444;5 129;9 018
CCG;06P;E38000102;NHS Luton CCG;26;26;63 193;;56 881;2 197;4 115
CCG;06Q;E38000106;NHS Mid Essex CCG;42;39;109 507;;94 859;2 404;12 244
CCG;06T;E38000117;NHS North East Essex CCG;33;32;103 537;;90 382;2 549;10 606
CCG;07G;E38000185;NHS Thurrock CCG;27;27;54 417;;48 735;1 016;4 666
CCG;07H;E38000197;NHS West Essex CCG;30;30;78 437;;70 308;1 788;6 341
CCG;07K;E38000204;NHS West Suffolk CCG;24;23;71 265;;62 723;855;7 687
CCG;07L;E38000004;NHS Barking and Dagenham CCG;34;32;47 341;;43 084;1 460;2 797
CCG;07P;E38000020;NHS Brent CCG;52;52;92 471;;84 511;3 212;4 748
CCG;07T;E38000035;NHS City and Hackney CCG;40;38;73 196;;67 253;2 713;3 230
CCG;07W;E38000048;NHS Ealing CCG;76;73;114 469;;105 577;1 650;7 242
CCG;07Y;E38000084;NHS Hounslow CCG;46;46;76 598;;68 488;1 526;6 584
CCG;08C;E38000070;NHS Hammersmith and Fulham CCG;30;28;58 268;;51 987;1 129;5 152
CCG;08E;E38000074;NHS Harrow CCG;33;33;64 193;;58 244;2 572;3 377
CCG;08F;E38000077;NHS Havering CCG;42;38;56 565;;50 800;1 664;4 101
CCG;08G;E38000082;NHS Hillingdon CCG;45;44;67 305;;62 609;1 996;2 700
CCG;08M;E38000113;NHS Newham CCG;51;46;84 978;;75 297;3 259;6 422
CCG;08N;E38000138;NHS Redbridge CCG;42;40;65 672;;60 292;2 409;2 971
CCG;08V;E38000186;NHS Tower Hamlets CCG;36;34;84 417;;77 820;3 874;2 723
CCG;08W;E38000192;NHS Waltham Forest CCG;40;38;64 908;;60 517;1 541;2 850
CCG;08Y;E38000202;NHS West London CCG;42;42;77 421;;69 191;1 552;6 678
CCG;09A;E38000031;NHS Central London (Westminster) CCG;34;31;49 241;;45 557;1 190;2 494
CCG;09D;E38000021;NHS Brighton and Hove CCG;34;32;77 889;;67 630;1 259;9 000
CCG;10C;E38000178;NHS Surrey Heath CCG;7;6;19 212;;18 013;557;642
CCG;10J;E38000120;NHS North Hampshire CCG;15;13;56 087;;51 965;1 352;2 770
CCG;10K;E38000059;NHS Fareham and Gosport CCG;17;11;39 213;;35 109;1 130;2 974
CCG;10L;E38000087;NHS Isle of Wight CCG;15;13;53 738;;40 440;2 875;10 423
CCG;10Q;E38000136;NHS Oxfordshire CCG;68;66;184 318;;168 514;5 563;10 241
CCG;10R;E38000137;NHS Portsmouth CCG;15;13;55 304;;48 757;942;5 605
CCG;10V;E38000154;NHS South Eastern Hampshire CCG;20;19;51 842;;45 372;2 094;4 376
CCG;10X;E38000167;NHS Southampton CCG;26;20;54 995;;48 255;1 817;4 923
CCG;11A;E38000198;NHS West Hampshire CCG;48;43;136 424;;121 106;2 934;12 384
CCG;11J;E38000045;NHS Dorset CCG;80;79;265 249;;215 478;6 884;42 887
CCG;11M;E38000062;NHS Gloucestershire CCG;75;69;193 839;;161 313;3 587;28 939
CCG;11N;E38000089;NHS Kernow CCG;59;58;201 523;;167 519;12 759;21 245
CCG;11X;E38000150;NHS Somerset CCG;65;60;146 015;;128 798;5 667;11 550
CCG;12F;E38000208;NHS Wirral CCG;49;45;97 090;;86 092;3 836;7 162
CCG;13T;E38000212;NHS Newcastle Gateshead CCG;60;57;141 648;;125 607;4 216;11 825
CCG;14L;E38000217;NHS Manchester CCG;86;76;138 513;;125 557;6 095;6 861
CCG;14Y;E38000223;NHS Buckinghamshire CCG;50;45;128 902;;117 962;3 345;7 595
CCG;15A;E38000221;NHS Berkshire West CCG;46;44;131 781;;117 877;3 842;10 062
CCG;15C;E38000222;NHS Bristol, North Somerset and South Gloucestershire CCG;80;75;254 815;;232 966;7 963;13 886
CCG;15D;E38000224;NHS East Berkshire CCG;47;41;108 482;;100 809;3 564;4 109
CCG;15E;E38000220;NHS Birmingham and Solihull CCG;164;155;333 653;;291 329;13 178;29 146
CCG;15F;E38000225;NHS Leeds CCG;93;93;273 736;;233 221;6 516;33 999
CCG;15M;E38000229;NHS Derby and Derbyshire CCG;114;112;340 705;;285 030;6 532;49 143
CCG;15N;E38000230;NHS Devon CCG;124;120;425 235;;363 229;11 139;50 867
CCG;16C;E38000247;NHS Tees Valley CCG;81;79;226 023;;185 757;6 925;33 341
CCG;18C;E38000236;NHS Herefordshire CCG;83;79;207 801;;188 629;5 858;13 314
CCG;26A;E38000239;NHS Norfolk and Waveney CCG;106;103;338 792;;283 668;8 623;46 501
CCG;27D;E38000233;NHS Cheshire CCG;79;74;173 186;;155 245;6 834;11 107
CCG;36J;E38000232;NHS Bradford District and Craven CCG;72;70;231 635;;194 312;3 226;34 097
CCG;36L;E38000245;NHS South West London CCG;184;172;366 894;;337 060;12 626;17 208
CCG;42D;E38000241;NHS North Yorkshire CCG;51;50;150 480;;119 099;2 602;28 779
CCG;52R;E38000243;NHS Nottingham and Nottinghamshire CCG;131;127;330 249;;269 591;7 951;52 707
CCG;70F;E38000248;NHS West Sussex CCG;81;80;251 964;;209 542;5 809;36 613
CCG;71E;E38000238;NHS Lincolnshire CCG;86;84;213 449;;178 968;6 555;27 926
CCG;72Q;E38000244;NHS South East London CCG;213;195;414 977;;377 949;17 047;19 981
CCG;78H;E38000242;NHS Northamptonshire CCG;70;67;226 662;;193 805;5 921;26 936
CCG;84H;E38000234;NHS County Durham CCG;63;63;202 564;;171 936;4 181;26 447
CCG;91Q;E38000237;NHS Kent and Medway CCG;206;186;432 985;;387 203;15 189;30 593
CCG;92A;E38000246;NHS Surrey Heartlands CCG;104;100;254 218;;230 195;8 216;15 807
CCG;92G;E38000231;NHS Bath and North East Somerset, Swindon and Wiltshire CCG;93;91;331 812;;265 978;6 313;59 521
CCG;93C;E38000240;NHS North Central London CCG;208;167;324 658;;298 021;11 389;15 248
CCG;97R;E38000235;NHS East Sussex CCG;62;61;160 268;;140 501;5 389;14 378
CCG;99A;E38000101;NHS Liverpool CCG;87;85;148 034;;134 339;6 164;7 531
CCG;99C;E38000127;NHS North Tyneside CCG;26;26;68 279;;58 880;1 843;7 556
CCG;99E;E38000007;NHS Basildon and Brentwood CCG;35;35;69 069;;60 648;743;7 678
CCG;99F;E38000030;NHS Castle Point and Rochford CCG;23;22;44 932;;36 737;413;7 782
CCG;99G;E38000168;NHS Southend CCG;27;25;44 226;;39 408;401;4 417
CCG;99M;E38000118;NHS North East Hampshire and Farnham CCG;20;16;44 943;;40 660;1 230;3 053
;;;;;;;;;;
;;;;;;;;;;
;;;;;;;;;;
Notes:;;;;;;;;;;
1;CCGs are only included if there is data for more than one practice within the CCG, therefore the total count of open GP practices by CCG may not equal the national total;;;;;;;;;
2;"At the time of the appointment a ‘Booked’ status will usually be changed to either ‘Attended’ or ‘DNA’. In some cases (4-7% of monthly appointments), the final status of an appointment remains as ‘Booked’. It is not known from the data whether these appointments were actually attended or not. From a sample audit these were found to be consultations where the status has not been updated to say if patients had attended or not. 
For this reason, these appointments are reported as ""Unknown"" status";;;;;;;;;
3;See 'Coronavirus Impact' tab for further information;;;;;;;;;
_;;;;;;;;;;
Copyright © 2020 Health and Social Care Information Centre. The Health and Social Care Information Centre is a non-departmental body created by statute, also known as NHS Digital.;;;;;;;;;;
;;;;;;;;;;
;;;;;;;;;;
;;;;;;;;;;
;;;;;;;;;;
;;;;;;;;;;
;;;;;;;;;;
;;;;;;;;;;
;;;;;;;;;;
;;;;;;;;;;
;;;;;;;;;;
;;;;;;;;;;
;;;;;;;;;;
;;;;;;;;;;
;;;;;;;;;;
;;;;;;;;;;
;;;;;;;;;;
;;;;;;;;;;
;;;;;;;;;;
;;;;;;;;;;
;;;;;;;;;;
;;;;;;;;;;
;;;;;;;;;;
;;;;;;;;;;
;;;;;;;;;;
;;;;;;;;;;
;;;;;;;;;;
;;;;;;;;;;
;;;;;;;;;;
;;;;;;;;;;
;;;;;;;;;;
;;;;;;;;;;
;;;;;;;;;;
;;;;;;;;;;
;;;;;;;;;;
;;;;;;;;;;
;;;;;;;;;;
;;;;;;;;;;
;;;;;;;;;;
;;;;;;;;;;
;;;;;;;;;;
;;;;;;;;;;
;;;;;;;;;;
;;;;;;;;;;
;;;;;;;;;;
;;;;;;;;;;
;;;;;;;;;;
;;;;;;;;;;
;;;;;;;;;;
;;;;;;;;;;
;;;;;;;;;;
;;;;;;;;;;
;;;;;;;;;;
;;;;;;;;;;
;;;;;;;;;;
;;;;;;;;;;
;;;;;;;;;;
;;;;;;;;;;
;;;;;;;;;;
;;;;;;;;;;
;;;;;;;;;;
;;;;;;;;;;
;;;;;;;;;;
;;;;;;;;;;
;;;;;;;;;;
;;;;;;;;;;
;;;;;;;;;;
;;;;;;;;;;
;;;;;;;;;;
;;;;;;;;;;
;;;;;;;;;;
;;;;;;;;;;
;;;;;;;;;;
;;;;;;;;;;
;;;;;;;;;;
;;;;;;;;;;
;;;;;;;;;;
;;;;;;;;;;
;;;;;;;;;;
;;;;;;;;;;
;;;;;;;;;;
;;;;;;;;;;
;;;;;;;;;;
;;;;;;;;;;
;;;;;;;;;;
;;;;;;;;;;
;;;;;;;;;;
;;;;;;;;;;
;;;;;;;;;;
;;;;;;;;;;
;;;;;;;;;;
;;;;;;;;;;
;;;;;;;;;;
;;;;;;;;;;
;;;;;;;;;;
;;;;;;;;;;
;;;;;;;;;;
;;;;;;;;;;
;;;;;;;;;;
;;;;;;;;;;
;;;;;;;;;;
;;;;;;;;;;
;;;;;;;;;;
;;;;;;;;;;
;;;;;;;;;;
;;;;;;;;;;
;;;;;;;;;;
;;;;;;;;;;
;;;;;;;;;;
;;;;;;;;;;
;;;;;;;;;;
;;;;;;;;;;
;;;;;;;;;;
;;;;;;;;;;
;;;;;;;;;;
;;;;;;;;;;
;;;;;;;;;;
;;;;;;;;;;
;;;;;;;;;;
;;;;;;;;;;
;;;;;;;;;;
;;;;;;;;;;
;;;;;;;;;;
;;;;;;;;;;
;;;;;;;;;;
;;;;;;;;;;
;;;;;;;;;;
;;;;;;;;;;
;;;;;;;;;;
;;;;;;;;;;
;;;;;;;;;;
;;;;;;;;;;
;;;;;;;;;;
;;;;;;;;;;
;;;;;;;;;;
;;;;;;;;;;
;;;;;;;;;;
;;;;;;;;;;
;;;;;;;;;;
;;;;;;;;;;
;;;;;;;;;;
;;;;;;;;;;
;;;;;;;;;;
;;;;;;;;;;
;;;;;;;;;;
;;;;;;;;;;
;;;;;;;;;;
;;;;;;;;;;
;;;;;;;;;;
;;;;;;;;;;
;;;;;;;;;;
;;;;;;;;;;
;;;;;;;;;;
;;;;;;;;;;
;;;;;;;;;;
;;;;;;;;;;
;;;;;;;;;;
;;;;;;;;;;
;;;;;;;;;;
;;;;;;;;;;
;;;;;;;;;;
;;;;;;;;;;
;;;;;;;;;;
;;;;;;;;;;
;;;;;;;;;;
;;;;;;;;;;
;;;;;;;;;;
;;;;;;;;;;
;;;;;;;;;;
;;;;;;;;;;
;;;;;;;;;;
;;;;;;;;;;
;;;;;;;;;;
;;;;;;;;;;
;;;;;;;;;;
;;;;;;;;;;
;;;;;;;;;;
;;;;;;;;;;
;;;;;;;;;;
;;;;;;;;;;
;;;;;;;;;;
;;;;;;;;;;
;;;;;;;;;;
;;;;;;;;;;
;;;;;;;;;;
;;;;;;;;;;
;;;;;;;;;;
;;;;;;;;;;
;;;;;;;;;;
;;;;;;;;;;
;;;;;;;;;;
;;;;;;;;;;
;;;;;;;;;;
;;;;;;;;;;
;;;;;;;;;;
;;;;;;;;;;
;;;;;;;;;;
;;;;;;;;;;
;;;;;;;;;;
;;;;;;;;;;
;;;;;;;;;;
;;;;;;;;;;
;;;;;;;;;;
;;;;;;;;;;
;;;;;;;;;;
;;;;;;;;;;
;;;;;;;;;;
;;;;;;;;;;
;;;;;;;;;;
;;;;;;;;;;
;;;;;;;;;;
;;;;;;;;;;
;;;;;;;;;;
;;;;;;;;;;
;;;;;;;;;;
;;;;;;;;;;
;;;;;;;;;;
;;;;;;;;;;
;;;;;;;;;;
;;;;;;;;;;
;;;;;;;;;;
;;;;;;;;;;
;;;;;;;;;;
;;;;;;;;;;
;;;;;;;;;;
;;;;;;;;;;
;;;;;;;;;;
;;;;;;;;;;
;;;;;;;;;;
;;;;;;;;;;
;;;;;;;;;;
;;;;;;;;;;
;;;;;;;;;;
;;;;;;;;;;
;;;;;;;;;;
;;;;;;;;;;
;;;;;;;;;;
;;;;;;;;;;
;;;;;;;;;;
;;;;;;;;;;
;;;;;;;;;;
;;;;;;;;;;
;;;;;;;;;;
;;;;;;;;;;
;;;;;;;;;;
;;;;;;;;;;
;;;;;;;;;;
;;;;;;;;;;
;;;;;;;;;;
;;;;;;;;;;
;;;;;;;;;;
;;;;;;;;;;
;;;;;;;;;;
;;;;;;;;;;
;;;;;;;;;;
;;;;;;;;;;
;;;;;;;;;;
;;;;;;;;;;
;;;;;;;;;;
;;;;;;;;;;
;;;;;;;;;;
;;;;;;;;;;
;;;;;;;;;;
;;;;;;;;;;
;;;;;;;;;;
;;;;;;;;;;
;;;;;;;;;;
;;;;;;;;;;
;;;;;;;;;;
;;;;;;;;;;
;;;;;;;;;;
;;;;;;;;;;
;;;;;;;;;;
;;;;;;;;;;
;;;;;;;;;;
;;;;;;;;;;
;;;;;;;;;;
;;;;;;;;;;
;;;;;;;;;;
;;;;;;;;;;
;;;;;;;;;;
;;;;;;;;;;
;;;;;;;;;;
;;;;;;;;;;
;;;;;;;;;;
;;;;;;;;;;
;;;;;;;;;;
;;;;;;;;;;
;;;;;;;;;;
;;;;;;;;;;
;;;;;;;;;;
;;;;;;;;;;
;;;;;;;;;;
;;;;;;;;;;
;;;;;;;;;;
;;;;;;;;;;
;;;;;;;;;;
;;;;;;;;;;
;;;;;;;;;;
;;;;;;;;;;
;;;;;;;;;;
;;;;;;;;;;
;;;;;;;;;;
;;;;;;;;;;
;;;;;;;;;;
;;;;;;;;;;
;;;;;;;;;;
;;;;;;;;;;
;;;;;;;;;;
;;;;;;;;;;
;;;;;;;;;;
;;;;;;;;;;
;;;;;;;;;;
;;;;;;;;;;
;;;;;;;;;;
;;;;;;;;;;
;;;;;;;;;;
;;;;;;;;;;
;;;;;;;;;;
;;;;;;;;;;
;;;;;;;;;;
;;;;;;;;;;
;;;;;;;;;;
;;;;;;;;;;
;;;;;;;;;;
;;;;;;;;;;
;;;;;;;;;;
;;;;;;;;;;
;;;;;;;;;;
;;;;;;;;;;
;;;;;;;;;;
;;;;;;;;;;
;;;;;;;;;;
;;;;;;;;;;
;;;;;;;;;;
;;;;;;;;;;
;;;;;;;;;;
;;;;;;;;;;
;;;;;;;;;;
;;;;;;;;;;
;;;;;;;;;;
;;;;;;;;;;
;;;;;;;;;;
;;;;;;;;;;
;;;;;;;;;;
;;;;;;;;;;
;;;;;;;;;;
;;;;;;;;;;
;;;;;;;;;;
;;;;;;;;;;
;;;;;;;;;;
;;;;;;;;;;
;;;;;;;;;;
;;;;;;;;;;
;;;;;;;;;;
;;;;;;;;;;
;;;;;;;;;;
;;;;;;;;;;
;;;;;;;;;;
;;;;;;;;;;
;;;;;;;;;;
;;;;;;;;;;
;;;;;;;;;;
;;;;;;;;;;
;;;;;;;;;;
;;;;;;;;;;
;;;;;;;;;;
;;;;;;;;;;
;;;;;;;;;;
;;;;;;;;;;
;;;;;;;;;;
;;;;;;;;;;
;;;;;;;;;;
;;;;;;;;;;
;;;;;;;;;;
;;;;;;;;;;
;;;;;;;;;;
;;;;;;;;;;
;;;;;;;;;;
;;;;;;;;;;
;;;;;;;;;;
;;;;;;;;;;
;;;;;;;;;;
;;;;;;;;;;
;;;;;;;;;;
;;;;;;;;;;
;;;;;;;;;;
;;;;;;;;;;
;;;;;;;;;;
;;;;;;;;;;
;;;;;;;;;;
;;;;;;;;;;
;;;;;;;;;;
;;;;;;;;;;
;;;;;;;;;;
;;;;;;;;;;
;;;;;;;;;;
;;;;;;;;;;
;;;;;;;;;;
;;;;;;;;;;
;;;;;;;;;;
;;;;;;;;;;
;;;;;;;;;;
;;;;;;;;;;
;;;;;;;;;;
;;;;;;;;;;
;;;;;;;;;;
;;;;;;;;;;
;;;;;;;;;;
;;;;;;;;;;
;;;;;;;;;;
;;;;;;;;;;
;;;;;;;;;;
;;;;;;;;;;
;;;;;;;;;;
;;;;;;;;;;
;;;;;;;;;;
;;;;;;;;;;
;;;;;;;;;;
;;;;;;;;;;
;;;;;;;;;;
;;;;;;;;;;
;;;;;;;;;;
;;;;;;;;;;
;;;;;;;;;;
;;;;;;;;;;
;;;;;;;;;;
;;;;;;;;;;
;;;;;;;;;;
;;;;;;;;;;
;;;;;;;;;;
;;;;;;;;;;
;;;;;;;;;;
;;;;;;;;;;
;;;;;;;;;;
;;;;;;;;;;
;;;;;;;;;;
;;;;;;;;;;
;;;;;;;;;;
;;;;;;;;;;
;;;;;;;;;;
;;;;;;;;;;
;;;;;;;;;;
;;;;;;;;;;
;;;;;;;;;;
;;;;;;;;;;
;;;;;;;;;;
;;;;;;;;;;
;;;;;;;;;;
;;;;;;;;;;
;;;;;;;;;;
;;;;;;;;;;
;;;;;;;;;;
;;;;;;;;;;
;;;;;;;;;;
;;;;;;;;;;
;;;;;;;;;;
;;;;;;;;;;
;;;;;;;;;;
;;;;;;;;;;
;;;;;;;;;;
;;;;;;;;;;
;;;;;;;;;;
;;;;;;;;;;
;;;;;;;;;;
;;;;;;;;;;
;;;;;;;;;;
;;;;;;;;;;
;;;;;;;;;;
;;;;;;;;;;
;;;;;;;;;;
;;;;;;;;;;
;;;;;;;;;;
;;;;;;;;;;
;;;;;;;;;;
;;;;;;;;;;
;;;;;;;;;;
;;;;;;;;;;
;;;;;;;;;;
;;;;;;;;;;
;;;;;;;;;;
;;;;;;;;;;
;;;;;;;;;;
;;;;;;;;;;
;;;;;;;;;;
;;;;;;;;;;
;;;;;;;;;;
;;;;;;;;;;
;;;;;;;;;;
;;;;;;;;;;
;;;;;;;;;;
;;;;;;;;;;
;;;;;;;;;;
;;;;;;;;;;
;;;;;;;;;;
;;;;;;;;;;
;;;;;;;;;;
;;;;;;;;;;
;;;;;;;;;;
;;;;;;;;;;
;;;;;;;;;;
;;;;;;;;;;
;;;;;;;;;;
;;;;;;;;;;
;;;;;;;;;;
;;;;;;;;;;
;;;;;;;;;;
;;;;;;;;;;
;;;;;;;;;;
;;;;;;;;;;
;;;;;;;;;;
;;;;;;;;;;
;;;;;;;;;;
;;;;;;;;;;
;;;;;;;;;;
;;;;;;;;;;
;;;;;;;;;;
;;;;;;;;;;
;;;;;;;;;;
;;;;;;;;;;
;;;;;;;;;;
;;;;;;;;;;
;;;;;;;;;;
;;;;;;;;;;
;;;;;;;;;;
;;;;;;;;;;
;;;;;;;;;;
;;;;;;;;;;
;;;;;;;;;;
;;;;;;;;;;
;;;;;;;;;;
;;;;;;;;;;
;;;;;;;;;;
;;;;;;;;;;
;;;;;;;;;;
;;;;;;;;;;
;;;;;;;;;;
;;;;;;;;;;
;;;;;;;;;;
;;;;;;;;;;
;;;;;;;;;;
;;;;;;;;;;
;;;;;;;;;;
;;;;;;;;;;
;;;;;;;;;;
;;;;;;;;;;
;;;;;;;;;;
;;;;;;;;;;
;;;;;;;;;;
;;;;;;;;;;
;;;;;;;;;;
;;;;;;;;;;
;;;;;;;;;;
;;;;;;;;;;
;;;;;;;;;;
;;;;;;;;;;
;;;;;;;;;;
;;;;;;;;;;
;;;;;;;;;;
;;;;;;;;;;
;;;;;;;;;;
;;;;;;;;;;
;;;;;;;;;;
;;;;;;;;;;
;;;;;;;;;;
;;;;;;;;;;
;;;;;;;;;;