﻿;;;;;;;;;;
;;;;;;;;;;
;;;;;;;;;;
;;;;;;;;;;
;;;;;;;;;;
Return to Contents;;;;;;;;;;
_;;;;;;;;;;
Table 3a: Appointments by Status, at National, Regional, STP and CCG level, England, June 20203;;;;;;;;;;
;;;;Count of Open GP Practices1;Count of Included GP Practices;Count of Appointments;;"Count of Appointments by 
Appointment Status";;
Type;NHS Area Code;ONS Code;Name;;;Total;;Attended;DNA;Unknown2
Type;NHS Area Code;ONS Code;Name;Open Active Practices;Included Practices;Total;_;Attended;DNA;Unknown
National;ENG;ENG;England;6 733;6 449;20 640 372;;18 900 207;588 746;1 151 419
Region;Y56;E40000003;London;1 241;1 162;2 914 673;;2 704 417;98 652;111 604
Region;Y58;E40000006;South West;575;559;2 396 869;;2 180 678;64 382;151 809
Region;Y59;E40000005;South East;871;821;3 031 466;;2 814 285;82 057;135 124
Region;Y60;E40000008;Midlands;1 317;1 287;3 956 542;;3 615 249;117 717;223 576
Region;Y61;E40000007;East of England;680;666;2 452 604;;2 234 448;50 257;167 899
Region;Y62;E40000010;North West;1 016;941;2 330 279;;2 143 330;89 039;97 910
Region;Y63;E40000009;North East and Yorkshire;1 033;1 013;3 557 939;;3 207 800;86 642;263 497
STP;QE1;E54000048;Healthier Lancashire And South Cumbria  STP;207;194;571 243;;533 121;19 476;18 646
STP;QF7;E54000009;South Yorkshire And Bassetlaw  STP;189;188;618 215;;552 864;16 150;49 201
STP;QGH;E54000019;Herefordshire And Worcestershire  STP;83;83;293 592;;277 631;8 510;7 451
STP;QH8;E54000026;Mid And South Essex  STP;154;149;409 256;;374 689;6 226;28 341
STP;QHG;E54000024;Bedfordshire, Luton And Milton Keynes  STP;98;97;356 049;;322 794;7 605;25 650
STP;QHL;E54000017;Birmingham And Solihull  STP;163;158;435 211;;398 365;17 007;19 839
STP;QHM;E54000050;Cumbria And North East  STP;370;364;1 258 626;;1 145 127;35 767;77 732
STP;QJ2;E54000012;Joined Up Care Derbyshire  STP;112;111;435 955;;388 922;8 613;38 420
STP;QJG;E54000023;Suffolk And North East Essex  STP;96;94;392 927;;361 733;6 709;24 485
STP;QJK;E54000037;Devon  STP;124;121;562 839;;510 947;12 568;39 324
STP;QJM;E54000013;Lincolnshire  STP;85;84;265 804;;239 887;6 550;19 367
STP;QK1;E54000015;Leicester, Leicestershire And Rutland  STP;134;132;451 310;;409 455;10 267;31 588
STP;QKK;E54000030;Our Healthier South East London  STP;210;196;561 402;;519 396;21 783;20 223
STP;QKS;E54000032;Kent And Medway  STP;204;187;582 485;;539 138;18 812;24 535
STP;QM7;E54000025;Hertfordshire And West Essex  STP;140;136;494 010;;449 115;11 534;33 361
STP;QMF;E54000029;East London Health And Care Partnership  STP;282;267;625 500;;579 590;22 706;23 204
STP;QMJ;E54000028;North London Partners In Health And Care  STP;207;173;435 984;;405 129;16 157;14 698
STP;QMM;E54000022;Norfolk And Waveney Health And Care Partnership  STP;106;104;430 440;;390 263;9 165;31 012
STP;QNC;E54000010;Staffordshire And Stoke On Trent  STP;150;146;353 506;;328 215;11 495;13 796
STP;QNQ;E54000034;Frimley Health And Care Ics  STP;74;64;234 744;;221 823;6 945;5 976
STP;QNX;E54000053;Sussex And East Surrey Health And Care Partnership  STP;176;172;642 889;;582 794;13 692;46 403
STP;QOC;E54000011;Shropshire And Telford And Wrekin  STP;54;54;186 804;;176 292;5 457;5 055
STP;QOP;E54000007;Greater Manchester Health And Social Care Partnership  STP;449;395;861 160;;782 722;36 754;41 684
STP;QOQ;E54000051;Humber, Coast And Vale  STP;184;177;642 344;;571 983;13 595;56 766
STP;QOX;E54000040;Bath And North East Somerset, Swindon And Wiltshire  STP;93;92;407 852;;368 603;6 830;32 419
STP;QPM;E54000020;Northamptonshire  STP;70;67;283 937;;258 854;5 320;19 763
STP;QR1;E54000043;Gloucestershire  STP;74;68;247 410;;223 286;5 198;18 926
STP;QRL;E54000042;Hampshire And The Isle Of Wight  STP;150;138;602 814;;560 571;15 654;26 589
STP;QRV;E54000027;North West London Health And Care Partnership  STP;358;353;796 257;;739 445;20 488;36 324
STP;QSL;E54000038;Somerset  STP;65;65;221 340;;206 701;7 097;7 542
STP;QT1;E54000014;Nottingham And Nottinghamshire Health And Care  STP;131;127;427 688;;378 900;10 968;37 820
STP;QT6;E54000036;Cornwall And The Isles Of Scilly Health And Social Care Partnership  STP;59;59;282 721;;253 484;14 975;14 262
STP;QU9;E54000044;Buckinghamshire, Oxfordshire And Berkshire West  STP;163;158;624 607;;586 728;16 607;21 272
STP;QUA;E54000016;The Black Country And West Birmingham  STP;212;205;488 906;;446 758;22 350;19 798
STP;QUE;E54000021;Cambridgeshire And Peterborough  STP;86;86;369 922;;335 854;9 018;25 050
STP;QUY;E54000039;Bristol, North Somerset And South Gloucestershire  STP;80;75;346 148;;325 259;10 927;9 962
STP;QVV;E54000041;Dorset  STP;80;79;328 559;;292 398;6 787;29 374
STP;QWE;E54000031;South West London Health And Care Partnership  STP;184;173;495 530;;460 857;17 518;17 155
STP;QWO;E54000054;West Yorkshire And Harrogate (Health And Care Partnership)  STP;290;284;1 038 754;;937 826;21 130;79 798
STP;QWU;E54000018;Coventry And Warwickshire  STP;123;120;333 829;;311 970;11 180;10 679
STP;QXU;E54000052;Surrey Heartlands Health And Care Partnership  STP;104;102;343 927;;323 231;10 347;10 349
STP;QYG;E54000008;Cheshire And Merseyside  STP;360;352;897 876;;827 487;32 809;37 580
CCG;00L;E38000130;NHS Northumberland CCG;41;41;146 780;;132 164;3 240;11 376
CCG;00N;E38000163;NHS South Tyneside CCG;21;21;50 120;;47 113;1 497;1 510
CCG;00P;E38000176;NHS Sunderland CCG;39;38;106 576;;98 467;4 841;3 268
CCG;00Q;E38000014;NHS Blackburn with Darwen CCG;23;22;53 364;;49 516;2 653;1 195
CCG;00R;E38000015;NHS Blackpool CCG;18;17;70 289;;66 336;2 593;1 360
CCG;00T;E38000016;NHS Bolton CCG;49;48;112 444;;101 519;4 858;6 067
CCG;00V;E38000024;NHS Bury CCG;26;9;16 219;;12 884;701;2 634
CCG;00X;E38000034;NHS Chorley and South Ribble CCG;26;24;50 103;;46 280;1 644;2 179
CCG;00Y;E38000135;NHS Oldham CCG;42;40;74 325;;69 187;2 973;2 165
CCG;01A;E38000050;NHS East Lancashire CCG;48;47;120 918;;111 853;4 607;4 458
CCG;01D;E38000080;NHS Heywood, Middleton and Rochdale CCG;41;36;76 046;;70 581;2 951;2 514
CCG;01E;E38000227;NHS Greater Preston CCG;23;21;56 134;;52 234;2 043;1 857
CCG;01F;E38000068;NHS Halton CCG;14;14;44 517;;40 541;1 800;2 176
CCG;01G;E38000143;NHS Salford CCG;42;37;101 965;;88 787;4 977;8 201
CCG;01H;E38000215;NHS North Cumbria CCG;39;39;137 131;;126 940;4 195;5 996
CCG;01J;E38000091;NHS Knowsley CCG;25;25;59 834;;54 977;2 090;2 767
CCG;01K;E38000228;NHS Morecambe Bay CCG;35;32;114 919;;107 684;3 401;3 834
CCG;01T;E38000161;NHS South Sefton CCG;31;30;44 574;;42 215;1 480;879
CCG;01V;E38000170;NHS Southport and Formby CCG;17;17;43 005;;40 214;1 198;1 593
CCG;01W;E38000174;NHS Stockport CCG;37;34;105 419;;97 868;3 650;3 901
CCG;01X;E38000172;NHS St Helens CCG;34;33;59 994;;54 732;2 528;2 734
CCG;01Y;E38000182;NHS Tameside and Glossop CCG;37;37;81 595;;75 095;3 711;2 789
CCG;02A;E38000187;NHS Trafford CCG;30;25;38 961;;35 018;1 936;2 007
CCG;02E;E38000194;NHS Warrington CCG;26;26;80 452;;75 058;1 462;3 932
CCG;02G;E38000200;NHS West Lancashire CCG;15;14;40 148;;37 652;1 264;1 232
CCG;02H;E38000205;NHS Wigan Borough CCG;60;51;74 712;;66 107;3 017;5 588
CCG;02M;E38000226;NHS Fylde and Wyre CCG;19;17;65 368;;61 566;1 271;2 531
CCG;02P;E38000006;NHS Barnsley CCG;33;32;97 563;;87 676;2 601;7 286
CCG;02Q;E38000008;NHS Bassetlaw CCG;9;9;50 064;;44 410;1 264;4 390
CCG;02T;E38000025;NHS Calderdale CCG;22;21;72 164;;66 293;1 150;4 721
CCG;02X;E38000044;NHS Doncaster CCG;39;39;118 332;;108 767;2 866;6 699
CCG;02Y;E38000052;NHS East Riding of Yorkshire CCG;29;27;104 165;;95 811;2 099;6 255
CCG;03A;E38000064;NHS Greater Huddersfield CCG;38;37;93 822;;85 924;1 919;5 979
CCG;03F;E38000085;NHS Hull CCG;33;33;90 409;;78 590;3 566;8 253
CCG;03H;E38000119;NHS North East Lincolnshire CCG;26;24;71 966;;64 018;1 571;6 377
CCG;03J;E38000121;NHS North Kirklees CCG;28;27;78 982;;73 902;1 346;3 734
CCG;03K;E38000122;NHS North Lincolnshire CCG;19;19;78 547;;68 350;949;9 248
CCG;03L;E38000141;NHS Rotherham CCG;29;29;111 812;;99 459;2 875;9 478
CCG;03N;E38000146;NHS Sheffield CCG;79;79;240 444;;212 552;6 544;21 348
CCG;03Q;E38000188;NHS Vale of York CCG;26;24;108 870;;101 999;2 195;4 676
CCG;03R;E38000190;NHS Wakefield CCG;37;35;165 556;;147 842;3 282;14 432
CCG;03W;E38000051;NHS East Leicestershire and Rutland CCG;31;29;142 319;;132 166;3 463;6 690
CCG;04C;E38000097;NHS Leicester City CCG;57;57;152 906;;138 553;4 032;10 321
CCG;04F;E38000107;NHS Milton Keynes CCG;25;25;97 985;;88 145;1 995;7 845
CCG;04V;E38000201;NHS West Leicestershire CCG;46;46;156 085;;138 736;2 772;14 577
CCG;04Y;E38000028;NHS Cannock Chase CCG;24;23;44 522;;41 531;1 205;1 786
CCG;05A;E38000038;NHS Coventry and Rugby CCG;66;65;161 729;;150 061;6 311;5 357
CCG;05C;E38000046;NHS Dudley CCG;44;44;110 868;;100 585;5 991;4 292
CCG;05D;E38000053;NHS East Staffordshire CCG;18;17;45 971;;41 150;1 401;3 420
CCG;05G;E38000126;NHS North Staffordshire CCG;30;30;68 492;;64 844;1 715;1 933
CCG;05H;E38000195;NHS Warwickshire North CCG;25;23;58 041;;54 443;2 246;1 352
CCG;05L;E38000144;NHS Sandwell and West Birmingham CCG;78;74;198 367;;181 512;8 448;8 407
CCG;05N;E38000147;NHS Shropshire CCG;41;41;120 634;;113 632;3 206;3 796
CCG;05Q;E38000153;NHS South East Staffordshire and Seisdon Peninsula CCG;24;23;61 807;;57 569;1 883;2 355
CCG;05R;E38000164;NHS South Warwickshire CCG;32;32;114 059;;107 466;2 623;3 970
CCG;05V;E38000173;NHS Stafford and Surrounds CCG;14;14;51 959;;48 665;1 519;1 775
CCG;05W;E38000175;NHS Stoke on Trent CCG;40;39;80 755;;74 456;3 772;2 527
CCG;05X;E38000183;NHS Telford and Wrekin CCG;13;13;66 170;;62 660;2 251;1 259
CCG;05Y;E38000191;NHS Walsall CCG;52;50;99 684;;90 298;4 579;4 807
CCG;06A;E38000210;NHS Wolverhampton CCG;38;37;79 987;;74 363;3 332;2 292
CCG;06F;E38000010;NHS Bedfordshire CCG;47;46;182 790;;164 862;3 414;14 514
CCG;06H;E38000026;NHS Cambridgeshire and Peterborough CCG;86;86;369 922;;335 854;9 018;25 050
CCG;06K;E38000049;NHS East and North Hertfordshire CCG;54;51;194 551;;171 408;3 215;19 928
CCG;06L;E38000086;NHS Ipswich and East Suffolk CCG;39;38;165 112;;148 712;2 231;14 169
CCG;06N;E38000079;NHS Herts Valley CCG;56;55;190 698;;176 794;6 005;7 899
CCG;06P;E38000102;NHS Luton CCG;26;26;75 274;;69 787;2 196;3 291
CCG;06Q;E38000106;NHS Mid Essex CCG;42;39;141 482;;129 396;2 597;9 489
CCG;06T;E38000117;NHS North East Essex CCG;33;32;134 988;;125 973;3 185;5 830
CCG;07G;E38000185;NHS Thurrock CCG;27;27;66 976;;61 554;1 485;3 937
CCG;07H;E38000197;NHS West Essex CCG;30;30;108 761;;100 913;2 314;5 534
CCG;07K;E38000204;NHS West Suffolk CCG;24;24;92 827;;87 048;1 293;4 486
CCG;07L;E38000004;NHS Barking and Dagenham CCG;33;31;60 306;;55 022;2 301;2 983
CCG;07P;E38000020;NHS Brent CCG;52;52;124 837;;114 340;4 641;5 856
CCG;07T;E38000035;NHS City and Hackney CCG;40;38;101 952;;94 594;4 023;3 335
CCG;07W;E38000048;NHS Ealing CCG;76;74;149 022;;139 488;2 621;6 913
CCG;07Y;E38000084;NHS Hounslow CCG;46;46;99 547;;91 280;2 087;6 180
CCG;08C;E38000070;NHS Hammersmith and Fulham CCG;30;28;76 337;;71 403;1 368;3 566
CCG;08E;E38000074;NHS Harrow CCG;33;33;88 373;;82 096;3 139;3 138
CCG;08F;E38000077;NHS Havering CCG;41;39;74 397;;69 141;2 033;3 223
CCG;08G;E38000082;NHS Hillingdon CCG;45;45;91 233;;86 116;2 602;2 515
CCG;08M;E38000113;NHS Newham CCG;50;47;109 530;;100 204;4 817;4 509
CCG;08N;E38000138;NHS Redbridge CCG;42;40;84 167;;77 398;2 912;3 857
CCG;08V;E38000186;NHS Tower Hamlets CCG;36;34;112 291;;104 705;4 570;3 016
CCG;08W;E38000192;NHS Waltham Forest CCG;40;38;82 857;;78 526;2 050;2 281
CCG;08Y;E38000202;NHS West London CCG;42;42;99 421;;91 732;2 190;5 499
CCG;09A;E38000031;NHS Central London (Westminster) CCG;34;33;67 487;;62 990;1 840;2 657
CCG;09D;E38000021;NHS Brighton and Hove CCG;34;33;102 218;;92 697;1 981;7 540
CCG;10C;E38000178;NHS Surrey Heath CCG;7;6;27 297;;26 350;561;386
CCG;10J;E38000120;NHS North Hampshire CCG;15;15;79 713;;76 565;1 769;1 379
CCG;10K;E38000059;NHS Fareham and Gosport CCG;17;13;55 127;;52 761;1 099;1 267
CCG;10L;E38000087;NHS Isle of Wight CCG;12;12;63 829;;55 207;2 572;6 050
CCG;10Q;E38000136;NHS Oxfordshire CCG;68;67;267 448;;252 706;7 160;7 582
CCG;10R;E38000137;NHS Portsmouth CCG;14;13;70 331;;64 941;1 578;3 812
CCG;10V;E38000154;NHS South Eastern Hampshire CCG;20;20;74 015;;67 536;3 055;3 424
CCG;10X;E38000167;NHS Southampton CCG;26;22;73 723;;68 090;2 208;3 425
CCG;11A;E38000198;NHS West Hampshire CCG;46;43;186 076;;175 471;3 373;7 232
CCG;11J;E38000045;NHS Dorset CCG;80;79;328 559;;292 398;6 787;29 374
CCG;11M;E38000062;NHS Gloucestershire CCG;74;68;247 410;;223 286;5 198;18 926
CCG;11N;E38000089;NHS Kernow CCG;59;59;282 721;;253 484;14 975;14 262
CCG;11X;E38000150;NHS Somerset CCG;65;65;221 340;;206 701;7 097;7 542
CCG;12F;E38000208;NHS Wirral CCG;47;45;132 761;;120 645;4 907;7 209
CCG;13T;E38000212;NHS Newcastle Gateshead CCG;60;57;182 630;;168 304;5 346;8 980
CCG;14L;E38000217;NHS Manchester CCG;85;78;179 474;;165 676;7 980;5 818
CCG;14Y;E38000223;NHS Buckinghamshire CCG;49;47;180 617;;170 627;4 349;5 641
CCG;15A;E38000221;NHS Berkshire West CCG;46;44;176 542;;163 395;5 098;8 049
CCG;15C;E38000222;NHS Bristol, North Somerset and South Gloucestershire CCG;80;75;346 148;;325 259;10 927;9 962
CCG;15D;E38000224;NHS East Berkshire CCG;47;41;140 746;;132 327;4 704;3 715
CCG;15E;E38000220;NHS Birmingham and Solihull CCG;163;158;435 211;;398 365;17 007;19 839
CCG;15F;E38000225;NHS Leeds CCG;93;93;350 892;;315 446;9 087;26 359
CCG;15M;E38000229;NHS Derby and Derbyshire CCG;112;111;435 955;;388 922;8 613;38 420
CCG;15N;E38000230;NHS Devon CCG;124;121;562 839;;510 947;12 568;39 324
CCG;16C;E38000247;NHS Tees Valley CCG;81;80;287 521;;255 530;9 558;22 433
CCG;18C;E38000236;NHS Herefordshire and Worcestershire CCG;83;83;293 592;;277 631;8 510;7 451
CCG;26A;E38000239;NHS Norfolk and Waveney CCG;106;104;430 440;;390 263;9 165;31 012
CCG;27D;E38000233;NHS Cheshire CCG;79;77;244 911;;228 541;8 628;7 742
CCG;36J;E38000232;NHS Bradford District and Craven CCG;72;71;277 338;;248 419;4 346;24 573
CCG;36L;E38000245;NHS South West London CCG;184;173;495 530;;460 857;17 518;17 155
CCG;42D;E38000241;NHS North Yorkshire CCG;51;50;188 387;;163 215;3 215;21 957
CCG;52R;E38000243;NHS Nottingham and Nottinghamshire CCG;131;127;427 688;;378 900;10 968;37 820
CCG;70F;E38000248;NHS West Sussex CCG;81;80;329 124;;295 628;5 382;28 114
CCG;71E;E38000238;NHS Lincolnshire CCG;85;84;265 804;;239 887;6 550;19 367
CCG;72Q;E38000244;NHS South East London CCG;210;196;561 402;;519 396;21 783;20 223
CCG;78H;E38000242;NHS Northamptonshire CCG;70;67;283 937;;258 854;5 320;19 763
CCG;84H;E38000234;NHS County Durham CCG;63;63;258 402;;235 287;4 951;18 164
CCG;91Q;E38000237;NHS Kent and Medway CCG;204;187;582 485;;539 138;18 812;24 535
CCG;92A;E38000246;NHS Surrey Heartlands CCG;104;102;343 927;;323 231;10 347;10 349
CCG;92G;E38000231;NHS Bath and North East Somerset, Swindon and Wiltshire CCG;93;92;407 852;;368 603;6 830;32 419
CCG;93C;E38000240;NHS North Central London CCG;207;173;435 984;;405 129;16 157;14 698
CCG;97R;E38000235;NHS East Sussex CCG;61;59;211 547;;194 469;6 329;10 749
CCG;99A;E38000101;NHS Liverpool CCG;87;85;187 828;;170 564;8 716;8 548
CCG;99C;E38000127;NHS North Tyneside CCG;26;25;89 466;;81 322;2 139;6 005
CCG;99E;E38000007;NHS Basildon and Brentwood CCG;35;35;88 144;;79 772;1 033;7 339
CCG;99F;E38000030;NHS Castle Point and Rochford CCG;23;22;54 697;;50 227;505;3 965
CCG;99G;E38000168;NHS Southend CCG;27;26;57 957;;53 740;606;3 611
CCG;99M;E38000118;NHS North East Hampshire and Farnham CCG;20;17;66 701;;63 146;1 680;1 875
;;;;;;;;;;
;;;;;;;;;;
;;;;;;;;;;
Notes:;;;;;;;;;;
1;CCGs are only included if there is data for more than one practice within the CCG, therefore the total count of open GP practices by CCG may not equal the national total;;;;;;;;;
2;"At the time of the appointment a ‘Booked’ status will usually be changed to either ‘Attended’ or ‘DNA’. In some cases (4-7% of monthly appointments), the final status of an appointment remains as ‘Booked’. It is not known from the data whether these appointments were actually attended or not. From a sample audit these were found to be consultations where the status has not been updated to say if patients had attended or not. 
For this reason, these appointments are reported as ""Unknown"" status";;;;;;;;;
3;See 'Coronavirus Impact' tab for further information;;;;;;;;;
Copyright © 2020 Health and Social Care Information Centre. The Health and Social Care Information Centre is a non-departmental body created by statute, also known as NHS Digital.;;;;;;;;;;
;;;;;;;;;;
;;;;;;;;;;
;;;;;;;;;;
;;;;;;;;;;
;;;;;;;;;;
;;;;;;;;;;
;;;;;;;;;;
;;;;;;;;;;
;;;;;;;;;;
;;;;;;;;;;
;;;;;;;;;;
;;;;;;;;;;
;;;;;;;;;;
;;;;;;;;;;
;;;;;;;;;;
;;;;;;;;;;
;;;;;;;;;;
;;;;;;;;;;
;;;;;;;;;;
;;;;;;;;;;
;;;;;;;;;;
;;;;;;;;;;
;;;;;;;;;;
;;;;;;;;;;
;;;;;;;;;;
;;;;;;;;;;
;;;;;;;;;;
;;;;;;;;;;
;;;;;;;;;;
;;;;;;;;;;
;;;;;;;;;;
;;;;;;;;;;
;;;;;;;;;;
;;;;;;;;;;
;;;;;;;;;;
;;;;;;;;;;
;;;;;;;;;;
;;;;;;;;;;
;;;;;;;;;;
;;;;;;;;;;
;;;;;;;;;;
;;;;;;;;;;
;;;;;;;;;;
;;;;;;;;;;
;;;;;;;;;;
;;;;;;;;;;
;;;;;;;;;;
;;;;;;;;;;
;;;;;;;;;;
;;;;;;;;;;
;;;;;;;;;;
;;;;;;;;;;
;;;;;;;;;;
;;;;;;;;;;
;;;;;;;;;;
;;;;;;;;;;
;;;;;;;;;;
;;;;;;;;;;
;;;;;;;;;;
;;;;;;;;;;
;;;;;;;;;;
;;;;;;;;;;
;;;;;;;;;;
;;;;;;;;;;
;;;;;;;;;;
;;;;;;;;;;
;;;;;;;;;;
;;;;;;;;;;
;;;;;;;;;;
;;;;;;;;;;
;;;;;;;;;;
;;;;;;;;;;
;;;;;;;;;;
;;;;;;;;;;
;;;;;;;;;;
;;;;;;;;;;
;;;;;;;;;;
;;;;;;;;;;
;;;;;;;;;;
;;;;;;;;;;
;;;;;;;;;;
;;;;;;;;;;
;;;;;;;;;;
;;;;;;;;;;
;;;;;;;;;;
;;;;;;;;;;
;;;;;;;;;;
;;;;;;;;;;
;;;;;;;;;;
;;;;;;;;;;
;;;;;;;;;;
;;;;;;;;;;
;;;;;;;;;;
;;;;;;;;;;
;;;;;;;;;;
;;;;;;;;;;
;;;;;;;;;;
;;;;;;;;;;
;;;;;;;;;;
;;;;;;;;;;
;;;;;;;;;;
;;;;;;;;;;
;;;;;;;;;;
;;;;;;;;;;
;;;;;;;;;;
;;;;;;;;;;
;;;;;;;;;;
;;;;;;;;;;
;;;;;;;;;;
;;;;;;;;;;
;;;;;;;;;;
;;;;;;;;;;
;;;;;;;;;;
;;;;;;;;;;
;;;;;;;;;;
;;;;;;;;;;
;;;;;;;;;;
;;;;;;;;;;
;;;;;;;;;;
;;;;;;;;;;
;;;;;;;;;;
;;;;;;;;;;
;;;;;;;;;;
;;;;;;;;;;
;;;;;;;;;;
;;;;;;;;;;
;;;;;;;;;;
;;;;;;;;;;
;;;;;;;;;;
;;;;;;;;;;
;;;;;;;;;;
;;;;;;;;;;
;;;;;;;;;;
;;;;;;;;;;
;;;;;;;;;;
;;;;;;;;;;
;;;;;;;;;;
;;;;;;;;;;
;;;;;;;;;;
;;;;;;;;;;
;;;;;;;;;;
;;;;;;;;;;
;;;;;;;;;;
;;;;;;;;;;
;;;;;;;;;;
;;;;;;;;;;
;;;;;;;;;;
;;;;;;;;;;
;;;;;;;;;;
;;;;;;;;;;
;;;;;;;;;;
;;;;;;;;;;
;;;;;;;;;;
;;;;;;;;;;
;;;;;;;;;;
;;;;;;;;;;
;;;;;;;;;;
;;;;;;;;;;
;;;;;;;;;;
;;;;;;;;;;
;;;;;;;;;;
;;;;;;;;;;
;;;;;;;;;;
;;;;;;;;;;
;;;;;;;;;;
;;;;;;;;;;
;;;;;;;;;;
;;;;;;;;;;
;;;;;;;;;;
;;;;;;;;;;
;;;;;;;;;;
;;;;;;;;;;
;;;;;;;;;;
;;;;;;;;;;
;;;;;;;;;;
;;;;;;;;;;
;;;;;;;;;;
;;;;;;;;;;
;;;;;;;;;;
;;;;;;;;;;
;;;;;;;;;;
;;;;;;;;;;
;;;;;;;;;;
;;;;;;;;;;
;;;;;;;;;;
;;;;;;;;;;
;;;;;;;;;;
;;;;;;;;;;
;;;;;;;;;;
;;;;;;;;;;
;;;;;;;;;;
;;;;;;;;;;
;;;;;;;;;;
;;;;;;;;;;
;;;;;;;;;;
;;;;;;;;;;
;;;;;;;;;;
;;;;;;;;;;
;;;;;;;;;;
;;;;;;;;;;
;;;;;;;;;;
;;;;;;;;;;
;;;;;;;;;;
;;;;;;;;;;
;;;;;;;;;;
;;;;;;;;;;
;;;;;;;;;;
;;;;;;;;;;
;;;;;;;;;;
;;;;;;;;;;
;;;;;;;;;;
;;;;;;;;;;
;;;;;;;;;;
;;;;;;;;;;
;;;;;;;;;;
;;;;;;;;;;
;;;;;;;;;;
;;;;;;;;;;
;;;;;;;;;;
;;;;;;;;;;
;;;;;;;;;;
;;;;;;;;;;
;;;;;;;;;;
;;;;;;;;;;
;;;;;;;;;;
;;;;;;;;;;
;;;;;;;;;;
;;;;;;;;;;
;;;;;;;;;;
;;;;;;;;;;
;;;;;;;;;;
;;;;;;;;;;
;;;;;;;;;;
;;;;;;;;;;
;;;;;;;;;;
;;;;;;;;;;
;;;;;;;;;;
;;;;;;;;;;
;;;;;;;;;;
;;;;;;;;;;
;;;;;;;;;;
;;;;;;;;;;
;;;;;;;;;;
;;;;;;;;;;
;;;;;;;;;;
;;;;;;;;;;
;;;;;;;;;;
;;;;;;;;;;
;;;;;;;;;;
;;;;;;;;;;
;;;;;;;;;;
;;;;;;;;;;
;;;;;;;;;;
;;;;;;;;;;
;;;;;;;;;;
;;;;;;;;;;
;;;;;;;;;;
;;;;;;;;;;
;;;;;;;;;;
;;;;;;;;;;
;;;;;;;;;;
;;;;;;;;;;
;;;;;;;;;;
;;;;;;;;;;
;;;;;;;;;;
;;;;;;;;;;
;;;;;;;;;;
;;;;;;;;;;
;;;;;;;;;;
;;;;;;;;;;
;;;;;;;;;;
;;;;;;;;;;
;;;;;;;;;;
;;;;;;;;;;
;;;;;;;;;;
;;;;;;;;;;
;;;;;;;;;;
;;;;;;;;;;
;;;;;;;;;;
;;;;;;;;;;
;;;;;;;;;;
;;;;;;;;;;
;;;;;;;;;;
;;;;;;;;;;
;;;;;;;;;;
;;;;;;;;;;
;;;;;;;;;;
;;;;;;;;;;
;;;;;;;;;;
;;;;;;;;;;
;;;;;;;;;;
;;;;;;;;;;
;;;;;;;;;;
;;;;;;;;;;
;;;;;;;;;;
;;;;;;;;;;
;;;;;;;;;;
;;;;;;;;;;
;;;;;;;;;;
;;;;;;;;;;
;;;;;;;;;;
;;;;;;;;;;
;;;;;;;;;;
;;;;;;;;;;
;;;;;;;;;;
;;;;;;;;;;
;;;;;;;;;;
;;;;;;;;;;
;;;;;;;;;;
;;;;;;;;;;
;;;;;;;;;;
;;;;;;;;;;
;;;;;;;;;;
;;;;;;;;;;
;;;;;;;;;;
;;;;;;;;;;
;;;;;;;;;;
;;;;;;;;;;
;;;;;;;;;;
;;;;;;;;;;
;;;;;;;;;;
;;;;;;;;;;
;;;;;;;;;;
;;;;;;;;;;
;;;;;;;;;;
;;;;;;;;;;
;;;;;;;;;;
;;;;;;;;;;
;;;;;;;;;;
;;;;;;;;;;
;;;;;;;;;;
;;;;;;;;;;
;;;;;;;;;;
;;;;;;;;;;
;;;;;;;;;;
;;;;;;;;;;
;;;;;;;;;;
;;;;;;;;;;
;;;;;;;;;;
;;;;;;;;;;
;;;;;;;;;;
;;;;;;;;;;
;;;;;;;;;;
;;;;;;;;;;
;;;;;;;;;;
;;;;;;;;;;
;;;;;;;;;;
;;;;;;;;;;
;;;;;;;;;;
;;;;;;;;;;
;;;;;;;;;;
;;;;;;;;;;
;;;;;;;;;;
;;;;;;;;;;
;;;;;;;;;;
;;;;;;;;;;
;;;;;;;;;;
;;;;;;;;;;
;;;;;;;;;;
;;;;;;;;;;
;;;;;;;;;;
;;;;;;;;;;
;;;;;;;;;;
;;;;;;;;;;
;;;;;;;;;;
;;;;;;;;;;
;;;;;;;;;;
;;;;;;;;;;
;;;;;;;;;;
;;;;;;;;;;
;;;;;;;;;;
;;;;;;;;;;
;;;;;;;;;;
;;;;;;;;;;
;;;;;;;;;;
;;;;;;;;;;
;;;;;;;;;;
;;;;;;;;;;
;;;;;;;;;;
;;;;;;;;;;
;;;;;;;;;;
;;;;;;;;;;
;;;;;;;;;;
;;;;;;;;;;
;;;;;;;;;;
;;;;;;;;;;
;;;;;;;;;;
;;;;;;;;;;
;;;;;;;;;;
;;;;;;;;;;
;;;;;;;;;;
;;;;;;;;;;
;;;;;;;;;;
;;;;;;;;;;
;;;;;;;;;;
;;;;;;;;;;
;;;;;;;;;;
;;;;;;;;;;
;;;;;;;;;;
;;;;;;;;;;
;;;;;;;;;;
;;;;;;;;;;
;;;;;;;;;;
;;;;;;;;;;
;;;;;;;;;;
;;;;;;;;;;
;;;;;;;;;;
;;;;;;;;;;
;;;;;;;;;;
;;;;;;;;;;
;;;;;;;;;;
;;;;;;;;;;
;;;;;;;;;;
;;;;;;;;;;
;;;;;;;;;;
;;;;;;;;;;
;;;;;;;;;;
;;;;;;;;;;
;;;;;;;;;;
;;;;;;;;;;
;;;;;;;;;;
;;;;;;;;;;
;;;;;;;;;;
;;;;;;;;;;
;;;;;;;;;;
;;;;;;;;;;
;;;;;;;;;;
;;;;;;;;;;
;;;;;;;;;;
;;;;;;;;;;
;;;;;;;;;;
;;;;;;;;;;
;;;;;;;;;;
;;;;;;;;;;
;;;;;;;;;;
;;;;;;;;;;
;;;;;;;;;;
;;;;;;;;;;
;;;;;;;;;;
;;;;;;;;;;
;;;;;;;;;;
;;;;;;;;;;
;;;;;;;;;;
;;;;;;;;;;
;;;;;;;;;;
;;;;;;;;;;
;;;;;;;;;;
;;;;;;;;;;
;;;;;;;;;;
;;;;;;;;;;
;;;;;;;;;;
;;;;;;;;;;
;;;;;;;;;;
;;;;;;;;;;
;;;;;;;;;;
;;;;;;;;;;
;;;;;;;;;;
;;;;;;;;;;
;;;;;;;;;;
;;;;;;;;;;
;;;;;;;;;;
;;;;;;;;;;
;;;;;;;;;;
;;;;;;;;;;
;;;;;;;;;;
;;;;;;;;;;
;;;;;;;;;;
;;;;;;;;;;
;;;;;;;;;;
;;;;;;;;;;
;;;;;;;;;;
;;;;;;;;;;
;;;;;;;;;;
;;;;;;;;;;
;;;;;;;;;;
;;;;;;;;;;
;;;;;;;;;;
;;;;;;;;;;
;;;;;;;;;;
;;;;;;;;;;
;;;;;;;;;;
;;;;;;;;;;
;;;;;;;;;;
;;;;;;;;;;
;;;;;;;;;;
;;;;;;;;;;
;;;;;;;;;;
;;;;;;;;;;
;;;;;;;;;;
;;;;;;;;;;
;;;;;;;;;;
;;;;;;;;;;
;;;;;;;;;;
;;;;;;;;;;
;;;;;;;;;;
;;;;;;;;;;
;;;;;;;;;;
;;;;;;;;;;
;;;;;;;;;;
;;;;;;;;;;
;;;;;;;;;;
;;;;;;;;;;
;;;;;;;;;;
;;;;;;;;;;
;;;;;;;;;;
;;;;;;;;;;
;;;;;;;;;;
;;;;;;;;;;
;;;;;;;;;;
;;;;;;;;;;
;;;;;;;;;;
;;;;;;;;;;
;;;;;;;;;;
;;;;;;;;;;
;;;;;;;;;;
;;;;;;;;;;
;;;;;;;;;;
;;;;;;;;;;
;;;;;;;;;;
;;;;;;;;;;
;;;;;;;;;;
;;;;;;;;;;
;;;;;;;;;;
;;;;;;;;;;
;;;;;;;;;;
;;;;;;;;;;
;;;;;;;;;;
;;;;;;;;;;
;;;;;;;;;;
;;;;;;;;;;
;;;;;;;;;;
;;;;;;;;;;
;;;;;;;;;;
;;;;;;;;;;
;;;;;;;;;;
;;;;;;;;;;
;;;;;;;;;;
;;;;;;;;;;
;;;;;;;;;;
;;;;;;;;;;
;;;;;;;;;;
;;;;;;;;;;
;;;;;;;;;;
;;;;;;;;;;
;;;;;;;;;;
;;;;;;;;;;
;;;;;;;;;;
;;;;;;;;;;
;;;;;;;;;;
;;;;;;;;;;
;;;;;;;;;;
;;;;;;;;;;
;;;;;;;;;;
;;;;;;;;;;
;;;;;;;;;;
;;;;;;;;;;
;;;;;;;;;;
;;;;;;;;;;
;;;;;;;;;;
;;;;;;;;;;
;;;;;;;;;;
;;;;;;;;;;
;;;;;;;;;;
;;;;;;;;;;
;;;;;;;;;;
;;;;;;;;;;