﻿;;;;;;;;;;
;;;;;;;;;;
;;;;;;;;;;
;;;;;;;;;;
;;;;;;;;;;
Return to Contents;;;;;;;;;;
_;;;;;;;;;;
Table 3a: Appointments by Status, at National, Regional, STP and CCG level, England, December 2020;;;;;;;;;;
;;;;Count of Open GP Practices1;Count of Included GP Practices;Count of Appointments;;"Count of Appointments by 
Appointment Status";;
Type;NHS Area Code;ONS Code;Name;;;Total;;Attended;DNA;Unknown2
Type;NHS Area Code;ONS Code;Name;Open Active Practices;Included Practices;Total;_;Attended;DNA;Unknown
National;ENG;ENG;England;6 670;6 537;23 736 340;;21 656 353;1 047 984;1 032 003
Region;Y56;E40000003;London;1 232;1 191;3 348 377;;3 033 736;170 796;143 845
Region;Y58;E40000006;South West;570;565;2 722 424;;2 493 916;114 251;114 257
Region;Y59;E40000005;South East;856;841;3 643 192;;3 301 152;165 328;176 712
Region;Y60;E40000008;Midlands;1 305;1 293;4 545 721;;4 148 070;207 754;189 897
Region;Y61;E40000007;East of England;678;665;2 781 557;;2 569 320;103 915;108 322
Region;Y62;E40000010;North West;1 005;973;2 793 063;;2 496 505;143 071;153 487
Region;Y63;E40000009;North East and Yorkshire;1 024;1 009;3 902 006;;3 613 654;142 869;145 483
STP;QE1;E54000048;Healthier Lancashire And South Cumbria  STP;203;202;698 369;;626 229;30 683;41 457
STP;QF7;E54000009;South Yorkshire And Bassetlaw  STP;187;187;661 794;;610 579;26 587;24 628
STP;QGH;E54000019;Herefordshire And Worcestershire  STP;81;81;377 434;;342 711;17 454;17 269
STP;QH8;E54000026;Mid And South Essex  STP;154;150;442 202;;408 816;12 276;21 110
STP;QHG;E54000024;Bedfordshire, Luton And Milton Keynes  STP;99;97;394 866;;367 844;14 940;12 082
STP;QHL;E54000017;Birmingham And Solihull  STP;163;159;497 064;;447 464;28 002;21 598
STP;QHM;E54000050;Cumbria And North East  STP;367;362;1 372 407;;1 265 057;54 158;53 192
STP;QJ2;E54000012;Joined Up Care Derbyshire  STP;112;112;487 642;;449 567;15 748;22 327
STP;QJG;E54000023;Suffolk And North East Essex  STP;96;94;449 615;;420 296;15 705;13 614
STP;QJK;E54000037;Devon  STP;123;121;624 846;;573 516;24 584;26 746
STP;QJM;E54000013;Lincolnshire  STP;85;85;324 692;;301 717;12 248;10 727
STP;QK1;E54000015;Leicester, Leicestershire And Rutland  STP;134;132;482 582;;452 557;16 514;13 511
STP;QKK;E54000030;Our Healthier South East London  STP;208;199;635 070;;567 574;36 202;31 294
STP;QKS;E54000032;Kent And Medway  STP;199;192;717 267;;636 445;32 931;47 891
STP;QM7;E54000025;Hertfordshire And West Essex  STP;138;135;573 683;;519 509;27 881;26 293
STP;QMF;E54000029;East London Health And Care Partnership  STP;280;276;733 895;;660 410;43 175;30 310
STP;QMJ;E54000028;North London Partners In Health And Care  STP;205;185;520 462;;472 653;24 901;22 908
STP;QMM;E54000022;Norfolk And Waveney Health And Care Partnership  STP;106;104;510 087;;469 448;19 129;21 510
STP;QNC;E54000010;Staffordshire And Stoke On Trent  STP;148;147;428 198;;379 168;22 981;26 049
STP;QNQ;E54000034;Frimley Health And Care Ics  STP;74;72;304 811;;277 440;16 230;11 141
STP;QNX;E54000053;Sussex And East Surrey Health And Care Partnership  STP;170;168;717 277;;659 154;25 040;33 083
STP;QOC;E54000011;Shropshire And Telford And Wrekin  STP;54;53;210 207;;194 421;8 281;7 505
STP;QOP;E54000007;Greater Manchester Health And Social Care Partnership  STP;443;416;1 030 569;;914 675;59 037;56 857
STP;QOQ;E54000051;Humber, Coast And Vale  STP;183;180;726 361;;675 205;25 549;25 607
STP;QOX;E54000040;Bath And North East Somerset, Swindon And Wiltshire  STP;93;92;448 563;;421 028;16 896;10 639
STP;QPM;E54000020;Northamptonshire  STP;70;69;321 797;;300 788;11 017;9 992
STP;QR1;E54000043;Gloucestershire  STP;73;72;307 425;;283 183;11 464;12 778
STP;QRL;E54000042;Hampshire And The Isle Of Wight  STP;149;147;757 824;;685 686;37 323;34 815
STP;QRV;E54000027;North West London Health And Care Partnership  STP;356;352;889 322;;817 664;37 854;33 804
STP;QSL;E54000038;Somerset  STP;65;65;266 761;;234 954;14 985;16 822
STP;QT1;E54000014;Nottingham And Nottinghamshire Health And Care  STP;127;126;465 913;;434 667;18 088;13 158
STP;QT6;E54000036;Cornwall And The Isles Of Scilly Health And Social Care Partnership  STP;59;59;308 785;;283 333;11 926;13 526
STP;QU9;E54000044;Buckinghamshire, Oxfordshire And Berkshire West  STP;160;159;745 396;;676 513;35 363;33 520
STP;QUA;E54000016;The Black Country And West Birmingham  STP;208;206;553 655;;489 529;34 252;29 874
STP;QUE;E54000021;Cambridgeshire And Peterborough  STP;85;85;411 104;;383 407;13 984;13 713
STP;QUY;E54000039;Bristol, North Somerset And South Gloucestershire  STP;78;77;415 674;;371 108;23 616;20 950
STP;QVV;E54000041;Dorset  STP;79;79;350 370;;326 794;10 780;12 796
STP;QWE;E54000031;South West London Health And Care Partnership  STP;183;179;569 628;;515 435;28 664;25 529
STP;QWO;E54000054;West Yorkshire And Harrogate (Health And Care Partnership)  STP;287;280;1 141 444;;1 062 813;36 575;42 056
STP;QWU;E54000018;Coventry And Warwickshire  STP;123;123;396 537;;355 481;23 169;17 887
STP;QXU;E54000052;Surrey Heartlands Health And Care Partnership  STP;104;103;400 617;;365 914;18 441;16 262
STP;QYG;E54000008;Cheshire And Merseyside  STP;359;355;1 064 125;;955 601;53 351;55 173
CCG;00L;E38000130;NHS Northumberland CCG;40;39;151 609;;143 312;4 209;4 088
CCG;00N;E38000163;NHS South Tyneside CCG;21;21;55 725;;51 578;1 968;2 179
CCG;00P;E38000176;NHS Sunderland CCG;39;38;113 050;;104 113;5 364;3 573
CCG;00Q;E38000014;NHS Blackburn with Darwen CCG;23;23;64 048;;59 152;2 739;2 157
CCG;00R;E38000015;NHS Blackpool CCG;18;17;76 146;;69 523;3 558;3 065
CCG;00T;E38000016;NHS Bolton CCG;49;49;128 668;;115 523;7 360;5 785
CCG;00V;E38000024;NHS Bury CCG;26;13;26 247;;19 321;1 899;5 027
CCG;00X;E38000034;NHS Chorley and South Ribble CCG;26;26;71 274;;63 742;3 418;4 114
CCG;00Y;E38000135;NHS Oldham CCG;41;41;93 020;;82 271;6 385;4 364
CCG;01A;E38000050;NHS East Lancashire CCG;48;48;138 288;;125 145;5 576;7 567
CCG;01D;E38000080;NHS Heywood, Middleton and Rochdale CCG;41;36;83 961;;76 995;3 983;2 983
CCG;01E;E38000227;NHS Greater Preston CCG;22;22;76 362;;67 115;4 028;5 219
CCG;01F;E38000068;NHS Halton CCG;14;14;52 297;;46 356;3 381;2 560
CCG;01G;E38000143;NHS Salford CCG;38;33;86 960;;75 396;5 484;6 080
CCG;01H;E38000215;NHS North Cumbria CCG;39;39;156 205;;140 323;6 467;9 415
CCG;01J;E38000091;NHS Knowsley CCG;25;25;63 386;;57 428;3 638;2 320
CCG;01K;E38000228;NHS Morecambe Bay CCG;32;32;143 556;;126 266;5 260;12 030
CCG;01T;E38000161;NHS South Sefton CCG;31;30;48 258;;44 749;2 028;1 481
CCG;01V;E38000170;NHS Southport and Formby CCG;17;17;50 329;;46 396;1 782;2 151
CCG;01W;E38000174;NHS Stockport CCG;37;36;132 002;;120 831;5 604;5 567
CCG;01X;E38000172;NHS St Helens CCG;33;32;66 203;;59 045;3 513;3 645
CCG;01Y;E38000182;NHS Tameside and Glossop CCG;37;37;92 660;;82 441;5 281;4 938
CCG;02A;E38000187;NHS Trafford CCG;30;30;62 787;;52 126;3 988;6 673
CCG;02E;E38000194;NHS Warrington CCG;26;26;92 904;;85 330;2 900;4 674
CCG;02G;E38000200;NHS West Lancashire CCG;15;15;46 501;;41 120;2 635;2 746
CCG;02H;E38000205;NHS Wigan Borough CCG;59;57;90 829;;81 193;4 492;5 144
CCG;02M;E38000226;NHS Fylde and Wyre CCG;19;19;82 194;;74 166;3 469;4 559
CCG;02P;E38000006;NHS Barnsley CCG;32;32;108 148;;99 069;4 229;4 850
CCG;02Q;E38000008;NHS Bassetlaw CCG;9;9;52 748;;49 044;1 812;1 892
CCG;02T;E38000025;NHS Calderdale CCG;22;21;88 904;;82 759;2 866;3 279
CCG;02X;E38000044;NHS Doncaster CCG;39;39;132 117;;121 878;6 218;4 021
CCG;02Y;E38000052;NHS East Riding of Yorkshire CCG;29;29;118 114;;111 386;3 308;3 420
CCG;03A;E38000064;NHS Greater Huddersfield CCG;37;36;103 037;;97 185;2 886;2 966
CCG;03F;E38000085;NHS Hull CCG;33;32;101 367;;92 107;5 870;3 390
CCG;03H;E38000119;NHS North East Lincolnshire CCG;25;24;81 458;;76 000;2 231;3 227
CCG;03J;E38000121;NHS North Kirklees CCG;28;27;93 433;;87 690;2 687;3 056
CCG;03K;E38000122;NHS North Lincolnshire CCG;19;19;85 194;;79 124;2 018;4 052
CCG;03L;E38000141;NHS Rotherham CCG;29;29;118 363;;109 062;4 456;4 845
CCG;03N;E38000146;NHS Sheffield CCG;78;78;250 418;;231 526;9 872;9 020
CCG;03Q;E38000188;NHS Vale of York CCG;26;25;137 871;;129 068;5 469;3 334
CCG;03R;E38000190;NHS Wakefield CCG;36;34;175 522;;164 795;5 134;5 593
CCG;03W;E38000051;NHS East Leicestershire and Rutland CCG;31;29;152 811;;143 725;5 280;3 806
CCG;04C;E38000097;NHS Leicester City CCG;57;57;162 156;;150 281;6 170;5 705
CCG;04F;E38000107;NHS Milton Keynes CCG;26;25;109 044;;101 619;4 534;2 891
CCG;04V;E38000201;NHS West Leicestershire CCG;46;46;167 615;;158 551;5 064;4 000
CCG;04Y;E38000028;NHS Cannock Chase CCG;23;22;54 156;;47 753;2 017;4 386
CCG;05A;E38000038;NHS Coventry and Rugby CCG;66;66;182 395;;164 083;11 852;6 460
CCG;05C;E38000046;NHS Dudley CCG;43;43;127 573;;107 680;9 235;10 658
CCG;05D;E38000053;NHS East Staffordshire CCG;18;18;57 913;;49 388;4 283;4 242
CCG;05G;E38000126;NHS North Staffordshire CCG;30;30;77 247;;70 267;3 516;3 464
CCG;05H;E38000195;NHS Warwickshire North CCG;25;25;75 137;;66 966;5 321;2 850
CCG;05L;E38000144;NHS Sandwell and West Birmingham CCG;75;74;217 496;;197 886;13 128;6 482
CCG;05N;E38000147;NHS Shropshire CCG;41;40;138 974;;127 727;5 511;5 736
CCG;05Q;E38000153;NHS South East Staffordshire and Seisdon Peninsula CCG;24;24;79 459;;72 124;3 402;3 933
CCG;05R;E38000164;NHS South Warwickshire CCG;32;32;139 005;;124 432;5 996;8 577
CCG;05V;E38000173;NHS Stafford and Surrounds CCG;14;14;61 747;;55 585;3 074;3 088
CCG;05W;E38000175;NHS Stoke on Trent CCG;39;39;97 676;;84 051;6 689;6 936
CCG;05X;E38000183;NHS Telford and Wrekin CCG;13;13;71 233;;66 694;2 770;1 769
CCG;05Y;E38000191;NHS Walsall CCG;52;52;119 024;;104 447;7 267;7 310
CCG;06A;E38000210;NHS Wolverhampton CCG;38;37;89 562;;79 516;4 622;5 424
CCG;06F;E38000010;NHS Bedfordshire CCG;47;46;201 866;;189 197;6 692;5 977
CCG;06H;E38000026;NHS Cambridgeshire and Peterborough CCG;85;85;411 104;;383 407;13 984;13 713
CCG;06K;E38000049;NHS East and North Hertfordshire CCG;53;50;227 071;;206 786;10 989;9 296
CCG;06L;E38000086;NHS Ipswich and East Suffolk CCG;39;38;184 275;;172 826;4 827;6 622
CCG;06N;E38000079;NHS Herts Valley CCG;55;55;233 308;;207 339;12 478;13 491
CCG;06P;E38000102;NHS Luton CCG;26;26;83 956;;77 028;3 714;3 214
CCG;06Q;E38000106;NHS Mid Essex CCG;42;39;151 751;;138 665;4 626;8 460
CCG;06T;E38000117;NHS North East Essex CCG;33;32;156 588;;144 406;7 327;4 855
CCG;07G;E38000185;NHS Thurrock CCG;27;27;68 250;;64 528;1 585;2 137
CCG;07H;E38000197;NHS West Essex CCG;30;30;113 304;;105 384;4 414;3 506
CCG;07K;E38000204;NHS West Suffolk CCG;24;24;108 752;;103 064;3 551;2 137
CCG;07L;E38000004;NHS Barking and Dagenham CCG;33;33;70 186;;61 586;4 601;3 999
CCG;07P;E38000020;NHS Brent CCG;51;51;141 479;;125 089;7 493;8 897
CCG;07T;E38000035;NHS City and Hackney CCG;40;40;120 133;;109 019;7 162;3 952
CCG;07W;E38000048;NHS Ealing CCG;76;74;168 534;;158 326;6 055;4 153
CCG;07Y;E38000084;NHS Hounslow CCG;46;46;107 421;;100 301;3 784;3 336
CCG;08C;E38000070;NHS Hammersmith and Fulham CCG;30;28;81 668;;75 458;2 625;3 585
CCG;08E;E38000074;NHS Harrow CCG;33;33;101 389;;91 541;5 617;4 231
CCG;08F;E38000077;NHS Havering CCG;41;41;90 270;;79 323;5 847;5 100
CCG;08G;E38000082;NHS Hillingdon CCG;45;45;106 927;;98 698;5 006;3 223
CCG;08M;E38000113;NHS Newham CCG;49;46;124 940;;112 729;7 764;4 447
CCG;08N;E38000138;NHS Redbridge CCG;42;42;108 094;;96 760;6 183;5 151
CCG;08V;E38000186;NHS Tower Hamlets CCG;36;35;132 319;;119 611;7 917;4 791
CCG;08W;E38000192;NHS Waltham Forest CCG;39;39;87 953;;81 382;3 701;2 870
CCG;08Y;E38000202;NHS West London CCG;41;41;106 777;;98 598;4 088;4 091
CCG;09A;E38000031;NHS Central London (Westminster) CCG;34;34;75 127;;69 653;3 186;2 288
CCG;09D;E38000021;NHS Brighton and Hove CCG;34;34;114 969;;106 139;4 287;4 543
CCG;10C;E38000178;NHS Surrey Heath CCG;7;7;43 168;;39 727;2 193;1 248
CCG;10J;E38000120;NHS North Hampshire CCG;15;15;89 580;;83 564;3 059;2 957
CCG;10K;E38000059;NHS Fareham and Gosport CCG;17;16;82 011;;72 604;4 810;4 597
CCG;10L;E38000087;NHS Isle of Wight CCG;12;12;70 885;;64 178;4 032;2 675
CCG;10Q;E38000136;NHS Oxfordshire CCG;67;67;316 694;;287 766;16 234;12 694
CCG;10R;E38000137;NHS Portsmouth CCG;13;13;78 857;;72 595;3 976;2 286
CCG;10V;E38000154;NHS South Eastern Hampshire CCG;20;20;93 586;;79 529;7 031;7 026
CCG;10X;E38000167;NHS Southampton CCG;26;26;112 307;;102 984;5 227;4 096
CCG;11A;E38000198;NHS West Hampshire CCG;46;45;230 598;;210 232;9 188;11 178
CCG;11J;E38000045;NHS Dorset CCG;79;79;350 370;;326 794;10 780;12 796
CCG;11M;E38000062;NHS Gloucestershire CCG;73;72;307 425;;283 183;11 464;12 778
CCG;11N;E38000089;NHS Kernow CCG;59;59;308 785;;283 333;11 926;13 526
CCG;11X;E38000150;NHS Somerset CCG;65;65;266 761;;234 954;14 985;16 822
CCG;12F;E38000208;NHS Wirral CCG;47;47;164 201;;146 149;8 051;10 001
CCG;13T;E38000212;NHS Newcastle Gateshead CCG;60;60;214 478;;193 859;8 984;11 635
CCG;14L;E38000217;NHS Manchester CCG;85;84;233 435;;208 578;14 561;10 296
CCG;14Y;E38000223;NHS Buckinghamshire CCG;48;48;214 150;;196 559;8 343;9 248
CCG;15A;E38000221;NHS Berkshire West CCG;45;44;214 552;;192 188;10 786;11 578
CCG;15C;E38000222;NHS Bristol, North Somerset and South Gloucestershire CCG;78;77;415 674;;371 108;23 616;20 950
CCG;15D;E38000224;NHS East Berkshire CCG;47;45;166 991;;151 812;7 992;7 187
CCG;15E;E38000220;NHS Birmingham and Solihull CCG;163;159;497 064;;447 464;28 002;21 598
CCG;15F;E38000225;NHS Leeds CCG;93;93;373 177;;344 468;14 177;14 532
CCG;15M;E38000229;NHS Derby and Derbyshire CCG;112;112;487 642;;449 567;15 748;22 327
CCG;15N;E38000230;NHS Devon CCG;123;121;624 846;;573 516;24 584;26 746
CCG;16C;E38000247;NHS Tees Valley CCG;81;79;309 242;;282 351;14 249;12 642
CCG;18C;E38000236;NHS Herefordshire CCG;81;81;377 434;;342 711;17 454;17 269
CCG;26A;E38000239;NHS Norfolk and Waveney CCG;106;104;510 087;;469 448;19 129;21 510
CCG;27D;E38000233;NHS Cheshire CCG;79;79;318 953;;282 229;17 023;19 701
CCG;36J;E38000232;NHS Bradford District and Craven CCG;71;69;307 371;;285 916;8 825;12 630
CCG;36L;E38000245;NHS South West London CCG;183;179;569 628;;515 435;28 664;25 529
CCG;42D;E38000241;NHS North Yorkshire CCG;51;51;202 357;;187 520;6 653;8 184
CCG;52R;E38000243;NHS Nottingham and Nottinghamshire CCG;127;126;465 913;;434 667;18 088;13 158
CCG;70F;E38000248;NHS West Sussex CCG;80;78;358 691;;334 077;10 525;14 089
CCG;71E;E38000238;NHS Lincolnshire CCG;85;85;324 692;;301 717;12 248;10 727
CCG;72Q;E38000244;NHS South East London CCG;208;199;635 070;;567 574;36 202;31 294
CCG;78H;E38000242;NHS Northamptonshire CCG;70;69;321 797;;300 788;11 017;9 992
CCG;84H;E38000234;NHS County Durham CCG;62;61;280 372;;263 928;9 166;7 278
CCG;91Q;E38000237;NHS Kent and Medway CCG;199;192;717 267;;636 445;32 931;47 891
CCG;92A;E38000246;NHS Surrey Heartlands CCG;104;103;400 617;;365 914;18 441;16 262
CCG;92G;E38000231;NHS Bath and North East Somerset, Swindon and Wiltshire CCG;93;92;448 563;;421 028;16 896;10 639
CCG;93C;E38000240;NHS North Central London CCG;205;185;520 462;;472 653;24 901;22 908
CCG;97R;E38000235;NHS East Sussex CCG;56;56;243 617;;218 938;10 228;14 451
CCG;99A;E38000101;NHS Liverpool CCG;87;85;207 594;;187 919;11 035;8 640
CCG;99C;E38000127;NHS North Tyneside CCG;25;25;91 726;;85 593;3 751;2 382
CCG;99E;E38000007;NHS Basildon and Brentwood CCG;35;35;98 928;;91 600;2 256;5 072
CCG;99F;E38000030;NHS Castle Point and Rochford CCG;23;23;62 290;;56 898;1 766;3 626
CCG;99G;E38000168;NHS Southend CCG;27;26;60 983;;57 125;2 043;1 815
CCG;99M;E38000118;NHS North East Hampshire and Farnham CCG;20;20;94 652;;85 901;6 045;2 706
;;;;;;;;;;
;;;;;;;;;;
;;;;;;;;;;
Notes:;;;;;;;;;;
1;CCGs are only included if there is data for more than one practice within the CCG, therefore the total count of open GP practices by CCG may not equal the national total;;;;;;;;;
2;"At the time of the appointment a ‘Booked’ status will usually be changed to either ‘Attended’ or ‘DNA’. In some cases (4-7% of monthly appointments), the final status of an appointment remains as ‘Booked’. It is not known from the data whether these appointments were actually attended or not. From a sample audit these were found to be consultations where the status has not been updated to say if patients had attended or not. 
For this reason, these appointments are reported as ""Unknown"" status";;;;;;;;;
_;See 'Coronavirus Impact' tab for further information;;;;;;;;;
Copyright © 2021 Health and Social Care Information Centre. The Health and Social Care Information Centre is a non-departmental body created by statute, also known as NHS Digital.;;;;;;;;;;
;;;;;;;;;;
;;;;;;;;;;
;;;;;;;;;;
;;;;;;;;;;
;;;;;;;;;;
;;;;;;;;;;
;;;;;;;;;;
;;;;;;;;;;
;;;;;;;;;;
;;;;;;;;;;
;;;;;;;;;;
;;;;;;;;;;
;;;;;;;;;;
;;;;;;;;;;
;;;;;;;;;;
;;;;;;;;;;
;;;;;;;;;;
;;;;;;;;;;
;;;;;;;;;;
;;;;;;;;;;
;;;;;;;;;;
;;;;;;;;;;
;;;;;;;;;;
;;;;;;;;;;
;;;;;;;;;;
;;;;;;;;;;
;;;;;;;;;;
;;;;;;;;;;
;;;;;;;;;;
;;;;;;;;;;
;;;;;;;;;;
;;;;;;;;;;
;;;;;;;;;;
;;;;;;;;;;
;;;;;;;;;;
;;;;;;;;;;
;;;;;;;;;;
;;;;;;;;;;
;;;;;;;;;;
;;;;;;;;;;
;;;;;;;;;;
;;;;;;;;;;
;;;;;;;;;;
;;;;;;;;;;
;;;;;;;;;;
;;;;;;;;;;
;;;;;;;;;;
;;;;;;;;;;
;;;;;;;;;;
;;;;;;;;;;
;;;;;;;;;;
;;;;;;;;;;
;;;;;;;;;;
;;;;;;;;;;
;;;;;;;;;;
;;;;;;;;;;
;;;;;;;;;;
;;;;;;;;;;
;;;;;;;;;;
;;;;;;;;;;
;;;;;;;;;;
;;;;;;;;;;
;;;;;;;;;;
;;;;;;;;;;
;;;;;;;;;;
;;;;;;;;;;
;;;;;;;;;;
;;;;;;;;;;
;;;;;;;;;;
;;;;;;;;;;
;;;;;;;;;;
;;;;;;;;;;
;;;;;;;;;;
;;;;;;;;;;
;;;;;;;;;;
;;;;;;;;;;
;;;;;;;;;;
;;;;;;;;;;
;;;;;;;;;;
;;;;;;;;;;
;;;;;;;;;;
;;;;;;;;;;
;;;;;;;;;;
;;;;;;;;;;
;;;;;;;;;;
;;;;;;;;;;
;;;;;;;;;;
;;;;;;;;;;
;;;;;;;;;;
;;;;;;;;;;
;;;;;;;;;;
;;;;;;;;;;
;;;;;;;;;;
;;;;;;;;;;
;;;;;;;;;;
;;;;;;;;;;
;;;;;;;;;;
;;;;;;;;;;
;;;;;;;;;;
;;;;;;;;;;
;;;;;;;;;;
;;;;;;;;;;
;;;;;;;;;;
;;;;;;;;;;
;;;;;;;;;;
;;;;;;;;;;
;;;;;;;;;;
;;;;;;;;;;
;;;;;;;;;;
;;;;;;;;;;
;;;;;;;;;;
;;;;;;;;;;
;;;;;;;;;;
;;;;;;;;;;
;;;;;;;;;;
;;;;;;;;;;
;;;;;;;;;;
;;;;;;;;;;
;;;;;;;;;;
;;;;;;;;;;
;;;;;;;;;;
;;;;;;;;;;
;;;;;;;;;;
;;;;;;;;;;
;;;;;;;;;;
;;;;;;;;;;
;;;;;;;;;;
;;;;;;;;;;
;;;;;;;;;;
;;;;;;;;;;
;;;;;;;;;;
;;;;;;;;;;
;;;;;;;;;;
;;;;;;;;;;
;;;;;;;;;;
;;;;;;;;;;
;;;;;;;;;;
;;;;;;;;;;
;;;;;;;;;;
;;;;;;;;;;
;;;;;;;;;;
;;;;;;;;;;
;;;;;;;;;;
;;;;;;;;;;
;;;;;;;;;;
;;;;;;;;;;
;;;;;;;;;;
;;;;;;;;;;
;;;;;;;;;;
;;;;;;;;;;
;;;;;;;;;;
;;;;;;;;;;
;;;;;;;;;;
;;;;;;;;;;
;;;;;;;;;;
;;;;;;;;;;
;;;;;;;;;;
;;;;;;;;;;
;;;;;;;;;;
;;;;;;;;;;
;;;;;;;;;;
;;;;;;;;;;
;;;;;;;;;;
;;;;;;;;;;
;;;;;;;;;;
;;;;;;;;;;
;;;;;;;;;;
;;;;;;;;;;
;;;;;;;;;;
;;;;;;;;;;
;;;;;;;;;;
;;;;;;;;;;
;;;;;;;;;;
;;;;;;;;;;
;;;;;;;;;;
;;;;;;;;;;
;;;;;;;;;;
;;;;;;;;;;
;;;;;;;;;;
;;;;;;;;;;
;;;;;;;;;;
;;;;;;;;;;
;;;;;;;;;;
;;;;;;;;;;
;;;;;;;;;;
;;;;;;;;;;
;;;;;;;;;;
;;;;;;;;;;
;;;;;;;;;;
;;;;;;;;;;
;;;;;;;;;;
;;;;;;;;;;
;;;;;;;;;;
;;;;;;;;;;
;;;;;;;;;;
;;;;;;;;;;
;;;;;;;;;;
;;;;;;;;;;
;;;;;;;;;;
;;;;;;;;;;
;;;;;;;;;;
;;;;;;;;;;
;;;;;;;;;;
;;;;;;;;;;
;;;;;;;;;;
;;;;;;;;;;
;;;;;;;;;;
;;;;;;;;;;
;;;;;;;;;;
;;;;;;;;;;
;;;;;;;;;;
;;;;;;;;;;
;;;;;;;;;;
;;;;;;;;;;
;;;;;;;;;;
;;;;;;;;;;
;;;;;;;;;;
;;;;;;;;;;
;;;;;;;;;;
;;;;;;;;;;
;;;;;;;;;;
;;;;;;;;;;
;;;;;;;;;;
;;;;;;;;;;
;;;;;;;;;;
;;;;;;;;;;
;;;;;;;;;;
;;;;;;;;;;
;;;;;;;;;;
;;;;;;;;;;
;;;;;;;;;;
;;;;;;;;;;
;;;;;;;;;;
;;;;;;;;;;
;;;;;;;;;;
;;;;;;;;;;
;;;;;;;;;;
;;;;;;;;;;
;;;;;;;;;;
;;;;;;;;;;
;;;;;;;;;;
;;;;;;;;;;
;;;;;;;;;;
;;;;;;;;;;
;;;;;;;;;;
;;;;;;;;;;
;;;;;;;;;;
;;;;;;;;;;
;;;;;;;;;;
;;;;;;;;;;
;;;;;;;;;;
;;;;;;;;;;
;;;;;;;;;;
;;;;;;;;;;
;;;;;;;;;;
;;;;;;;;;;
;;;;;;;;;;
;;;;;;;;;;
;;;;;;;;;;
;;;;;;;;;;
;;;;;;;;;;
;;;;;;;;;;
;;;;;;;;;;
;;;;;;;;;;
;;;;;;;;;;
;;;;;;;;;;
;;;;;;;;;;
;;;;;;;;;;
;;;;;;;;;;
;;;;;;;;;;
;;;;;;;;;;
;;;;;;;;;;
;;;;;;;;;;
;;;;;;;;;;
;;;;;;;;;;
;;;;;;;;;;
;;;;;;;;;;
;;;;;;;;;;
;;;;;;;;;;
;;;;;;;;;;
;;;;;;;;;;
;;;;;;;;;;
;;;;;;;;;;
;;;;;;;;;;
;;;;;;;;;;
;;;;;;;;;;
;;;;;;;;;;
;;;;;;;;;;
;;;;;;;;;;
;;;;;;;;;;
;;;;;;;;;;
;;;;;;;;;;
;;;;;;;;;;
;;;;;;;;;;
;;;;;;;;;;
;;;;;;;;;;
;;;;;;;;;;
;;;;;;;;;;
;;;;;;;;;;
;;;;;;;;;;
;;;;;;;;;;
;;;;;;;;;;
;;;;;;;;;;
;;;;;;;;;;
;;;;;;;;;;
;;;;;;;;;;
;;;;;;;;;;
;;;;;;;;;;
;;;;;;;;;;
;;;;;;;;;;
;;;;;;;;;;
;;;;;;;;;;
;;;;;;;;;;
;;;;;;;;;;
;;;;;;;;;;
;;;;;;;;;;
;;;;;;;;;;
;;;;;;;;;;
;;;;;;;;;;
;;;;;;;;;;
;;;;;;;;;;
;;;;;;;;;;
;;;;;;;;;;
;;;;;;;;;;
;;;;;;;;;;
;;;;;;;;;;
;;;;;;;;;;
;;;;;;;;;;
;;;;;;;;;;
;;;;;;;;;;
;;;;;;;;;;
;;;;;;;;;;
;;;;;;;;;;
;;;;;;;;;;
;;;;;;;;;;
;;;;;;;;;;
;;;;;;;;;;
;;;;;;;;;;
;;;;;;;;;;
;;;;;;;;;;
;;;;;;;;;;
;;;;;;;;;;
;;;;;;;;;;
;;;;;;;;;;
;;;;;;;;;;
;;;;;;;;;;
;;;;;;;;;;
;;;;;;;;;;
;;;;;;;;;;
;;;;;;;;;;
;;;;;;;;;;
;;;;;;;;;;
;;;;;;;;;;
;;;;;;;;;;
;;;;;;;;;;
;;;;;;;;;;
;;;;;;;;;;
;;;;;;;;;;
;;;;;;;;;;
;;;;;;;;;;
;;;;;;;;;;
;;;;;;;;;;
;;;;;;;;;;
;;;;;;;;;;
;;;;;;;;;;
;;;;;;;;;;
;;;;;;;;;;
;;;;;;;;;;
;;;;;;;;;;
;;;;;;;;;;
;;;;;;;;;;
;;;;;;;;;;
;;;;;;;;;;
;;;;;;;;;;
;;;;;;;;;;
;;;;;;;;;;
;;;;;;;;;;
;;;;;;;;;;
;;;;;;;;;;
;;;;;;;;;;
;;;;;;;;;;
;;;;;;;;;;
;;;;;;;;;;
;;;;;;;;;;
;;;;;;;;;;
;;;;;;;;;;
;;;;;;;;;;
;;;;;;;;;;
;;;;;;;;;;
;;;;;;;;;;
;;;;;;;;;;
;;;;;;;;;;
;;;;;;;;;;
;;;;;;;;;;
;;;;;;;;;;
;;;;;;;;;;
;;;;;;;;;;
;;;;;;;;;;
;;;;;;;;;;
;;;;;;;;;;
;;;;;;;;;;
;;;;;;;;;;
;;;;;;;;;;
;;;;;;;;;;
;;;;;;;;;;
;;;;;;;;;;
;;;;;;;;;;
;;;;;;;;;;
;;;;;;;;;;
;;;;;;;;;;
;;;;;;;;;;
;;;;;;;;;;
;;;;;;;;;;
;;;;;;;;;;
;;;;;;;;;;
;;;;;;;;;;
;;;;;;;;;;
;;;;;;;;;;
;;;;;;;;;;
;;;;;;;;;;
;;;;;;;;;;
;;;;;;;;;;
;;;;;;;;;;
;;;;;;;;;;
;;;;;;;;;;
;;;;;;;;;;
;;;;;;;;;;
;;;;;;;;;;
;;;;;;;;;;
;;;;;;;;;;
;;;;;;;;;;
;;;;;;;;;;
;;;;;;;;;;
;;;;;;;;;;
;;;;;;;;;;
;;;;;;;;;;
;;;;;;;;;;
;;;;;;;;;;
;;;;;;;;;;
;;;;;;;;;;
;;;;;;;;;;
;;;;;;;;;;
;;;;;;;;;;
;;;;;;;;;;
;;;;;;;;;;
;;;;;;;;;;
;;;;;;;;;;
;;;;;;;;;;
;;;;;;;;;;
;;;;;;;;;;
;;;;;;;;;;
;;;;;;;;;;
;;;;;;;;;;
;;;;;;;;;;
;;;;;;;;;;
;;;;;;;;;;
;;;;;;;;;;
;;;;;;;;;;
;;;;;;;;;;
;;;;;;;;;;
;;;;;;;;;;
;;;;;;;;;;
;;;;;;;;;;
;;;;;;;;;;
;;;;;;;;;;
;;;;;;;;;;
;;;;;;;;;;
;;;;;;;;;;
;;;;;;;;;;
;;;;;;;;;;
;;;;;;;;;;
;;;;;;;;;;
;;;;;;;;;;
;;;;;;;;;;
;;;;;;;;;;
;;;;;;;;;;
;;;;;;;;;;
;;;;;;;;;;
;;;;;;;;;;
;;;;;;;;;;
;;;;;;;;;;
;;;;;;;;;;
;;;;;;;;;;
;;;;;;;;;;
;;;;;;;;;;
;;;;;;;;;;
;;;;;;;;;;
;;;;;;;;;;
;;;;;;;;;;
;;;;;;;;;;
;;;;;;;;;;
;;;;;;;;;;
;;;;;;;;;;
;;;;;;;;;;
;;;;;;;;;;
;;;;;;;;;;
;;;;;;;;;;
;;;;;;;;;;
;;;;;;;;;;
;;;;;;;;;;
;;;;;;;;;;
;;;;;;;;;;
;;;;;;;;;;
;;;;;;;;;;
;;;;;;;;;;
;;;;;;;;;;
;;;;;;;;;;
;;;;;;;;;;
;;;;;;;;;;
;;;;;;;;;;
;;;;;;;;;;
;;;;;;;;;;
;;;;;;;;;;
;;;;;;;;;;
;;;;;;;;;;
;;;;;;;;;;
;;;;;;;;;;
;;;;;;;;;;
;;;;;;;;;;
;;;;;;;;;;
;;;;;;;;;;
;;;;;;;;;;
;;;;;;;;;;
;;;;;;;;;;
;;;;;;;;;;
;;;;;;;;;;
;;;;;;;;;;
;;;;;;;;;;
;;;;;;;;;;
;;;;;;;;;;
;;;;;;;;;;
;;;;;;;;;;
;;;;;;;;;;
;;;;;;;;;;
;;;;;;;;;;
;;;;;;;;;;
;;;;;;;;;;
;;;;;;;;;;
;;;;;;;;;;
;;;;;;;;;;
;;;;;;;;;;
;;;;;;;;;;
;;;;;;;;;;
;;;;;;;;;;
;;;;;;;;;;
;;;;;;;;;;
;;;;;;;;;;
;;;;;;;;;;
;;;;;;;;;;
;;;;;;;;;;
;;;;;;;;;;
;;;;;;;;;;
;;;;;;;;;;
;;;;;;;;;;
;;;;;;;;;;
;;;;;;;;;;
;;;;;;;;;;
;;;;;;;;;;
;;;;;;;;;;
;;;;;;;;;;
;;;;;;;;;;
;;;;;;;;;;
;;;;;;;;;;
;;;;;;;;;;
;;;;;;;;;;
;;;;;;;;;;