﻿;;;;;;;;;;
;;;;;;;;;;
;;;;;;;;;;
;;;;;;;;;;
;;;;;;;;;;
Return to Contents;;;;;;;;;;
_;;;;;;;;;;
Table 3a: Appointments by Status, at National, Regional, STP and CCG level, England, August 20203;;;;;;;;;;
;;;;Count of Open GP Practices1;Count of Included GP Practices;Count of Appointments;;"Count of Appointments by 
Appointment Status";;
Type;NHS Area Code;ONS Code;Name;;;Total;;Attended;DNA;Unknown2
Type;NHS Area Code;ONS Code;Name;Open Active Practices;Included Practices;Total;_;Attended;DNA;Unknown
National;ENG;ENG;England;6 705;6 531;20 083 871;;18 382 222;662 460;1 039 189
Region;Y56;E40000003;London;1 239;1 190;2 884 418;;2 651 269;117 446;115 703
Region;Y58;E40000006;South West;573;565;2 313 792;;2 119 488;68 582;125 722
Region;Y59;E40000005;South East;864;839;2 990 784;;2 769 795;94 753;126 236
Region;Y60;E40000008;Midlands;1 312;1 292;3 805 604;;3 476 298;128 999;200 307
Region;Y61;E40000007;East of England;679;667;2 365 574;;2 168 021;58 770;138 783
Region;Y62;E40000010;North West;1 009;964;2 329 792;;2 130 949;97 742;101 101
Region;Y63;E40000009;North East and Yorkshire;1 029;1 014;3 393 907;;3 066 402;96 168;231 337
STP;QE1;E54000048;Healthier Lancashire And South Cumbria  STP;205;201;570 427;;529 910;20 651;19 866
STP;QF7;E54000009;South Yorkshire And Bassetlaw  STP;189;187;582 105;;520 893;18 417;42 795
STP;QGH;E54000019;Herefordshire And Worcestershire  STP;83;81;293 793;;277 523;9 535;6 735
STP;QH8;E54000026;Mid And South Essex  STP;154;150;391 219;;358 185;7 043;25 991
STP;QHG;E54000024;Bedfordshire, Luton And Milton Keynes  STP;98;97;334 635;;305 849;8 615;20 171
STP;QHL;E54000017;Birmingham And Solihull  STP;164;159;422 968;;384 868;18 251;19 849
STP;QHM;E54000050;Cumbria And North East  STP;368;365;1 202 768;;1 091 747;38 761;72 260
STP;QJ2;E54000012;Joined Up Care Derbyshire  STP;112;112;413 247;;370 023;9 787;33 437
STP;QJG;E54000023;Suffolk And North East Essex  STP;96;94;378 884;;349 015;9 776;20 093
STP;QJK;E54000037;Devon  STP;123;120;533 835;;487 680;15 821;30 334
STP;QJM;E54000013;Lincolnshire  STP;85;85;267 435;;242 613;8 040;16 782
STP;QK1;E54000015;Leicester, Leicestershire And Rutland  STP;134;132;420 114;;384 299;11 291;24 524
STP;QKK;E54000030;Our Healthier South East London  STP;210;201;558 140;;507 835;25 776;24 529
STP;QKS;E54000032;Kent And Medway  STP;202;186;566 473;;517 354;21 435;27 684
STP;QM7;E54000025;Hertfordshire And West Essex  STP;139;136;479 403;;439 219;13 379;26 805
STP;QMF;E54000029;East London Health And Care Partnership  STP;282;274;631 840;;580 318;27 863;23 659
STP;QMJ;E54000028;North London Partners In Health And Care  STP;206;185;434 886;;403 208;17 384;14 294
STP;QMM;E54000022;Norfolk And Waveney Health And Care Partnership  STP;106;104;430 758;;392 948;10 457;27 353
STP;QNC;E54000010;Staffordshire And Stoke On Trent  STP;150;149;343 240;;315 962;12 721;14 557
STP;QNQ;E54000034;Frimley Health And Care Ics  STP;74;71;245 705;;231 292;8 016;6 397
STP;QNX;E54000053;Sussex And East Surrey Health And Care Partnership  STP;174;172;623 065;;569 616;16 590;36 859
STP;QOC;E54000011;Shropshire And Telford And Wrekin  STP;54;53;184 012;;172 852;5 877;5 283
STP;QOP;E54000007;Greater Manchester Health And Social Care Partnership  STP;445;408;860 677;;776 368;41 488;42 821
STP;QOQ;E54000051;Humber, Coast And Vale  STP;183;180;623 027;;559 734;15 065;48 228
STP;QOX;E54000040;Bath And North East Somerset, Swindon And Wiltshire  STP;93;92;380 785;;344 786;8 788;27 211
STP;QPM;E54000020;Northamptonshire  STP;70;69;272 038;;249 868;6 167;16 003
STP;QR1;E54000043;Gloucestershire  STP;74;72;255 042;;235 571;6 339;13 132
STP;QRL;E54000042;Hampshire And The Isle Of Wight  STP;149;148;614 102;;571 689;18 896;23 517
STP;QRV;E54000027;North West London Health And Care Partnership  STP;358;352;777 737;;716 188;26 488;35 061
STP;QSL;E54000038;Somerset  STP;65;65;215 912;;200 230;7 481;8 201
STP;QT1;E54000014;Nottingham And Nottinghamshire Health And Care  STP;129;123;399 056;;357 365;12 374;29 317
STP;QT6;E54000036;Cornwall And The Isles Of Scilly Health And Social Care Partnership  STP;59;59;275 576;;250 478;10 488;14 610
STP;QU9;E54000044;Buckinghamshire, Oxfordshire And Berkshire West  STP;161;159;612 335;;573 893;18 370;20 072
STP;QUA;E54000016;The Black Country And West Birmingham  STP;208;207;465 903;;420 526;22 723;22 654
STP;QUE;E54000021;Cambridgeshire And Peterborough  STP;86;86;350 675;;322 805;9 500;18 370
STP;QUY;E54000039;Bristol, North Somerset And South Gloucestershire  STP;79;78;338 744;;316 562;12 688;9 494
STP;QVV;E54000041;Dorset  STP;80;79;313 898;;284 181;6 977;22 740
STP;QWE;E54000031;South West London Health And Care Partnership  STP;183;178;481 815;;443 720;19 935;18 160
STP;QWO;E54000054;West Yorkshire And Harrogate (Health And Care Partnership)  STP;289;282;986 007;;894 028;23 925;68 054
STP;QWU;E54000018;Coventry And Warwickshire  STP;123;122;323 798;;300 399;12 233;11 166
STP;QXU;E54000052;Surrey Heartlands Health And Care Partnership  STP;104;103;329 104;;305 951;11 446;11 707
STP;QYG;E54000008;Cheshire And Merseyside  STP;359;355;898 688;;824 671;35 603;38 414
CCG;00L;E38000130;NHS Northumberland CCG;40;40;136 705;;123 705;3 484;9 516
CCG;00N;E38000163;NHS South Tyneside CCG;21;21;49 683;;46 600;1 619;1 464
CCG;00P;E38000176;NHS Sunderland CCG;39;38;100 862;;92 282;5 067;3 513
CCG;00Q;E38000014;NHS Blackburn with Darwen CCG;23;23;51 772;;47 860;2 571;1 341
CCG;00R;E38000015;NHS Blackpool CCG;18;17;65 921;;62 097;2 795;1 029
CCG;00T;E38000016;NHS Bolton CCG;49;49;110 926;;100 539;4 892;5 495
CCG;00V;E38000024;NHS Bury CCG;26;8;15 863;;12 184;896;2 783
CCG;00X;E38000034;NHS Chorley and South Ribble CCG;26;26;54 880;;50 607;1 848;2 425
CCG;00Y;E38000135;NHS Oldham CCG;42;42;77 531;;71 856;3 372;2 303
CCG;01A;E38000050;NHS East Lancashire CCG;48;48;119 111;;110 316;4 613;4 182
CCG;01D;E38000080;NHS Heywood, Middleton and Rochdale CCG;41;36;70 851;;65 895;3 035;1 921
CCG;01E;E38000227;NHS Greater Preston CCG;23;22;62 945;;58 657;2 259;2 029
CCG;01F;E38000068;NHS Halton CCG;14;14;45 175;;40 740;2 175;2 260
CCG;01G;E38000143;NHS Salford CCG;38;34;95 938;;82 359;4 990;8 589
CCG;01H;E38000215;NHS North Cumbria CCG;39;39;131 123;;121 577;4 526;5 020
CCG;01J;E38000091;NHS Knowsley CCG;25;25;58 353;;52 903;2 546;2 904
CCG;01K;E38000228;NHS Morecambe Bay CCG;33;33;114 566;;107 198;3 949;3 419
CCG;01T;E38000161;NHS South Sefton CCG;31;30;42 399;;39 784;1 609;1 006
CCG;01V;E38000170;NHS Southport and Formby CCG;17;17;42 368;;39 314;1 326;1 728
CCG;01W;E38000174;NHS Stockport CCG;37;37;107 969;;99 419;4 602;3 948
CCG;01X;E38000172;NHS St Helens CCG;33;32;58 497;;53 545;2 470;2 482
CCG;01Y;E38000182;NHS Tameside and Glossop CCG;37;37;83 028;;74 521;4 287;4 220
CCG;02A;E38000187;NHS Trafford CCG;30;28;44 439;;39 976;2 334;2 129
CCG;02E;E38000194;NHS Warrington CCG;26;26;76 562;;71 205;1 686;3 671
CCG;02G;E38000200;NHS West Lancashire CCG;15;14;31 235;;28 751;871;1 613
CCG;02H;E38000205;NHS Wigan Borough CCG;60;56;73 261;;65 395;3 156;4 710
CCG;02M;E38000226;NHS Fylde and Wyre CCG;19;18;69 997;;64 424;1 745;3 828
CCG;02P;E38000006;NHS Barnsley CCG;33;33;96 247;;86 716;2 869;6 662
CCG;02Q;E38000008;NHS Bassetlaw CCG;9;9;47 354;;42 582;1 453;3 319
CCG;02T;E38000025;NHS Calderdale CCG;22;21;73 203;;67 811;1 640;3 752
CCG;02X;E38000044;NHS Doncaster CCG;39;39;112 565;;101 958;3 966;6 641
CCG;02Y;E38000052;NHS East Riding of Yorkshire CCG;29;29;102 882;;95 791;2 458;4 633
CCG;03A;E38000064;NHS Greater Huddersfield CCG;38;37;89 144;;82 524;2 075;4 545
CCG;03F;E38000085;NHS Hull CCG;33;33;87 642;;76 706;3 429;7 507
CCG;03H;E38000119;NHS North East Lincolnshire CCG;26;24;71 403;;64 425;1 821;5 157
CCG;03J;E38000121;NHS North Kirklees CCG;28;27;78 085;;73 274;1 855;2 956
CCG;03K;E38000122;NHS North Lincolnshire CCG;19;19;72 930;;64 078;1 291;7 561
CCG;03L;E38000141;NHS Rotherham CCG;29;29;104 564;;93 545;3 280;7 739
CCG;03N;E38000146;NHS Sheffield CCG;79;77;221 375;;196 092;6 849;18 434
CCG;03Q;E38000188;NHS Vale of York CCG;25;24;109 382;;101 433;2 626;5 323
CCG;03R;E38000190;NHS Wakefield CCG;37;35;155 901;;139 538;3 669;12 694
CCG;03W;E38000051;NHS East Leicestershire and Rutland CCG;31;29;130 842;;121 504;3 566;5 772
CCG;04C;E38000097;NHS Leicester City CCG;57;57;141 487;;129 035;4 515;7 937
CCG;04F;E38000107;NHS Milton Keynes CCG;25;25;94 180;;86 609;2 388;5 183
CCG;04V;E38000201;NHS West Leicestershire CCG;46;46;147 785;;133 760;3 210;10 815
CCG;04Y;E38000028;NHS Cannock Chase CCG;24;23;43 632;;40 435;1 263;1 934
CCG;05A;E38000038;NHS Coventry and Rugby CCG;66;66;155 626;;143 963;6 730;4 933
CCG;05C;E38000046;NHS Dudley CCG;43;43;103 998;;93 090;5 589;5 319
CCG;05D;E38000053;NHS East Staffordshire CCG;18;18;46 703;;40 597;1 665;4 441
CCG;05G;E38000126;NHS North Staffordshire CCG;30;30;63 697;;59 870;1 914;1 913
CCG;05H;E38000195;NHS Warwickshire North CCG;25;24;56 758;;52 120;2 618;2 020
CCG;05L;E38000144;NHS Sandwell and West Birmingham CCG;75;74;187 814;;168 749;9 153;9 912
CCG;05N;E38000147;NHS Shropshire CCG;41;40;116 213;;109 280;3 222;3 711
CCG;05Q;E38000153;NHS South East Staffordshire and Seisdon Peninsula CCG;24;24;63 558;;59 726;2 261;1 571
CCG;05R;E38000164;NHS South Warwickshire CCG;32;32;111 414;;104 316;2 885;4 213
CCG;05V;E38000173;NHS Stafford and Surrounds CCG;14;14;50 200;;46 675;1 757;1 768
CCG;05W;E38000175;NHS Stoke on Trent CCG;40;40;75 450;;68 659;3 861;2 930
CCG;05X;E38000183;NHS Telford and Wrekin CCG;13;13;67 799;;63 572;2 655;1 572
CCG;05Y;E38000191;NHS Walsall CCG;52;52;97 225;;87 944;4 465;4 816
CCG;06A;E38000210;NHS Wolverhampton CCG;38;38;76 866;;70 743;3 516;2 607
CCG;06F;E38000010;NHS Bedfordshire CCG;47;46;170 137;;154 979;3 746;11 412
CCG;06H;E38000026;NHS Cambridgeshire and Peterborough CCG;86;86;350 675;;322 805;9 500;18 370
CCG;06K;E38000049;NHS East and North Hertfordshire CCG;54;51;191 633;;172 648;4 113;14 872
CCG;06L;E38000086;NHS Ipswich and East Suffolk CCG;39;38;156 456;;142 628;3 029;10 799
CCG;06N;E38000079;NHS Herts Valley CCG;55;55;187 696;;173 255;7 055;7 386
CCG;06P;E38000102;NHS Luton CCG;26;26;70 318;;64 261;2 481;3 576
CCG;06Q;E38000106;NHS Mid Essex CCG;42;39;135 383;;124 293;2 898;8 192
CCG;06T;E38000117;NHS North East Essex CCG;33;32;132 354;;122 393;5 136;4 825
CCG;07G;E38000185;NHS Thurrock CCG;27;27;61 702;;57 248;1 212;3 242
CCG;07H;E38000197;NHS West Essex CCG;30;30;100 074;;93 316;2 211;4 547
CCG;07K;E38000204;NHS West Suffolk CCG;24;24;90 074;;83 994;1 611;4 469
CCG;07L;E38000004;NHS Barking and Dagenham CCG;33;32;61 622;;55 690;2 881;3 051
CCG;07P;E38000020;NHS Brent CCG;52;51;123 790;;112 017;5 567;6 206
CCG;07T;E38000035;NHS City and Hackney CCG;40;40;104 699;;95 960;5 423;3 316
CCG;07W;E38000048;NHS Ealing CCG;76;74;146 945;;137 019;3 762;6 164
CCG;07Y;E38000084;NHS Hounslow CCG;46;46;99 523;;90 833;2 831;5 859
CCG;08C;E38000070;NHS Hammersmith and Fulham CCG;30;28;71 204;;66 347;1 787;3 070
CCG;08E;E38000074;NHS Harrow CCG;33;33;89 310;;81 650;4 226;3 434
CCG;08F;E38000077;NHS Havering CCG;41;40;76 590;;70 486;2 734;3 370
CCG;08G;E38000082;NHS Hillingdon CCG;45;45;90 532;;84 273;3 622;2 637
CCG;08M;E38000113;NHS Newham CCG;50;47;109 927;;100 613;6 024;3 290
CCG;08N;E38000138;NHS Redbridge CCG;42;41;87 946;;80 425;3 102;4 419
CCG;08V;E38000186;NHS Tower Hamlets CCG;36;35;115 080;;106 337;5 325;3 418
CCG;08W;E38000192;NHS Waltham Forest CCG;40;39;75 976;;70 807;2 374;2 795
CCG;08Y;E38000202;NHS West London CCG;42;42;94 436;;86 584;2 781;5 071
CCG;09A;E38000031;NHS Central London (Westminster) CCG;34;33;61 997;;57 465;1 912;2 620
CCG;09D;E38000021;NHS Brighton and Hove CCG;34;34;103 193;;94 667;2 797;5 729
CCG;10C;E38000178;NHS Surrey Heath CCG;7;7;33 797;;32 299;954;544
CCG;10J;E38000120;NHS North Hampshire CCG;15;15;77 448;;73 577;2 270;1 601
CCG;10K;E38000059;NHS Fareham and Gosport CCG;17;17;61 740;;58 615;1 652;1 473
CCG;10L;E38000087;NHS Isle of Wight CCG;12;12;57 921;;52 377;2 658;2 886
CCG;10Q;E38000136;NHS Oxfordshire CCG;67;67;261 027;;245 840;7 840;7 347
CCG;10R;E38000137;NHS Portsmouth CCG;13;13;64 161;;58 805;1 727;3 629
CCG;10V;E38000154;NHS South Eastern Hampshire CCG;20;20;74 113;;67 183;3 232;3 698
CCG;10X;E38000167;NHS Southampton CCG;26;26;91 789;;86 083;2 683;3 023
CCG;11A;E38000198;NHS West Hampshire CCG;46;45;186 930;;175 049;4 674;7 207
CCG;11J;E38000045;NHS Dorset CCG;80;79;313 898;;284 181;6 977;22 740
CCG;11M;E38000062;NHS Gloucestershire CCG;74;72;255 042;;235 571;6 339;13 132
CCG;11N;E38000089;NHS Kernow CCG;59;59;275 576;;250 478;10 488;14 610
CCG;11X;E38000150;NHS Somerset CCG;65;65;215 912;;200 230;7 481;8 201
CCG;12F;E38000208;NHS Wirral CCG;47;47;137 594;;124 546;5 249;7 799
CCG;13T;E38000212;NHS Newcastle Gateshead CCG;60;59;184 084;;166 489;6 521;11 074
CCG;14L;E38000217;NHS Manchester CCG;85;81;180 871;;164 224;9 924;6 723
CCG;14Y;E38000223;NHS Buckinghamshire CCG;48;48;180 938;;170 104;5 162;5 672
CCG;15A;E38000221;NHS Berkshire West CCG;46;44;170 370;;157 949;5 368;7 053
CCG;15C;E38000222;NHS Bristol, North Somerset and South Gloucestershire CCG;79;78;338 744;;316 562;12 688;9 494
CCG;15D;E38000224;NHS East Berkshire CCG;47;44;135 250;;126 133;4 985;4 132
CCG;15E;E38000220;NHS Birmingham and Solihull CCG;164;159;422 968;;384 868;18 251;19 849
CCG;15F;E38000225;NHS Leeds CCG;93;93;329 466;;296 682;9 769;23 015
CCG;15M;E38000229;NHS Derby and Derbyshire CCG;112;112;413 247;;370 023;9 787;33 437
CCG;15N;E38000230;NHS Devon CCG;123;120;533 835;;487 680;15 821;30 334
CCG;16C;E38000247;NHS Tees Valley CCG;81;80;269 477;;240 659;9 001;19 817
CCG;18C;E38000236;NHS Herefordshire CCG;83;81;293 793;;277 523;9 535;6 735
CCG;26A;E38000239;NHS Norfolk and Waveney CCG;106;104;430 758;;392 948;10 457;27 353
CCG;27D;E38000233;NHS Cheshire CCG;79;79;253 460;;233 669;10 342;9 449
CCG;36J;E38000232;NHS Bradford District and Craven CCG;71;69;260 208;;234 199;4 917;21 092
CCG;36L;E38000245;NHS South West London CCG;183;178;481 815;;443 720;19 935;18 160
CCG;42D;E38000241;NHS North Yorkshire CCG;51;51;178 788;;157 301;3 440;18 047
CCG;52R;E38000243;NHS Nottingham and Nottinghamshire CCG;129;123;399 056;;357 365;12 374;29 317
CCG;70F;E38000248;NHS West Sussex CCG;81;79;311 261;;284 506;6 526;20 229
CCG;71E;E38000238;NHS Lincolnshire CCG;85;85;267 435;;242 613;8 040;16 782
CCG;72Q;E38000244;NHS South East London CCG;210;201;558 140;;507 835;25 776;24 529
CCG;78H;E38000242;NHS Northamptonshire CCG;70;69;272 038;;249 868;6 167;16 003
CCG;84H;E38000234;NHS County Durham CCG;63;63;247 065;;224 043;5 764;17 258
CCG;91Q;E38000237;NHS Kent and Medway CCG;202;186;566 473;;517 354;21 435;27 684
CCG;92A;E38000246;NHS Surrey Heartlands CCG;104;103;329 104;;305 951;11 446;11 707
CCG;92G;E38000231;NHS Bath and North East Somerset, Swindon and Wiltshire CCG;93;92;380 785;;344 786;8 788;27 211
CCG;93C;E38000240;NHS North Central London CCG;206;185;434 886;;403 208;17 384;14 294
CCG;97R;E38000235;NHS East Sussex CCG;59;59;208 611;;190 443;7 267;10 901
CCG;99A;E38000101;NHS Liverpool CCG;87;85;184 280;;168 965;8 200;7 115
CCG;99C;E38000127;NHS North Tyneside CCG;25;25;83 769;;76 392;2 779;4 598
CCG;99E;E38000007;NHS Basildon and Brentwood CCG;35;35;85 357;;77 092;1 317;6 948
CCG;99F;E38000030;NHS Castle Point and Rochford CCG;23;23;54 323;;49 423;710;4 190
CCG;99G;E38000168;NHS Southend CCG;27;26;54 454;;50 129;906;3 419
CCG;99M;E38000118;NHS North East Hampshire and Farnham CCG;20;20;76 658;;72 860;2 077;1 721
;;;;;;;;;;
;;;;;;;;;;
;;;;;;;;;;
Notes:;;;;;;;;;;
1;CCGs are only included if there is data for more than one practice within the CCG, therefore the total count of open GP practices by CCG may not equal the national total;;;;;;;;;
2;"At the time of the appointment a ‘Booked’ status will usually be changed to either ‘Attended’ or ‘DNA’. In some cases (4-7% of monthly appointments), the final status of an appointment remains as ‘Booked’. It is not known from the data whether these appointments were actually attended or not. From a sample audit these were found to be consultations where the status has not been updated to say if patients had attended or not. 
For this reason, these appointments are reported as ""Unknown"" status";;;;;;;;;
3;See 'Coronavirus Impact' tab for further information;;;;;;;;;
Copyright © 2020 Health and Social Care Information Centre. The Health and Social Care Information Centre is a non-departmental body created by statute, also known as NHS Digital.;;;;;;;;;;
;;;;;;;;;;
;;;;;;;;;;
;;;;;;;;;;
;;;;;;;;;;
;;;;;;;;;;
;;;;;;;;;;
;;;;;;;;;;
;;;;;;;;;;
;;;;;;;;;;
;;;;;;;;;;
;;;;;;;;;;
;;;;;;;;;;
;;;;;;;;;;
;;;;;;;;;;
;;;;;;;;;;
;;;;;;;;;;
;;;;;;;;;;
;;;;;;;;;;
;;;;;;;;;;
;;;;;;;;;;
;;;;;;;;;;
;;;;;;;;;;
;;;;;;;;;;
;;;;;;;;;;
;;;;;;;;;;
;;;;;;;;;;
;;;;;;;;;;
;;;;;;;;;;
;;;;;;;;;;
;;;;;;;;;;
;;;;;;;;;;
;;;;;;;;;;
;;;;;;;;;;
;;;;;;;;;;
;;;;;;;;;;
;;;;;;;;;;
;;;;;;;;;;
;;;;;;;;;;
;;;;;;;;;;
;;;;;;;;;;
;;;;;;;;;;
;;;;;;;;;;
;;;;;;;;;;
;;;;;;;;;;
;;;;;;;;;;
;;;;;;;;;;
;;;;;;;;;;
;;;;;;;;;;
;;;;;;;;;;
;;;;;;;;;;
;;;;;;;;;;
;;;;;;;;;;
;;;;;;;;;;
;;;;;;;;;;
;;;;;;;;;;
;;;;;;;;;;
;;;;;;;;;;
;;;;;;;;;;
;;;;;;;;;;
;;;;;;;;;;
;;;;;;;;;;
;;;;;;;;;;
;;;;;;;;;;
;;;;;;;;;;
;;;;;;;;;;
;;;;;;;;;;
;;;;;;;;;;
;;;;;;;;;;
;;;;;;;;;;
;;;;;;;;;;
;;;;;;;;;;
;;;;;;;;;;
;;;;;;;;;;
;;;;;;;;;;
;;;;;;;;;;
;;;;;;;;;;
;;;;;;;;;;
;;;;;;;;;;
;;;;;;;;;;
;;;;;;;;;;
;;;;;;;;;;
;;;;;;;;;;
;;;;;;;;;;
;;;;;;;;;;
;;;;;;;;;;
;;;;;;;;;;
;;;;;;;;;;
;;;;;;;;;;
;;;;;;;;;;
;;;;;;;;;;
;;;;;;;;;;
;;;;;;;;;;
;;;;;;;;;;
;;;;;;;;;;
;;;;;;;;;;
;;;;;;;;;;
;;;;;;;;;;
;;;;;;;;;;
;;;;;;;;;;
;;;;;;;;;;
;;;;;;;;;;
;;;;;;;;;;
;;;;;;;;;;
;;;;;;;;;;
;;;;;;;;;;
;;;;;;;;;;
;;;;;;;;;;
;;;;;;;;;;
;;;;;;;;;;
;;;;;;;;;;
;;;;;;;;;;
;;;;;;;;;;
;;;;;;;;;;
;;;;;;;;;;
;;;;;;;;;;
;;;;;;;;;;
;;;;;;;;;;
;;;;;;;;;;
;;;;;;;;;;
;;;;;;;;;;
;;;;;;;;;;
;;;;;;;;;;
;;;;;;;;;;
;;;;;;;;;;
;;;;;;;;;;
;;;;;;;;;;
;;;;;;;;;;
;;;;;;;;;;
;;;;;;;;;;
;;;;;;;;;;
;;;;;;;;;;
;;;;;;;;;;
;;;;;;;;;;
;;;;;;;;;;
;;;;;;;;;;
;;;;;;;;;;
;;;;;;;;;;
;;;;;;;;;;
;;;;;;;;;;
;;;;;;;;;;
;;;;;;;;;;
;;;;;;;;;;
;;;;;;;;;;
;;;;;;;;;;
;;;;;;;;;;
;;;;;;;;;;
;;;;;;;;;;
;;;;;;;;;;
;;;;;;;;;;
;;;;;;;;;;
;;;;;;;;;;
;;;;;;;;;;
;;;;;;;;;;
;;;;;;;;;;
;;;;;;;;;;
;;;;;;;;;;
;;;;;;;;;;
;;;;;;;;;;
;;;;;;;;;;
;;;;;;;;;;
;;;;;;;;;;
;;;;;;;;;;
;;;;;;;;;;
;;;;;;;;;;
;;;;;;;;;;
;;;;;;;;;;
;;;;;;;;;;
;;;;;;;;;;
;;;;;;;;;;
;;;;;;;;;;
;;;;;;;;;;
;;;;;;;;;;
;;;;;;;;;;
;;;;;;;;;;
;;;;;;;;;;
;;;;;;;;;;
;;;;;;;;;;
;;;;;;;;;;
;;;;;;;;;;
;;;;;;;;;;
;;;;;;;;;;
;;;;;;;;;;
;;;;;;;;;;
;;;;;;;;;;
;;;;;;;;;;
;;;;;;;;;;
;;;;;;;;;;
;;;;;;;;;;
;;;;;;;;;;
;;;;;;;;;;
;;;;;;;;;;
;;;;;;;;;;
;;;;;;;;;;
;;;;;;;;;;
;;;;;;;;;;
;;;;;;;;;;
;;;;;;;;;;
;;;;;;;;;;
;;;;;;;;;;
;;;;;;;;;;
;;;;;;;;;;
;;;;;;;;;;
;;;;;;;;;;
;;;;;;;;;;
;;;;;;;;;;
;;;;;;;;;;
;;;;;;;;;;
;;;;;;;;;;
;;;;;;;;;;
;;;;;;;;;;
;;;;;;;;;;
;;;;;;;;;;
;;;;;;;;;;
;;;;;;;;;;
;;;;;;;;;;
;;;;;;;;;;
;;;;;;;;;;
;;;;;;;;;;
;;;;;;;;;;
;;;;;;;;;;
;;;;;;;;;;
;;;;;;;;;;
;;;;;;;;;;
;;;;;;;;;;
;;;;;;;;;;
;;;;;;;;;;
;;;;;;;;;;
;;;;;;;;;;
;;;;;;;;;;
;;;;;;;;;;
;;;;;;;;;;
;;;;;;;;;;
;;;;;;;;;;
;;;;;;;;;;
;;;;;;;;;;
;;;;;;;;;;
;;;;;;;;;;
;;;;;;;;;;
;;;;;;;;;;
;;;;;;;;;;
;;;;;;;;;;
;;;;;;;;;;
;;;;;;;;;;
;;;;;;;;;;
;;;;;;;;;;
;;;;;;;;;;
;;;;;;;;;;
;;;;;;;;;;
;;;;;;;;;;
;;;;;;;;;;
;;;;;;;;;;
;;;;;;;;;;
;;;;;;;;;;
;;;;;;;;;;
;;;;;;;;;;
;;;;;;;;;;
;;;;;;;;;;
;;;;;;;;;;
;;;;;;;;;;
;;;;;;;;;;
;;;;;;;;;;
;;;;;;;;;;
;;;;;;;;;;
;;;;;;;;;;
;;;;;;;;;;
;;;;;;;;;;
;;;;;;;;;;
;;;;;;;;;;
;;;;;;;;;;
;;;;;;;;;;
;;;;;;;;;;
;;;;;;;;;;
;;;;;;;;;;
;;;;;;;;;;
;;;;;;;;;;
;;;;;;;;;;
;;;;;;;;;;
;;;;;;;;;;
;;;;;;;;;;
;;;;;;;;;;
;;;;;;;;;;
;;;;;;;;;;
;;;;;;;;;;
;;;;;;;;;;
;;;;;;;;;;
;;;;;;;;;;
;;;;;;;;;;
;;;;;;;;;;
;;;;;;;;;;
;;;;;;;;;;
;;;;;;;;;;
;;;;;;;;;;
;;;;;;;;;;
;;;;;;;;;;
;;;;;;;;;;
;;;;;;;;;;
;;;;;;;;;;
;;;;;;;;;;
;;;;;;;;;;
;;;;;;;;;;
;;;;;;;;;;
;;;;;;;;;;
;;;;;;;;;;
;;;;;;;;;;
;;;;;;;;;;
;;;;;;;;;;
;;;;;;;;;;
;;;;;;;;;;
;;;;;;;;;;
;;;;;;;;;;
;;;;;;;;;;
;;;;;;;;;;
;;;;;;;;;;
;;;;;;;;;;
;;;;;;;;;;
;;;;;;;;;;
;;;;;;;;;;
;;;;;;;;;;
;;;;;;;;;;
;;;;;;;;;;
;;;;;;;;;;
;;;;;;;;;;
;;;;;;;;;;
;;;;;;;;;;
;;;;;;;;;;
;;;;;;;;;;
;;;;;;;;;;
;;;;;;;;;;
;;;;;;;;;;
;;;;;;;;;;
;;;;;;;;;;
;;;;;;;;;;
;;;;;;;;;;
;;;;;;;;;;
;;;;;;;;;;
;;;;;;;;;;
;;;;;;;;;;
;;;;;;;;;;
;;;;;;;;;;
;;;;;;;;;;
;;;;;;;;;;
;;;;;;;;;;
;;;;;;;;;;
;;;;;;;;;;
;;;;;;;;;;
;;;;;;;;;;
;;;;;;;;;;
;;;;;;;;;;
;;;;;;;;;;
;;;;;;;;;;
;;;;;;;;;;
;;;;;;;;;;
;;;;;;;;;;
;;;;;;;;;;
;;;;;;;;;;
;;;;;;;;;;
;;;;;;;;;;
;;;;;;;;;;
;;;;;;;;;;
;;;;;;;;;;
;;;;;;;;;;
;;;;;;;;;;
;;;;;;;;;;
;;;;;;;;;;
;;;;;;;;;;
;;;;;;;;;;
;;;;;;;;;;
;;;;;;;;;;
;;;;;;;;;;
;;;;;;;;;;
;;;;;;;;;;
;;;;;;;;;;
;;;;;;;;;;
;;;;;;;;;;
;;;;;;;;;;
;;;;;;;;;;
;;;;;;;;;;
;;;;;;;;;;
;;;;;;;;;;
;;;;;;;;;;
;;;;;;;;;;
;;;;;;;;;;
;;;;;;;;;;
;;;;;;;;;;
;;;;;;;;;;
;;;;;;;;;;
;;;;;;;;;;
;;;;;;;;;;
;;;;;;;;;;
;;;;;;;;;;
;;;;;;;;;;
;;;;;;;;;;
;;;;;;;;;;
;;;;;;;;;;
;;;;;;;;;;
;;;;;;;;;;
;;;;;;;;;;
;;;;;;;;;;
;;;;;;;;;;
;;;;;;;;;;
;;;;;;;;;;
;;;;;;;;;;
;;;;;;;;;;
;;;;;;;;;;
;;;;;;;;;;
;;;;;;;;;;
;;;;;;;;;;
;;;;;;;;;;
;;;;;;;;;;
;;;;;;;;;;
;;;;;;;;;;
;;;;;;;;;;
;;;;;;;;;;
;;;;;;;;;;
;;;;;;;;;;
;;;;;;;;;;
;;;;;;;;;;
;;;;;;;;;;
;;;;;;;;;;
;;;;;;;;;;
;;;;;;;;;;
;;;;;;;;;;
;;;;;;;;;;
;;;;;;;;;;
;;;;;;;;;;
;;;;;;;;;;
;;;;;;;;;;
;;;;;;;;;;
;;;;;;;;;;
;;;;;;;;;;
;;;;;;;;;;
;;;;;;;;;;
;;;;;;;;;;
;;;;;;;;;;
;;;;;;;;;;
;;;;;;;;;;
;;;;;;;;;;
;;;;;;;;;;
;;;;;;;;;;
;;;;;;;;;;
;;;;;;;;;;
;;;;;;;;;;
;;;;;;;;;;
;;;;;;;;;;
;;;;;;;;;;
;;;;;;;;;;
;;;;;;;;;;
;;;;;;;;;;
;;;;;;;;;;
;;;;;;;;;;
;;;;;;;;;;
;;;;;;;;;;
;;;;;;;;;;
;;;;;;;;;;
;;;;;;;;;;
;;;;;;;;;;
;;;;;;;;;;
;;;;;;;;;;
;;;;;;;;;;
;;;;;;;;;;
;;;;;;;;;;
;;;;;;;;;;
;;;;;;;;;;
;;;;;;;;;;
;;;;;;;;;;
;;;;;;;;;;
;;;;;;;;;;
;;;;;;;;;;
;;;;;;;;;;
;;;;;;;;;;
;;;;;;;;;;
;;;;;;;;;;
;;;;;;;;;;
;;;;;;;;;;
;;;;;;;;;;
;;;;;;;;;;
;;;;;;;;;;
;;;;;;;;;;
;;;;;;;;;;
;;;;;;;;;;
;;;;;;;;;;
;;;;;;;;;;
;;;;;;;;;;
;;;;;;;;;;
;;;;;;;;;;
;;;;;;;;;;
;;;;;;;;;;
;;;;;;;;;;
;;;;;;;;;;
;;;;;;;;;;
;;;;;;;;;;
;;;;;;;;;;
;;;;;;;;;;
;;;;;;;;;;
;;;;;;;;;;
;;;;;;;;;;
;;;;;;;;;;
;;;;;;;;;;
;;;;;;;;;;
;;;;;;;;;;
;;;;;;;;;;
;;;;;;;;;;
;;;;;;;;;;
;;;;;;;;;;
;;;;;;;;;;
;;;;;;;;;;
;;;;;;;;;;
;;;;;;;;;;
;;;;;;;;;;
;;;;;;;;;;
;;;;;;;;;;
;;;;;;;;;;
;;;;;;;;;;
;;;;;;;;;;
;;;;;;;;;;
;;;;;;;;;;
;;;;;;;;;;
;;;;;;;;;;
;;;;;;;;;;
;;;;;;;;;;
;;;;;;;;;;
;;;;;;;;;;
;;;;;;;;;;
;;;;;;;;;;
;;;;;;;;;;
;;;;;;;;;;
;;;;;;;;;;
;;;;;;;;;;
;;;;;;;;;;
;;;;;;;;;;
;;;;;;;;;;
;;;;;;;;;;
;;;;;;;;;;
;;;;;;;;;;
;;;;;;;;;;
;;;;;;;;;;
;;;;;;;;;;
;;;;;;;;;;
;;;;;;;;;;
;;;;;;;;;;
;;;;;;;;;;
;;;;;;;;;;
;;;;;;;;;;
;;;;;;;;;;
;;;;;;;;;;
;;;;;;;;;;
;;;;;;;;;;
;;;;;;;;;;
;;;;;;;;;;
;;;;;;;;;;
;;;;;;;;;;
;;;;;;;;;;
;;;;;;;;;;
;;;;;;;;;;
;;;;;;;;;;
;;;;;;;;;;
;;;;;;;;;;
;;;;;;;;;;
;;;;;;;;;;
;;;;;;;;;;
;;;;;;;;;;
;;;;;;;;;;
;;;;;;;;;;
;;;;;;;;;;
;;;;;;;;;;
;;;;;;;;;;