﻿;;;;;;;;;;
;;;;;;;;;;
;;;;;;;;;;
;;;;;;;;;;
;;;;;;;;;;
Return to Contents;;;;;;;;;;
_;;;;;;;;;;
Table 3a: Appointments by Status, at National, Regional, Sub-Regional, STP and CCG level, England, February 2020;;;;;;;;;;
;;;;Count of Open GP Practices1;Count of Included GP Practices;Count of Appointments;;"Count of Appointments by 
Appointment Status";;
Type;NHS Area Code;ONS Code;Name;;;Total;;Attended;DNA;Unknown2
Type;NHS Area Code;ONS Code;Name;Open Active Practices;Included Practices;Total;_;Attended;DNA;Unknown
National;ENG;ENG;England;6 803;6 504;23 809 758;;21 370 874;1 200 883;1 238 001
Region;Y56;E40000003;London;1 252;1 169;3 340 810;;2 972 642;222 285;145 883
Region;Y58;E40000006;South West;577;557;2 728 419;;2 453 550;121 035;153 834
Region;Y59;E40000005;South East;884;830;3 521 051;;3 211 015;149 146;160 890
Region;Y60;E40000008;Midlands;1 327;1 295;4 630 451;;4 151 243;239 906;239 302
Region;Y61;E40000007;East of England;692;673;2 819 045;;2 532 274;119 295;167 476
Region;Y62;E40000010;North West;1 031;960;2 787 458;;2 497 513;160 997;128 948
Region;Y63;E40000009;North East and Yorkshire;1 040;1 020;3 982 524;;3 552 637;188 219;241 668
Regional Local Office;Q71;E39000018;NHS England London;1 252;1 169;3 340 810;;2 972 642;222 285;145 883
Regional Local Office;Q72;E39000048;NHS England North East and Yorkshire (Yorkshire and Humber);645;635;2 532 864;;2 256 631;116 440;159 793
Regional Local Office;Q74;E39000047;NHS England North East and Yorkshire (Cumbria and North East);395;385;1 449 660;;1 296 006;71 779;81 875
Regional Local Office;Q75;E39000026;NHS England North West (Cheshire and Merseyside);365;352;1 027 816;;921 384;57 739;48 693
Regional Local Office;Q76;E39000032;NHS England Midlands (North Midlands);452;445;1 594 799;;1 434 218;71 212;89 369
Regional Local Office;Q77;E39000033;NHS England Midlands (West Midlands);585;567;1 856 339;;1 659 185;116 517;80 637
Regional Local Office;Q78;E39000045;NHS England Midlands (Central Midlands);290;283;1 179 313;;1 057 840;52 177;69 296
Regional Local Office;Q79;E39000046;NHS England East of England (East);692;673;2 819 045;;2 532 274;119 295;167 476
Regional Local Office;Q83;E39000037;NHS England North West (Greater Manchester);454;408;1 095 567;;972 584;69 725;53 258
Regional Local Office;Q84;E39000040;NHS England North West (Lancashire and South Cumbria);212;200;664 075;;603 545;33 533;26 997
Regional Local Office;Q85;E39000044;NHS England South West (South West South);329;318;1 566 062;;1 404 129;70 975;90 958
Regional Local Office;Q86;E39000043;NHS England South West (South West North);248;239;1 162 357;;1 049 421;50 060;62 876
Regional Local Office;Q87;E39000041;NHS England South East (Hampshire, Isle of Wight and Thames Valley);394;363;1 688 668;;1 550 276;70 839;67 553
Regional Local Office;Q88;E39000042;NHS England South East (Kent, Surrey and Sussex);490;467;1 832 383;;1 660 739;78 307;93 337
STP;E54000005;E54000005;West Yorkshire And Harrogate (Health And Care Partnership)  STP;311;305;1 224 186;;1 092 010;53 970;78 206
STP;E54000006;E54000006;Humber, Coast And Vale  STP;145;141;594 444;;535 357;25 572;33 515
STP;E54000007;E54000007;Greater Manchester Health And Social Care Partnership  STP;454;408;1 095 567;;972 584;69 725;53 258
STP;E54000008;E54000008;Cheshire And Merseyside  STP;365;352;1 027 816;;921 384;57 739;48 693
STP;E54000009;E54000009;South Yorkshire And Bassetlaw  STP;189;189;714 234;;629 264;36 898;48 072
STP;E54000010;E54000010;Staffordshire And Stoke On Trent  STP;152;148;426 518;;384 626;21 380;20 512
STP;E54000011;E54000011;Shropshire And Telford And Wrekin  STP;54;54;214 619;;197 528;9 809;7 282
STP;E54000012;E54000012;Joined Up Care Derbyshire  STP;115;113;474 393;;425 812;18 222;30 359
STP;E54000013;E54000013;Lincolnshire  STP;86;85;346 490;;310 990;14 760;20 740
STP;E54000014;E54000014;Nottingham And Nottinghamshire Health And Care  STP;131;130;479 269;;426 252;21 801;31 216
STP;E54000015;E54000015;Leicester, Leicestershire And Rutland  STP;134;131;502 526;;450 496;24 051;27 979
STP;E54000016;E54000016;The Black Country And West Birmingham  STP;214;207;568 831;;498 587;42 173;28 071
STP;E54000017;E54000017;Birmingham And Solihull  STP;164;158;528 831;;463 243;38 985;26 603
STP;E54000018;E54000018;Coventry And Warwickshire  STP;124;122;392 268;;357 823;19 729;14 716
STP;E54000019;E54000019;Herefordshire And Worcestershire  STP;83;80;366 409;;339 532;15 630;11 247
STP;E54000020;E54000020;Northamptonshire  STP;70;67;330 297;;296 354;13 366;20 577
STP;E54000021;E54000021;Cambridgeshire And Peterborough  STP;88;86;437 951;;394 982;19 971;22 998
STP;E54000022;E54000022;Norfolk And Waveney Health And Care Partnership  STP;105;103;504 326;;454 128;19 680;30 518
STP;E54000023;E54000023;Suffolk And North East Essex  STP;98;95;451 207;;410 780;15 946;24 481
STP;E54000024;E54000024;Bedfordshire, Luton And Milton Keynes  STP;100;99;404 049;;360 412;19 590;24 047
STP;E54000025;E54000025;Hertfordshire And West Essex  STP;146;140;558 180;;496 304;26 708;35 168
STP;E54000026;E54000026;Mid And South Essex  STP;155;150;463 332;;415 668;17 400;30 264
STP;E54000027;E54000027;North West London Health And Care Partnership  STP;358;353;913 338;;812 289;56 640;44 409
STP;E54000028;E54000028;North London Partners In Health And Care  STP;208;172;471 533;;420 722;32 523;18 288
STP;E54000029;E54000029;East London Health And Care Partnership  STP;285;270;752 656;;665 546;55 653;31 457
STP;E54000030;E54000030;Our Healthier South East London  STP;217;202;641 024;;565 283;44 210;31 531
STP;E54000031;E54000031;South West London Health And Care Partnership  STP;184;172;562 259;;508 802;33 259;20 198
STP;E54000032;E54000032;Kent And Medway  STP;208;190;689 019;;620 900;32 242;35 877
STP;E54000033;E54000033;Sussex And East Surrey  STP;194;191;821 973;;744 359;33 138;44 476
STP;E54000034;E54000034;Frimley Health  STP;74;63;267 803;;247 256;12 235;8 312
STP;E54000035;E54000035;Surrey Heartlands  STP;88;86;321 391;;295 480;12 927;12 984
STP;E54000036;E54000036;Cornwall And The Isles Of Scilly  STP;59;57;310 536;;269 013;21 280;20 243
STP;E54000037;E54000037;Devon  STP;125;121;649 306;;587 005;24 758;37 543
STP;E54000038;E54000038;Somerset  STP;65;60;231 090;;211 906;10 364;8 820
STP;E54000039;E54000039;Bristol, North Somerset And South Gloucestershire  STP;80;76;423 542;;387 434;21 775;14 333
STP;E54000040;E54000040;Bath And North East Somerset, Swindon And Wiltshire  STP;93;92;451 743;;404 550;16 736;30 457
STP;E54000041;E54000041;Dorset  STP;80;80;375 130;;336 205;14 573;24 352
STP;E54000042;E54000042;Hampshire And The Isle Of Wight  STP;156;146;717 039;;651 873;31 324;33 842
STP;E54000043;E54000043;Gloucestershire  STP;75;71;287 072;;257 437;11 549;18 086
STP;E54000044;E54000044;Buckinghamshire, Oxfordshire And Berkshire West  STP;164;154;703 826;;651 147;27 280;25 399
STP;E54000048;E54000048;Healthier Lancashire And South Cumbria  STP;212;200;664 075;;603 545;33 533;26 997
STP;E54000049;E54000049;Cumbria And North East  STP;395;385;1 449 660;;1 296 006;71 779;81 875
CCG;00C;E38000042;NHS Darlington CCG;11;11;48 650;;42 280;2 693;3 677
CCG;00D;E38000047;NHS Durham Dales, Easington and Sedgefield CCG;34;33;159 819;;140 323;7 918;11 578
CCG;00J;E38000116;NHS North Durham CCG;30;30;128 916;;115 408;5 373;8 135
CCG;00K;E38000075;NHS Hartlepool and Stockton-on-Tees CCG;32;32;119 073;;104 742;6 244;8 087
CCG;00L;E38000130;NHS Northumberland CCG;41;40;153 629;;138 472;5 495;9 662
CCG;00M;E38000162;NHS South Tees CCG;38;35;143 650;;127 318;7 451;8 881
CCG;00N;E38000163;NHS South Tyneside CCG;21;21;59 884;;54 995;3 020;1 869
CCG;00P;E38000176;NHS Sunderland CCG;40;39;114 726;;103 634;6 929;4 163
CCG;00Q;E38000014;NHS Blackburn with Darwen CCG;23;22;59 276;;52 839;4 106;2 331
CCG;00R;E38000015;NHS Blackpool CCG;18;17;75 260;;68 534;4 252;2 474
CCG;00T;E38000016;NHS Bolton CCG;49;48;134 415;;118 098;9 844;6 473
CCG;00V;E38000024;NHS Bury CCG;26;7;26 375;;21 137;1 344;3 894
CCG;00X;E38000034;NHS Chorley and South Ribble CCG;30;27;65 461;;59 455;2 871;3 135
CCG;00Y;E38000135;NHS Oldham CCG;43;41;98 721;;89 518;6 132;3 071
CCG;01A;E38000050;NHS East Lancashire CCG;49;47;140 288;;126 462;8 285;5 541
CCG;01C;E38000056;NHS Eastern Cheshire CCG;21;19;75 468;;69 603;3 460;2 405
CCG;01D;E38000080;NHS Heywood, Middleton and Rochdale CCG;41;36;90 928;;82 124;5 686;3 118
CCG;01E;E38000227;NHS Greater Preston CCG;23;22;64 826;;58 759;3 308;2 759
CCG;01F;E38000068;NHS Halton CCG;14;14;55 014;;47 803;3 247;3 964
CCG;01G;E38000143;NHS Salford CCG;44;40;116 881;;100 072;7 959;8 850
CCG;01H;E38000215;NHS North Cumbria CCG;39;39;162 128;;148 500;6 749;6 879
CCG;01J;E38000091;NHS Knowsley CCG;25;25;68 222;;59 826;4 819;3 577
CCG;01K;E38000228;NHS Morecambe Bay CCG;35;33;138 818;;127 614;6 466;4 738
CCG;01R;E38000151;NHS South Cheshire CCG;17;17;76 361;;69 435;3 606;3 320
CCG;01T;E38000161;NHS South Sefton CCG;31;29;48 013;;43 422;3 015;1 576
CCG;01V;E38000170;NHS Southport and Formby CCG;17;17;49 099;;44 696;1 951;2 452
CCG;01W;E38000174;NHS Stockport CCG;37;34;117 337;;106 357;6 166;4 814
CCG;01X;E38000172;NHS St Helens CCG;34;33;68 661;;61 306;3 874;3 481
CCG;01Y;E38000182;NHS Tameside and Glossop CCG;37;37;98 925;;89 352;6 288;3 285
CCG;02A;E38000187;NHS Trafford CCG;30;27;70 666;;63 813;3 863;2 990
CCG;02D;E38000189;NHS Vale Royal CCG;12;12;39 527;;34 558;2 209;2 760
CCG;02E;E38000194;NHS Warrington CCG;26;26;83 985;;76 963;3 387;3 635
CCG;02F;E38000196;NHS West Cheshire CCG;31;28;103 913;;95 219;5 248;3 446
CCG;02G;E38000200;NHS West Lancashire CCG;15;14;43 544;;39 364;1 872;2 308
CCG;02H;E38000205;NHS Wigan Borough CCG;61;59;120 016;;106 651;5 743;7 622
CCG;02M;E38000226;NHS Fylde and Wyre CCG;19;18;76 602;;70 518;2 373;3 711
CCG;02N;E38000001;NHS Airedale, Wharfedale and Craven CCG;16;16;83 364;;74 412;2 936;6 016
CCG;02P;E38000006;NHS Barnsley CCG;33;33;114 961;;103 188;5 443;6 330
CCG;02Q;E38000008;NHS Bassetlaw CCG;9;9;57 238;;51 593;2 547;3 098
CCG;02R;E38000019;NHS Bradford Districts CCG;31;31;158 549;;139 026;6 365;13 158
CCG;02T;E38000025;NHS Calderdale CCG;25;22;91 551;;81 002;3 995;6 554
CCG;02W;E38000018;NHS Bradford City CCG;25;25;72 901;;63 127;5 059;4 715
CCG;02X;E38000044;NHS Doncaster CCG;39;39;140 984;;125 389;7 436;8 159
CCG;02Y;E38000052;NHS East Riding of Yorkshire CCG;29;27;121 770;;111 246;4 447;6 077
CCG;03A;E38000064;NHS Greater Huddersfield CCG;37;37;99 606;;89 513;4 278;5 815
CCG;03D;E38000069;NHS Hambleton, Richmondshire and Whitby CCG;22;21;64 722;;57 830;2 498;4 394
CCG;03E;E38000073;NHS Harrogate and Rural District CCG;17;17;72 220;;66 141;2 526;3 553
CCG;03F;E38000085;NHS Hull CCG;33;33;112 105;;99 463;7 248;5 394
CCG;03H;E38000119;NHS North East Lincolnshire CCG;26;25;82 487;;74 203;3 614;4 670
CCG;03J;E38000121;NHS North Kirklees CCG;28;27;83 787;;74 200;4 432;5 155
CCG;03K;E38000122;NHS North Lincolnshire CCG;19;19;82 747;;74 032;2 546;6 169
CCG;03L;E38000141;NHS Rotherham CCG;29;29;123 289;;106 854;6 725;9 710
CCG;03M;E38000145;NHS Scarborough and Ryedale CCG;12;12;59 126;;51 709;2 521;4 896
CCG;03N;E38000146;NHS Sheffield CCG;79;79;277 762;;242 240;14 747;20 775
CCG;03Q;E38000188;NHS Vale of York CCG;26;25;136 209;;124 704;5 196;6 309
CCG;03R;E38000190;NHS Wakefield CCG;37;35;183 403;;165 473;6 980;10 950
CCG;03T;E38000099;NHS Lincolnshire East CCG;26;26;112 600;;101 887;4 913;5 800
CCG;03V;E38000037;NHS Corby CCG;6;5;31 972;;26 755;1 456;3 761
CCG;03W;E38000051;NHS East Leicestershire and Rutland CCG;31;29;159 314;;143 744;6 486;9 084
CCG;04C;E38000097;NHS Leicester City CCG;57;56;166 658;;146 786;10 667;9 205
CCG;04D;E38000100;NHS Lincolnshire West CCG;30;29;90 964;;80 744;4 264;5 956
CCG;04E;E38000103;NHS Mansfield and Ashfield CCG;26;26;90 852;;80 183;3 973;6 696
CCG;04F;E38000107;NHS Milton Keynes CCG;26;26;117 868;;106 175;5 249;6 444
CCG;04G;E38000108;NHS Nene CCG;64;62;298 325;;269 599;11 910;16 816
CCG;04H;E38000109;NHS Newark and Sherwood CCG;14;14;60 544;;55 120;2 185;3 239
CCG;04K;E38000132;NHS Nottingham City CCG;50;49;154 331;;135 257;8 966;10 108
CCG;04L;E38000133;NHS Nottingham North and East CCG;17;17;62 627;;55 289;2 639;4 699
CCG;04M;E38000134;NHS Nottingham West CCG;12;12;50 159;;45 408;2 136;2 615
CCG;04N;E38000142;NHS Rushcliffe CCG;12;12;60 756;;54 995;1 902;3 859
CCG;04Q;E38000165;NHS South West  Lincolnshire CCG;17;17;57 748;;51 916;2 299;3 533
CCG;04V;E38000201;NHS West Leicestershire CCG;46;46;176 554;;159 966;6 898;9 690
CCG;04Y;E38000028;NHS Cannock Chase CCG;24;23;53 235;;47 708;2 385;3 142
CCG;05A;E38000038;NHS Coventry and Rugby CCG;66;65;186 968;;168 847;11 746;6 375
CCG;05C;E38000046;NHS Dudley CCG;43;43;123 361;;108 347;7 165;7 849
CCG;05D;E38000053;NHS East Staffordshire CCG;18;17;56 355;;50 570;2 179;3 606
CCG;05F;E38000078;NHS Herefordshire CCG;20;20;86 191;;79 560;3 806;2 825
CCG;05G;E38000126;NHS North Staffordshire CCG;30;30;77 673;;71 416;3 201;3 056
CCG;05H;E38000195;NHS Warwickshire North CCG;26;25;71 859;;65 682;3 309;2 868
CCG;05J;E38000139;NHS Redditch and Bromsgrove CCG;21;21;77 198;;71 971;3 278;1 949
CCG;05L;E38000144;NHS Sandwell and West Birmingham CCG;81;77;223 252;;193 409;18 494;11 349
CCG;05N;E38000147;NHS Shropshire CCG;41;41;139 743;;128 534;5 768;5 441
CCG;05Q;E38000153;NHS South East Staffordshire and Seisdon Peninsula CCG;26;25;83 379;;75 831;3 961;3 587
CCG;05R;E38000164;NHS South Warwickshire CCG;32;32;133 441;;123 294;4 674;5 473
CCG;05T;E38000166;NHS South Worcestershire CCG;31;28;132 235;;121 668;5 451;5 116
CCG;05V;E38000173;NHS Stafford and Surrounds CCG;14;14;61 385;;56 188;2 592;2 605
CCG;05W;E38000175;NHS Stoke on Trent CCG;40;39;94 491;;82 913;7 062;4 516
CCG;05X;E38000183;NHS Telford and Wrekin CCG;13;13;74 876;;68 994;4 041;1 841
CCG;05Y;E38000191;NHS Walsall CCG;52;50;124 709;;110 768;8 876;5 065
CCG;06A;E38000210;NHS Wolverhampton CCG;38;37;97 509;;86 063;7 638;3 808
CCG;06D;E38000211;NHS Wyre Forest CCG;11;11;70 785;;66 333;3 095;1 357
CCG;06F;E38000010;NHS Bedfordshire CCG;48;47;199 932;;177 854;8 443;13 635
CCG;06H;E38000026;NHS Cambridgeshire and Peterborough CCG;88;86;437 951;;394 982;19 971;22 998
CCG;06K;E38000049;NHS East and North Hertfordshire CCG;57;53;216 506;;188 913;9 104;18 489
CCG;06L;E38000086;NHS Ipswich and East Suffolk CCG;40;39;184 563;;166 790;6 028;11 745
CCG;06M;E38000063;NHS Great Yarmouth and Waveney CCG;19;19;108 292;;97 041;5 380;5 871
CCG;06N;E38000079;NHS Herts Valley CCG;58;56;226 707;;205 070;12 241;9 396
CCG;06P;E38000102;NHS Luton CCG;26;26;86 249;;76 383;5 898;3 968
CCG;06Q;E38000106;NHS Mid Essex CCG;42;39;158 705;;143 370;5 617;9 718
CCG;06T;E38000117;NHS North East Essex CCG;34;32;158 174;;144 098;6 404;7 672
CCG;06V;E38000124;NHS North Norfolk CCG;19;18;83 326;;74 033;3 134;6 159
CCG;06W;E38000218;NHS Norwich CCG;22;22;108 714;;97 691;4 309;6 714
CCG;06Y;E38000219;NHS South Norfolk CCG;24;23;105 991;;97 043;3 356;5 592
CCG;07G;E38000185;NHS Thurrock CCG;27;27;71 520;;64 587;2 984;3 949
CCG;07H;E38000197;NHS West Essex CCG;31;31;114 967;;102 321;5 363;7 283
CCG;07J;E38000203;NHS West Norfolk CCG;21;21;98 003;;88 320;3 501;6 182
CCG;07K;E38000204;NHS West Suffolk CCG;24;24;108 470;;99 892;3 514;5 064
CCG;07L;E38000004;NHS Barking and Dagenham CCG;34;32;75 060;;63 848;6 573;4 639
CCG;07M;E38000005;NHS Barnet CCG;54;43;106 013;;95 986;5 530;4 497
CCG;07N;E38000011;NHS Bexley CCG;23;20;75 811;;67 727;3 463;4 621
CCG;07P;E38000020;NHS Brent CCG;52;52;136 860;;121 898;9 841;5 121
CCG;07Q;E38000023;NHS Bromley CCG;45;43;105 926;;93 810;4 607;7 509
CCG;07R;E38000027;NHS Camden CCG;36;32;86 543;;77 921;6 018;2 604
CCG;07T;E38000035;NHS City and Hackney CCG;40;38;121 812;;109 082;8 938;3 792
CCG;07V;E38000040;NHS Croydon CCG;51;48;138 008;;123 913;8 690;5 405
CCG;07W;E38000048;NHS Ealing CCG;76;74;174 750;;157 147;9 644;7 959
CCG;07X;E38000057;NHS Enfield CCG;47;32;98 863;;86 824;7 299;4 740
CCG;07Y;E38000084;NHS Hounslow CCG;46;46;124 062;;110 157;7 078;6 827
CCG;08A;E38000066;NHS Greenwich CCG;33;32;100 765;;85 886;7 721;7 158
CCG;08C;E38000070;NHS Hammersmith and Fulham CCG;30;28;79 491;;69 206;5 113;5 172
CCG;08D;E38000072;NHS Haringey CCG;37;36;93 741;;83 551;6 523;3 667
CCG;08E;E38000074;NHS Harrow CCG;33;33;102 897;;91 989;5 608;5 300
CCG;08F;E38000077;NHS Havering CCG;42;40;82 640;;73 175;4 082;5 383
CCG;08G;E38000082;NHS Hillingdon CCG;45;45;107 573;;96 860;6 691;4 022
CCG;08H;E38000088;NHS Islington CCG;34;29;86 373;;76 440;7 153;2 780
CCG;08J;E38000090;NHS Kingston CCG;21;21;69 510;;64 826;3 035;1 649
CCG;08K;E38000092;NHS Lambeth CCG;46;38;136 558;;121 103;10 415;5 040
CCG;08L;E38000098;NHS Lewisham CCG;35;34;107 574;;95 759;8 635;3 180
CCG;08M;E38000113;NHS Newham CCG;51;48;135 075;;117 953;12 099;5 023
CCG;08N;E38000138;NHS Redbridge CCG;42;40;106 820;;94 342;6 757;5 721
CCG;08P;E38000140;NHS Richmond CCG;25;20;67 027;;58 942;3 615;4 470
CCG;08Q;E38000171;NHS Southwark CCG;35;35;114 390;;100 998;9 369;4 023
CCG;08R;E38000105;NHS Merton CCG;22;21;68 317;;62 535;4 242;1 540
CCG;08T;E38000179;NHS Sutton CCG;23;22;71 690;;66 095;3 311;2 284
CCG;08V;E38000186;NHS Tower Hamlets CCG;36;34;135 710;;120 672;11 365;3 673
CCG;08W;E38000192;NHS Waltham Forest CCG;40;38;95 539;;86 474;5 839;3 226
CCG;08X;E38000193;NHS Wandsworth CCG;42;40;147 707;;132 491;10 366;4 850
CCG;08Y;E38000202;NHS West London CCG;42;42;109 317;;95 717;6 993;6 607
CCG;09A;E38000031;NHS Central London (Westminster) CCG;34;33;78 388;;69 315;5 672;3 401
CCG;09C;E38000002;NHS Ashford CCG;11;11;65 919;;61 849;2 469;1 601
CCG;09D;E38000021;NHS Brighton and Hove CCG;35;34;112 161;;98 425;5 571;8 165
CCG;09E;E38000029;NHS Canterbury and Coastal CCG;14;14;105 826;;97 293;4 279;4 254
CCG;09F;E38000055;NHS Eastbourne, Hailsham and Seaford CCG;20;20;95 894;;88 516;4 056;3 322
CCG;09G;E38000213;NHS Coastal West Sussex CCG;46;46;229 767;;208 086;8 219;13 462
CCG;09H;E38000039;NHS Crawley CCG;12;12;53 786;;48 259;1 906;3 621
CCG;09J;E38000043;NHS Dartford, Gravesham and Swanley CCG;27;20;68 908;;59 766;3 921;5 221
CCG;09L;E38000054;NHS East Surrey CCG;16;16;74 498;;68 726;3 445;2 327
CCG;09N;E38000214;NHS Guildford and Waverley CCG;20;20;84 114;;77 915;3 572;2 627
CCG;09P;E38000076;NHS Hastings and Rother CCG;23;23;95 855;;87 371;4 493;3 991
CCG;09W;E38000104;NHS Medway CCG;44;44;92 264;;81 807;5 078;5 379
CCG;09X;E38000083;NHS Horsham and Mid Sussex CCG;23;22;90 438;;81 802;3 163;5 473
CCG;09Y;E38000128;NHS North West Surrey CCG;38;36;127 747;;118 191;5 258;4 298
CCG;10A;E38000156;NHS South Kent Coast CCG;28;27;81 614;;74 119;3 497;3 998
CCG;10C;E38000178;NHS Surrey Heath CCG;7;6;34 362;;32 500;1 284;578
CCG;10D;E38000180;NHS Swale CCG;16;16;43 627;;39 123;2 368;2 136
CCG;10E;E38000184;NHS Thanet CCG;14;12;53 947;;48 395;2 130;3 422
CCG;10J;E38000120;NHS North Hampshire CCG;15;15;98 112;;91 173;3 649;3 290
CCG;10K;E38000059;NHS Fareham and Gosport CCG;17;17;79 578;;73 340;3 257;2 981
CCG;10L;E38000087;NHS Isle of Wight CCG;15;15;71 208;;59 805;5 062;6 341
CCG;10Q;E38000136;NHS Oxfordshire CCG;68;65;303 900;;281 259;12 549;10 092
CCG;10R;E38000137;NHS Portsmouth CCG;15;15;82 171;;73 639;4 229;4 303
CCG;10V;E38000154;NHS South Eastern Hampshire CCG;20;19;84 255;;76 527;3 496;4 232
CCG;10X;E38000167;NHS Southampton CCG;26;22;88 557;;80 207;4 560;3 790
CCG;11A;E38000198;NHS West Hampshire CCG;48;43;213 158;;197 182;7 071;8 905
CCG;11E;E38000009;NHS Bath and North East Somerset CCG;24;24;95 374;;85 807;3 860;5 707
CCG;11J;E38000045;NHS Dorset CCG;80;80;375 130;;336 205;14 573;24 352
CCG;11M;E38000062;NHS Gloucestershire CCG;75;71;287 072;;257 437;11 549;18 086
CCG;11N;E38000089;NHS Kernow CCG;59;57;310 536;;269 013;21 280;20 243
CCG;11X;E38000150;NHS Somerset CCG;65;60;231 090;;211 906;10 364;8 820
CCG;12D;E38000181;NHS Swindon CCG;22;22;104 302;;88 974;4 591;10 737
CCG;12F;E38000208;NHS Wirral CCG;49;47;150 353;;131 688;8 872;9 793
CCG;13T;E38000212;NHS Newcastle Gateshead CCG;61;58;204 234;;181 845;12 703;9 686
CCG;14L;E38000217;NHS Manchester CCG;86;79;221 303;;195 462;16 700;9 141
CCG;14Y;E38000223;NHS Buckinghamshire CCG;50;46;203 609;;190 772;6 835;6 002
CCG;15A;E38000221;NHS Berkshire West;46;43;196 317;;179 116;7 896;9 305
CCG;15C;E38000222;NHS Bristol, North Somerset and South Gloucestershire CCG;80;76;423 542;;387 434;21 775;14 333
CCG;15D;E38000224;NHS East Berkshire CCG;47;41;160 387;;147 097;7 971;5 319
CCG;15E;E38000220;NHS Birmingham and Solihull CCG;164;158;528 831;;463 243;38 985;26 603
CCG;15F;E38000225;NHS Leeds CCG;95;95;378 805;;339 116;17 399;22 290
CCG;15M;E38000229;NHS Derby and Derbyshire CCG;115;113;474 393;;425 812;18 222;30 359
CCG;15N;E38000230;NHS Devon CCG;125;121;649 306;;587 005;24 758;37 543
CCG;99A;E38000101;NHS Liverpool CCG;88;85;209 200;;186 865;14 051;8 284
CCG;99C;E38000127;NHS North Tyneside CCG;26;26;90 229;;80 659;4 706;4 864
CCG;99D;E38000157;NHS South Lincolnshire CCG;13;13;85 178;;76 443;3 284;5 451
CCG;99E;E38000007;NHS Basildon and Brentwood CCG;35;35;101 344;;90 188;3 876;7 280
CCG;99F;E38000030;NHS Castle Point and Rochford CCG;23;22;65 065;;58 092;1 945;5 028
CCG;99G;E38000168;NHS Southend CCG;28;27;66 698;;59 431;2 978;4 289
CCG;99H;E38000177;NHS Surrey Downs CCG;30;30;109 530;;99 374;4 097;6 059
CCG;99J;E38000199;NHS West Kent CCG;54;46;176 914;;158 548;8 500;9 866
CCG;99K;E38000081;NHS High Weald Lewes Havens CCG;19;18;69 574;;63 174;2 285;4 115
CCG;99M;E38000118;NHS North East Hampshire and Farnham CCG;20;16;73 054;;67 659;2 980;2 415
CCG;99N;E38000206;NHS Wiltshire CCG;47;46;252 067;;229 769;8 285;14 013
;;;;;;;;;;
Source: NHS Digital;;;;;;;;;;
;;;;;;;;;;
Notes:;;;;;;;;;;
1;CCGs are only included if there is data for more than one practice within the CCG, therefore the total count of open GP practices by CCG may not equal the national total;;;;;;;;;
2;"At the time of the appointment a ‘Booked’ status will usually be changed to either ‘Attended’ or ‘DNA’. In some cases (4-7% of monthly appointments), the final status of an appointment remains as ‘Booked’. It is not known from the data whether these appointments were actually attended or not. From a sample audit these were found to be consultations where the status has not been updated to say if patients had attended or not. 
For this reason, these appointments are reported as ""Unknown"" status";;;;;;;;;
_;;;;;;;;;;
Copyright © 2020 Health and Social Care Information Centre. The Health and Social Care Information Centre is a non-departmental body created by statute, also known as NHS Digital.;;;;;;;;;;
;;;;;;;;;;
;;;;;;;;;;
;;;;;;;;;;
;;;;;;;;;;
;;;;;;;;;;
;;;;;;;;;;
;;;;;;;;;;
;;;;;;;;;;
;;;;;;;;;;
;;;;;;;;;;
;;;;;;;;;;
;;;;;;;;;;
;;;;;;;;;;
;;;;;;;;;;
;;;;;;;;;;
;;;;;;;;;;
;;;;;;;;;;
;;;;;;;;;;
;;;;;;;;;;
;;;;;;;;;;
;;;;;;;;;;
;;;;;;;;;;
;;;;;;;;;;
;;;;;;;;;;
;;;;;;;;;;
;;;;;;;;;;
;;;;;;;;;;
;;;;;;;;;;
;;;;;;;;;;
;;;;;;;;;;
;;;;;;;;;;
;;;;;;;;;;
;;;;;;;;;;
;;;;;;;;;;
;;;;;;;;;;
;;;;;;;;;;
;;;;;;;;;;
;;;;;;;;;;
;;;;;;;;;;
;;;;;;;;;;
;;;;;;;;;;
;;;;;;;;;;
;;;;;;;;;;
;;;;;;;;;;
;;;;;;;;;;
;;;;;;;;;;
;;;;;;;;;;
;;;;;;;;;;
;;;;;;;;;;
;;;;;;;;;;
;;;;;;;;;;
;;;;;;;;;;
;;;;;;;;;;
;;;;;;;;;;
;;;;;;;;;;
;;;;;;;;;;
;;;;;;;;;;
;;;;;;;;;;
;;;;;;;;;;
;;;;;;;;;;
;;;;;;;;;;
;;;;;;;;;;
;;;;;;;;;;
;;;;;;;;;;
;;;;;;;;;;
;;;;;;;;;;
;;;;;;;;;;
;;;;;;;;;;
;;;;;;;;;;
;;;;;;;;;;
;;;;;;;;;;
;;;;;;;;;;
;;;;;;;;;;
;;;;;;;;;;
;;;;;;;;;;
;;;;;;;;;;
;;;;;;;;;;
;;;;;;;;;;
;;;;;;;;;;
;;;;;;;;;;
;;;;;;;;;;
;;;;;;;;;;
;;;;;;;;;;
;;;;;;;;;;
;;;;;;;;;;
;;;;;;;;;;
;;;;;;;;;;
;;;;;;;;;;
;;;;;;;;;;
;;;;;;;;;;
;;;;;;;;;;
;;;;;;;;;;
;;;;;;;;;;
;;;;;;;;;;
;;;;;;;;;;
;;;;;;;;;;
;;;;;;;;;;
;;;;;;;;;;
;;;;;;;;;;
;;;;;;;;;;
;;;;;;;;;;
;;;;;;;;;;
;;;;;;;;;;
;;;;;;;;;;
;;;;;;;;;;
;;;;;;;;;;
;;;;;;;;;;
;;;;;;;;;;
;;;;;;;;;;
;;;;;;;;;;
;;;;;;;;;;
;;;;;;;;;;
;;;;;;;;;;
;;;;;;;;;;
;;;;;;;;;;
;;;;;;;;;;
;;;;;;;;;;
;;;;;;;;;;
;;;;;;;;;;
;;;;;;;;;;
;;;;;;;;;;
;;;;;;;;;;
;;;;;;;;;;
;;;;;;;;;;
;;;;;;;;;;
;;;;;;;;;;
;;;;;;;;;;
;;;;;;;;;;
;;;;;;;;;;
;;;;;;;;;;
;;;;;;;;;;
;;;;;;;;;;
;;;;;;;;;;
;;;;;;;;;;
;;;;;;;;;;
;;;;;;;;;;
;;;;;;;;;;
;;;;;;;;;;
;;;;;;;;;;
;;;;;;;;;;
;;;;;;;;;;
;;;;;;;;;;
;;;;;;;;;;
;;;;;;;;;;
;;;;;;;;;;
;;;;;;;;;;
;;;;;;;;;;
;;;;;;;;;;
;;;;;;;;;;
;;;;;;;;;;
;;;;;;;;;;
;;;;;;;;;;
;;;;;;;;;;
;;;;;;;;;;
;;;;;;;;;;
;;;;;;;;;;
;;;;;;;;;;
;;;;;;;;;;
;;;;;;;;;;
;;;;;;;;;;
;;;;;;;;;;
;;;;;;;;;;
;;;;;;;;;;
;;;;;;;;;;
;;;;;;;;;;
;;;;;;;;;;
;;;;;;;;;;
;;;;;;;;;;
;;;;;;;;;;
;;;;;;;;;;
;;;;;;;;;;
;;;;;;;;;;
;;;;;;;;;;
;;;;;;;;;;
;;;;;;;;;;
;;;;;;;;;;
;;;;;;;;;;
;;;;;;;;;;
;;;;;;;;;;
;;;;;;;;;;
;;;;;;;;;;
;;;;;;;;;;
;;;;;;;;;;
;;;;;;;;;;
;;;;;;;;;;
;;;;;;;;;;
;;;;;;;;;;
;;;;;;;;;;
;;;;;;;;;;
;;;;;;;;;;
;;;;;;;;;;
;;;;;;;;;;
;;;;;;;;;;
;;;;;;;;;;
;;;;;;;;;;
;;;;;;;;;;
;;;;;;;;;;
;;;;;;;;;;
;;;;;;;;;;
;;;;;;;;;;
;;;;;;;;;;
;;;;;;;;;;
;;;;;;;;;;
;;;;;;;;;;
;;;;;;;;;;
;;;;;;;;;;
;;;;;;;;;;
;;;;;;;;;;
;;;;;;;;;;
;;;;;;;;;;
;;;;;;;;;;
;;;;;;;;;;
;;;;;;;;;;
;;;;;;;;;;
;;;;;;;;;;
;;;;;;;;;;
;;;;;;;;;;
;;;;;;;;;;
;;;;;;;;;;
;;;;;;;;;;
;;;;;;;;;;
;;;;;;;;;;
;;;;;;;;;;
;;;;;;;;;;
;;;;;;;;;;
;;;;;;;;;;
;;;;;;;;;;
;;;;;;;;;;
;;;;;;;;;;
;;;;;;;;;;
;;;;;;;;;;
;;;;;;;;;;
;;;;;;;;;;
;;;;;;;;;;
;;;;;;;;;;
;;;;;;;;;;
;;;;;;;;;;
;;;;;;;;;;
;;;;;;;;;;
;;;;;;;;;;
;;;;;;;;;;
;;;;;;;;;;
;;;;;;;;;;
;;;;;;;;;;
;;;;;;;;;;
;;;;;;;;;;
;;;;;;;;;;
;;;;;;;;;;
;;;;;;;;;;
;;;;;;;;;;
;;;;;;;;;;
;;;;;;;;;;
;;;;;;;;;;
;;;;;;;;;;
;;;;;;;;;;
;;;;;;;;;;
;;;;;;;;;;
;;;;;;;;;;
;;;;;;;;;;
;;;;;;;;;;
;;;;;;;;;;
;;;;;;;;;;
;;;;;;;;;;
;;;;;;;;;;
;;;;;;;;;;
;;;;;;;;;;
;;;;;;;;;;
;;;;;;;;;;
;;;;;;;;;;
;;;;;;;;;;
;;;;;;;;;;
;;;;;;;;;;
;;;;;;;;;;
;;;;;;;;;;
;;;;;;;;;;
;;;;;;;;;;
;;;;;;;;;;
;;;;;;;;;;
;;;;;;;;;;
;;;;;;;;;;
;;;;;;;;;;
;;;;;;;;;;
;;;;;;;;;;
;;;;;;;;;;
;;;;;;;;;;
;;;;;;;;;;
;;;;;;;;;;
;;;;;;;;;;
;;;;;;;;;;
;;;;;;;;;;
;;;;;;;;;;
;;;;;;;;;;
;;;;;;;;;;
;;;;;;;;;;
;;;;;;;;;;
;;;;;;;;;;
;;;;;;;;;;
;;;;;;;;;;
;;;;;;;;;;
;;;;;;;;;;
;;;;;;;;;;
;;;;;;;;;;
;;;;;;;;;;
;;;;;;;;;;
;;;;;;;;;;
;;;;;;;;;;
;;;;;;;;;;
;;;;;;;;;;
;;;;;;;;;;
;;;;;;;;;;
;;;;;;;;;;
;;;;;;;;;;
;;;;;;;;;;
;;;;;;;;;;
;;;;;;;;;;
;;;;;;;;;;
;;;;;;;;;;
;;;;;;;;;;
;;;;;;;;;;
;;;;;;;;;;
;;;;;;;;;;
;;;;;;;;;;
;;;;;;;;;;
;;;;;;;;;;
;;;;;;;;;;
;;;;;;;;;;
;;;;;;;;;;
;;;;;;;;;;
;;;;;;;;;;
;;;;;;;;;;
;;;;;;;;;;
;;;;;;;;;;
;;;;;;;;;;
;;;;;;;;;;
;;;;;;;;;;
;;;;;;;;;;
;;;;;;;;;;
;;;;;;;;;;
;;;;;;;;;;
;;;;;;;;;;
;;;;;;;;;;
;;;;;;;;;;
;;;;;;;;;;
;;;;;;;;;;
;;;;;;;;;;
;;;;;;;;;;
;;;;;;;;;;
;;;;;;;;;;
;;;;;;;;;;
;;;;;;;;;;
;;;;;;;;;;
;;;;;;;;;;
;;;;;;;;;;
;;;;;;;;;;
;;;;;;;;;;
;;;;;;;;;;
;;;;;;;;;;
;;;;;;;;;;
;;;;;;;;;;
;;;;;;;;;;
;;;;;;;;;;
;;;;;;;;;;
;;;;;;;;;;
;;;;;;;;;;
;;;;;;;;;;
;;;;;;;;;;
;;;;;;;;;;
;;;;;;;;;;
;;;;;;;;;;
;;;;;;;;;;
;;;;;;;;;;
;;;;;;;;;;
;;;;;;;;;;
;;;;;;;;;;
;;;;;;;;;;
;;;;;;;;;;
;;;;;;;;;;
;;;;;;;;;;
;;;;;;;;;;
;;;;;;;;;;
;;;;;;;;;;
;;;;;;;;;;
;;;;;;;;;;
;;;;;;;;;;
;;;;;;;;;;
;;;;;;;;;;
;;;;;;;;;;
;;;;;;;;;;
;;;;;;;;;;
;;;;;;;;;;
;;;;;;;;;;
;;;;;;;;;;
;;;;;;;;;;
;;;;;;;;;;
;;;;;;;;;;
;;;;;;;;;;
;;;;;;;;;;
;;;;;;;;;;
;;;;;;;;;;
;;;;;;;;;;
;;;;;;;;;;
;;;;;;;;;;
;;;;;;;;;;
;;;;;;;;;;
;;;;;;;;;;
;;;;;;;;;;
;;;;;;;;;;
;;;;;;;;;;
;;;;;;;;;;
;;;;;;;;;;
;;;;;;;;;;
;;;;;;;;;;
;;;;;;;;;;
;;;;;;;;;;
;;;;;;;;;;
;;;;;;;;;;
;;;;;;;;;;
;;;;;;;;;;
;;;;;;;;;;
;;;;;;;;;;
;;;;;;;;;;
;;;;;;;;;;
;;;;;;;;;;
;;;;;;;;;;
;;;;;;;;;;
;;;;;;;;;;
;;;;;;;;;;
;;;;;;;;;;
;;;;;;;;;;
;;;;;;;;;;
;;;;;;;;;;
;;;;;;;;;;
;;;;;;;;;;
;;;;;;;;;;
;;;;;;;;;;
;;;;;;;;;;
;;;;;;;;;;
;;;;;;;;;;
;;;;;;;;;;
;;;;;;;;;;
;;;;;;;;;;
;;;;;;;;;;
;;;;;;;;;;
;;;;;;;;;;
;;;;;;;;;;
;;;;;;;;;;
;;;;;;;;;;
;;;;;;;;;;
;;;;;;;;;;
;;;;;;;;;;
;;;;;;;;;;
;;;;;;;;;;
;;;;;;;;;;
;;;;;;;;;;
;;;;;;;;;;
;;;;;;;;;;
;;;;;;;;;;
;;;;;;;;;;
;;;;;;;;;;
;;;;;;;;;;
;;;;;;;;;;
;;;;;;;;;;
;;;;;;;;;;
;;;;;;;;;;
;;;;;;;;;;
;;;;;;;;;;
;;;;;;;;;;
;;;;;;;;;;
;;;;;;;;;;
;;;;;;;;;;
;;;;;;;;;;
;;;;;;;;;;
;;;;;;;;;;
;;;;;;;;;;
;;;;;;;;;;
;;;;;;;;;;
;;;;;;;;;;
;;;;;;;;;;
;;;;;;;;;;
;;;;;;;;;;
;;;;;;;;;;
;;;;;;;;;;
;;;;;;;;;;
;;;;;;;;;;
;;;;;;;;;;
;;;;;;;;;;
;;;;;;;;;;
;;;;;;;;;;
;;;;;;;;;;
;;;;;;;;;;
;;;;;;;;;;
;;;;;;;;;;
;;;;;;;;;;
;;;;;;;;;;
;;;;;;;;;;
;;;;;;;;;;
;;;;;;;;;;
;;;;;;;;;;
;;;;;;;;;;
;;;;;;;;;;
;;;;;;;;;;
;;;;;;;;;;
;;;;;;;;;;
;;;;;;;;;;
;;;;;;;;;;
;;;;;;;;;;
;;;;;;;;;;
;;;;;;;;;;
;;;;;;;;;;
;;;;;;;;;;
;;;;;;;;;;
;;;;;;;;;;
;;;;;;;;;;
;;;;;;;;;;
;;;;;;;;;;
;;;;;;;;;;
;;;;;;;;;;
;;;;;;;;;;
;;;;;;;;;;
;;;;;;;;;;
;;;;;;;;;;
;;;;;;;;;;
;;;;;;;;;;
;;;;;;;;;;
;;;;;;;;;;
;;;;;;;;;;
;;;;;;;;;;
;;;;;;;;;;
;;;;;;;;;;
;;;;;;;;;;
;;;;;;;;;;
;;;;;;;;;;
;;;;;;;;;;
;;;;;;;;;;
;;;;;;;;;;
;;;;;;;;;;
;;;;;;;;;;
;;;;;;;;;;
;;;;;;;;;;
;;;;;;;;;;
;;;;;;;;;;
;;;;;;;;;;
;;;;;;;;;;
;;;;;;;;;;
;;;;;;;;;;
;;;;;;;;;;
;;;;;;;;;;
;;;;;;;;;;
;;;;;;;;;;
;;;;;;;;;;
;;;;;;;;;;
;;;;;;;;;;
;;;;;;;;;;
;;;;;;;;;;
;;;;;;;;;;
;;;;;;;;;;
;;;;;;;;;;
;;;;;;;;;;
;;;;;;;;;;
;;;;;;;;;;
;;;;;;;;;;
;;;;;;;;;;
;;;;;;;;;;
;;;;;;;;;;
;;;;;;;;;;
;;;;;;;;;;