﻿;;;;;;;;;;
;;;;;;;;;;
;;;;;;;;;;
;;;;;;;;;;
;;;;;;;;;;
Return to Contents;;;;;;;;;;
_;;;;;;;;;;
Table 3a: Appointments by Status, at National, Regional, Sub-Regional, STP and CCG level, England, March 20203;;;;;;;;;;
;;;;Count of Open GP Practices1;Count of Included GP Practices;Count of Appointments;;"Count of Appointments by 
Appointment Status";;
Type;NHS Area Code;ONS Code;Name;;;Total;;Attended;DNA;Unknown2
Type;NHS Area Code;ONS Code;Name;Open Active Practices;Included Practices;Total;_;Attended;DNA;Unknown
National;ENG;ENG;England;6 795;6 506;23 771 858;;20 467 746;1 153 429;2 150 683
Region;Y56;E40000003;London;1 252;1 170;3 299 719;;2 855 121;203 822;240 776
Region;Y58;E40000006;South West;576;556;2 714 127;;2 316 210;120 963;276 954
Region;Y59;E40000005;South East;883;830;3 451 152;;3 027 327;155 315;268 510
Region;Y60;E40000008;Midlands;1 327;1 296;4 602 936;;3 952 900;225 910;424 126
Region;Y61;E40000007;East of England;691;675;2 856 687;;2 438 988;115 725;301 974
Region;Y62;E40000010;North West;1 030;959;2 742 405;;2 390 433;159 111;192 861
Region;Y63;E40000009;North East and Yorkshire;1 036;1 020;4 104 832;;3 486 767;172 583;445 482
Regional Local Office;Q71;E39000018;NHS England London;1 252;1 170;3 299 719;;2 855 121;203 822;240 776
Regional Local Office;Q72;E39000048;NHS England North East and Yorkshire (Yorkshire and Humber);643;635;2 614 174;;2 212 999;104 822;296 353
Regional Local Office;Q74;E39000047;NHS England North East and Yorkshire (Cumbria and North East);393;385;1 490 658;;1 273 768;67 761;149 129
Regional Local Office;Q75;E39000026;NHS England North West (Cheshire and Merseyside);364;352;1 020 396;;893 237;58 668;68 491
Regional Local Office;Q76;E39000032;NHS England Midlands (North Midlands);452;445;1 606 366;;1 372 216;65 546;168 604
Regional Local Office;Q77;E39000033;NHS England Midlands (West Midlands);585;567;1 797 997;;1 555 360;110 190;132 447
Regional Local Office;Q78;E39000045;NHS England Midlands (Central Midlands);290;284;1 198 573;;1 025 324;50 174;123 075
Regional Local Office;Q79;E39000046;NHS England East of England (East);691;675;2 856 687;;2 438 988;115 725;301 974
Regional Local Office;Q83;E39000037;NHS England North West (Greater Manchester);454;406;1 068 657;;919 471;68 086;81 100
Regional Local Office;Q84;E39000040;NHS England North West (Lancashire and South Cumbria);212;201;653 352;;577 725;32 357;43 270
Regional Local Office;Q85;E39000044;NHS England South West (South West South);328;318;1 556 691;;1 325 612;73 096;157 983
Regional Local Office;Q86;E39000043;NHS England South West (South West North);248;238;1 157 436;;990 598;47 867;118 971
Regional Local Office;Q87;E39000041;NHS England South East (Hampshire, Isle of Wight and Thames Valley);394;364;1 654 690;;1 465 049;75 121;114 520
Regional Local Office;Q88;E39000042;NHS England South East (Kent, Surrey and Sussex);489;466;1 796 462;;1 562 278;80 194;153 990
STP;E54000005;E54000005;West Yorkshire And Harrogate (Health And Care Partnership)  STP;309;305;1 276 462;;1 084 716;46 211;145 535
STP;E54000006;E54000006;Humber, Coast And Vale  STP;145;141;611 351;;516 686;23 086;71 579
STP;E54000007;E54000007;Greater Manchester Health And Social Care Partnership  STP;454;406;1 068 657;;919 471;68 086;81 100
STP;E54000008;E54000008;Cheshire And Merseyside  STP;364;352;1 020 396;;893 237;58 668;68 491
STP;E54000009;E54000009;South Yorkshire And Bassetlaw  STP;189;189;726 361;;611 597;35 525;79 239
STP;E54000010;E54000010;Staffordshire And Stoke On Trent  STP;152;148;415 481;;364 479;20 593;30 409
STP;E54000011;E54000011;Shropshire And Telford And Wrekin  STP;54;54;210 605;;188 891;10 145;11 569
STP;E54000012;E54000012;Joined Up Care Derbyshire  STP;115;113;492 783;;413 006;15 855;63 922
STP;E54000013;E54000013;Lincolnshire  STP;86;85;340 210;;289 514;13 739;36 957
STP;E54000014;E54000014;Nottingham And Nottinghamshire Health And Care  STP;131;130;487 497;;405 840;18 953;62 704
STP;E54000015;E54000015;Leicester, Leicestershire And Rutland  STP;134;132;522 803;;451 169;23 330;48 304
STP;E54000016;E54000016;The Black Country And West Birmingham  STP;214;207;551 535;;468 973;39 370;43 192
STP;E54000017;E54000017;Birmingham And Solihull  STP;164;158;521 215;;437 288;36 209;47 718
STP;E54000018;E54000018;Coventry And Warwickshire  STP;124;122;378 480;;338 229;19 236;21 015
STP;E54000019;E54000019;Herefordshire And Worcestershire  STP;83;80;346 767;;310 870;15 375;20 522
STP;E54000020;E54000020;Northamptonshire  STP;70;67;335 560;;284 641;13 105;37 814
STP;E54000021;E54000021;Cambridgeshire And Peterborough  STP;87;86;431 304;;367 915;20 619;42 770
STP;E54000022;E54000022;Norfolk And Waveney Health And Care Partnership  STP;106;104;513 556;;438 017;19 480;56 059
STP;E54000023;E54000023;Suffolk And North East Essex  STP;97;95;445 855;;387 795;14 781;43 279
STP;E54000024;E54000024;Bedfordshire, Luton And Milton Keynes  STP;100;99;424 054;;358 212;19 247;46 595
STP;E54000025;E54000025;Hertfordshire And West Essex  STP;146;141;570 792;;484 522;26 511;59 759
STP;E54000026;E54000026;Mid And South Essex  STP;155;150;471 126;;402 527;15 087;53 512
STP;E54000027;E54000027;North West London Health And Care Partnership  STP;358;353;894 707;;773 727;49 215;71 765
STP;E54000028;E54000028;North London Partners In Health And Care  STP;208;171;470 446;;408 681;29 476;32 289
STP;E54000029;E54000029;East London Health And Care Partnership  STP;285;270;731 435;;631 620;50 611;49 204
STP;E54000030;E54000030;Our Healthier South East London  STP;217;202;642 813;;548 392;41 610;52 811
STP;E54000031;E54000031;South West London Health And Care Partnership  STP;184;174;560 318;;492 701;32 910;34 707
STP;E54000032;E54000032;Kent And Medway  STP;207;189;674 555;;587 499;34 004;53 052
STP;E54000033;E54000033;Sussex And East Surrey  STP;194;191;807 115;;695 544;31 575;79 996
STP;E54000034;E54000034;Frimley Health  STP;74;63;261 526;;236 442;11 652;13 432
STP;E54000035;E54000035;Surrey Heartlands  STP;88;86;314 792;;279 235;14 615;20 942
STP;E54000036;E54000036;Cornwall And The Isles Of Scilly  STP;59;57;315 619;;258 777;23 160;33 682
STP;E54000037;E54000037;Devon  STP;124;121;630 222;;542 771;24 745;62 706
STP;E54000038;E54000038;Somerset  STP;65;60;225 033;;199 082;11 317;14 634
STP;E54000039;E54000039;Bristol, North Somerset And South Gloucestershire  STP;80;76;406 840;;358 922;21 855;26 063
STP;E54000040;E54000040;Bath And North East Somerset, Swindon And Wiltshire  STP;93;92;463 568;;388 015;15 704;59 849
STP;E54000041;E54000041;Dorset  STP;80;80;385 817;;324 982;13 874;46 961
STP;E54000042;E54000042;Hampshire And The Isle Of Wight  STP;156;146;701 999;;610 947;32 437;58 615
STP;E54000043;E54000043;Gloucestershire  STP;75;70;287 028;;243 661;10 308;33 059
STP;E54000044;E54000044;Buckinghamshire, Oxfordshire And Berkshire West  STP;164;155;691 165;;617 660;31 032;42 473
STP;E54000048;E54000048;Healthier Lancashire And South Cumbria  STP;212;201;653 352;;577 725;32 357;43 270
STP;E54000049;E54000049;Cumbria And North East  STP;393;385;1 490 658;;1 273 768;67 761;149 129
CCG;00C;E38000042;NHS Darlington CCG;11;11;49 066;;40 425;2 576;6 065
CCG;00D;E38000047;NHS Durham Dales, Easington and Sedgefield CCG;33;33;169 909;;141 615;6 727;21 567
CCG;00J;E38000116;NHS North Durham CCG;30;30;133 485;;114 558;5 334;13 593
CCG;00K;E38000075;NHS Hartlepool and Stockton-on-Tees CCG;32;32;124 806;;104 020;5 885;14 901
CCG;00L;E38000130;NHS Northumberland CCG;41;40;160 587;;139 231;4 996;16 360
CCG;00M;E38000162;NHS South Tees CCG;38;35;148 957;;124 635;6 950;17 372
CCG;00N;E38000163;NHS South Tyneside CCG;21;21;58 817;;52 169;2 733;3 915
CCG;00P;E38000176;NHS Sunderland CCG;40;39;114 427;;101 722;7 095;5 610
CCG;00Q;E38000014;NHS Blackburn with Darwen CCG;23;22;56 978;;49 883;4 085;3 010
CCG;00R;E38000015;NHS Blackpool CCG;18;17;73 980;;66 225;3 955;3 800
CCG;00T;E38000016;NHS Bolton CCG;49;48;132 474;;112 668;9 522;10 284
CCG;00V;E38000024;NHS Bury CCG;26;7;24 919;;19 650;1 297;3 972
CCG;00X;E38000034;NHS Chorley and South Ribble CCG;30;27;61 745;;53 569;2 550;5 626
CCG;00Y;E38000135;NHS Oldham CCG;43;40;93 116;;81 465;6 055;5 596
CCG;01A;E38000050;NHS East Lancashire CCG;49;48;138 374;;122 424;7 701;8 249
CCG;01C;E38000056;NHS Eastern Cheshire CCG;21;19;71 625;;63 009;3 824;4 792
CCG;01D;E38000080;NHS Heywood, Middleton and Rochdale CCG;41;36;88 804;;77 385;6 063;5 356
CCG;01E;E38000227;NHS Greater Preston CCG;23;22;63 628;;56 353;3 233;4 042
CCG;01F;E38000068;NHS Halton CCG;14;14;53 701;;45 097;3 557;5 047
CCG;01G;E38000143;NHS Salford CCG;44;39;118 046;;97 746;7 652;12 648
CCG;01H;E38000215;NHS North Cumbria CCG;39;39;159 792;;139 218;7 238;13 336
CCG;01J;E38000091;NHS Knowsley CCG;25;25;68 471;;58 717;5 092;4 662
CCG;01K;E38000228;NHS Morecambe Bay CCG;35;33;139 698;;123 526;6 433;9 739
CCG;01R;E38000151;NHS South Cheshire CCG;17;17;74 632;;65 656;4 302;4 674
CCG;01T;E38000161;NHS South Sefton CCG;31;29;47 358;;42 060;2 973;2 325
CCG;01V;E38000170;NHS Southport and Formby CCG;17;17;49 378;;43 680;1 949;3 749
CCG;01W;E38000174;NHS Stockport CCG;37;34;116 365;;102 491;5 911;7 963
CCG;01X;E38000172;NHS St Helens CCG;34;33;67 979;;59 104;3 740;5 135
CCG;01Y;E38000182;NHS Tameside and Glossop CCG;37;37;95 515;;83 269;6 022;6 224
CCG;02A;E38000187;NHS Trafford CCG;30;27;66 783;;57 989;3 969;4 825
CCG;02D;E38000189;NHS Vale Royal CCG;12;12;39 548;;34 283;2 071;3 194
CCG;02E;E38000194;NHS Warrington CCG;26;26;88 722;;79 678;3 063;5 981
CCG;02F;E38000196;NHS West Cheshire CCG;31;28;102 786;;91 595;5 327;5 864
CCG;02G;E38000200;NHS West Lancashire CCG;15;14;44 397;;39 346;1 964;3 087
CCG;02H;E38000205;NHS Wigan Borough CCG;61;59;120 654;;103 686;5 517;11 451
CCG;02M;E38000226;NHS Fylde and Wyre CCG;19;18;74 552;;66 399;2 436;5 717
CCG;02N;E38000001;NHS Airedale, Wharfedale and Craven CCG;16;16;88 552;;73 513;2 240;12 799
CCG;02P;E38000006;NHS Barnsley CCG;33;33;114 720;;97 612;4 835;12 273
CCG;02Q;E38000008;NHS Bassetlaw CCG;9;9;56 688;;48 867;2 549;5 272
CCG;02R;E38000019;NHS Bradford Districts CCG;31;31;167 135;;141 238;5 065;20 832
CCG;02T;E38000025;NHS Calderdale CCG;23;22;92 574;;78 662;3 334;10 578
CCG;02W;E38000018;NHS Bradford City CCG;25;25;71 638;;60 921;4 020;6 697
CCG;02X;E38000044;NHS Doncaster CCG;39;39;137 732;;119 382;6 767;11 583
CCG;02Y;E38000052;NHS East Riding of Yorkshire CCG;29;27;124 481;;109 232;4 055;11 194
CCG;03A;E38000064;NHS Greater Huddersfield CCG;37;37;102 516;;90 103;3 898;8 515
CCG;03D;E38000069;NHS Hambleton, Richmondshire and Whitby CCG;22;21;66 896;;57 465;2 259;7 172
CCG;03E;E38000073;NHS Harrogate and Rural District CCG;17;17;77 634;;65 924;2 010;9 700
CCG;03F;E38000085;NHS Hull CCG;33;33;117 338;;97 127;6 697;13 514
CCG;03H;E38000119;NHS North East Lincolnshire CCG;26;25;81 520;;69 384;3 044;9 092
CCG;03J;E38000121;NHS North Kirklees CCG;28;27;87 716;;76 088;3 480;8 148
CCG;03K;E38000122;NHS North Lincolnshire CCG;19;19;87 134;;74 490;2 133;10 511
CCG;03L;E38000141;NHS Rotherham CCG;29;29;126 624;;106 798;6 641;13 185
CCG;03M;E38000145;NHS Scarborough and Ryedale CCG;12;12;62 050;;49 772;2 085;10 193
CCG;03N;E38000146;NHS Sheffield CCG;79;79;290 597;;238 938;14 733;36 926
CCG;03Q;E38000188;NHS Vale of York CCG;26;25;138 828;;116 681;5 072;17 075
CCG;03R;E38000190;NHS Wakefield CCG;37;35;189 773;;160 820;6 183;22 770
CCG;03T;E38000099;NHS Lincolnshire East CCG;26;26;112 854;;98 084;4 817;9 953
CCG;03V;E38000037;NHS Corby CCG;6;5;37 510;;28 146;1 175;8 189
CCG;03W;E38000051;NHS East Leicestershire and Rutland CCG;31;29;164 233;;141 211;6 596;16 426
CCG;04C;E38000097;NHS Leicester City CCG;57;57;175 203;;150 660;10 030;14 513
CCG;04D;E38000100;NHS Lincolnshire West CCG;30;29;91 677;;77 248;3 699;10 730
CCG;04E;E38000103;NHS Mansfield and Ashfield CCG;26;26;93 749;;75 402;3 717;14 630
CCG;04F;E38000107;NHS Milton Keynes CCG;26;26;121 042;;100 660;5 107;15 275
CCG;04G;E38000108;NHS Nene CCG;64;62;298 050;;256 495;11 930;29 625
CCG;04H;E38000109;NHS Newark and Sherwood CCG;14;14;60 371;;52 212;1 848;6 311
CCG;04K;E38000132;NHS Nottingham City CCG;50;49;154 160;;127 372;7 592;19 196
CCG;04L;E38000133;NHS Nottingham North and East CCG;17;17;65 415;;55 009;2 270;8 136
CCG;04M;E38000134;NHS Nottingham West CCG;12;12;50 382;;42 189;1 872;6 321
CCG;04N;E38000142;NHS Rushcliffe CCG;12;12;63 420;;53 656;1 654;8 110
CCG;04Q;E38000165;NHS South West  Lincolnshire CCG;17;17;55 445;;46 334;2 149;6 962
CCG;04V;E38000201;NHS West Leicestershire CCG;46;46;183 367;;159 298;6 704;17 365
CCG;04Y;E38000028;NHS Cannock Chase CCG;24;23;52 206;;45 412;2 318;4 476
CCG;05A;E38000038;NHS Coventry and Rugby CCG;66;65;181 315;;160 594;11 366;9 355
CCG;05C;E38000046;NHS Dudley CCG;43;43;120 979;;104 076;8 237;8 666
CCG;05D;E38000053;NHS East Staffordshire CCG;18;17;55 850;;47 350;2 311;6 189
CCG;05F;E38000078;NHS Herefordshire CCG;20;20;81 023;;72 212;3 442;5 369
CCG;05G;E38000126;NHS North Staffordshire CCG;30;30;76 679;;69 152;3 039;4 488
CCG;05H;E38000195;NHS Warwickshire North CCG;26;25;69 472;;62 531;3 298;3 643
CCG;05J;E38000139;NHS Redditch and Bromsgrove CCG;21;21;75 285;;67 278;3 449;4 558
CCG;05L;E38000144;NHS Sandwell and West Birmingham CCG;81;77;220 304;;184 374;16 077;19 853
CCG;05N;E38000147;NHS Shropshire CCG;41;41;139 575;;124 383;6 213;8 979
CCG;05Q;E38000153;NHS South East Staffordshire and Seisdon Peninsula CCG;26;25;78 262;;69 516;3 929;4 817
CCG;05R;E38000164;NHS South Warwickshire CCG;32;32;127 693;;115 104;4 572;8 017
CCG;05T;E38000166;NHS South Worcestershire CCG;31;28;125 078;;111 253;5 634;8 191
CCG;05V;E38000173;NHS Stafford and Surrounds CCG;14;14;59 821;;52 895;2 752;4 174
CCG;05W;E38000175;NHS Stoke on Trent CCG;40;39;92 663;;80 154;6 244;6 265
CCG;05X;E38000183;NHS Telford and Wrekin CCG;13;13;71 030;;64 508;3 932;2 590
CCG;05Y;E38000191;NHS Walsall CCG;52;50;120 059;;103 234;7 906;8 919
CCG;06A;E38000210;NHS Wolverhampton CCG;38;37;90 193;;77 289;7 150;5 754
CCG;06D;E38000211;NHS Wyre Forest CCG;11;11;65 381;;60 127;2 850;2 404
CCG;06F;E38000010;NHS Bedfordshire CCG;48;47;213 432;;179 647;8 998;24 787
CCG;06H;E38000026;NHS Cambridgeshire and Peterborough CCG;87;86;431 304;;367 915;20 619;42 770
CCG;06K;E38000049;NHS East and North Hertfordshire CCG;57;53;223 717;;185 506;8 449;29 762
CCG;06L;E38000086;NHS Ipswich and East Suffolk CCG;40;39;184 247;;156 745;5 641;21 861
CCG;06M;E38000063;NHS Great Yarmouth and Waveney CCG;19;19;107 196;;92 069;4 657;10 470
CCG;06N;E38000079;NHS Herts Valley CCG;58;57;227 635;;196 259;13 041;18 335
CCG;06P;E38000102;NHS Luton CCG;26;26;89 580;;77 905;5 142;6 533
CCG;06Q;E38000106;NHS Mid Essex CCG;42;39;156 858;;135 577;5 232;16 049
CCG;06T;E38000117;NHS North East Essex CCG;33;32;151 667;;133 029;5 982;12 656
CCG;06V;E38000124;NHS North Norfolk CCG;19;19;89 724;;76 382;3 355;9 987
CCG;06W;E38000218;NHS Norwich CCG;23;22;110 976;;95 046;4 031;11 899
CCG;06Y;E38000219;NHS South Norfolk CCG;24;23;108 547;;92 684;3 734;12 129
CCG;07G;E38000185;NHS Thurrock CCG;27;27;76 314;;66 697;2 559;7 058
CCG;07H;E38000197;NHS West Essex CCG;31;31;119 440;;102 757;5 021;11 662
CCG;07J;E38000203;NHS West Norfolk CCG;21;21;97 113;;81 836;3 703;11 574
CCG;07K;E38000204;NHS West Suffolk CCG;24;24;109 941;;98 021;3 158;8 762
CCG;07L;E38000004;NHS Barking and Dagenham CCG;34;32;75 091;;63 109;5 832;6 150
CCG;07M;E38000005;NHS Barnet CCG;54;43;102 999;;90 067;5 045;7 887
CCG;07N;E38000011;NHS Bexley CCG;23;20;79 574;;68 510;3 151;7 913
CCG;07P;E38000020;NHS Brent CCG;52;52;138 235;;118 108;10 156;9 971
CCG;07Q;E38000023;NHS Bromley CCG;45;43;106 397;;91 761;5 381;9 255
CCG;07R;E38000027;NHS Camden CCG;36;31;87 294;;74 803;4 942;7 549
CCG;07T;E38000035;NHS City and Hackney CCG;40;38;114 373;;99 777;8 205;6 391
CCG;07V;E38000040;NHS Croydon CCG;51;48;134 526;;117 326;9 060;8 140
CCG;07W;E38000048;NHS Ealing CCG;76;74;169 300;;149 456;7 223;12 621
CCG;07X;E38000057;NHS Enfield CCG;47;32;100 130;;86 910;6 730;6 490
CCG;07Y;E38000084;NHS Hounslow CCG;46;46;118 231;;101 305;5 940;10 986
CCG;08A;E38000066;NHS Greenwich CCG;33;32;100 305;;81 284;7 603;11 418
CCG;08C;E38000070;NHS Hammersmith and Fulham CCG;30;28;83 385;;69 958;4 654;8 773
CCG;08D;E38000072;NHS Haringey CCG;37;36;94 800;;83 103;6 453;5 244
CCG;08E;E38000074;NHS Harrow CCG;33;33;98 906;;86 311;5 664;6 931
CCG;08F;E38000077;NHS Havering CCG;42;40;81 611;;70 242;4 251;7 118
CCG;08G;E38000082;NHS Hillingdon CCG;45;45;101 547;;90 530;5 620;5 397
CCG;08H;E38000088;NHS Islington CCG;34;29;85 223;;73 798;6 306;5 119
CCG;08J;E38000090;NHS Kingston CCG;21;21;70 934;;64 770;2 826;3 338
CCG;08K;E38000092;NHS Lambeth CCG;46;38;133 189;;114 969;9 558;8 662
CCG;08L;E38000098;NHS Lewisham CCG;35;34;108 026;;94 388;7 987;5 651
CCG;08M;E38000113;NHS Newham CCG;51;48;129 173;;106 196;10 690;12 287
CCG;08N;E38000138;NHS Redbridge CCG;42;40;103 496;;90 144;6 043;7 309
CCG;08P;E38000140;NHS Richmond CCG;25;21;71 557;;59 872;4 021;7 664
CCG;08Q;E38000171;NHS Southwark CCG;35;35;115 322;;97 480;7 930;9 912
CCG;08R;E38000105;NHS Merton CCG;22;21;65 672;;58 549;4 523;2 600
CCG;08T;E38000179;NHS Sutton CCG;23;23;71 790;;64 217;3 235;4 338
CCG;08V;E38000186;NHS Tower Hamlets CCG;36;34;132 477;;117 057;10 344;5 076
CCG;08W;E38000192;NHS Waltham Forest CCG;40;38;95 214;;85 095;5 246;4 873
CCG;08X;E38000193;NHS Wandsworth CCG;42;40;145 839;;127 967;9 245;8 627
CCG;08Y;E38000202;NHS West London CCG;42;42;109 493;;92 500;5 667;11 326
CCG;09A;E38000031;NHS Central London (Westminster) CCG;34;33;75 610;;65 559;4 291;5 760
CCG;09C;E38000002;NHS Ashford CCG;11;11;62 898;;57 270;2 551;3 077
CCG;09D;E38000021;NHS Brighton and Hove CCG;35;34;118 043;;101 095;4 596;12 352
CCG;09E;E38000029;NHS Canterbury and Coastal CCG;14;14;105 092;;92 253;4 624;8 215
CCG;09F;E38000055;NHS Eastbourne, Hailsham and Seaford CCG;20;20;91 684;;80 837;4 417;6 430
CCG;09G;E38000213;NHS Coastal West Sussex CCG;46;46;225 655;;191 023;7 815;26 817
CCG;09H;E38000039;NHS Crawley CCG;12;12;53 383;;45 339;1 532;6 512
CCG;09J;E38000043;NHS Dartford, Gravesham and Swanley CCG;27;20;70 344;;59 211;4 381;6 752
CCG;09L;E38000054;NHS East Surrey CCG;16;16;72 268;;65 126;3 611;3 531
CCG;09N;E38000214;NHS Guildford and Waverley CCG;20;20;82 423;;72 961;3 648;5 814
CCG;09P;E38000076;NHS Hastings and Rother CCG;23;23;89 000;;78 316;4 533;6 151
CCG;09W;E38000104;NHS Medway CCG;44;44;90 023;;77 853;4 601;7 569
CCG;09X;E38000083;NHS Horsham and Mid Sussex CCG;23;22;89 081;;75 477;2 870;10 734
CCG;09Y;E38000128;NHS North West Surrey CCG;38;36;124 862;;112 558;5 920;6 384
CCG;10A;E38000156;NHS South Kent Coast CCG;28;27;76 771;;67 392;3 920;5 459
CCG;10C;E38000178;NHS Surrey Heath CCG;7;6;31 899;;29 597;1 098;1 204
CCG;10D;E38000180;NHS Swale CCG;15;15;41 081;;35 710;2 348;3 023
CCG;10E;E38000184;NHS Thanet CCG;14;12;50 692;;44 209;2 393;4 090
CCG;10J;E38000120;NHS North Hampshire CCG;15;15;92 133;;84 300;3 661;4 172
CCG;10K;E38000059;NHS Fareham and Gosport CCG;17;17;75 719;;67 796;3 522;4 401
CCG;10L;E38000087;NHS Isle of Wight CCG;15;15;71 661;;57 496;5 188;8 977
CCG;10Q;E38000136;NHS Oxfordshire CCG;68;65;297 619;;266 708;13 843;17 068
CCG;10R;E38000137;NHS Portsmouth CCG;15;15;84 649;;71 405;3 429;9 815
CCG;10V;E38000154;NHS South Eastern Hampshire CCG;20;19;82 656;;71 071;3 906;7 679
CCG;10X;E38000167;NHS Southampton CCG;26;22;88 174;;74 769;5 194;8 211
CCG;11A;E38000198;NHS West Hampshire CCG;48;43;207 007;;184 110;7 537;15 360
CCG;11E;E38000009;NHS Bath and North East Somerset CCG;24;24;97 390;;82 024;3 566;11 800
CCG;11J;E38000045;NHS Dorset CCG;80;80;385 817;;324 982;13 874;46 961
CCG;11M;E38000062;NHS Gloucestershire CCG;75;70;287 028;;243 661;10 308;33 059
CCG;11N;E38000089;NHS Kernow CCG;59;57;315 619;;258 777;23 160;33 682
CCG;11X;E38000150;NHS Somerset CCG;65;60;225 033;;199 082;11 317;14 634
CCG;12D;E38000181;NHS Swindon CCG;22;22;112 829;;88 974;4 673;19 182
CCG;12F;E38000208;NHS Wirral CCG;49;47;146 104;;125 329;8 458;12 317
CCG;13T;E38000212;NHS Newcastle Gateshead CCG;60;58;209 372;;178 001;11 613;19 758
CCG;14L;E38000217;NHS Manchester CCG;86;79;211 981;;183 122;16 078;12 781
CCG;14Y;E38000223;NHS Buckinghamshire CCG;50;46;194 256;;176 126;7 530;10 600
CCG;15A;E38000221;NHS Berkshire West;46;44;199 290;;174 826;9 659;14 805
CCG;15C;E38000222;NHS Bristol, North Somerset and South Gloucestershire CCG;80;76;406 840;;358 922;21 855;26 063
CCG;15D;E38000224;NHS East Berkshire CCG;47;41;157 892;;141 843;7 739;8 310
CCG;15E;E38000220;NHS Birmingham and Solihull CCG;164;158;521 215;;437 288;36 209;47 718
CCG;15F;E38000225;NHS Leeds CCG;95;95;398 924;;337 447;15 981;45 496
CCG;15M;E38000229;NHS Derby and Derbyshire CCG;115;113;492 783;;413 006;15 855;63 922
CCG;15N;E38000230;NHS Devon CCG;124;121;630 222;;542 771;24 745;62 706
CCG;99A;E38000101;NHS Liverpool CCG;87;85;210 092;;185 029;14 312;10 751
CCG;99C;E38000127;NHS North Tyneside CCG;26;26;94 544;;80 709;4 355;9 480
CCG;99D;E38000157;NHS South Lincolnshire CCG;13;13;80 234;;67 848;3 074;9 312
CCG;99E;E38000007;NHS Basildon and Brentwood CCG;35;35;105 619;;90 101;3 289;12 229
CCG;99F;E38000030;NHS Castle Point and Rochford CCG;23;22;66 795;;54 315;1 599;10 881
CCG;99G;E38000168;NHS Southend CCG;28;27;65 540;;55 837;2 408;7 295
CCG;99H;E38000177;NHS Surrey Downs CCG;30;30;107 507;;93 716;5 047;8 744
CCG;99J;E38000199;NHS West Kent CCG;54;46;177 654;;153 601;9 186;14 867
CCG;99K;E38000081;NHS High Weald Lewes Havens CCG;19;18;68 001;;58 331;2 201;7 469
CCG;99M;E38000118;NHS North East Hampshire and Farnham CCG;20;16;71 735;;65 002;2 815;3 918
CCG;99N;E38000206;NHS Wiltshire CCG;47;46;253 349;;217 017;7 465;28 867
;;;;;;;;;;
Source: NHS Digital;;;;;;;;;;
;;;;;;;;;;
Notes:;;;;;;;;;;
1;CCGs are only included if there is data for more than one practice within the CCG, therefore the total count of open GP practices by CCG may not equal the national total;;;;;;;;;
2;"At the time of the appointment a ‘Booked’ status will usually be changed to either ‘Attended’ or ‘DNA’. In some cases (4-7% of monthly appointments), the final status of an appointment remains as ‘Booked’. It is not known from the data whether these appointments were actually attended or not. From a sample audit these were found to be consultations where the status has not been updated to say if patients had attended or not. 
For this reason, these appointments are reported as ""Unknown"" status";;;;;;;;;
3;See 'Coronavirus Impact' tab for further information;;;;;;;;;
Copyright © 2020 Health and Social Care Information Centre. The Health and Social Care Information Centre is a non-departmental body created by statute, also known as NHS Digital.;;;;;;;;;;
;;;;;;;;;;
;;;;;;;;;;
;;;;;;;;;;
;;;;;;;;;;
;;;;;;;;;;
;;;;;;;;;;
;;;;;;;;;;
;;;;;;;;;;
;;;;;;;;;;
;;;;;;;;;;
;;;;;;;;;;
;;;;;;;;;;
;;;;;;;;;;
;;;;;;;;;;
;;;;;;;;;;
;;;;;;;;;;
;;;;;;;;;;
;;;;;;;;;;
;;;;;;;;;;
;;;;;;;;;;
;;;;;;;;;;
;;;;;;;;;;
;;;;;;;;;;
;;;;;;;;;;
;;;;;;;;;;
;;;;;;;;;;
;;;;;;;;;;
;;;;;;;;;;
;;;;;;;;;;
;;;;;;;;;;
;;;;;;;;;;
;;;;;;;;;;
;;;;;;;;;;
;;;;;;;;;;
;;;;;;;;;;
;;;;;;;;;;
;;;;;;;;;;
;;;;;;;;;;
;;;;;;;;;;
;;;;;;;;;;
;;;;;;;;;;
;;;;;;;;;;
;;;;;;;;;;
;;;;;;;;;;
;;;;;;;;;;
;;;;;;;;;;
;;;;;;;;;;
;;;;;;;;;;
;;;;;;;;;;
;;;;;;;;;;
;;;;;;;;;;
;;;;;;;;;;
;;;;;;;;;;
;;;;;;;;;;
;;;;;;;;;;
;;;;;;;;;;
;;;;;;;;;;
;;;;;;;;;;
;;;;;;;;;;
;;;;;;;;;;
;;;;;;;;;;
;;;;;;;;;;
;;;;;;;;;;
;;;;;;;;;;
;;;;;;;;;;
;;;;;;;;;;
;;;;;;;;;;
;;;;;;;;;;
;;;;;;;;;;
;;;;;;;;;;
;;;;;;;;;;
;;;;;;;;;;
;;;;;;;;;;
;;;;;;;;;;
;;;;;;;;;;
;;;;;;;;;;
;;;;;;;;;;
;;;;;;;;;;
;;;;;;;;;;
;;;;;;;;;;
;;;;;;;;;;
;;;;;;;;;;
;;;;;;;;;;
;;;;;;;;;;
;;;;;;;;;;
;;;;;;;;;;
;;;;;;;;;;
;;;;;;;;;;
;;;;;;;;;;
;;;;;;;;;;
;;;;;;;;;;
;;;;;;;;;;
;;;;;;;;;;
;;;;;;;;;;
;;;;;;;;;;
;;;;;;;;;;
;;;;;;;;;;
;;;;;;;;;;
;;;;;;;;;;
;;;;;;;;;;
;;;;;;;;;;
;;;;;;;;;;
;;;;;;;;;;
;;;;;;;;;;
;;;;;;;;;;
;;;;;;;;;;
;;;;;;;;;;
;;;;;;;;;;
;;;;;;;;;;
;;;;;;;;;;
;;;;;;;;;;
;;;;;;;;;;
;;;;;;;;;;
;;;;;;;;;;
;;;;;;;;;;
;;;;;;;;;;
;;;;;;;;;;
;;;;;;;;;;
;;;;;;;;;;
;;;;;;;;;;
;;;;;;;;;;
;;;;;;;;;;
;;;;;;;;;;
;;;;;;;;;;
;;;;;;;;;;
;;;;;;;;;;
;;;;;;;;;;
;;;;;;;;;;
;;;;;;;;;;
;;;;;;;;;;
;;;;;;;;;;
;;;;;;;;;;
;;;;;;;;;;
;;;;;;;;;;
;;;;;;;;;;
;;;;;;;;;;
;;;;;;;;;;
;;;;;;;;;;
;;;;;;;;;;
;;;;;;;;;;
;;;;;;;;;;
;;;;;;;;;;
;;;;;;;;;;
;;;;;;;;;;
;;;;;;;;;;
;;;;;;;;;;
;;;;;;;;;;
;;;;;;;;;;
;;;;;;;;;;
;;;;;;;;;;
;;;;;;;;;;
;;;;;;;;;;
;;;;;;;;;;
;;;;;;;;;;
;;;;;;;;;;
;;;;;;;;;;
;;;;;;;;;;
;;;;;;;;;;
;;;;;;;;;;
;;;;;;;;;;
;;;;;;;;;;
;;;;;;;;;;
;;;;;;;;;;
;;;;;;;;;;
;;;;;;;;;;
;;;;;;;;;;
;;;;;;;;;;
;;;;;;;;;;
;;;;;;;;;;
;;;;;;;;;;
;;;;;;;;;;
;;;;;;;;;;
;;;;;;;;;;
;;;;;;;;;;
;;;;;;;;;;
;;;;;;;;;;
;;;;;;;;;;
;;;;;;;;;;
;;;;;;;;;;
;;;;;;;;;;
;;;;;;;;;;
;;;;;;;;;;
;;;;;;;;;;
;;;;;;;;;;
;;;;;;;;;;
;;;;;;;;;;
;;;;;;;;;;
;;;;;;;;;;
;;;;;;;;;;
;;;;;;;;;;
;;;;;;;;;;
;;;;;;;;;;
;;;;;;;;;;
;;;;;;;;;;
;;;;;;;;;;
;;;;;;;;;;
;;;;;;;;;;
;;;;;;;;;;
;;;;;;;;;;
;;;;;;;;;;
;;;;;;;;;;
;;;;;;;;;;
;;;;;;;;;;
;;;;;;;;;;
;;;;;;;;;;
;;;;;;;;;;
;;;;;;;;;;
;;;;;;;;;;
;;;;;;;;;;
;;;;;;;;;;
;;;;;;;;;;
;;;;;;;;;;
;;;;;;;;;;
;;;;;;;;;;
;;;;;;;;;;
;;;;;;;;;;
;;;;;;;;;;
;;;;;;;;;;
;;;;;;;;;;
;;;;;;;;;;
;;;;;;;;;;
;;;;;;;;;;
;;;;;;;;;;
;;;;;;;;;;
;;;;;;;;;;
;;;;;;;;;;
;;;;;;;;;;
;;;;;;;;;;
;;;;;;;;;;
;;;;;;;;;;
;;;;;;;;;;
;;;;;;;;;;
;;;;;;;;;;
;;;;;;;;;;
;;;;;;;;;;
;;;;;;;;;;
;;;;;;;;;;
;;;;;;;;;;
;;;;;;;;;;
;;;;;;;;;;
;;;;;;;;;;
;;;;;;;;;;
;;;;;;;;;;
;;;;;;;;;;
;;;;;;;;;;
;;;;;;;;;;
;;;;;;;;;;
;;;;;;;;;;
;;;;;;;;;;
;;;;;;;;;;
;;;;;;;;;;
;;;;;;;;;;
;;;;;;;;;;
;;;;;;;;;;
;;;;;;;;;;
;;;;;;;;;;
;;;;;;;;;;
;;;;;;;;;;
;;;;;;;;;;
;;;;;;;;;;
;;;;;;;;;;
;;;;;;;;;;
;;;;;;;;;;
;;;;;;;;;;
;;;;;;;;;;
;;;;;;;;;;
;;;;;;;;;;
;;;;;;;;;;
;;;;;;;;;;
;;;;;;;;;;
;;;;;;;;;;
;;;;;;;;;;
;;;;;;;;;;
;;;;;;;;;;
;;;;;;;;;;
;;;;;;;;;;
;;;;;;;;;;
;;;;;;;;;;
;;;;;;;;;;
;;;;;;;;;;
;;;;;;;;;;
;;;;;;;;;;
;;;;;;;;;;
;;;;;;;;;;
;;;;;;;;;;
;;;;;;;;;;
;;;;;;;;;;
;;;;;;;;;;
;;;;;;;;;;
;;;;;;;;;;
;;;;;;;;;;
;;;;;;;;;;
;;;;;;;;;;
;;;;;;;;;;
;;;;;;;;;;
;;;;;;;;;;
;;;;;;;;;;
;;;;;;;;;;
;;;;;;;;;;
;;;;;;;;;;
;;;;;;;;;;
;;;;;;;;;;
;;;;;;;;;;
;;;;;;;;;;
;;;;;;;;;;
;;;;;;;;;;
;;;;;;;;;;
;;;;;;;;;;
;;;;;;;;;;
;;;;;;;;;;
;;;;;;;;;;
;;;;;;;;;;
;;;;;;;;;;
;;;;;;;;;;
;;;;;;;;;;
;;;;;;;;;;
;;;;;;;;;;
;;;;;;;;;;
;;;;;;;;;;
;;;;;;;;;;
;;;;;;;;;;
;;;;;;;;;;
;;;;;;;;;;
;;;;;;;;;;
;;;;;;;;;;
;;;;;;;;;;
;;;;;;;;;;
;;;;;;;;;;
;;;;;;;;;;
;;;;;;;;;;
;;;;;;;;;;
;;;;;;;;;;
;;;;;;;;;;
;;;;;;;;;;
;;;;;;;;;;
;;;;;;;;;;
;;;;;;;;;;
;;;;;;;;;;
;;;;;;;;;;
;;;;;;;;;;
;;;;;;;;;;
;;;;;;;;;;
;;;;;;;;;;
;;;;;;;;;;
;;;;;;;;;;
;;;;;;;;;;
;;;;;;;;;;
;;;;;;;;;;
;;;;;;;;;;
;;;;;;;;;;
;;;;;;;;;;
;;;;;;;;;;
;;;;;;;;;;
;;;;;;;;;;
;;;;;;;;;;
;;;;;;;;;;
;;;;;;;;;;
;;;;;;;;;;
;;;;;;;;;;
;;;;;;;;;;
;;;;;;;;;;
;;;;;;;;;;
;;;;;;;;;;
;;;;;;;;;;
;;;;;;;;;;
;;;;;;;;;;
;;;;;;;;;;
;;;;;;;;;;
;;;;;;;;;;
;;;;;;;;;;
;;;;;;;;;;
;;;;;;;;;;
;;;;;;;;;;
;;;;;;;;;;
;;;;;;;;;;
;;;;;;;;;;
;;;;;;;;;;
;;;;;;;;;;
;;;;;;;;;;
;;;;;;;;;;
;;;;;;;;;;
;;;;;;;;;;
;;;;;;;;;;
;;;;;;;;;;
;;;;;;;;;;
;;;;;;;;;;
;;;;;;;;;;
;;;;;;;;;;
;;;;;;;;;;
;;;;;;;;;;
;;;;;;;;;;
;;;;;;;;;;
;;;;;;;;;;
;;;;;;;;;;
;;;;;;;;;;
;;;;;;;;;;
;;;;;;;;;;
;;;;;;;;;;
;;;;;;;;;;
;;;;;;;;;;
;;;;;;;;;;
;;;;;;;;;;
;;;;;;;;;;
;;;;;;;;;;
;;;;;;;;;;
;;;;;;;;;;
;;;;;;;;;;
;;;;;;;;;;
;;;;;;;;;;
;;;;;;;;;;
;;;;;;;;;;
;;;;;;;;;;
;;;;;;;;;;
;;;;;;;;;;
;;;;;;;;;;
;;;;;;;;;;
;;;;;;;;;;
;;;;;;;;;;
;;;;;;;;;;
;;;;;;;;;;
;;;;;;;;;;
;;;;;;;;;;
;;;;;;;;;;
;;;;;;;;;;
;;;;;;;;;;
;;;;;;;;;;
;;;;;;;;;;
;;;;;;;;;;
;;;;;;;;;;
;;;;;;;;;;
;;;;;;;;;;
;;;;;;;;;;
;;;;;;;;;;
;;;;;;;;;;
;;;;;;;;;;
;;;;;;;;;;
;;;;;;;;;;
;;;;;;;;;;
;;;;;;;;;;
;;;;;;;;;;
;;;;;;;;;;
;;;;;;;;;;
;;;;;;;;;;
;;;;;;;;;;
;;;;;;;;;;
;;;;;;;;;;
;;;;;;;;;;
;;;;;;;;;;
;;;;;;;;;;
;;;;;;;;;;
;;;;;;;;;;
;;;;;;;;;;
;;;;;;;;;;
;;;;;;;;;;
;;;;;;;;;;
;;;;;;;;;;
;;;;;;;;;;
;;;;;;;;;;
;;;;;;;;;;
;;;;;;;;;;
;;;;;;;;;;
;;;;;;;;;;
;;;;;;;;;;
;;;;;;;;;;
;;;;;;;;;;
;;;;;;;;;;
;;;;;;;;;;
;;;;;;;;;;
;;;;;;;;;;
;;;;;;;;;;
;;;;;;;;;;
;;;;;;;;;;
;;;;;;;;;;
;;;;;;;;;;
;;;;;;;;;;
;;;;;;;;;;
;;;;;;;;;;
;;;;;;;;;;
;;;;;;;;;;
;;;;;;;;;;
;;;;;;;;;;
;;;;;;;;;;
;;;;;;;;;;
;;;;;;;;;;
;;;;;;;;;;
;;;;;;;;;;
;;;;;;;;;;
;;;;;;;;;;
;;;;;;;;;;
;;;;;;;;;;
;;;;;;;;;;
;;;;;;;;;;
;;;;;;;;;;
;;;;;;;;;;
;;;;;;;;;;
;;;;;;;;;;
;;;;;;;;;;
;;;;;;;;;;
;;;;;;;;;;
;;;;;;;;;;
;;;;;;;;;;
;;;;;;;;;;
;;;;;;;;;;
;;;;;;;;;;
;;;;;;;;;;
;;;;;;;;;;
;;;;;;;;;;
;;;;;;;;;;
;;;;;;;;;;
;;;;;;;;;;
;;;;;;;;;;
;;;;;;;;;;
;;;;;;;;;;
;;;;;;;;;;
;;;;;;;;;;
;;;;;;;;;;
;;;;;;;;;;
;;;;;;;;;;
;;;;;;;;;;
;;;;;;;;;;
;;;;;;;;;;
;;;;;;;;;;
;;;;;;;;;;
;;;;;;;;;;
;;;;;;;;;;
;;;;;;;;;;
;;;;;;;;;;
;;;;;;;;;;
;;;;;;;;;;
;;;;;;;;;;
;;;;;;;;;;
;;;;;;;;;;
;;;;;;;;;;
;;;;;;;;;;
;;;;;;;;;;
;;;;;;;;;;
;;;;;;;;;;
;;;;;;;;;;
;;;;;;;;;;
;;;;;;;;;;
;;;;;;;;;;
;;;;;;;;;;
;;;;;;;;;;
;;;;;;;;;;
;;;;;;;;;;
;;;;;;;;;;
;;;;;;;;;;
;;;;;;;;;;
;;;;;;;;;;
;;;;;;;;;;
;;;;;;;;;;
;;;;;;;;;;
;;;;;;;;;;
;;;;;;;;;;
;;;;;;;;;;
;;;;;;;;;;
;;;;;;;;;;
;;;;;;;;;;
;;;;;;;;;;
;;;;;;;;;;
;;;;;;;;;;
;;;;;;;;;;
;;;;;;;;;;
;;;;;;;;;;
;;;;;;;;;;
;;;;;;;;;;