Type,NHS_area_code,ONS_code,Name,Count_gp_appointments,Attended,Did_not_attend,Unknown,Month
Type,NHS Area Code,ONS Code,Name,Total,Attended,DNA,Unknown,September
National,ENG,ENG,England,25 424 754,22 775 587,1 286 045,1 363 122,September
Region,Y56,E40000003,London,3 448 631,3 067 573,226 922,154 136,September
Region,Y58,E40000006,South West,2 881 206,2 591 464,134 296,155 446,September
Region,Y59,E40000005,South East,3 790 018,3 429 630,165 422,194 966,September
Region,Y60,E40000008,Midlands,5 008 313,4 477 178,259 266,271 869,September
Region,Y61,E40000007,East of England,2 992 952,2 683 260,129 330,180 362,September
Region,Y62,E40000010,North West,3 008 902,2 684 132,173 112,151 658,September
Region,Y63,E40000009,North East and Yorkshire,4 294 732,3 842 350,197 697,254 685,September
Regional Local Office,Q71,E39000018,NHS England London,3 448 631,3 067 573,226 922,154 136,September
Regional Local Office,Q72,E39000048,NHS England North East and Yorkshire (Yorkshire and Humber),2 734 700,2 445 286,123 159,166 255,September
Regional Local Office,Q74,E39000047,NHS England North East and Yorkshire (Cumbria and North East),1 560 032,1 397 064,74 538,88 430,September
Regional Local Office,Q75,E39000026,NHS England North West (Cheshire and Merseyside),1 105 837,984 576,64 215,57 046,September
Regional Local Office,Q76,E39000032,NHS England Midlands (North Midlands),1 729 077,1 549 451,77 712,101 914,September
Regional Local Office,Q77,E39000033,NHS England Midlands (West Midlands),1 987 059,1 767 327,125 232,94 500,September
Regional Local Office,Q78,E39000045,NHS England Midlands (Central Midlands),1 292 177,1 160 400,56 322,75 455,September
Regional Local Office,Q79,E39000046,NHS England East of England (East),2 992 952,2 683 260,129 330,180 362,September
Regional Local Office,Q83,E39000037,NHS England North West (Greater Manchester),1 168 931,1 034 057,73 308,61 566,September
Regional Local Office,Q84,E39000040,NHS England North West (Lancashire and South Cumbria),734 134,665 499,35 589,33 046,September
Regional Local Office,Q85,E39000044,NHS England South West (South West South),1 675 494,1 502 972,80 237,92 285,September
Regional Local Office,Q86,E39000043,NHS England South West (South West North),1 205 712,1 088 492,54 059,63 161,September
Regional Local Office,Q87,E39000041,"NHS England South East (Hampshire, Isle of Wight and Thames Valley)",1 839 034,1 679 209,79 548,80 277,September
Regional Local Office,Q88,E39000042,"NHS England South East (Kent, Surrey and Sussex)",1 950 984,1 750 421,85 874,114 689,September
STP,E54000005,E54000005,West Yorkshire And Harrogate (Health And Care Partnership)  STP,1 314 189,1 179 911,56 125,78 153,September
STP,E54000006,E54000006,"Humber, Coast And Vale  STP",649 093,582 740,28 259,38 094,September
STP,E54000007,E54000007,Greater Manchester Health And Social Care Partnership  STP,1 168 931,1 034 057,73 308,61 566,September
STP,E54000008,E54000008,Cheshire And Merseyside  STP,1 105 837,984 576,64 215,57 046,September
STP,E54000009,E54000009,South Yorkshire And Bassetlaw  STP,771 418,682 635,38 775,50 008,September
STP,E54000010,E54000010,Staffordshire And Stoke On Trent  STP,479 452,430 471,23 884,25 097,September
STP,E54000011,E54000011,Shropshire And Telford And Wrekin  STP,226 227,206 343,10 922,8 962,September
STP,E54000012,E54000012,Joined Up Care Derbyshire  STP,511 128,455 492,20 798,34 838,September
STP,E54000013,E54000013,Lincolnshire  STP,385 307,346 495,15 616,23 196,September
STP,E54000014,E54000014,Nottingham And Nottinghamshire Health And Care  STP,512 270,457 145,22 108,33 017,September
STP,E54000015,E54000015,"Leicester, Leicestershire And Rutland  STP",557 160,502 622,26 866,27 672,September
STP,E54000016,E54000016,The Black Country And West Birmingham  STP,611 516,537 312,44 982,29 222,September
STP,E54000017,E54000017,Birmingham And Solihull  STP,553 624,483 451,39 482,30 691,September
STP,E54000018,E54000018,Coventry And Warwickshire  STP,433 952,389 311,24 469,20 172,September
STP,E54000019,E54000019,Herefordshire And Worcestershire  STP,387 967,357 253,16 299,14 415,September
STP,E54000020,E54000020,Northamptonshire  STP,349 710,311 283,13 840,24 587,September
STP,E54000021,E54000021,Cambridgeshire And Peterborough  STP,456 616,410 134,20 850,25 632,September
STP,E54000022,E54000022,Norfolk And Waveney Health And Care Partnership  STP,526 196,472 081,21 162,32 953,September
STP,E54000023,E54000023,Suffolk And North East Essex  STP,489 268,444 787,18 020,26 461,September
STP,E54000024,E54000024,"Bedfordshire, Luton And Milton Keynes  STP",428 227,384 846,20 435,22 946,September
STP,E54000025,E54000025,Hertfordshire And West Essex  STP,605 047,535 684,29 961,39 402,September
STP,E54000026,E54000026,Mid And South Essex  STP,487 598,435 728,18 902,32 968,September
STP,E54000027,E54000027,North West London Health And Care Partnership  STP,930 803,827 893,59 123,43 787,September
STP,E54000028,E54000028,North London Partners In Health And Care  STP,488 553,435 846,32 584,20 123,September
STP,E54000029,E54000029,East London Health And Care Partnership  STP,793 565,705 300,55 981,32 284,September
STP,E54000030,E54000030,Our Healthier South East London  STP,650 997,573 247,45 241,32 509,September
STP,E54000031,E54000031,South West London Health And Care Partnership  STP,584 713,525 287,33 993,25 433,September
STP,E54000032,E54000032,Kent And Medway  STP,723 665,643 018,32 539,48 108,September
STP,E54000033,E54000033,Sussex And East Surrey  STP,886 726,796 131,39 336,51 259,September
STP,E54000034,E54000034,Frimley Health  STP,302 814,275 971,13 725,13 118,September
STP,E54000035,E54000035,Surrey Heartlands  STP,340 593,311 272,13 999,15 322,September
STP,E54000036,E54000036,Cornwall And The Isles Of Scilly  STP,344 280,301 689,24 165,18 426,September
STP,E54000037,E54000037,Devon  STP,689 832,624 438,28 474,36 920,September
STP,E54000038,E54000038,Somerset  STP,249 176,225 542,12 161,11 473,September
STP,E54000039,E54000039,"Bristol, North Somerset And South Gloucestershire  STP",441 454,399 866,23 359,18 229,September
STP,E54000040,E54000040,"Bath And North East Somerset, Swindon And Wiltshire  STP",469 551,424 153,17 340,28 058,September
STP,E54000041,E54000041,Dorset  STP,392 206,351 303,15 437,25 466,September
STP,E54000042,E54000042,Hampshire And The Isle Of Wight  STP,783 860,709 128,34 877,39 855,September
STP,E54000043,E54000043,Gloucestershire  STP,294 707,264 473,13 360,16 874,September
STP,E54000044,E54000044,"Buckinghamshire, Oxfordshire And Berkshire West  STP",752 360,694 110,30 946,27 304,September
STP,E54000048,E54000048,Healthier Lancashire And South Cumbria  STP,734 134,665 499,35 589,33 046,September
STP,E54000049,E54000049,Cumbria And North East  STP,1 560 032,1 397 064,74 538,88 430,September
CCG,00C,E38000042,NHS Darlington CCG,51 706,45 856,2 670,3 180,September
CCG,00D,E38000047,"NHS Durham Dales, Easington and Sedgefield CCG",167 908,149 693,8 036,10 179,September
CCG,00J,E38000116,NHS North Durham CCG,132 800,118 453,5 762,8 585,September
CCG,00K,E38000075,NHS Hartlepool and Stockton-on-Tees CCG,133 971,117 364,6 437,10 170,September
CCG,00L,E38000130,NHS Northumberland CCG,172 882,155 430,6 562,10 890,September
CCG,00M,E38000162,NHS South Tees CCG,158 125,140 502,7 973,9 650,September
CCG,00N,E38000163,NHS South Tyneside CCG,66 379,60 259,3 279,2 841,September
CCG,00P,E38000176,NHS Sunderland CCG,124 405,112 978,6 948,4 479,September
CCG,00Q,E38000014,NHS Blackburn with Darwen CCG,62 176,56 358,3 839,1 979,September
CCG,00R,E38000015,NHS Blackpool CCG,85 633,77 215,4 722,3 696,September
CCG,00T,E38000016,NHS Bolton CCG,143 430,125 909,9 428,8 093,September
CCG,00V,E38000024,NHS Bury CCG,9 468,8 136,371,961,September
CCG,00X,E38000034,NHS Chorley and South Ribble CCG,71 715,64 968,3 379,3 368,September
CCG,00Y,E38000135,NHS Oldham CCG,105 572,95 090,6 253,4 229,September
CCG,01A,E38000050,NHS East Lancashire CCG,158 512,142 603,8 434,7 475,September
CCG,01C,E38000056,NHS Eastern Cheshire CCG,80 286,73 714,3 369,3 203,September
CCG,01D,E38000080,"NHS Heywood, Middleton and Rochdale CCG",100 282,88 841,5 865,5 576,September
CCG,01E,E38000227,NHS Greater Preston CCG,69 794,61 824,3 545,4 425,September
CCG,01F,E38000068,NHS Halton CCG,58 882,50 731,3 956,4 195,September
CCG,01G,E38000143,NHS Salford CCG,132 114,112 767,10 089,9 258,September
CCG,01H,E38000215,NHS North Cumbria CCG,170 935,157 064,6 876,6 995,September
CCG,01J,E38000091,NHS Knowsley CCG,71 799,63 408,4 743,3 648,September
CCG,01K,E38000228,NHS Morecambe Bay CCG,152 629,140 356,6 797,5 476,September
CCG,01R,E38000151,NHS South Cheshire CCG,87 006,77 320,4 306,5 380,September
CCG,01T,E38000161,NHS South Sefton CCG,52 440,47 366,3 539,1 535,September
CCG,01V,E38000170,NHS Southport and Formby CCG,54 095,47 618,2 808,3 669,September
CCG,01W,E38000174,NHS Stockport CCG,129 682,116 045,7 236,6 401,September
CCG,01X,E38000172,NHS St Helens CCG,81 353,72 044,5 348,3 961,September
CCG,01Y,E38000182,NHS Tameside and Glossop CCG,101 456,91 228,6 012,4 216,September
CCG,02A,E38000187,NHS Trafford CCG,79 712,71 514,4 226,3 972,September
CCG,02D,E38000189,NHS Vale Royal CCG,47 083,41 477,2 665,2 941,September
CCG,02E,E38000194,NHS Warrington CCG,87 369,79 548,3 688,4 133,September
CCG,02F,E38000196,NHS West Cheshire CCG,111 549,101 613,5 701,4 235,September
CCG,02G,E38000200,NHS West Lancashire CCG,48 697,43 121,2 009,3 567,September
CCG,02H,E38000205,NHS Wigan Borough CCG,133 918,118 896,6 686,8 336,September
CCG,02M,E38000226,NHS Fylde and Wyre CCG,84 978,79 054,2 864,3 060,September
CCG,02N,E38000001,"NHS Airedale, Wharfedale and Craven CCG",90 268,81 360,3 107,5 801,September
CCG,02P,E38000006,NHS Barnsley CCG,125 649,112 399,5 943,7 307,September
CCG,02Q,E38000008,NHS Bassetlaw CCG,64 761,59 142,2 840,2 779,September
CCG,02R,E38000019,NHS Bradford Districts CCG,166 787,148 440,6 375,11 972,September
CCG,02T,E38000025,NHS Calderdale CCG,104 506,93 776,3 990,6 740,September
CCG,02W,E38000018,NHS Bradford City CCG,76 921,67 746,5 011,4 164,September
CCG,02X,E38000044,NHS Doncaster CCG,156 712,140 331,7 900,8 481,September
CCG,02Y,E38000052,NHS East Riding of Yorkshire CCG,134 324,120 168,5 127,9 029,September
CCG,03A,E38000064,NHS Greater Huddersfield CCG,109 468,98 106,4 934,6 428,September
CCG,03D,E38000069,"NHS Hambleton, Richmondshire and Whitby CCG",69 418,62 404,2 490,4 524,September
CCG,03E,E38000073,NHS Harrogate and Rural District CCG,75 736,69 805,2 524,3 407,September
CCG,03F,E38000085,NHS Hull CCG,118 457,104 753,7 956,5 748,September
CCG,03H,E38000119,NHS North East Lincolnshire CCG,91 576,82 351,4 121,5 104,September
CCG,03J,E38000121,NHS North Kirklees CCG,93 032,83 921,4 506,4 605,September
CCG,03K,E38000122,NHS North Lincolnshire CCG,91 012,81 701,2 676,6 635,September
CCG,03L,E38000141,NHS Rotherham CCG,132 295,116 053,7 192,9 050,September
CCG,03M,E38000145,NHS Scarborough and Ryedale CCG,66 862,59 632,2 660,4 570,September
CCG,03N,E38000146,NHS Sheffield CCG,292 001,254 710,14 900,22 391,September
CCG,03Q,E38000188,NHS Vale of York CCG,146 862,134 135,5 719,7 008,September
CCG,03R,E38000190,NHS Wakefield CCG,194 565,174 072,7 853,12 640,September
CCG,03T,E38000099,NHS Lincolnshire East CCG,122 777,110 553,5 226,6 998,September
CCG,03V,E38000037,NHS Corby CCG,36 938,30 278,1 528,5 132,September
CCG,03W,E38000051,NHS East Leicestershire and Rutland CCG,176 159,160 437,7 164,8 558,September
CCG,04C,E38000097,NHS Leicester City CCG,182 877,162 318,11 261,9 298,September
CCG,04D,E38000100,NHS Lincolnshire West CCG,99 518,89 436,4 157,5 925,September
CCG,04E,E38000103,NHS Mansfield and Ashfield CCG,100 144,89 173,4 203,6 768,September
CCG,04F,E38000107,NHS Milton Keynes CCG,123 094,111 821,5 761,5 512,September
CCG,04G,E38000108,NHS Nene CCG,312 772,281 005,12 312,19 455,September
CCG,04H,E38000109,NHS Newark and Sherwood CCG,68 602,62 379,2 617,3 606,September
CCG,04K,E38000132,NHS Nottingham City CCG,154 196,134 178,8 810,11 208,September
CCG,04L,E38000133,NHS Nottingham North and East CCG,65 829,59 121,2 540,4 168,September
CCG,04M,E38000134,NHS Nottingham West CCG,56 271,50 822,1 985,3 464,September
CCG,04N,E38000142,NHS Rushcliffe CCG,67 228,61 472,1 953,3 803,September
CCG,04Q,E38000165,NHS South West  Lincolnshire CCG,72 023,64 748,3 009,4 266,September
CCG,04V,E38000201,NHS West Leicestershire CCG,198 124,179 867,8 441,9 816,September
CCG,04Y,E38000028,NHS Cannock Chase CCG,61 962,55 559,2 902,3 501,September
CCG,05A,E38000038,NHS Coventry and Rugby CCG,201 445,180 476,13 589,7 380,September
CCG,05C,E38000046,NHS Dudley CCG,131 069,117 562,7 967,5 540,September
CCG,05D,E38000053,NHS East Staffordshire CCG,60 310,54 907,2 278,3 125,September
CCG,05F,E38000078,NHS Herefordshire CCG,93 118,86 696,3 582,2 840,September
CCG,05G,E38000126,NHS North Staffordshire CCG,87 120,79 613,3 155,4 352,September
CCG,05H,E38000195,NHS Warwickshire North CCG,80 702,70 876,3 640,6 186,September
CCG,05J,E38000139,NHS Redditch and Bromsgrove CCG,84 081,77 199,4 334,2 548,September
CCG,05L,E38000144,NHS Sandwell and West Birmingham CCG,241 509,208 303,19 937,13 269,September
CCG,05N,E38000147,NHS Shropshire CCG,147 609,135 883,5 819,5 907,September
CCG,05Q,E38000153,NHS South East Staffordshire and Seisdon Peninsula CCG,92 536,83 897,4 013,4 626,September
CCG,05R,E38000164,NHS South Warwickshire CCG,151 805,137 959,7 240,6 606,September
CCG,05T,E38000166,NHS South Worcestershire CCG,137 873,125 667,5 389,6 817,September
CCG,05V,E38000173,NHS Stafford and Surrounds CCG,70 797,62 805,4 156,3 836,September
CCG,05W,E38000175,NHS Stoke on Trent CCG,106 727,93 690,7 380,5 657,September
CCG,05X,E38000183,NHS Telford and Wrekin CCG,78 618,70 460,5 103,3 055,September
CCG,05Y,E38000191,NHS Walsall CCG,136 199,120 543,9 428,6 228,September
CCG,06A,E38000210,NHS Wolverhampton CCG,102 739,90 904,7 650,4 185,September
CCG,06D,E38000211,NHS Wyre Forest CCG,72 895,67 691,2 994,2 210,September
CCG,06F,E38000010,NHS Bedfordshire CCG,213 625,191 592,8 504,13 529,September
CCG,06H,E38000026,NHS Cambridgeshire and Peterborough CCG,456 616,410 134,20 850,25 632,September
CCG,06K,E38000049,NHS East and North Hertfordshire CCG,229 696,200 911,9 877,18 908,September
CCG,06L,E38000086,NHS Ipswich and East Suffolk CCG,201 238,182 734,6 376,12 128,September
CCG,06M,E38000063,NHS Great Yarmouth and Waveney CCG,112 969,100 317,6 352,6 300,September
CCG,06N,E38000079,NHS Herts Valley CCG,252 961,226 629,13 949,12 383,September
CCG,06P,E38000102,NHS Luton CCG,91 508,81 433,6 170,3 905,September
CCG,06Q,E38000106,NHS Mid Essex CCG,168 898,150 416,6 741,11 741,September
CCG,06T,E38000117,NHS North East Essex CCG,172 076,156 397,7 600,8 079,September
CCG,06V,E38000124,NHS North Norfolk CCG,88 496,78 834,3 905,5 757,September
CCG,06W,E38000218,NHS Norwich CCG,115 148,103 665,4 301,7 182,September
CCG,06Y,E38000219,NHS South Norfolk CCG,108 609,98 990,3 175,6 444,September
CCG,07G,E38000185,NHS Thurrock CCG,78 003,70 018,3 433,4 552,September
CCG,07H,E38000197,NHS West Essex CCG,122 390,108 144,6 135,8 111,September
CCG,07J,E38000203,NHS West Norfolk CCG,100 974,90 275,3 429,7 270,September
CCG,07K,E38000204,NHS West Suffolk CCG,115 954,105 656,4 044,6 254,September
CCG,07L,E38000004,NHS Barking and Dagenham CCG,75 077,64 445,5 497,5 135,September
CCG,07M,E38000005,NHS Barnet CCG,110 397,99 383,5 394,5 620,September
CCG,07N,E38000011,NHS Bexley CCG,69 500,60 319,3 967,5 214,September
CCG,07P,E38000020,NHS Brent CCG,145 650,129 878,10 547,5 225,September
CCG,07Q,E38000023,NHS Bromley CCG,108 775,97 268,4 920,6 587,September
CCG,07R,E38000027,NHS Camden CCG,86 671,77 778,5 739,3 154,September
CCG,07T,E38000035,NHS City and Hackney CCG,125 640,112 189,9 281,4 170,September
CCG,07V,E38000040,NHS Croydon CCG,143 537,128 467,9 515,5 555,September
CCG,07W,E38000048,NHS Ealing CCG,180 110,161 389,11 108,7 613,September
CCG,07X,E38000057,NHS Enfield CCG,106 652,94 510,7 471,4 671,September
CCG,07Y,E38000084,NHS Hounslow CCG,124 057,109 903,7 141,7 013,September
CCG,08A,E38000066,NHS Greenwich CCG,99 606,85 537,6 905,7 164,September
CCG,08C,E38000070,NHS Hammersmith and Fulham CCG,81 018,71 106,4 938,4 974,September
CCG,08D,E38000072,NHS Haringey CCG,97 044,86 798,6 709,3 537,September
CCG,08E,E38000074,NHS Harrow CCG,103 122,92 696,5 996,4 430,September
CCG,08F,E38000077,NHS Havering CCG,90 825,81 203,4 452,5 170,September
CCG,08G,E38000082,NHS Hillingdon CCG,111 881,100 179,7 218,4 484,September
CCG,08H,E38000088,NHS Islington CCG,87 789,77 377,7 271,3 141,September
CCG,08J,E38000090,NHS Kingston CCG,73 992,68 389,3 295,2 308,September
CCG,08K,E38000092,NHS Lambeth CCG,140 901,125 325,10 237,5 339,September
CCG,08L,E38000098,NHS Lewisham CCG,111 794,99 035,9 136,3 623,September
CCG,08M,E38000113,NHS Newham CCG,137 481,120 466,11 879,5 136,September
CCG,08N,E38000138,NHS Redbridge CCG,116 740,103 782,7 205,5 753,September
CCG,08P,E38000140,NHS Richmond CCG,74 701,64 590,3 790,6 321,September
CCG,08Q,E38000171,NHS Southwark CCG,120 421,105 763,10 076,4 582,September
CCG,08R,E38000105,NHS Merton CCG,70 207,63 839,4 140,2 228,September
CCG,08T,E38000179,NHS Sutton CCG,74 233,67 095,3 798,3 340,September
CCG,08V,E38000186,NHS Tower Hamlets CCG,140 798,126 543,11 064,3 191,September
CCG,08W,E38000192,NHS Waltham Forest CCG,107 004,96 672,6 603,3 729,September
CCG,08X,E38000193,NHS Wandsworth CCG,148 043,132 907,9 455,5 681,September
CCG,08Y,E38000202,NHS West London CCG,108 627,94 991,7 099,6 537,September
CCG,09A,E38000031,NHS Central London (Westminster) CCG,76 338,67 751,5 076,3 511,September
CCG,09C,E38000002,NHS Ashford CCG,68 351,62 786,2 513,3 052,September
CCG,09D,E38000021,NHS Brighton and Hove CCG,113 463,100 586,5 826,7 051,September
CCG,09E,E38000029,NHS Canterbury and Coastal CCG,117 522,104 851,4 311,8 360,September
CCG,09F,E38000055,"NHS Eastbourne, Hailsham and Seaford CCG",107 183,96 482,5 166,5 535,September
CCG,09G,E38000213,NHS Coastal West Sussex CCG,266 251,238 980,11 621,15 650,September
CCG,09H,E38000039,NHS Crawley CCG,58 519,51 821,1 960,4 738,September
CCG,09J,E38000043,"NHS Dartford, Gravesham and Swanley CCG",59 066,51 188,3 603,4 275,September
CCG,09L,E38000054,NHS East Surrey CCG,76 522,70 952,3 556,2 014,September
CCG,09N,E38000214,NHS Guildford and Waverley CCG,88 531,81 038,3 709,3 784,September
CCG,09P,E38000076,NHS Hastings and Rother CCG,98 880,86 930,5 047,6 903,September
CCG,09W,E38000104,NHS Medway CCG,97 454,86 839,4 757,5 858,September
CCG,09X,E38000083,NHS Horsham and Mid Sussex CCG,92 985,83 047,3 777,6 161,September
CCG,09Y,E38000128,NHS North West Surrey CCG,131 255,120 123,5 454,5 678,September
CCG,10A,E38000156,NHS South Kent Coast CCG,74 165,65 110,3 299,5 756,September
CCG,10C,E38000178,NHS Surrey Heath CCG,45 500,41 008,1 578,2 914,September
CCG,10D,E38000180,NHS Swale CCG,44 789,40 453,2 375,1 961,September
CCG,10E,E38000184,NHS Thanet CCG,62 827,56 808,2 517,3 502,September
CCG,10J,E38000120,NHS North Hampshire CCG,96 352,89 719,3 484,3 149,September
CCG,10K,E38000059,NHS Fareham and Gosport CCG,89 691,82 002,3 380,4 309,September
CCG,10L,E38000087,NHS Isle of Wight CCG,75 750,64 055,5 245,6 450,September
CCG,10Q,E38000136,NHS Oxfordshire CCG,320 425,295 406,14 645,10 374,September
CCG,10R,E38000137,NHS Portsmouth CCG,85 582,77 123,3 806,4 653,September
CCG,10V,E38000154,NHS South Eastern Hampshire CCG,95 535,85 239,4 093,6 203,September
CCG,10X,E38000167,NHS Southampton CCG,111 308,100 981,5 863,4 464,September
CCG,11A,E38000198,NHS West Hampshire CCG,229 642,210 009,9 006,10 627,September
CCG,11E,E38000009,NHS Bath and North East Somerset CCG,98 269,88 962,4 078,5 229,September
CCG,11J,E38000045,NHS Dorset CCG,392 206,351 303,15 437,25 466,September
CCG,11M,E38000062,NHS Gloucestershire CCG,294 707,264 473,13 360,16 874,September
CCG,11N,E38000089,NHS Kernow CCG,344 280,301 689,24 165,18 426,September
CCG,11X,E38000150,NHS Somerset CCG,249 176,225 542,12 161,11 473,September
CCG,12D,E38000181,NHS Swindon CCG,109 023,94 787,5 049,9 187,September
CCG,12F,E38000208,NHS Wirral CCG,164 160,144 651,8 891,10 618,September
CCG,13T,E38000212,NHS Newcastle Gateshead CCG,212 778,188 569,12 608,11 601,September
CCG,14L,E38000217,NHS Manchester CCG,233 297,205 631,17 142,10 524,September
CCG,14Y,E38000223,NHS Buckinghamshire CCG,216 963,202 104,7 610,7 249,September
CCG,15A,E38000221,NHS Berkshire West,214 972,196 600,8 691,9 681,September
CCG,15C,E38000222,"NHS Bristol, North Somerset and South Gloucestershire CCG",441 454,399 866,23 359,18 229,September
CCG,15D,E38000224,NHS East Berkshire CCG,169 524,154 504,8 152,6 868,September
CCG,15E,E38000220,NHS Birmingham and Solihull CCG,553 624,483 451,39 482,30 691,September
CCG,15F,E38000225,NHS Leeds CCG,402 906,362 685,17 825,22 396,September
CCG,15M,E38000229,NHS Derby and Derbyshire CCG,511 128,455 492,20 798,34 838,September
CCG,15N,E38000230,NHS Devon CCG,689 832,624 438,28 474,36 920,September
CCG,99A,E38000101,NHS Liverpool CCG,209 815,185 086,15 201,9 528,September
CCG,99C,E38000127,NHS North Tyneside CCG,98 725,88 492,4 897,5 336,September
CCG,99D,E38000157,NHS South Lincolnshire CCG,90 989,81 758,3 224,6 007,September
CCG,99E,E38000007,NHS Basildon and Brentwood CCG,104 409,92 670,3 920,7 819,September
CCG,99F,E38000030,NHS Castle Point and Rochford CCG,65 611,58 879,1 957,4 775,September
CCG,99G,E38000168,NHS Southend CCG,70 677,63 745,2 851,4 081,September
CCG,99H,E38000177,NHS Surrey Downs CCG,120 807,110 111,4 836,5 860,September
CCG,99J,E38000199,NHS West Kent CCG,199 491,174 983,9 164,15 344,September
CCG,99K,E38000081,NHS High Weald Lewes Havens CCG,72 923,67 333,2 383,3 207,September
CCG,99M,E38000118,NHS North East Hampshire and Farnham CCG,87 790,80 459,3 995,3 336,September
CCG,99N,E38000206,NHS Wiltshire CCG,262 259,240 404,8 213,13 642,September
