Type,NHS_area_code,ONS_code,Name,Count_gp_appointments,Attended,Did_not_attend,Unknown,Month
Type,NHS Area Code,ONS Code,Name,Total,Attended,DNA,Unknown,May
National,ENG,ENG,England,23 631 344,21 266 860,1 162 165,1 202 319,May
Region,Y56,E40000003,London Commissioning Region,3 140 995,2 798 930,206 940,135 125,May
Region,Y58,E40000006,South West Commissioning Region,2 747 122,2 478 706,124 399,144 017,May
Region,Y59,E40000005,South East Commissioning Region,3 411 809,3 122 494,139 588,149 727,May
Region,Y60,E40000008,Midlands Commissioning Region,4 667 229,4 193 958,230 452,242 819,May
Region,Y61,E40000007,East of England Commissioning Region,2 866 109,2 585 299,116 613,164 197,May
Region,Y62,E40000010,North West Commissioning Region,2 694 930,2 415 830,155 073,124 027,May
Region,Y63,E40000009,North East and Yorkshire Commissioning Region,4 103 150,3 671 643,189 100,242 407,May
Regional Local Office,Q71,E39000018,NHS England London,3 140 995,2 798 930,206 940,135 125,May
Regional Local Office,Q72,E39000048,NHS England North East and Yorkshire (Yorkshire and Humber),2 606 186,2 331 769,115 851,158 566,May
Regional Local Office,Q74,E39000047,NHS England North East and Yorkshire (Cumbria and North East),1 496 964,1 339 874,73 249,83 841,May
Regional Local Office,Q75,E39000026,NHS England North West (Cheshire and Merseyside),1 031 655,921 162,58 492,52 001,May
Regional Local Office,Q76,E39000032,NHS England Midlands (North Midlands),1 614 145,1 457 473,67 915,88 757,May
Regional Local Office,Q77,E39000033,NHS England Midlands (West Midlands),1 833 108,1 639 477,111 530,82 101,May
Regional Local Office,Q78,E39000045,NHS England Midlands (Central Midlands),1 219 976,1 097 008,51 007,71 961,May
Regional Local Office,Q79,E39000046,NHS England East of England (East),2 866 109,2 585 299,116 613,164 197,May
Regional Local Office,Q83,E39000037,NHS England North West (Greater Manchester),983 918,877 517,62 076,44 325,May
Regional Local Office,Q84,E39000040,NHS England North West (Lancashire and South Cumbria),679 357,617 151,34 505,27 701,May
Regional Local Office,Q85,E39000044,NHS England South West (South West South),1 594 155,1 432 360,76 591,85 204,May
Regional Local Office,Q86,E39000043,NHS England South West (South West North),1 152 967,1 046 346,47 808,58 813,May
Regional Local Office,Q87,E39000041,"NHS England South East (Hampshire, Isle of Wight and Thames Valley)",1 718 390,1 579 728,71 883,66 779,May
Regional Local Office,Q88,E39000042,"NHS England South East (Kent, Surrey and Sussex)",1 693 419,1 542 766,67 705,82 948,May
STP,E54000005,E54000005,West Yorkshire And Harrogate Health And Care Partnership  STP,1 273 549,1 143 721,53 495,76 333,May
STP,E54000006,E54000006,"Humber, Coast And Vale  STP",610 142,547 529,26 677,35 936,May
STP,E54000007,E54000007,Greater Manchester Health And Social Care Partnership  STP,983 918,877 517,62 076,44 325,May
STP,E54000008,E54000008,Cheshire And Merseyside  STP,1 031 655,921 162,58 492,52 001,May
STP,E54000009,E54000009,South Yorkshire And Bassetlaw  STP,722 495,640 519,35 679,46 297,May
STP,E54000010,E54000010,Staffordshire And Stoke On Trent  STP,432 759,393 455,19 987,19 317,May
STP,E54000011,E54000011,Shropshire And Telford And Wrekin  STP,211 549,194 314,9 040,8 195,May
STP,E54000012,E54000012,Joined Up Care Derbyshire  STP,487 664,438 735,18 891,30 038,May
STP,E54000013,E54000013,Lincolnshire  STP,357 365,323 293,14 244,19 828,May
STP,E54000014,E54000014,Nottingham And Nottinghamshire Health And Care  STP,482 173,430 969,19 997,31 207,May
STP,E54000015,E54000015,"Leicester, Leicestershire And Rutland  STP",522 137,470 833,23 506,27 798,May
STP,E54000016,E54000016,The Black Country And West Birmingham  STP,593 003,519 979,42 080,30 944,May
STP,E54000017,E54000017,Birmingham And Solihull  STP,522 560,459 614,36 914,26 032,May
STP,E54000018,E54000018,Coventry And Warwickshire  STP,341 066,311 194,17 241,12 631,May
STP,E54000019,E54000019,Herefordshire And Worcestershire  STP,376 479,348 690,15 295,12 494,May
STP,E54000020,E54000020,Northamptonshire  STP,340 474,302 882,13 257,24 335,May
STP,E54000021,E54000021,Cambridgeshire And Peterborough  STP,444 491,401 875,19 345,23 271,May
STP,E54000022,E54000022,Norfolk And Waveney Health And Care Partnership  STP,516 802,466 445,19 703,30 654,May
STP,E54000023,E54000023,Suffolk And North East Essex  STP,471 863,431 173,16 241,24 449,May
STP,E54000024,E54000024,"Bedfordshire, Luton And Milton Keynes  STP",420 472,378 932,19 612,21 928,May
STP,E54000025,E54000025,Hertfordshire And West Essex  STP,540 701,481 087,24 232,35 382,May
STP,E54000026,E54000026,Mid And South Essex  STP,471 780,425 787,17 480,28 513,May
STP,E54000027,E54000027,North West London Health And Care Partnership  STP,887 999,787 410,57 443,43 146,May
STP,E54000028,E54000028,North London Partners In Health And Care  STP,469 685,417 996,31 030,20 659,May
STP,E54000029,E54000029,East London Health And Care Partnership  STP,740 276,656 865,53 666,29 745,May
STP,E54000030,E54000030,South East London STP,523 828,465 381,36 128,22 319,May
STP,E54000031,E54000031,South West London Health And Care Partnership  STP,519 207,471 278,28 673,19 256,May
STP,E54000032,E54000032,Kent And Medway  STP,531 512,485 355,22 464,23 693,May
STP,E54000033,E54000033,Sussex And East Surrey  STP,837 173,758 163,32 086,46 924,May
STP,E54000034,E54000034,Frimley Health And Care Ics  STP,285 146,264 663,12 116,8 367,May
STP,E54000035,E54000035,Surrey Heartlands Health And Care Partnership  STP,324 734,299 248,13 155,12 331,May
STP,E54000036,E54000036,Cornwall And The Isles Of Scilly Health And Social Care Partnership  STP,333 906,290 048,25 785,18 073,May
STP,E54000037,E54000037,Devon  STP,660 345,601 166,26 123,33 056,May
STP,E54000038,E54000038,Somerset  STP,227 913,205 265,10 932,11 716,May
STP,E54000039,E54000039,"Bristol, North Somerset And South Gloucestershire  STP",435 532,398 771,21 478,15 283,May
STP,E54000040,E54000040,"Bath And North East Somerset, Swindon And Wiltshire  STP",453 706,409 372,15 850,28 484,May
STP,E54000041,E54000041,Dorset  STP,371 991,335 881,13 751,22 359,May
STP,E54000042,E54000042,Hampshire And The Isle Of Wight  STP,762 391,692 027,33 262,37 102,May
STP,E54000043,E54000043,Gloucestershire  STP,263 729,238 203,10 480,15 046,May
STP,E54000044,E54000044,"Buckinghamshire, Oxfordshire And Berkshire West  STP",670 853,623 038,26 505,21 310,May
STP,E54000048,E54000048,Healthier Lancashire And South Cumbria  STP,679 357,617 151,34 505,27 701,May
STP,E54000049,E54000049,Cumbria And North East  STP,1 496 964,1 339 874,73 249,83 841,May
CCG,00C,E38000042,NHS Darlington CCG,48 594,42 765,2 531,3 298,May
CCG,00D,E38000047,"NHS Durham Dales, Easington and Sedgefield CCG",166 842,147 314,7 710,11 818,May
CCG,00J,E38000116,NHS North Durham CCG,133 736,119 489,6 182,8 065,May
CCG,00K,E38000075,NHS Hartlepool and Stockton-on-Tees CCG,122 508,107 406,6 158,8 944,May
CCG,00L,E38000130,NHS Northumberland CCG,165 553,150 533,6 470,8 550,May
CCG,00M,E38000162,NHS South Tees CCG,146 907,131 943,7 441,7 523,May
CCG,00N,E38000163,NHS South Tyneside CCG,60 891,55 649,3 138,2 104,May
CCG,00P,E38000176,NHS Sunderland CCG,116 695,105 606,7 161,3 928,May
CCG,00Q,E38000014,NHS Blackburn with Darwen CCG,57 977,51 720,4 065,2 192,May
CCG,00R,E38000015,NHS Blackpool CCG,78 439,71 451,4 483,2 505,May
CCG,00T,E38000016,NHS Bolton CCG,105 020,93 509,6 728,4 783,May
CCG,00X,E38000034,NHS Chorley and South Ribble CCG,67 230,61 058,2 897,3 275,May
CCG,00Y,E38000135,NHS Oldham CCG,101 559,91 713,6 353,3 493,May
CCG,01A,E38000050,NHS East Lancashire CCG,142 413,126 840,8 385,7 188,May
CCG,01C,E38000056,NHS Eastern Cheshire CCG,69 421,63 406,3 079,2 936,May
CCG,01D,E38000080,"NHS Heywood, Middleton and Rochdale CCG",93 685,84 328,5 510,3 847,May
CCG,01E,E38000227,NHS Greater Preston CCG,63 853,57 603,3 386,2 864,May
CCG,01F,E38000068,NHS Halton CCG,55 631,48 082,3 589,3 960,May
CCG,01G,E38000143,NHS Salford CCG,46 632,41 352,2 923,2 357,May
CCG,01H,E38000215,NHS North Cumbria CCG,167 202,152 649,7 150,7 403,May
CCG,01J,E38000091,NHS Knowsley CCG,70 379,61 759,4 739,3 881,May
CCG,01K,E38000228,NHS Morecambe Bay CCG,142 646,131 193,6 403,5 050,May
CCG,01R,E38000151,NHS South Cheshire CCG,76 156,67 015,4 283,4 858,May
CCG,01T,E38000161,NHS South Sefton CCG,48 582,43 982,2 857,1 743,May
CCG,01V,E38000170,NHS Southport and Formby CCG,50 614,45 695,2 099,2 820,May
CCG,01W,E38000174,NHS Stockport CCG,120 300,108 632,6 673,4 995,May
CCG,01X,E38000172,NHS St Helens CCG,70 723,62 967,3 963,3 793,May
CCG,01Y,E38000182,NHS Tameside and Glossop CCG,101 449,90 997,6 980,3 472,May
CCG,02A,E38000187,NHS Trafford CCG,77 481,69 836,3 893,3 752,May
CCG,02D,E38000189,NHS Vale Royal CCG,40 695,36 304,1 989,2 402,May
CCG,02E,E38000194,NHS Warrington CCG,80 694,73 829,3 228,3 637,May
CCG,02F,E38000196,NHS West Cheshire CCG,108 050,99 113,5 472,3 465,May
CCG,02G,E38000200,NHS West Lancashire CCG,45 319,41 048,1 998,2 273,May
CCG,02H,E38000205,NHS Wigan Borough CCG,112 636,100 125,5 911,6 600,May
CCG,02M,E38000226,NHS Fylde & Wyre CCG,81 480,76 238,2 888,2 354,May
CCG,02N,E38000001,"NHS Airedale, Wharfedale and Craven CCG",86 554,76 543,2 795,7 216,May
CCG,02P,E38000006,NHS Barnsley CCG,114 663,102 356,5 687,6 620,May
CCG,02Q,E38000008,NHS Bassetlaw CCG,56 684,51 451,2 314,2 919,May
CCG,02R,E38000019,NHS Bradford Districts CCG,164 158,146 569,5 926,11 663,May
CCG,02T,E38000025,NHS Calderdale CCG,100 911,90 167,4 165,6 579,May
CCG,02W,E38000018,NHS Bradford City CCG,71 761,63 239,4 448,4 074,May
CCG,02X,E38000044,NHS Doncaster CCG,146 756,131 523,7 667,7 566,May
CCG,02Y,E38000052,NHS East Riding of Yorkshire CCG,116 541,104 974,4 623,6 944,May
CCG,03A,E38000064,NHS Greater Huddersfield CCG,103 380,93 768,4 512,5 100,May
CCG,03D,E38000069,"NHS Hambleton, Richmondshire and Whitby CCG",68 951,61 690,2 292,4 969,May
CCG,03E,E38000073,NHS Harrogate and Rural District CCG,73 240,67 402,2 340,3 498,May
CCG,03F,E38000085,NHS Hull CCG,111 604,98 427,7 647,5 530,May
CCG,03H,E38000119,NHS North East Lincolnshire CCG,91 077,81 351,4 169,5 557,May
CCG,03J,E38000121,NHS North Kirklees CCG,86 506,77 600,4 514,4 392,May
CCG,03K,E38000122,NHS North Lincolnshire CCG,85 781,76 760,2 584,6 437,May
CCG,03L,E38000141,NHS Rotherham CCG,125 289,109 615,5 682,9 992,May
CCG,03M,E38000145,NHS Scarborough and Ryedale CCG,61 693,54 923,2 447,4 323,May
CCG,03N,E38000146,NHS Sheffield CCG,279 103,245 574,14 329,19 200,May
CCG,03Q,E38000188,NHS Vale of York CCG,143 446,131 094,5 207,7 145,May
CCG,03R,E38000190,NHS Wakefield CCG,190 993,172 235,7 496,11 262,May
CCG,03T,E38000099,NHS Lincolnshire East CCG,117 863,107 064,5 050,5 749,May
CCG,03V,E38000037,NHS Corby CCG,38 903,29 994,1 387,7 522,May
CCG,03W,E38000051,NHS East Leicestershire and Rutland CCG,163 753,147 957,6 388,9 408,May
CCG,04C,E38000097,NHS Leicester City CCG,172 937,154 066,10 115,8 756,May
CCG,04D,E38000100,NHS Lincolnshire West CCG,90 690,81 743,3 767,5 180,May
CCG,04E,E38000103,NHS Mansfield and Ashfield CCG,94 396,84 247,3 607,6 542,May
CCG,04F,E38000107,NHS Milton Keynes CCG,125 018,113 712,5 596,5 710,May
CCG,04G,E38000108,NHS Nene CCG,301 571,272 888,11 870,16 813,May
CCG,04H,E38000109,NHS Newark & Sherwood CCG,61 468,55 774,2 286,3 408,May
CCG,04K,E38000132,NHS Nottingham City CCG,152 206,133 172,8 196,10 838,May
CCG,04L,E38000133,NHS Nottingham North and East CCG,56 359,50 231,1 869,4 259,May
CCG,04M,E38000134,NHS Nottingham West CCG,55 507,50 055,2 226,3 226,May
CCG,04N,E38000142,NHS Rushcliffe CCG,62 237,57 490,1 813,2 934,May
CCG,04Q,E38000165,NHS South West Lincolnshire CCG,61 945,56 523,2 281,3 141,May
CCG,04V,E38000201,NHS West Leicestershire CCG,185 447,168 810,7 003,9 634,May
CCG,04Y,E38000028,NHS Cannock Chase CCG,53 228,47 762,2 300,3 166,May
CCG,05A,E38000038,NHS Coventry and Rugby CCG,171 043,154 022,11 052,5 969,May
CCG,05C,E38000046,NHS Dudley CCG,126 819,113 677,7 144,5 998,May
CCG,05D,E38000053,NHS East Staffordshire CCG,50 768,46 196,1 783,2 789,May
CCG,05F,E38000078,NHS Herefordshire CCG,91 065,83 920,3 636,3 509,May
CCG,05G,E38000126,NHS North Staffordshire CCG,79 399,72 639,2 870,3 890,May
CCG,05H,E38000195,NHS Warwickshire North CCG,32 364,29 664,1 487,1 213,May
CCG,05J,E38000139,NHS Redditch and Bromsgrove CCG,79 066,73 526,3 262,2 278,May
CCG,05L,E38000144,NHS Sandwell and West Birmingham CCG,241 375,207 628,19 213,14 534,May
CCG,05N,E38000147,NHS Shropshire CCG,135 519,124 276,5 124,6 119,May
CCG,05Q,E38000153,NHS South East Staffordshire and Seisdon Peninsula CCG,86 405,79 884,3 603,2 918,May
CCG,05R,E38000164,NHS South Warwickshire CCG,137 659,127 508,4 702,5 449,May
CCG,05T,E38000166,NHS South Worcestershire CCG,134 532,123 876,5 421,5 235,May
CCG,05V,E38000173,NHS Stafford and Surrounds CCG,63 668,58 789,2 704,2 175,May
CCG,05W,E38000175,NHS Stoke on Trent CCG,99 291,88 185,6 727,4 379,May
CCG,05X,E38000183,NHS Telford and Wrekin CCG,76 030,70 038,3 916,2 076,May
CCG,05Y,E38000191,NHS Walsall CCG,125 505,111 276,8 376,5 853,May
CCG,06A,E38000210,NHS Wolverhampton CCG,99 304,87 398,7 347,4 559,May
CCG,06D,E38000211,NHS Wyre Forest CCG,71 816,67 368,2 976,1 472,May
CCG,06F,E38000010,NHS Bedfordshire CCG,205 046,184 986,8 127,11 933,May
CCG,06H,E38000026,NHS Cambridgeshire and Peterborough CCG,444 491,401 875,19 345,23 271,May
CCG,06K,E38000049,NHS East and North Hertfordshire CCG,216 270,188 744,8 767,18 759,May
CCG,06L,E38000086,NHS Ipswich and East Suffolk CCG,192 989,175 389,6 189,11 411,May
CCG,06M,E38000063,NHS Great Yarmouth and Waveney CCG,106 720,95 425,5 298,5 997,May
CCG,06N,E38000079,NHS Herts Valleys CCG,213 637,192 189,10 707,10 741,May
CCG,06P,E38000102,NHS Luton CCG,90 408,80 234,5 889,4 285,May
CCG,06Q,E38000106,NHS Mid Essex CCG,160 405,146 357,5 580,8 468,May
CCG,06T,E38000117,NHS North East Essex CCG,165 916,151 944,6 283,7 689,May
CCG,06V,E38000124,NHS North Norfolk CCG,92 095,83 209,3 183,5 703,May
CCG,06W,E38000218,NHS Norwich CCG,111 763,99 781,4 276,7 706,May
CCG,06Y,E38000219,NHS South Norfolk CCG,108 478,99 121,3 567,5 790,May
CCG,07G,E38000185,NHS Thurrock CCG,76 989,69 147,3 457,4 385,May
CCG,07H,E38000197,NHS West Essex CCG,110 794,100 154,4 758,5 882,May
CCG,07J,E38000203,NHS West Norfolk CCG,97 746,88 909,3 379,5 458,May
CCG,07K,E38000204,NHS West Suffolk CCG,112 958,103 840,3 769,5 349,May
CCG,07L,E38000004,NHS Barking and Dagenham CCG,64 159,55 546,5 323,3 290,May
CCG,07M,E38000005,NHS Barnet CCG,106 497,95 800,5 256,5 441,May
CCG,07N,E38000011,NHS Bexley CCG,23 323,20 910,1 337,1 076,May
CCG,07P,E38000020,NHS Brent CCG,139 176,123 095,10 385,5 696,May
CCG,07Q,E38000023,NHS Bromley CCG,105 900,94 086,4 870,6 944,May
CCG,07R,E38000027,NHS Camden CCG,85 280,76 358,5 733,3 189,May
CCG,07T,E38000035,NHS City and Hackney CCG,125 651,111 442,9 414,4 795,May
CCG,07V,E38000040,NHS Croydon CCG,138 656,124 276,8 285,6 095,May
CCG,07W,E38000048,NHS Ealing CCG,172 783,154 336,10 730,7 717,May
CCG,07X,E38000057,NHS Enfield CCG,100 680,88 668,7 016,4 996,May
CCG,07Y,E38000084,NHS Hounslow CCG,119 965,106 716,6 775,6 474,May
CCG,08A,E38000066,NHS Greenwich CCG,30 488,27 686,2 096,706,May
CCG,08C,E38000070,NHS Hammersmith and Fulham CCG,81 226,71 914,4 714,4 598,May
CCG,08D,E38000072,NHS Haringey CCG,91 490,82 027,6 303,3 160,May
CCG,08E,E38000074,NHS Harrow CCG,101 176,88 615,6 459,6 102,May
CCG,08F,E38000077,NHS Havering CCG,77 055,69 263,4 101,3 691,May
CCG,08G,E38000082,NHS Hillingdon CCG,102 457,92 184,6 603,3 670,May
CCG,08H,E38000088,NHS Islington CCG,85 738,75 143,6 722,3 873,May
CCG,08J,E38000090,NHS Kingston CCG,73 004,66 769,3 272,2 963,May
CCG,08K,E38000092,NHS Lambeth CCG,139 031,123 574,9 943,5 514,May
CCG,08L,E38000098,NHS Lewisham CCG,108 699,96 702,8 259,3 738,May
CCG,08M,E38000113,NHS Newham CCG,130 993,113 818,11 593,5 582,May
CCG,08N,E38000138,NHS Redbridge CCG,105 106,93 477,6 751,4 878,May
CCG,08P,E38000140,NHS Richmond CCG,19 672,17 684,1 005,983,May
CCG,08Q,E38000171,NHS Southwark CCG,116 387,102 423,9 623,4 341,May
CCG,08R,E38000105,NHS Merton CCG,69 380,63 607,3 854,1 919,May
CCG,08T,E38000179,NHS Sutton CCG,71 664,66 229,3 239,2 196,May
CCG,08V,E38000186,NHS Tower Hamlets CCG,136 512,122 038,10 666,3 808,May
CCG,08W,E38000192,NHS Waltham Forest CCG,100 800,91 281,5 818,3 701,May
CCG,08X,E38000193,NHS Wandsworth CCG,146 831,132 713,9 018,5 100,May
CCG,08Y,E38000202,NHS West London CCG,94 244,81 637,6 794,5 813,May
CCG,09A,E38000031,NHS Central London (Westminster) CCG,76 972,68 913,4 983,3 076,May
CCG,09C,E38000002,NHS Ashford CCG,72 585,68 346,2 543,1 696,May
CCG,09D,E38000021,NHS Brighton and Hove CCG,114 476,101 496,5 510,7 470,May
CCG,09E,E38000029,NHS Canterbury and Coastal CCG,112 231,101 794,4 548,5 889,May
CCG,09F,E38000055,"NHS Eastbourne, Hailsham and Seaford CC",100 671,92 845,3 810,4 016,May
CCG,09G,E38000213,NHS Coastal West Sussex CCG,240 844,219 073,8 258,13 513,May
CCG,09H,E38000039,NHS Crawley CCG,53 977,48 827,1 716,3 434,May
CCG,09J,E38000043,"NHS Dartford, Gravesham and Swanley CCG",6 811,5 763,447,601,May
CCG,09L,E38000054,NHS East Surrey CCG,72 995,65 813,3 369,3 813,May
CCG,09N,E38000214,NHS Guildford and Waverley CCG,84 185,78 018,3 426,2 741,May
CCG,09P,E38000076,NHS Hastings and Rother CCG,93 900,84 926,4 127,4 847,May
CCG,09W,E38000104,NHS Medway CCG,79 889,72 599,3 430,3 860,May
CCG,09X,E38000083,NHS Horsham and Mid Sussex CCG,87 904,79 039,3 062,5 803,May
CCG,09Y,E38000128,NHS North West Surrey CCG,125 991,116 657,5 289,4 045,May
CCG,10A,E38000156,NHS South Kent Coast CCG,43 374,39 161,1 690,2 523,May
CCG,10C,E38000178,NHS Surrey Heath CCG,44 090,41 272,1 648,1 170,May
CCG,10D,E38000180,NHS Swale CCG,42 383,38 233,2 159,1 991,May
CCG,10E,E38000184,NHS Thanet CCG,58 105,52 556,2 487,3 062,May
CCG,10J,E38000120,NHS North Hampshire CCG,96 717,90 351,3 408,2 958,May
CCG,10K,E38000059,NHS Fareham and Gosport CCG,83 855,75 957,3 394,4 504,May
CCG,10L,E38000087,NHS Isle of Wight CCG,74 088,62 864,5 207,6 017,May
CCG,10Q,E38000136,NHS Oxfordshire CCG,312 484,288 772,13 542,10 170,May
CCG,10R,E38000137,NHS Portsmouth CCG,89 883,81 131,4 216,4 536,May
CCG,10V,E38000154,NHS South Eastern Hampshire CCG,87 857,79 277,3 727,4 853,May
CCG,10X,E38000167,NHS Southampton CCG,111 745,100 535,6 048,5 162,May
CCG,11A,E38000198,NHS West Hampshire CCG,218 246,201 912,7 262,9 072,May
CCG,11E,E38000009,NHS Bath and North East Somerset CCG,95 281,85 696,3 849,5 736,May
CCG,11J,E38000045,NHS Dorset CCG,371 991,335 881,13 751,22 359,May
CCG,11M,E38000062,NHS Gloucestershire CCG,263 729,238 203,10 480,15 046,May
CCG,11N,E38000089,NHS Kernow CCG,333 906,290 048,25 785,18 073,May
CCG,11X,E38000150,NHS Somerset CCG,227 913,205 265,10 932,11 716,May
CCG,12D,E38000181,NHS Swindon CCG,104 537,90 928,4 249,9 360,May
CCG,12F,E38000208,NHS Wirral CCG,148 716,131 188,8 277,9 251,May
CCG,13T,E38000212,NHS Newcastle Gateshead CCG,208 116,183 406,12 428,12 282,May
CCG,14L,E38000217,NHS Manchester CCG,225 156,197 025,17 105,11 026,May
CCG,14Y,E38000223,NHS Buckinghamshire CCG,203 036,190 015,6 917,6 104,May
CCG,15A,E38000221,NHS Berkshire West CCG,155 333,144 251,6 046,5 036,May
CCG,15C,E38000222,"NHS Bristol, North Somerset and South G",435 532,398 771,21 478,15 283,May
CCG,15D,E38000224,NHS East Berkshire CCG,158 358,146 588,7 191,4 579,May
CCG,15E,E38000220,NHS Birmingham and Solihull CCG,522 560,459 614,36 914,26 032,May
CCG,15F,E38000225,NHS Leeds CCG,396 046,356 198,17 299,22 549,May
CCG,15M,E38000229,NHS Derby and Derbyshire CCG,487 664,438 735,18 891,30 038,May
CCG,15N,E38000230,NHS Devon CCG,660 345,601 166,26 123,33 056,May
CCG,99A,E38000101,NHS Liverpool CCG,211 994,187 822,14 917,9 255,May
CCG,99C,E38000127,NHS North Tyneside CCG,90 969,81 424,4 588,4 957,May
CCG,99D,E38000157,NHS South Lincolnshire CCG,86 867,77 963,3 146,5 758,May
CCG,99E,E38000007,NHS Basildon and Brentwood CCG,102 327,91 261,3 989,7 077,May
CCG,99F,E38000030,NHS Castle Point and Rochford CCG,65 149,58 682,1 973,4 494,May
CCG,99G,E38000168,NHS Southend CCG,66 910,60 340,2 481,4 089,May
CCG,99H,E38000177,NHS Surrey Downs CCG,114 558,104 573,4 440,5 545,May
CCG,99J,E38000199,NHS West Kent CCG,116 134,106 903,5 160,4 071,May
CCG,99K,E38000081,NHS High Weald Lewes Havens CCG,72 406,66 144,2 234,4 028,May
CCG,99M,E38000118,NHS North East Hampshire and Farnham CC,82 698,76 803,3 277,2 618,May
CCG,99N,E38000206,NHS Wiltshire CCG,253 888,232 748,7 752,13 388,May
NA,NA,NA,NA,NA,NA,NA,NA,May
