Type,NHS_area_code,ONS_code,Name,Count_gp_appointments,Attended,Did_not_attend,Unknown,Month
National,ENG,ENG,England, 23 077 849 , 20 737 607 , 1 137 888 , 1 202 354 ,February
Region,Y54,E40000001,North Of England, 6 705 729 , 6 002 525 , 339 688 , 363 516 ,February
Region,Y55,E40000002,Midlands and East of England, 7 429 962 , 6 673 009 , 345 771 , 411 182 ,February
Region,Y56,E40000003,London, 3 081 197 , 2 742 603 , 207 816 , 130 778 ,February
Region,Y58,E40000006,South West, 2 500 394 , 2 250 039 , 105 607 , 144 748 ,February
Region,Y59,E40000005,South East, 3 360 567 , 3 069 431 , 139 006 , 152 130 ,February
Sub-Region,Q71,E39000018,NHS England London, 3 081 197 , 2 742 603 , 207 816 , 130 778 ,February
Sub-Region,Q75,E39000026,NHS England North (Cheshire and Merseyside), 1 021 808 , 913 324 , 57 834 , 50 650 ,February
Sub-Region,Q72,E39000029,NHS England North (Yorkshire and Humber), 2 649 767 , 2 368 331 , 117 059 , 164 377 ,February
Sub-Region,Q78,E39000030,NHS England Midlands and East (Central Midlands), 2 027 293 , 1 814 150 , 91 459 , 121 684 ,February
Sub-Region,Q79,E39000031,NHS England Midlands and East (East), 1 990 623 , 1 799 281 , 75 386 , 115 956 ,February
Sub-Region,Q76,E39000032,NHS England Midlands and East (North Midlands), 1 594 293 , 1 432 946 , 68 341 , 93 006 ,February
Sub-Region,Q77,E39000033,NHS England Midlands and East (West Midlands), 1 817 753 , 1 626 632 , 110 585 , 80 536 ,February
Sub-Region,Q83,E39000037,NHS England North (Greater Manchester), 971 540 , 865 780 , 61 121 , 44 639 ,February
Sub-Region,Q74,E39000039,NHS England North (Cumbria and North East), 1 391 524 , 1 246 910 , 69 275 , 75 339 ,February
Sub-Region,Q84,E39000040,NHS England North (Lancashire and South Cumbria), 671 090 , 608 180 , 34 399 , 28 511 ,February
Sub-Region,Q87,E39000041,"NHS England South East (Hampshire, Isle of Wight and Thames Valley)", 1 694 986 , 1 552 667 , 71 760 , 70 559 ,February
Sub-Region,Q88,E39000042,"NHS England South East (Kent, Surrey and Sussex)", 1 665 581 , 1 516 764 , 67 246 , 81 571 ,February
Sub-Region,Q86,E39000043,NHS England South West (South West North), 1 134 636 , 1 022 839 , 49 492 , 62 305 ,February
Sub-Region,Q85,E39000044,NHS England South West (South West South), 1 365 758 , 1 227 200 , 56 115 , 82 443 ,February
STP,E54000005,E54000005,West Yorkshire STP, 1 253 097 , 1 123 118 , 52 324 , 77 655 ,February
STP,E54000006,E54000006,"Humber, Coast and Vale STP", 611 568 , 546 590 , 26 825 , 38 153 ,February
STP,E54000007,E54000007,Greater Manchester STP, 971 540 , 865 780 , 61 121 , 44 639 ,February
STP,E54000008,E54000008,Cheshire and Merseyside STP, 1 021 808 , 913 324 , 57 834 , 50 650 ,February
STP,E54000009,E54000009,South Yorkshire and Bassetlaw STP, 718 749 , 637 954 , 35 712 , 45 083 ,February
STP,E54000010,E54000010,Staffordshire STP, 425 947 , 384 814 , 20 131 , 21 002 ,February
STP,E54000011,E54000011,Shropshire and Telford and Wrekin STP, 210 020 , 191 418 , 9 326 , 9 276 ,February
STP,E54000012,E54000012,Derbyshire STP, 478 146 , 428 363 , 17 824 , 31 959 ,February
STP,E54000013,E54000013,Lincolnshire STP, 353 434 , 317 942 , 13 650 , 21 842 ,February
STP,E54000014,E54000014,Nottinghamshire STP, 480 180 , 428 351 , 21 060 , 30 769 ,February
STP,E54000015,E54000015,"Leicester, Leicestershire and Rutland STP", 516 033 , 463 530 , 25 088 , 27 415 ,February
STP,E54000016,E54000016,The Black Country STP, 594 430 , 523 507 , 41 735 , 29 188 ,February
STP,E54000017,E54000017,Birmingham and Solihull STP, 518 489 , 453 030 , 37 093 , 28 366 ,February
STP,E54000018,E54000018,Coventry and Warwickshire STP, 333 213 , 305 679 , 16 437 , 11 097 ,February
STP,E54000019,E54000019,Herefordshire and Worcestershire STP, 371 621 , 344 416 , 15 320 , 11 885 ,February
STP,E54000020,E54000020,Northamptonshire STP, 329 521 , 294 265 , 13 236 , 22 020 ,February
STP,E54000021,E54000021,Cambridgeshire and Peterborough STP, 453 862 , 408 505 , 19 462 , 25 895 ,February
STP,E54000022,E54000022,Norfolk and Waveney STP, 509 424 , 461 855 , 18 706 , 28 863 ,February
STP,E54000023,E54000023,Suffolk and North East Essex STP, 458 181 , 418 919 , 15 390 , 23 872 ,February
STP,E54000024,E54000024,"Milton Keynes, Bedfordshire and Luton STP", 407 445 , 363 611 , 20 132 , 23 702 ,February
STP,E54000025,E54000025,Hertfordshire and West Essex STP, 531 605 , 473 864 , 24 274 , 33 467 ,February
STP,E54000026,E54000026,Mid and South Essex STP, 458 411 , 410 940 , 16 907 , 30 564 ,February
STP,E54000027,E54000027,North West London STP, 874 888 , 773 534 , 57 295 , 44 059 ,February
STP,E54000028,E54000028,North Central London STP, 462 211 , 410 476 , 31 920 , 19 815 ,February
STP,E54000029,E54000029,North East London STP, 729 004 , 644 990 , 54 392 , 29 622 ,February
STP,E54000030,E54000030,South East London STP, 513 790 , 457 687 , 35 795 , 20 308 ,February
STP,E54000031,E54000031,South West London STP, 501 304 , 455 916 , 28 414 , 16 974 ,February
STP,E54000032,E54000032,Kent and Medway STP, 511 925 , 468 695 , 21 594 , 21 636 ,February
STP,E54000033,E54000033,Sussex and East Surrey STP, 833 514 , 753 573 , 32 599 , 47 342 ,February
STP,E54000034,E54000034,Frimley Health STP, 285 199 , 261 227 , 12 584 , 11 388 ,February
STP,E54000035,E54000035,Surrey Heartlands STP, 320 142 , 294 496 , 13 053 , 12 593 ,February
STP,E54000036,E54000036,Cornwall and The Isles of Scilly STP, 152 760 , 132 977 , 6 469 , 13 314 ,February
STP,E54000037,E54000037,Devon STP, 630 318 , 569 482 , 24 632 , 36 204 ,February
STP,E54000038,E54000038,Somerset STP, 223 084 , 203 087 , 10 844 , 9 153 ,February
STP,E54000039,E54000039,"Bristol, North Somerset and South Gloucestershire STP", 432 571 , 395 093 , 22 124 , 15 354 ,February
STP,E54000040,E54000040,"Bath, Swindon and Wiltshire STP", 443 471 , 395 054 , 16 601 , 31 816 ,February
STP,E54000041,E54000041,Dorset STP, 359 596 , 321 654 , 14 170 , 23 772 ,February
STP,E54000042,E54000042,Hampshire and The Isle of Wight STP, 750 908 , 682 088 , 32 412 , 36 408 ,February
STP,E54000043,E54000043,Gloucestershire STP, 258 594 , 232 692 , 10 767 , 15 135 ,February
STP,E54000044,E54000044,"Buckinghamshire, Oxfordshire and Berkshire West STP", 658 879 , 609 352 , 26 764 , 22 763 ,February
STP,E54000048,E54000048,Lancashire and South Cumbria STP, 671 090 , 608 180 , 34 399 , 28 511 ,February
STP,E54000049,E54000049,Cumbria and North East STP, 1 457 877 , 1 307 579 , 71 473 , 78 825 ,February
CCG,00C,E38000042,NHS Darlington CCG, 46 941 , 40 112 , 3 240 , 3 589 ,February
CCG,00D,E38000047,"NHS Durham Dales, Easington and Sedgefield CCG", 161 402 , 144 195 , 7 455 , 9 752 ,February
CCG,00J,E38000116,NHS North Durham CCG, 130 351 , 117 108 , 5 634 , 7 609 ,February
CCG,00K,E38000075,NHS Hartlepool and Stockton-on-Tees CCG, 118 270 , 104 936 , 5 850 , 7 484 ,February
CCG,00L,E38000130,NHS Northumberland CCG, 160 989 , 145 621 , 6 218 , 9 150 ,February
CCG,00M,E38000162,NHS South Tees CCG, 140 808 , 124 752 , 7 678 , 8 378 ,February
CCG,00N,E38000163,NHS South Tyneside CCG, 60 054 , 54 662 , 2 849 , 2 543 ,February
CCG,00P,E38000176,NHS Sunderland CCG, 114 679 , 103 308 , 7 135 , 4 236 ,February
CCG,00Q,E38000014,NHS Blackburn with Darwen CCG, 60 542 , 52 881 , 4 385 , 3 276 ,February
CCG,00R,E38000015,NHS Blackpool CCG, 77 238 , 70 918 , 4 504 , 1 816 ,February
CCG,00T,E38000016,NHS Bolton CCG, 96 903 , 86 153 , 6 227 , 4 523 ,February
CCG,00X,E38000034,NHS Chorley and South Ribble CCG, 64 904 , 57 912 , 2 587 , 4 405 ,February
CCG,00Y,E38000135,NHS Oldham CCG, 101 976 , 90 912 , 6 213 , 4 851 ,February
CCG,01A,E38000050,NHS East Lancashire CCG, 142 274 , 128 060 , 8 410 , 5 804 ,February
CCG,01C,E38000056,NHS Eastern Cheshire CCG, 75 281 , 68 516 , 3 005 , 3 760 ,February
CCG,01D,E38000080,"NHS Heywood, Middleton and Rochdale CCG", 96 219 , 86 235 , 5 867 , 4 117 ,February
CCG,01E,E38000227,NHS Greater Preston CCG, 62 111 , 55 444 , 3 139 , 3 528 ,February
CCG,01F,E38000068,NHS Halton CCG, 56 182 , 48 540 , 3 608 , 4 034 ,February
CCG,01G,E38000143,NHS Salford CCG, 45 571 , 40 276 , 3 021 , 2 274 ,February
CCG,01H,E38000215,NHS North Cumbria CCG, 162 068 , 147 285 , 6 491 , 8 292 ,February
CCG,01J,E38000091,NHS Knowsley CCG, 71 005 , 62 370 , 4 854 , 3 781 ,February
CCG,01K,E38000228,NHS Morecambe Bay CCG, 143 149 , 132 435 , 6 751 , 3 963 ,February
CCG,01R,E38000151,NHS South Cheshire CCG, 74 740 , 65 910 , 5 255 , 3 575 ,February
CCG,01T,E38000161,NHS South Sefton CCG, 48 437 , 43 789 , 3 053 , 1 595 ,February
CCG,01V,E38000170,NHS Southport and Formby CCG, 49 029 , 44 460 , 2 024 , 2 545 ,February
CCG,01W,E38000174,NHS Stockport CCG, 115 478 , 104 664 , 6 106 , 4 708 ,February
CCG,01X,E38000172,NHS St Helens CCG, 71 551 , 63 424 , 3 962 , 4 165 ,February
CCG,01Y,E38000182,NHS Tameside and Glossop CCG, 107 559 , 97 823 , 6 515 , 3 221 ,February
CCG,02A,E38000187,NHS Trafford CCG, 76 625 , 69 139 , 3 902 , 3 584 ,February
CCG,02D,E38000189,NHS Vale Royal CCG, 39 597 , 35 446 , 1 946 , 2 205 ,February
CCG,02E,E38000194,NHS Warrington CCG, 79 159 , 72 334 , 3 121 , 3 704 ,February
CCG,02F,E38000196,NHS West Cheshire CCG, 106 283 , 97 002 , 4 997 , 4 284 ,February
CCG,02G,E38000200,NHS West Lancashire CCG, 42 456 , 38 101 , 1 765 , 2 590 ,February
CCG,02H,E38000205,NHS Wigan Borough CCG, 106 636 , 92 636 , 6 479 , 7 521 ,February
CCG,02M,E38000226,NHS Fylde and Wyre CCG, 78 416 , 72 429 , 2 858 , 3 129 ,February
CCG,02N,E38000001,"NHS Airedale, Wharfedale and Craven CCG", 85 345 , 75 510 , 2 830 , 7 005 ,February
CCG,02P,E38000006,NHS Barnsley CCG, 113 516 , 101 996 , 6 179 , 5 341 ,February
CCG,02Q,E38000008,NHS Bassetlaw CCG, 55 305 , 50 212 , 2 379 , 2 714 ,February
CCG,02R,E38000019,NHS Bradford Districts CCG, 168 945 , 149 171 , 6 375 , 13 399 ,February
CCG,02T,E38000025,NHS Calderdale CCG, 96 772 , 87 044 , 3 876 , 5 852 ,February
CCG,02W,E38000018,NHS Bradford City CCG, 66 656 , 58 392 , 4 361 , 3 903 ,February
CCG,02X,E38000044,NHS Doncaster CCG, 147 129 , 132 882 , 7 414 , 6 833 ,February
CCG,02Y,E38000052,NHS East Riding of Yorkshire CCG, 125 169 , 113 540 , 4 899 , 6 730 ,February
CCG,03A,E38000064,NHS Greater Huddersfield CCG, 100 647 , 91 388 , 4 282 , 4 977 ,February
CCG,03D,E38000069,"NHS Hambleton, Richmondshire and Whitby CCG", 66 353 , 60 669 , 2 198 , 3 486 ,February
CCG,03E,E38000073,NHS Harrogate and Rural District CCG, 71 936 , 65 902 , 2 381 , 3 653 ,February
CCG,03F,E38000085,NHS Hull CCG, 110 539 , 96 588 , 7 393 , 6 558 ,February
CCG,03H,E38000119,NHS North East Lincolnshire CCG, 88 750 , 79 454 , 3 980 , 5 316 ,February
CCG,03J,E38000121,NHS North Kirklees CCG, 84 551 , 75 085 , 4 100 , 5 366 ,February
CCG,03K,E38000122,NHS North Lincolnshire CCG, 83 421 , 73 929 , 2 517 , 6 975 ,February
CCG,03L,E38000141,NHS Rotherham CCG, 124 440 , 108 267 , 5 837 , 10 336 ,February
CCG,03M,E38000145,NHS Scarborough and Ryedale CCG, 61 458 , 53 861 , 2 505 , 5 092 ,February
CCG,03N,E38000146,NHS Sheffield CCG, 278 359 , 244 597 , 13 903 , 19 859 ,February
CCG,03Q,E38000188,NHS Vale of York CCG, 142 231 , 129 218 , 5 531 , 7 482 ,February
CCG,03R,E38000190,NHS Wakefield CCG, 189 447 , 170 082 , 7 093 , 12 272 ,February
CCG,03T,E38000099,NHS Lincolnshire East CCG, 118 030 , 106 867 , 5 102 , 6 061 ,February
CCG,03V,E38000037,NHS Corby CCG, 31 727 , 26 630 , 1 664 , 3 433 ,February
CCG,03W,E38000051,NHS East Leicestershire and Rutland CCG, 162 314 , 145 614 , 7 919 , 8 781 ,February
CCG,03X,E38000058,NHS Erewash CCG, 44 292 , 39 748 , 1 605 , 2 939 ,February
CCG,03Y,E38000071,NHS Hardwick CCG, 56 177 , 51 374 , 2 253 , 2 550 ,February
CCG,04C,E38000097,NHS Leicester City CCG, 170 751 , 151 519 , 10 255 , 8 977 ,February
CCG,04D,E38000100,NHS Lincolnshire West CCG, 89 859 , 81 309 , 3 415 , 5 135 ,February
CCG,04E,E38000103,NHS Mansfield and Ashfield CCG, 89 442 , 79 519 , 3 984 , 5 939 ,February
CCG,04F,E38000107,NHS Milton Keynes CCG, 120 674 , 109 059 , 5 512 , 6 103 ,February
CCG,04G,E38000108,NHS Nene CCG, 297 794 , 267 635 , 11 572 , 18 587 ,February
CCG,04H,E38000109,NHS Newark and Sherwood CCG, 60 390 , 55 548 , 2 213 , 2 629 ,February
CCG,04J,E38000115,NHS North Derbyshire CCG, 143 447 , 129 301 , 5 534 , 8 612 ,February
CCG,04K,E38000132,NHS Nottingham City CCG, 153 740 , 134 963 , 8 583 , 10 194 ,February
CCG,04L,E38000133,NHS Nottingham North and East CCG, 64 299 , 57 331 , 2 360 , 4 608 ,February
CCG,04M,E38000134,NHS Nottingham West CCG, 48 633 , 43 596 , 1 935 , 3 102 ,February
CCG,04N,E38000142,NHS Rushcliffe CCG, 63 676 , 57 394 , 1 985 , 4 297 ,February
CCG,04Q,E38000165,NHS South West Lincolnshire CCG, 61 335 , 54 879 , 2 188 , 4 268 ,February
CCG,04R,E38000169,NHS Southern Derbyshire CCG, 234 230 , 207 940 , 8 432 , 17 858 ,February
CCG,04V,E38000201,NHS West Leicestershire CCG, 182 968 , 166 397 , 6 914 , 9 657 ,February
CCG,04Y,E38000028,NHS Cannock Chase CCG, 50 624 , 44 779 , 2 204 , 3 641 ,February
CCG,05A,E38000038,NHS Coventry and Rugby CCG, 170 533 , 154 798 , 10 811 , 4 924 ,February
CCG,05C,E38000046,NHS Dudley CCG, 128 031 , 115 270 , 7 144 , 5 617 ,February
CCG,05D,E38000053,NHS East Staffordshire CCG, 45 755 , 42 268 , 1 498 , 1 989 ,February
CCG,05F,E38000078,NHS Herefordshire CCG, 89 176 , 82 701 , 3 793 , 2 682 ,February
CCG,05G,E38000126,NHS North Staffordshire CCG, 78 988 , 70 763 , 3 229 , 4 996 ,February
CCG,05H,E38000195,NHS Warwickshire North CCG, 26 608 , 24 641 , 1 093 , 874 ,February
CCG,05J,E38000139,NHS Redditch and Bromsgrove CCG, 78 444 , 72 779 , 3 222 , 2 443 ,February
CCG,05L,E38000144,NHS Sandwell and West Birmingham CCG, 242 117 , 209 624 , 18 510 , 13 983 ,February
CCG,05N,E38000147,NHS Shropshire CCG, 133 975 , 122 442 , 5 134 , 6 399 ,February
CCG,05Q,E38000153,NHS South East Staffordshire and Seisdon Peninsula CCG, 87 749 , 80 909 , 3 877 , 2 963 ,February
CCG,05R,E38000164,NHS South Warwickshire CCG, 136 072 , 126 240 , 4 533 , 5 299 ,February
CCG,05T,E38000166,NHS South Worcestershire CCG, 132 096 , 121 921 , 5 239 , 4 936 ,February
CCG,05V,E38000173,NHS Stafford and Surrounds CCG, 63 709 , 58 180 , 2 610 , 2 919 ,February
CCG,05W,E38000175,NHS Stoke on Trent CCG, 99 122 , 87 915 , 6 713 , 4 494 ,February
CCG,05X,E38000183,NHS Telford and Wrekin CCG, 76 045 , 68 976 , 4 192 , 2 877 ,February
CCG,05Y,E38000191,NHS Walsall CCG, 125 595 , 111 503 , 8 456 , 5 636 ,February
CCG,06A,E38000210,NHS Wolverhampton CCG, 98 687 , 87 110 , 7 625 , 3 952 ,February
CCG,06D,E38000211,NHS Wyre Forest CCG, 71 905 , 67 015 , 3 066 , 1 824 ,February
CCG,06F,E38000010,NHS Bedfordshire CCG, 200 572 , 178 401 , 9 011 , 13 160 ,February
CCG,06H,E38000026,NHS Cambridgeshire and Peterborough CCG, 453 862 , 408 505 , 19 462 , 25 895 ,February
CCG,06K,E38000049,NHS East and North Hertfordshire CCG, 210 089 , 184 601 , 8 625 , 16 863 ,February
CCG,06L,E38000086,NHS Ipswich and East Suffolk CCG, 189 683 , 172 255 , 6 250 , 11 178 ,February
CCG,06M,E38000063,NHS Great Yarmouth and Waveney CCG, 108 007 , 97 158 , 5 201 , 5 648 ,February
CCG,06N,E38000079,NHS Herts Valleys CCG, 210 771 , 190 201 , 10 728 , 9 842 ,February
CCG,06P,E38000102,NHS Luton CCG, 86 199 , 76 151 , 5 609 , 4 439 ,February
CCG,06Q,E38000106,NHS Mid Essex CCG, 157 406 , 142 473 , 5 533 , 9 400 ,February
CCG,06T,E38000117,NHS North East Essex CCG, 155 357 , 142 302 , 5 401 , 7 654 ,February
CCG,06V,E38000124,NHS North Norfolk CCG, 90 659 , 82 274 , 2 865 , 5 520 ,February
CCG,06W,E38000218,NHS Norwich CCG, 108 218 , 97 802 , 3 999 , 6 417 ,February
CCG,06Y,E38000219,NHS South Norfolk CCG, 106 844 , 98 086 , 3 448 , 5 310 ,February
CCG,07G,E38000185,NHS Thurrock CCG, 71 351 , 62 514 , 3 119 , 5 718 ,February
CCG,07H,E38000197,NHS West Essex CCG, 110 745 , 99 062 , 4 921 , 6 762 ,February
CCG,07J,E38000203,NHS West Norfolk CCG, 95 696 , 86 535 , 3 193 , 5 968 ,February
CCG,07K,E38000204,NHS West Suffolk CCG, 113 141 , 104 362 , 3 739 , 5 040 ,February
CCG,07L,E38000004,NHS Barking and Dagenham CCG, 62 497 , 53 427 , 5 672 , 3 398 ,February
CCG,07M,E38000005,NHS Barnet CCG, 108 043 , 97 619 , 5 707 , 4 717 ,February
CCG,07N,E38000011,NHS Bexley CCG, 18 618 , 16 592 , 1 021 , 1 005 ,February
CCG,07P,E38000020,NHS Brent CCG, 134 726 , 119 574 , 10 073 , 5 079 ,February
CCG,07Q,E38000023,NHS Bromley CCG, 105 224 , 93 219 , 4 851 , 7 154 ,February
CCG,07R,E38000027,NHS Camden CCG, 82 677 , 73 405 , 5 611 , 3 661 ,February
CCG,07T,E38000035,NHS City and Hackney CCG, 125 521 , 111 857 , 9 603 , 4 061 ,February
CCG,07V,E38000040,NHS Croydon CCG, 135 715 , 121 721 , 8 475 , 5 519 ,February
CCG,07W,E38000048,NHS Ealing CCG, 173 220 , 154 777 , 10 635 , 7 808 ,February
CCG,07X,E38000057,NHS Enfield CCG, 98 598 , 85 313 , 7 195 , 6 090 ,February
CCG,07Y,E38000084,NHS Hounslow CCG, 120 893 , 107 317 , 6 888 , 6 688 ,February
CCG,08A,E38000066,NHS Greenwich CCG, 27 858 , 25 693 , 1 703 , 462 ,February
CCG,08C,E38000070,NHS Hammersmith and Fulham CCG, 80 336 , 70 340 , 4 930 , 5 066 ,February
CCG,08D,E38000072,NHS Haringey CCG, 88 737 , 79 590 , 6 387 , 2 760 ,February
CCG,08E,E38000074,NHS Harrow CCG, 97 517 , 84 462 , 6 624 , 6 431 ,February
CCG,08F,E38000077,NHS Havering CCG, 74 363 , 66 661 , 3 816 , 3 886 ,February
CCG,08G,E38000082,NHS Hillingdon CCG, 99 117 , 88 361 , 6 740 , 4 016 ,February
CCG,08H,E38000088,NHS Islington CCG, 84 156 , 74 549 , 7 020 , 2 587 ,February
CCG,08J,E38000090,NHS Kingston CCG, 60 768 , 56 868 , 2 646 , 1 254 ,February
CCG,08K,E38000092,NHS Lambeth CCG, 139 722 , 124 342 , 10 531 , 4 849 ,February
CCG,08L,E38000098,NHS Lewisham CCG, 107 280 , 96 328 , 8 221 , 2 731 ,February
CCG,08M,E38000113,NHS Newham CCG, 132 289 , 115 542 , 11 748 , 4 999 ,February
CCG,08N,E38000138,NHS Redbridge CCG, 100 397 , 88 385 , 6 483 , 5 529 ,February
CCG,08P,E38000140,NHS Richmond CCG, 19 784 , 17 890 , 1 060 , 834 ,February
CCG,08Q,E38000171,NHS Southwark CCG, 115 088 , 101 513 , 9 468 , 4 107 ,February
CCG,08R,E38000105,NHS Merton CCG, 68 519 , 62 727 , 3 841 , 1 951 ,February
CCG,08T,E38000179,NHS Sutton CCG, 73 226 , 67 659 , 3 214 , 2 353 ,February
CCG,08V,E38000186,NHS Tower Hamlets CCG, 132 425 , 117 816 , 10 699 , 3 910 ,February
CCG,08W,E38000192,NHS Waltham Forest CCG, 101 512 , 91 302 , 6 371 , 3 839 ,February
CCG,08X,E38000193,NHS Wandsworth CCG, 143 292 , 129 051 , 9 178 , 5 063 ,February
CCG,08Y,E38000202,NHS West London CCG, 93 932 , 81 605 , 6 626 , 5 701 ,February
CCG,09A,E38000031,NHS Central London (Westminster) CCG, 75 147 , 67 098 , 4 779 , 3 270 ,February
CCG,09C,E38000002,NHS Ashford CCG, 68 100 , 63 631 , 2 274 , 2 195 ,February
CCG,09D,E38000021,NHS Brighton and Hove CCG, 111 255 , 97 652 , 5 246 , 8 357 ,February
CCG,09E,E38000029,NHS Canterbury and Coastal CCG, 107 005 , 97 588 , 4 439 , 4 978 ,February
CCG,09F,E38000055,"NHS Eastbourne, Hailsham and Seaford CCG", 100 525 , 91 721 , 4 123 , 4 681 ,February
CCG,09G,E38000213,NHS Coastal West Sussex CCG, 239 843 , 218 627 , 8 398 , 12 818 ,February
CCG,09H,E38000039,NHS Crawley CCG, 55 744 , 50 646 , 1 856 , 3 242 ,February
CCG,09J,E38000043,"NHS Dartford, Gravesham and Swanley CCG", 3 393 , 2 929 , 149 , 315 ,February
CCG,09L,E38000054,NHS East Surrey CCG, 74 599 , 68 153 , 3 375 , 3 071 ,February
CCG,09N,E38000214,NHS Guildford and Waverley CCG, 79 406 , 73 329 , 3 294 , 2 783 ,February
CCG,09P,E38000076,NHS Hastings and Rother CCG, 91 851 , 82 643 , 3 903 , 5 305 ,February
CCG,09W,E38000104,NHS Medway CCG, 79 671 , 72 504 , 3 645 , 3 522 ,February
CCG,09X,E38000083,NHS Horsham and Mid Sussex CCG, 88 491 , 80 315 , 3 039 , 5 137 ,February
CCG,09Y,E38000128,NHS North West Surrey CCG, 127 546 , 118 256 , 5 395 , 3 895 ,February
CCG,10A,E38000156,NHS South Kent Coast CCG, 42 532 , 38 830 , 1 562 , 2 140 ,February
CCG,10C,E38000178,NHS Surrey Heath CCG, 43 405 , 40 464 , 1 651 , 1 290 ,February
CCG,10D,E38000180,NHS Swale CCG, 41 014 , 36 997 , 2 166 , 1 851 ,February
CCG,10E,E38000184,NHS Thanet CCG, 56 793 , 51 463 , 2 320 , 3 010 ,February
CCG,10J,E38000120,NHS North Hampshire CCG, 95 650 , 90 175 , 3 318 , 2 157 ,February
CCG,10K,E38000059,NHS Fareham and Gosport CCG, 83 862 , 75 795 , 3 463 , 4 604 ,February
CCG,10L,E38000087,NHS Isle of Wight CCG, 71 158 , 60 175 , 4 853 , 6 130 ,February
CCG,10Q,E38000136,NHS Oxfordshire CCG, 304 843 , 280 636 , 13 420 , 10 787 ,February
CCG,10R,E38000137,NHS Portsmouth CCG, 86 062 , 77 635 , 4 110 , 4 317 ,February
CCG,10V,E38000154,NHS South Eastern Hampshire CCG, 85 175 , 76 047 , 3 776 , 5 352 ,February
CCG,10X,E38000167,NHS Southampton CCG, 114 782 , 103 417 , 6 035 , 5 330 ,February
CCG,11A,E38000198,NHS West Hampshire CCG, 214 219 , 198 844 , 6 857 , 8 518 ,February
CCG,11E,E38000009,NHS Bath and North East Somerset CCG, 93 668 , 83 420 , 3 943 , 6 305 ,February
CCG,11J,E38000045,NHS Dorset CCG, 359 596 , 321 654 , 14 170 , 23 772 ,February
CCG,11M,E38000062,NHS Gloucestershire CCG, 258 594 , 232 692 , 10 767 , 15 135 ,February
CCG,11N,E38000089,NHS Kernow CCG, 152 760 , 132 977 , 6 469 , 13 314 ,February
CCG,11X,E38000150,NHS Somerset CCG, 223 084 , 203 087 , 10 844 , 9 153 ,February
CCG,12D,E38000181,NHS Swindon CCG, 102 025 , 87 114 , 4 539 , 10 372 ,February
CCG,12F,E38000208,NHS Wirral CCG, 145 532 , 128 398 , 7 856 , 9 278 ,February
CCG,13T,E38000212,NHS Newcastle Gateshead CCG, 206 656 , 185 074 , 12 404 , 9 178 ,February
CCG,14L,E38000217,NHS Manchester CCG, 224 573 , 197 942 , 16 791 , 9 840 ,February
CCG,14Y,E38000223,NHS Buckinghamshire CCG, 199 274 , 185 399 , 7 121 , 6 754 ,February
CCG,15A,E38000221,NHS Berkshire West, 154 762 , 143 317 , 6 223 , 5 222 ,February
CCG,15C,E38000222,"NHS Bristol, North Somerset and South Gloucestershire CCG", 432 571 , 395 093 , 22 124 , 15 354 ,February
CCG,15D,E38000224,NHS East Berkshire CCG, 158 784 , 144 642 , 7 755 , 6 387 ,February
CCG,15E,E38000220,NHS Birmingham and Solihull CCG, 518 489 , 453 030 , 37 093 , 28 366 ,February
CCG,15F,E38000225,NHS Leeds CCG, 388 798 , 350 544 , 17 026 , 21 228 ,February
CCG,99A,E38000101,NHS Liverpool CCG, 205 012 , 183 135 , 14 153 , 7 724 ,February
CCG,99C,E38000127,NHS North Tyneside CCG, 89 306 , 79 857 , 4 321 , 5 128 ,February
CCG,99D,E38000157,NHS South Lincolnshire CCG, 84 210 , 74 887 , 2 945 , 6 378 ,February
CCG,99E,E38000007,NHS Basildon and Brentwood CCG, 102 606 , 91 269 , 3 825 , 7 512 ,February
CCG,99F,E38000030,NHS Castle Point and Rochford CCG, 63 167 , 56 716 , 1 879 , 4 572 ,February
CCG,99G,E38000168,NHS Southend CCG, 63 881 , 57 968 , 2 551 , 3 362 ,February
CCG,99H,E38000177,NHS Surrey Downs CCG, 113 190 , 102 911 , 4 364 , 5 915 ,February
CCG,99J,E38000199,NHS West Kent CCG, 113 417 , 104 753 , 5 039 , 3 625 ,February
CCG,99K,E38000081,NHS High Weald Lewes Havens CCG, 71 206 , 63 816 , 2 659 , 4 731 ,February
CCG,99M,E38000118,NHS North East Hampshire and Farnham CCG, 83 010 , 76 121 , 3 178 , 3 711 ,February
CCG,99N,E38000206,NHS Wiltshire CCG, 247 778 , 224 520 , 8 119 , 15 139 ,February
CCG,99P,E38000129,"NHS Northern, Eastern and Western Devon CCG", 462 320 , 416 085 , 18 346 , 27 889 ,February
CCG,99Q,E38000152,NHS South Devon and Torbay CCG, 167 998 , 153 397 , 6 286 , 8 315 ,February
