Type,NHS_area_code,ONS_code,Name,Count_gp_appointments,Attended,Did_not_attend,Unknown,Month
Type,NHS Area Code,ONS Code,Name,Total,Attended,DNA,Unknown,October
National,ENG,ENG,England,29 658 300,26 441 912,1 545 979,1 670 409,October
Region,Y56,E40000003,London,3 976 780,3 528 549,267 732,180 499,October
Region,Y58,E40000006,South West,3 411 187,3 032 917,168 823,209 447,October
Region,Y59,E40000005,South East,4 470 486,4 022 833,205 081,242 572,October
Region,Y60,E40000008,Midlands,5 799 917,5 168 078,308 010,323 829,October
Region,Y61,E40000007,East of England,3 504 152,3 130 782,155 045,218 325,October
Region,Y62,E40000010,North West,3 505 710,3 111 566,205 962,188 182,October
Region,Y63,E40000009,North East and Yorkshire,4 990 068,4 447 187,235 326,307 555,October
Regional Local Office,Q71,E39000018,NHS England London,3 976 780,3 528 549,267 732,180 499,October
Regional Local Office,Q72,E39000048,NHS England North East and Yorkshire (Yorkshire and Humber),3 174 655,2 824 179,146 749,203 727,October
Regional Local Office,Q74,E39000047,NHS England North East and Yorkshire (Cumbria and North East),1 815 413,1 623 008,88 577,103 828,October
Regional Local Office,Q75,E39000026,NHS England North West (Cheshire and Merseyside),1 311 709,1 163 199,76 028,72 482,October
Regional Local Office,Q76,E39000032,NHS England Midlands (North Midlands),2 008 024,1 793 498,94 444,120 082,October
Regional Local Office,Q77,E39000033,NHS England Midlands (West Midlands),2 313 840,2 055 046,146 143,112 651,October
Regional Local Office,Q78,E39000045,NHS England Midlands (Central Midlands),1 478 053,1 319 534,67 423,91 096,October
Regional Local Office,Q79,E39000046,NHS England East of England (East),3 504 152,3 130 782,155 045,218 325,October
Regional Local Office,Q83,E39000037,NHS England North West (Greater Manchester),1 347 601,1 187 535,86 714,73 352,October
Regional Local Office,Q84,E39000040,NHS England North West (Lancashire and South Cumbria),846 400,760 832,43 220,42 348,October
Regional Local Office,Q85,E39000044,NHS England South West (South West South),1 973 799,1 749 010,101 524,123 265,October
Regional Local Office,Q86,E39000043,NHS England South West (South West North),1 437 388,1 283 907,67 299,86 182,October
Regional Local Office,Q87,E39000041,"NHS England South East (Hampshire, Isle of Wight and Thames Valley)",2 179 095,1 973 449,98 073,107 573,October
Regional Local Office,Q88,E39000042,"NHS England South East (Kent, Surrey and Sussex)",2 291 391,2 049 384,107 008,134 999,October
STP,E54000005,E54000005,West Yorkshire And Harrogate (Health And Care Partnership)  STP,1 537 450,1 372 716,67 170,97 564,October
STP,E54000006,E54000006,"Humber, Coast And Vale  STP",750 411,670 615,33 842,45 954,October
STP,E54000007,E54000007,Greater Manchester Health And Social Care Partnership  STP,1 347 601,1 187 535,86 714,73 352,October
STP,E54000008,E54000008,Cheshire And Merseyside  STP,1 311 709,1 163 199,76 028,72 482,October
STP,E54000009,E54000009,South Yorkshire And Bassetlaw  STP,886 794,780 848,45 737,60 209,October
STP,E54000010,E54000010,Staffordshire And Stoke On Trent  STP,547 674,490 617,28 240,28 817,October
STP,E54000011,E54000011,Shropshire And Telford And Wrekin  STP,270 499,247 056,12 999,10 444,October
STP,E54000012,E54000012,Joined Up Care Derbyshire  STP,605 090,537 700,25 254,42 136,October
STP,E54000013,E54000013,Lincolnshire  STP,442 785,396 701,19 599,26 485,October
STP,E54000014,E54000014,Nottingham And Nottinghamshire Health And Care  STP,584 761,518 125,27 951,38 685,October
STP,E54000015,E54000015,"Leicester, Leicestershire And Rutland  STP",624 196,557 702,31 129,35 365,October
STP,E54000016,E54000016,The Black Country And West Birmingham  STP,724 920,635 314,53 932,35 674,October
STP,E54000017,E54000017,Birmingham And Solihull  STP,635 670,552 849,47 055,35 766,October
STP,E54000018,E54000018,Coventry And Warwickshire  STP,490 401,442 816,25 154,22 431,October
STP,E54000019,E54000019,Herefordshire And Worcestershire  STP,462 849,424 067,20 002,18 780,October
STP,E54000020,E54000020,Northamptonshire  STP,411 072,365 131,16 695,29 246,October
STP,E54000021,E54000021,Cambridgeshire And Peterborough  STP,540 422,485 119,25 062,30 241,October
STP,E54000022,E54000022,Norfolk And Waveney Health And Care Partnership  STP,625 037,558 209,26 137,40 691,October
STP,E54000023,E54000023,Suffolk And North East Essex  STP,560 960,505 536,20 369,35 055,October
STP,E54000024,E54000024,"Bedfordshire, Luton And Milton Keynes  STP",502 026,448 332,24 297,29 397,October
STP,E54000025,E54000025,Hertfordshire And West Essex  STP,694 650,615 127,34 769,44 754,October
STP,E54000026,E54000026,Mid And South Essex  STP,581 057,518 459,24 411,38 187,October
STP,E54000027,E54000027,North West London Health And Care Partnership  STP,1 062 839,942 616,66 965,53 258,October
STP,E54000028,E54000028,North London Partners In Health And Care  STP,576 515,512 786,40 248,23 481,October
STP,E54000029,E54000029,East London Health And Care Partnership  STP,898 472,794 013,66 229,38 230,October
STP,E54000030,E54000030,Our Healthier South East London  STP,763 468,672 829,53 516,37 123,October
STP,E54000031,E54000031,South West London Health And Care Partnership  STP,675 486,606 305,40 774,28 407,October
STP,E54000032,E54000032,Kent And Medway  STP,858 278,760 805,41 208,56 265,October
STP,E54000033,E54000033,Sussex And East Surrey  STP,1 031 673,925 519,45 633,60 521,October
STP,E54000034,E54000034,Frimley Health  STP,362 528,330 069,17 262,15 197,October
STP,E54000035,E54000035,Surrey Heartlands  STP,401 440,363 060,20 167,18 213,October
STP,E54000036,E54000036,Cornwall And The Isles Of Scilly  STP,398 301,346 703,27 247,24 351,October
STP,E54000037,E54000037,Devon  STP,818 345,731 702,36 814,49 829,October
STP,E54000038,E54000038,Somerset  STP,303 070,266 605,18 147,18 318,October
STP,E54000039,E54000039,"Bristol, North Somerset And South Gloucestershire  STP",529 082,474 455,29 595,25 032,October
STP,E54000040,E54000040,"Bath And North East Somerset, Swindon And Wiltshire  STP",552 817,493 960,20 888,37 969,October
STP,E54000041,E54000041,Dorset  STP,454 083,404 000,19 316,30 767,October
STP,E54000042,E54000042,Hampshire And The Isle Of Wight  STP,940 404,845 830,43 638,50 936,October
STP,E54000043,E54000043,Gloucestershire  STP,355 489,315 492,16 816,23 181,October
STP,E54000044,E54000044,"Buckinghamshire, Oxfordshire And Berkshire West  STP",876 163,797 550,37 173,41 440,October
STP,E54000048,E54000048,Healthier Lancashire And South Cumbria  STP,846 400,760 832,43 220,42 348,October
STP,E54000049,E54000049,Cumbria And North East  STP,1 815 413,1 623 008,88 577,103 828,October
CCG,00C,E38000042,NHS Darlington CCG,59 254,52 396,3 250,3 608,October
CCG,00D,E38000047,"NHS Durham Dales, Easington and Sedgefield CCG",198 180,176 461,8 978,12 741,October
CCG,00J,E38000116,NHS North Durham CCG,162 061,145 909,6 923,9 229,October
CCG,00K,E38000075,NHS Hartlepool and Stockton-on-Tees CCG,149 650,131 365,7 451,10 834,October
CCG,00L,E38000130,NHS Northumberland CCG,197 829,176 809,7 873,13 147,October
CCG,00M,E38000162,NHS South Tees CCG,174 252,154 374,8 968,10 910,October
CCG,00N,E38000163,NHS South Tyneside CCG,75 119,68 359,3 841,2 919,October
CCG,00P,E38000176,NHS Sunderland CCG,151 363,137 143,8 923,5 297,October
CCG,00Q,E38000014,NHS Blackburn with Darwen CCG,73 604,66 481,4 669,2 454,October
CCG,00R,E38000015,NHS Blackpool CCG,94 447,83 322,5 398,5 727,October
CCG,00T,E38000016,NHS Bolton CCG,166 644,145 777,10 948,9 919,October
CCG,00V,E38000024,NHS Bury CCG,11 401,9 928,415,1 058,October
CCG,00X,E38000034,NHS Chorley and South Ribble CCG,84 634,74 946,4 432,5 256,October
CCG,00Y,E38000135,NHS Oldham CCG,118 127,105 971,7 154,5 002,October
CCG,01A,E38000050,NHS East Lancashire CCG,178 943,160 577,9 882,8 484,October
CCG,01C,E38000056,NHS Eastern Cheshire CCG,94 301,83 478,4 283,6 540,October
CCG,01D,E38000080,"NHS Heywood, Middleton and Rochdale CCG",114 884,101 722,7 651,5 511,October
CCG,01E,E38000227,NHS Greater Preston CCG,83 841,74 445,5 161,4 235,October
CCG,01F,E38000068,NHS Halton CCG,69 253,58 515,4 434,6 304,October
CCG,01G,E38000143,NHS Salford CCG,146 205,123 481,10 863,11 861,October
CCG,01H,E38000215,NHS North Cumbria CCG,197 726,180 280,8 416,9 030,October
CCG,01J,E38000091,NHS Knowsley CCG,87 212,76 938,6 089,4 185,October
CCG,01K,E38000228,NHS Morecambe Bay CCG,174 853,157 809,7 827,9 217,October
CCG,01R,E38000151,NHS South Cheshire CCG,97 481,86 501,5 096,5 884,October
CCG,01T,E38000161,NHS South Sefton CCG,62 680,56 836,3 883,1 961,October
CCG,01V,E38000170,NHS Southport and Formby CCG,62 482,56 863,2 642,2 977,October
CCG,01W,E38000174,NHS Stockport CCG,150 646,134 081,9 672,6 893,October
CCG,01X,E38000172,NHS St Helens CCG,94 851,83 707,5 902,5 242,October
CCG,01Y,E38000182,NHS Tameside and Glossop CCG,122 358,109 522,7 383,5 453,October
CCG,02A,E38000187,NHS Trafford CCG,94 173,84 552,4 678,4 943,October
CCG,02D,E38000189,NHS Vale Royal CCG,54 169,47 733,3 095,3 341,October
CCG,02E,E38000194,NHS Warrington CCG,102 637,92 771,4 631,5 235,October
CCG,02F,E38000196,NHS West Cheshire CCG,135 246,119 771,7 354,8 121,October
CCG,02G,E38000200,NHS West Lancashire CCG,54 419,48 671,2 384,3 364,October
CCG,02H,E38000205,NHS Wigan Borough CCG,153 056,135 542,8 072,9 442,October
CCG,02M,E38000226,NHS Fylde and Wyre CCG,101 659,94 581,3 467,3 611,October
CCG,02N,E38000001,"NHS Airedale, Wharfedale and Craven CCG",105 616,94 919,3 719,6 978,October
CCG,02P,E38000006,NHS Barnsley CCG,144 656,129 786,6 762,8 108,October
CCG,02Q,E38000008,NHS Bassetlaw CCG,67 420,59 620,4 133,3 667,October
CCG,02R,E38000019,NHS Bradford Districts CCG,196 091,174 835,7 343,13 913,October
CCG,02T,E38000025,NHS Calderdale CCG,120 714,106 482,4 801,9 431,October
CCG,02W,E38000018,NHS Bradford City CCG,88 812,77 969,5 792,5 051,October
CCG,02X,E38000044,NHS Doncaster CCG,178 564,159 162,9 551,9 851,October
CCG,02Y,E38000052,NHS East Riding of Yorkshire CCG,156 315,138 738,6 045,11 532,October
CCG,03A,E38000064,NHS Greater Huddersfield CCG,127 650,114 555,5 850,7 245,October
CCG,03D,E38000069,"NHS Hambleton, Richmondshire and Whitby CCG",79 667,71 881,2 850,4 936,October
CCG,03E,E38000073,NHS Harrogate and Rural District CCG,92 915,85 474,3 197,4 244,October
CCG,03F,E38000085,NHS Hull CCG,135 617,120 480,9 057,6 080,October
CCG,03H,E38000119,NHS North East Lincolnshire CCG,107 080,96 691,4 855,5 534,October
CCG,03J,E38000121,NHS North Kirklees CCG,102 453,90 891,5 588,5 974,October
CCG,03K,E38000122,NHS North Lincolnshire CCG,105 600,94 974,3 263,7 363,October
CCG,03L,E38000141,NHS Rotherham CCG,153 265,134 746,7 109,11 410,October
CCG,03M,E38000145,NHS Scarborough and Ryedale CCG,75 270,65 521,3 141,6 608,October
CCG,03N,E38000146,NHS Sheffield CCG,342 889,297 534,18 182,27 173,October
CCG,03Q,E38000188,NHS Vale of York CCG,170 529,154 211,7 481,8 837,October
CCG,03R,E38000190,NHS Wakefield CCG,229 302,205 285,9 465,14 552,October
CCG,03T,E38000099,NHS Lincolnshire East CCG,144 976,130 902,6 379,7 695,October
CCG,03V,E38000037,NHS Corby CCG,40 322,32 165,1 730,6 427,October
CCG,03W,E38000051,NHS East Leicestershire and Rutland CCG,199 509,179 869,8 605,11 035,October
CCG,04C,E38000097,NHS Leicester City CCG,201 275,176 965,12 889,11 421,October
CCG,04D,E38000100,NHS Lincolnshire West CCG,118 216,105 771,5 152,7 293,October
CCG,04E,E38000103,NHS Mansfield and Ashfield CCG,113 600,98 334,5 905,9 361,October
CCG,04F,E38000107,NHS Milton Keynes CCG,146 440,132 437,6 900,7 103,October
CCG,04G,E38000108,NHS Nene CCG,370 750,332 966,14 965,22 819,October
CCG,04H,E38000109,NHS Newark and Sherwood CCG,75 902,68 488,3 134,4 280,October
CCG,04K,E38000132,NHS Nottingham City CCG,181 760,158 953,10 744,12 063,October
CCG,04L,E38000133,NHS Nottingham North and East CCG,75 727,67 297,3 350,5 080,October
CCG,04M,E38000134,NHS Nottingham West CCG,64 967,58 385,2 542,4 040,October
CCG,04N,E38000142,NHS Rushcliffe CCG,72 805,66 668,2 276,3 861,October
CCG,04Q,E38000165,NHS South West  Lincolnshire CCG,75 603,67 160,3 214,5 229,October
CCG,04V,E38000201,NHS West Leicestershire CCG,223 412,200 868,9 635,12 909,October
CCG,04Y,E38000028,NHS Cannock Chase CCG,67 580,60 586,3 120,3 874,October
CCG,05A,E38000038,NHS Coventry and Rugby CCG,230 285,206 402,14 338,9 545,October
CCG,05C,E38000046,NHS Dudley CCG,163 639,146 729,9 417,7 493,October
CCG,05D,E38000053,NHS East Staffordshire CCG,69 684,62 836,2 653,4 195,October
CCG,05F,E38000078,NHS Herefordshire CCG,108 333,101 433,4 209,2 691,October
CCG,05G,E38000126,NHS North Staffordshire CCG,101 868,92 057,4 028,5 783,October
CCG,05H,E38000195,NHS Warwickshire North CCG,90 274,81 257,4 219,4 798,October
CCG,05J,E38000139,NHS Redditch and Bromsgrove CCG,98 944,90 971,4 369,3 604,October
CCG,05L,E38000144,NHS Sandwell and West Birmingham CCG,281 477,242 824,22 864,15 789,October
CCG,05N,E38000147,NHS Shropshire CCG,177 558,162 812,7 190,7 556,October
CCG,05Q,E38000153,NHS South East Staffordshire and Seisdon Peninsula CCG,106 996,97 574,5 012,4 410,October
CCG,05R,E38000164,NHS South Warwickshire CCG,169 842,155 157,6 597,8 088,October
CCG,05T,E38000166,NHS South Worcestershire CCG,171 062,153 317,8 020,9 725,October
CCG,05V,E38000173,NHS Stafford and Surrounds CCG,77 150,67 515,4 668,4 967,October
CCG,05W,E38000175,NHS Stoke on Trent CCG,124 396,110 049,8 759,5 588,October
CCG,05X,E38000183,NHS Telford and Wrekin CCG,92 941,84 244,5 809,2 888,October
CCG,05Y,E38000191,NHS Walsall CCG,154 988,136 795,11 173,7 020,October
CCG,06A,E38000210,NHS Wolverhampton CCG,124 816,108 966,10 478,5 372,October
CCG,06D,E38000211,NHS Wyre Forest CCG,84 510,78 346,3 404,2 760,October
CCG,06F,E38000010,NHS Bedfordshire CCG,251 688,224 063,10 265,17 360,October
CCG,06H,E38000026,NHS Cambridgeshire and Peterborough CCG,540 422,485 119,25 062,30 241,October
CCG,06K,E38000049,NHS East and North Hertfordshire CCG,264 115,230 798,11 263,22 054,October
CCG,06L,E38000086,NHS Ipswich and East Suffolk CCG,236 821,212 968,7 878,15 975,October
CCG,06M,E38000063,NHS Great Yarmouth and Waveney CCG,133 394,118 216,7 752,7 426,October
CCG,06N,E38000079,NHS Herts Valley CCG,284 171,252 917,16 736,14 518,October
CCG,06P,E38000102,NHS Luton CCG,103 898,91 832,7 132,4 934,October
CCG,06Q,E38000106,NHS Mid Essex CCG,203 107,181 478,8 373,13 256,October
CCG,06T,E38000117,NHS North East Essex CCG,191 404,173 143,8 099,10 162,October
CCG,06V,E38000124,NHS North Norfolk CCG,108 478,95 644,4 852,7 982,October
CCG,06W,E38000218,NHS Norwich CCG,134 993,119 513,5 297,10 183,October
CCG,06Y,E38000219,NHS South Norfolk CCG,127 991,116 520,3 964,7 507,October
CCG,07G,E38000185,NHS Thurrock CCG,90 036,80 622,4 074,5 340,October
CCG,07H,E38000197,NHS West Essex CCG,146 364,131 412,6 770,8 182,October
CCG,07J,E38000203,NHS West Norfolk CCG,120 181,108 316,4 272,7 593,October
CCG,07K,E38000204,NHS West Suffolk CCG,132 735,119 425,4 392,8 918,October
CCG,07L,E38000004,NHS Barking and Dagenham CCG,87 469,75 165,6 952,5 352,October
CCG,07M,E38000005,NHS Barnet CCG,130 222,116 904,6 889,6 429,October
CCG,07N,E38000011,NHS Bexley CCG,92 501,81 955,5 204,5 342,October
CCG,07P,E38000020,NHS Brent CCG,164 004,145 317,11 917,6 770,October
CCG,07Q,E38000023,NHS Bromley CCG,129 804,115 436,6 291,8 077,October
CCG,07R,E38000027,NHS Camden CCG,104 800,94 745,7 028,3 027,October
CCG,07T,E38000035,NHS City and Hackney CCG,139 237,123 676,10 301,5 260,October
CCG,07V,E38000040,NHS Croydon CCG,169 163,151 642,11 579,5 942,October
CCG,07W,E38000048,NHS Ealing CCG,198 748,177 575,10 973,10 200,October
CCG,07X,E38000057,NHS Enfield CCG,121 630,106 157,8 892,6 581,October
CCG,07Y,E38000084,NHS Hounslow CCG,145 015,129 094,8 374,7 547,October
CCG,08A,E38000066,NHS Greenwich CCG,116 706,99 600,7 790,9 316,October
CCG,08C,E38000070,NHS Hammersmith and Fulham CCG,94 649,83 185,6 104,5 360,October
CCG,08D,E38000072,NHS Haringey CCG,116 556,103 228,9 004,4 324,October
CCG,08E,E38000074,NHS Harrow CCG,115 282,103 849,6 857,4 576,October
CCG,08F,E38000077,NHS Havering CCG,98 948,87 934,5 020,5 994,October
CCG,08G,E38000082,NHS Hillingdon CCG,127 152,112 351,8 427,6 374,October
CCG,08H,E38000088,NHS Islington CCG,103 307,91 752,8 435,3 120,October
CCG,08J,E38000090,NHS Kingston CCG,84 991,78 038,3 868,3 085,October
CCG,08K,E38000092,NHS Lambeth CCG,158 190,139 925,12 023,6 242,October
CCG,08L,E38000098,NHS Lewisham CCG,129 149,115 549,10 387,3 213,October
CCG,08M,E38000113,NHS Newham CCG,159 034,138 906,14 603,5 525,October
CCG,08N,E38000138,NHS Redbridge CCG,136 428,120 461,8 547,7 420,October
CCG,08P,E38000140,NHS Richmond CCG,86 213,72 939,4 439,8 835,October
CCG,08Q,E38000171,NHS Southwark CCG,137 118,120 364,11 821,4 933,October
CCG,08R,E38000105,NHS Merton CCG,81 988,74 822,5 100,2 066,October
CCG,08T,E38000179,NHS Sutton CCG,84 803,77 006,4 512,3 285,October
CCG,08V,E38000186,NHS Tower Hamlets CCG,158 544,140 890,13 155,4 499,October
CCG,08W,E38000192,NHS Waltham Forest CCG,118 812,106 981,7 651,4 180,October
CCG,08X,E38000193,NHS Wandsworth CCG,168 328,151 858,11 276,5 194,October
CCG,08Y,E38000202,NHS West London CCG,127 258,111 373,7 967,7 918,October
CCG,09A,E38000031,NHS Central London (Westminster) CCG,90 731,79 872,6 346,4 513,October
CCG,09C,E38000002,NHS Ashford CCG,81 530,75 061,3 057,3 412,October
CCG,09D,E38000021,NHS Brighton and Hove CCG,137 639,121 994,7 268,8 377,October
CCG,09E,E38000029,NHS Canterbury and Coastal CCG,136 718,123 125,5 416,8 177,October
CCG,09F,E38000055,"NHS Eastbourne, Hailsham and Seaford CCG",128 718,116 296,5 699,6 723,October
CCG,09G,E38000213,NHS Coastal West Sussex CCG,297 382,269 337,12 413,15 632,October
CCG,09H,E38000039,NHS Crawley CCG,62 697,56 379,2 101,4 217,October
CCG,09J,E38000043,"NHS Dartford, Gravesham and Swanley CCG",69 716,59 703,3 571,6 442,October
CCG,09L,E38000054,NHS East Surrey CCG,90 669,80 163,4 604,5 902,October
CCG,09N,E38000214,NHS Guildford and Waverley CCG,104 751,96 038,4 429,4 284,October
CCG,09P,E38000076,NHS Hastings and Rother CCG,117 134,103 878,6 251,7 005,October
CCG,09W,E38000104,NHS Medway CCG,118 166,103 126,6 430,8 610,October
CCG,09X,E38000083,NHS Horsham and Mid Sussex CCG,108 003,96 207,4 311,7 485,October
CCG,09Y,E38000128,NHS North West Surrey CCG,156 394,142 519,8 085,5 790,October
CCG,10A,E38000156,NHS South Kent Coast CCG,100 272,87 811,5 054,7 407,October
CCG,10C,E38000178,NHS Surrey Heath CCG,56 910,52 858,2 156,1 896,October
CCG,10D,E38000180,NHS Swale CCG,56 234,50 693,3 233,2 308,October
CCG,10E,E38000184,NHS Thanet CCG,70 057,63 058,2 980,4 019,October
CCG,10J,E38000120,NHS North Hampshire CCG,127 025,116 788,4 382,5 855,October
CCG,10K,E38000059,NHS Fareham and Gosport CCG,105 034,96 824,4 212,3 998,October
CCG,10L,E38000087,NHS Isle of Wight CCG,86 470,73 658,5 976,6 836,October
CCG,10Q,E38000136,NHS Oxfordshire CCG,370 810,338 072,17 280,15 458,October
CCG,10R,E38000137,NHS Portsmouth CCG,99 142,89 704,4 551,4 887,October
CCG,10V,E38000154,NHS South Eastern Hampshire CCG,111 808,100 248,4 750,6 810,October
CCG,10X,E38000167,NHS Southampton CCG,131 477,117 102,7 051,7 324,October
CCG,11A,E38000198,NHS West Hampshire CCG,279 448,251 506,12 716,15 226,October
CCG,11E,E38000009,NHS Bath and North East Somerset CCG,119 104,107 132,4 982,6 990,October
CCG,11J,E38000045,NHS Dorset CCG,454 083,404 000,19 316,30 767,October
CCG,11M,E38000062,NHS Gloucestershire CCG,355 489,315 492,16 816,23 181,October
CCG,11N,E38000089,NHS Kernow CCG,398 301,346 703,27 247,24 351,October
CCG,11X,E38000150,NHS Somerset CCG,303 070,266 605,18 147,18 318,October
CCG,12D,E38000181,NHS Swindon CCG,123 107,104 011,5 509,13 587,October
CCG,12F,E38000208,NHS Wirral CCG,190 627,166 980,11 166,12 481,October
CCG,13T,E38000212,NHS Newcastle Gateshead CCG,255 909,226 173,15 422,14 314,October
CCG,14L,E38000217,NHS Manchester CCG,270 107,236 959,19 878,13 270,October
CCG,14Y,E38000223,NHS Buckinghamshire CCG,252 998,234 184,9 259,9 555,October
CCG,15A,E38000221,NHS Berkshire West,252 355,225 294,10 634,16 427,October
CCG,15C,E38000222,"NHS Bristol, North Somerset and South Gloucestershire CCG",529 082,474 455,29 595,25 032,October
CCG,15D,E38000224,NHS East Berkshire CCG,198 778,181 285,10 143,7 350,October
CCG,15E,E38000220,NHS Birmingham and Solihull CCG,635 670,552 849,47 055,35 766,October
CCG,15F,E38000225,NHS Leeds CCG,473 897,422 306,21 415,30 176,October
CCG,15M,E38000229,NHS Derby and Derbyshire CCG,605 090,537 700,25 254,42 136,October
CCG,15N,E38000230,NHS Devon CCG,818 345,731 702,36 814,49 829,October
CCG,99A,E38000101,NHS Liverpool CCG,260 770,233 106,17 453,10 211,October
CCG,99C,E38000127,NHS North Tyneside CCG,114 403,101 858,5 682,6 863,October
CCG,99D,E38000157,NHS South Lincolnshire CCG,103 990,92 868,4 854,6 268,October
CCG,99E,E38000007,NHS Basildon and Brentwood CCG,126 140,111 723,4 929,9 488,October
CCG,99F,E38000030,NHS Castle Point and Rochford CCG,79 596,71 221,3 358,5 017,October
CCG,99G,E38000168,NHS Southend CCG,82 178,73 415,3 677,5 086,October
CCG,99H,E38000177,NHS Surrey Downs CCG,140 295,124 503,7 653,8 139,October
CCG,99J,E38000199,NHS West Kent CCG,225 585,198 228,11 467,15 890,October
CCG,99K,E38000081,NHS High Weald Lewes Havens CCG,89 431,81 265,2 986,5 180,October
CCG,99M,E38000118,NHS North East Hampshire and Farnham CCG,106 840,95 926,4 963,5 951,October
CCG,99N,E38000206,NHS Wiltshire CCG,310 606,282 817,10 397,17 392,October
