﻿;;;;;;;;;;
;;;;;;;;;;
;;;;;;;;;;
;;;;;;;;;;
;;;;;;;;;;
Return to Contents;;;;;;;;;;
_;;;;;;;;;;
Table 3a: Appointments by Status, at National, Regional, Regional Local Office, STP and CCG level, England, June 2019;;;;;;;;;;
;;;;Count of Open GP Practices1;Count of Included GP Practices;Count of Appointments;;"Count of Appointments by 
Appointment Status";;
Type;NHS Area Code;ONS Code;Name;;;Total;;Attended;DNA;Unknown2
Type;NHS Area Code;ONS Code;Name;Open Active Practices;Included Practices;Total;_;Attended;DNA;Unknown
National;ENG;ENG;England;6 910;6 587;22 825 905;;20 433 150;1 133 431;1 259 324
Region;Y56;E40000003;London Commissioning Region;1 267;1 180;3 139 253;;2 772 673;208 093;158 487
Region;Y58;E40000006;South West Commissioning Region;589;564;2 598 857;;2 335 282;115 668;147 907
Region;Y59;E40000005;South East Commissioning Region;904;843;3 396 494;;3 082 159;141 887;172 448
Region;Y60;E40000008;Midlands Commissioning Region;1 346;1 310;4 476 025;;4 005 270;224 518;246 237
Region;Y61;E40000007;East of England Commissioning Region;706;690;2 714 959;;2 438 396;112 380;164 183
Region;Y62;E40000010;North West Commissioning Region;1 047;964;2 634 473;;2 344 751;152 568;137 154
Region;Y63;E40000009;North East and Yorkshire Commissioning Region;1 051;1 036;3 865 844;;3 454 619;178 317;232 908
Regional Local Office;Q71;E39000018;NHS England London;1 267;1 180;3 139 253;;2 772 673;208 093;158 487
Regional Local Office;Q72;E39000048;NHS England North East and Yorkshire (Yorkshire and Humber);653;646;2 465 301;;2 204 000;110 235;151 066
Regional Local Office;Q74;E39000047;NHS England North East and Yorkshire (Cumbria and North East);398;390;1 400 543;;1 250 619;68 082;81 842
Regional Local Office;Q75;E39000026;NHS England North West (Cheshire and Merseyside);371;357;977 588;;869 360;55 068;53 160
Regional Local Office;Q76;E39000032;NHS England Midlands (North Midlands);458;449;1 534 323;;1 382 665;65 460;86 198
Regional Local Office;Q77;E39000033;NHS England Midlands (West Midlands);595;573;1 789 190;;1 590 041;109 745;89 404
Regional Local Office;Q78;E39000045;NHS England Midlands (Central Midlands);293;288;1 152 512;;1 032 564;49 313;70 635
Regional Local Office;Q79;E39000046;NHS England East of England (East);706;690;2 714 959;;2 438 396;112 380;164 183
Regional Local Office;Q83;E39000037;NHS England North West (Greater Manchester);461;405;1 022 890;;902 390;65 856;54 644
Regional Local Office;Q84;E39000040;NHS England North West (Lancashire and South Cumbria);215;202;633 995;;573 001;31 644;29 350
Regional Local Office;Q85;E39000044;NHS England South West (South West South);336;322;1 494 428;;1 340 823;68 660;84 945
Regional Local Office;Q86;E39000043;NHS England South West (South West North);253;242;1 104 429;;994 459;47 008;62 962
Regional Local Office;Q87;E39000041;NHS England South East (Hampshire, Isle of Wight and Thames Valley);403;378;1 662 431;;1 509 782;70 952;81 697
Regional Local Office;Q88;E39000042;NHS England South East (Kent, Surrey and Sussex);501;465;1 734 063;;1 572 377;70 935;90 751
STP;E54000005;E54000005;West Yorkshire And Harrogate Health And Care Partnership  STP;314;311;1 190 665;;1 067 637;50 236;72 792
STP;E54000006;E54000006;Humber, Coast And Vale  STP;148;144;586 545;;525 937;25 981;34 627
STP;E54000007;E54000007;Greater Manchester Health And Social Care Partnership  STP;461;405;1 022 890;;902 390;65 856;54 644
STP;E54000008;E54000008;Cheshire And Merseyside  STP;371;357;977 588;;869 360;55 068;53 160
STP;E54000009;E54000009;South Yorkshire And Bassetlaw  STP;191;191;688 091;;610 426;34 018;43 647
STP;E54000010;E54000010;Staffordshire And Stoke On Trent  STP;153;150;414 278;;375 376;19 258;19 644
STP;E54000011;E54000011;Shropshire And Telford And Wrekin  STP;54;54;209 519;;192 181;9 416;7 922
STP;E54000012;E54000012;Joined Up Care Derbyshire  STP;115;114;462 655;;414 585;17 908;30 162
STP;E54000013;E54000013;Lincolnshire  STP;86;85;336 156;;302 370;13 603;20 183
STP;E54000014;E54000014;Nottingham And Nottinghamshire Health And Care  STP;136;131;447 871;;400 523;18 878;28 470
STP;E54000015;E54000015;Leicester, Leicestershire And Rutland  STP;136;134;496 974;;446 510;22 993;27 471
STP;E54000016;E54000016;The Black Country And West Birmingham  STP;218;211;559 197;;484 786;40 262;34 149
STP;E54000017;E54000017;Birmingham And Solihull  STP;168;160;493 736;;431 840;35 250;26 646
STP;E54000018;E54000018;Coventry And Warwickshire  STP;126;123;380 041;;345 141;18 499;16 401
STP;E54000019;E54000019;Herefordshire And Worcestershire  STP;83;79;356 216;;328 274;15 734;12 208
STP;E54000020;E54000020;Northamptonshire  STP;71;69;319 382;;283 684;12 717;22 981
STP;E54000021;E54000021;Cambridgeshire And Peterborough  STP;89;87;418 318;;377 032;18 917;22 369
STP;E54000022;E54000022;Norfolk And Waveney Health And Care Partnership  STP;106;105;482 819;;435 908;18 295;28 616
STP;E54000023;E54000023;Suffolk And North East Essex  STP;99;96;439 114;;400 089;15 034;23 991
STP;E54000024;E54000024;Bedfordshire, Luton And Milton Keynes  STP;102;102;397 193;;355 966;18 683;22 544
STP;E54000025;E54000025;Hertfordshire And West Essex  STP;147;143;535 179;;472 959;25 015;37 205
STP;E54000026;E54000026;Mid And South Essex  STP;163;157;442 336;;396 442;16 436;29 458
STP;E54000027;E54000027;North West London Health And Care Partnership  STP;361;355;842 125;;742 537;55 534;44 054
STP;E54000028;E54000028;North London Partners In Health And Care  STP;209;172;444 341;;392 442;29 537;22 362
STP;E54000029;E54000029;East London Health And Care Partnership  STP;288;276;714 967;;630 396;51 031;33 540
STP;E54000030;E54000030;South East Lo ndon;222;202;592 796;;517 237;41 008;34 551
STP;E54000031;E54000031;South West London Health And Care Partnership  STP;187;175;545 024;;490 061;30 983;23 980
STP;E54000032;E54000032;Kent And Medway  STP;214;183;632 391;;569 602;27 733;35 056
STP;E54000033;E54000033;Sussex And East Surrey  STP;196;193;790 942;;716 433;30 579;43 930
STP;E54000034;E54000034;Frimley Health And Care Ics  STP;74;67;272 115;;248 779;11 579;11 757
STP;E54000035;E54000035;Surrey Heartlands Health And Care Partnership  STP;91;89;310 730;;286 342;12 623;11 765
STP;E54000036;E54000036;Cornwall And The Isles Of Scilly Health And Social Care Partnership  STP;59;57;305 449;;265 533;21 321;18 595
STP;E54000037;E54000037;Devon  STP;128;124;621 943;;565 073;24 198;32 672
STP;E54000038;E54000038;Somerset  STP;65;58;215 274;;194 543;10 219;10 512
STP;E54000039;E54000039;Bristol, North Somerset And South Gloucestershire  STP;83;78;405 512;;366 611;20 816;18 085
STP;E54000040;E54000040;Bath And North East Somerset, Swindon And Wiltshire  STP;95;94;422 504;;380 641;15 179;26 684
STP;E54000041;E54000041;Dorset  STP;84;83;351 762;;315 674;12 922;23 166
STP;E54000042;E54000042;Hampshire And The Isle Of Wight  STP;160;153;711 172;;645 343;30 836;34 993
STP;E54000043;E54000043;Gloucestershire  STP;75;70;276 413;;247 207;11 013;18 193
STP;E54000044;E54000044;Buckinghamshire, Oxfordshire And Berkshire West  STP;169;158;679 144;;615 660;28 537;34 947
STP;E54000048;E54000048;Healthier Lancashire And South Cumbria  STP;215;202;633 995;;573 001;31 644;29 350
STP;E54000049;E54000049;Cumbria And North East  STP;398;390;1 400 543;;1 250 619;68 082;81 842
CCG;00C;E38000042;NHS Darlington CCG;11;11;45 668;;40 168;2 346;3 154
CCG;00D;E38000047;NHS Durham Dales, Easington and Sedgefield CCG;35;35;153 163;;136 130;7 140;9 893
CCG;00J;E38000116;NHS North Durham CCG;30;30;124 115;;110 946;5 467;7 702
CCG;00K;E38000075;NHS Hartlepool and Stockton-on-Tees CCG;32;32;116 385;;101 859;5 779;8 747
CCG;00L;E38000130;NHS Northumberland CCG;41;40;154 966;;139 748;5 893;9 325
CCG;00M;E38000162;NHS South Tees CCG;38;35;136 762;;120 558;7 260;8 944
CCG;00N;E38000163;NHS South Tyneside CCG;21;21;57 384;;52 474;2 785;2 125
CCG;00P;E38000176;NHS Sunderland CCG;41;40;108 817;;97 100;6 644;5 073
CCG;00Q;E38000014;NHS Blackburn with Darwen CCG;23;22;53 925;;47 779;3 521;2 625
CCG;00R;E38000015;NHS Blackpool CCG;19;18;73 423;;66 487;4 244;2 692
CCG;00T;E38000016;NHS Bolton CCG;49;48;126 679;;110 312;8 141;8 226
CCG;00V;E38000024;NHS Bury CCG;26;2;5 384;;5 014;148;222
CCG;00X;E38000034;NHS Chorley and South Ribble CCG;30;27;61 774;;54 854;2 502;4 418
CCG;00Y;E38000135;NHS Oldham CCG;43;41;94 277;;84 846;6 031;3 400
CCG;01A;E38000050;NHS East Lancashire CCG;51;49;136 160;;122 195;8 210;5 755
CCG;01C;E38000056;NHS Eastern Cheshire CCG;21;19;65 332;;58 414;2 845;4 073
CCG;01D;E38000080;NHS Heywood, Middleton and Rochdale CCG;41;36;86 384;;77 391;5 215;3 778
CCG;01E;E38000227;NHS Greater Preston CCG;23;21;57 717;;51 576;2 819;3 322
CCG;01F;E38000068;NHS Halton CCG;14;14;52 811;;45 085;3 319;4 407
CCG;01G;E38000143;NHS Salford CCG;45;38;108 336;;89 770;8 388;10 178
CCG;01H;E38000215;NHS North Cumbria CCG;39;39;154 006;;139 396;6 606;8 004
CCG;01J;E38000091;NHS Knowsley CCG;25;25;67 648;;59 237;4 758;3 653
CCG;01K;E38000228;NHS Morecambe Bay CCG;35;33;134 669;;123 974;6 092;4 603
CCG;01R;E38000151;NHS South Cheshire CCG;17;17;73 338;;64 924;3 573;4 841
CCG;01T;E38000161;NHS South Sefton CCG;31;29;48 136;;43 769;2 822;1 545
CCG;01V;E38000170;NHS Southport and Formby CCG;18;17;47 459;;43 246;1 974;2 239
CCG;01W;E38000174;NHS Stockport CCG;38;35;111 180;;99 716;5 825;5 639
CCG;01X;E38000172;NHS St Helens CCG;34;34;72 444;;64 234;4 457;3 753
CCG;01Y;E38000182;NHS Tameside and Glossop CCG;37;37;93 540;;84 606;5 814;3 120
CCG;02A;E38000187;NHS Trafford CCG;32;29;71 720;;64 791;3 751;3 178
CCG;02D;E38000189;NHS Vale Royal CCG;12;12;38 195;;34 009;2 049;2 137
CCG;02E;E38000194;NHS Warrington CCG;26;26;75 427;;68 974;2 975;3 478
CCG;02F;E38000196;NHS West Cheshire CCG;35;30;100 302;;90 791;4 961;4 550
CCG;02G;E38000200;NHS West Lancashire CCG;15;14;42 890;;39 408;1 858;1 624
CCG;02H;E38000205;NHS Wigan Borough CCG;61;59;116 712;;103 485;6 481;6 746
CCG;02M;E38000226;NHS Fylde & Wyre CCG;19;18;73 437;;66 728;2 398;4 311
CCG;02N;E38000001;NHS Airedale, Wharfedale and Craven CCG;16;16;80 530;;71 675;2 710;6 145
CCG;02P;E38000006;NHS Barnsley CCG;33;33;111 936;;100 649;5 394;5 893
CCG;02Q;E38000008;NHS Bassetlaw CCG;9;9;54 469;;49 237;2 297;2 935
CCG;02R;E38000019;NHS Bradford Districts CCG;32;32;153 982;;137 863;5 675;10 444
CCG;02T;E38000025;NHS Calderdale CCG;26;25;93 223;;83 691;3 694;5 838
CCG;02W;E38000018;NHS Bradford City CCG;25;25;68 199;;59 728;4 070;4 401
CCG;02X;E38000044;NHS Doncaster CCG;40;40;137 562;;123 846;7 009;6 707
CCG;02Y;E38000052;NHS East Riding of Yorkshire CCG;30;28;118 439;;108 115;4 522;5 802
CCG;03A;E38000064;NHS Greater Huddersfield CCG;37;37;96 323;;86 563;4 153;5 607
CCG;03D;E38000069;NHS Hambleton, Richmondshire and Whitby CCG;22;21;63 500;;57 358;2 166;3 976
CCG;03E;E38000073;NHS Harrogate and Rural District CCG;17;17;70 288;;65 110;2 392;2 786
CCG;03F;E38000085;NHS Hull CCG;35;35;107 550;;94 959;7 437;5 154
CCG;03H;E38000119;NHS North East Lincolnshire CCG;26;25;85 756;;77 527;3 988;4 241
CCG;03J;E38000121;NHS North Kirklees CCG;28;27;81 385;;72 532;3 996;4 857
CCG;03K;E38000122;NHS North Lincolnshire CCG;19;19;80 186;;70 426;2 541;7 219
CCG;03L;E38000141;NHS Rotherham CCG;30;30;120 688;;105 454;5 469;9 765
CCG;03M;E38000145;NHS Scarborough and Ryedale CCG;12;12;58 798;;52 172;2 353;4 273
CCG;03N;E38000146;NHS Sheffield CCG;79;79;263 436;;231 240;13 849;18 347
CCG;03Q;E38000188;NHS Vale of York CCG;26;25;135 816;;122 738;5 140;7 938
CCG;03R;E38000190;NHS Wakefield CCG;37;36;178 004;;159 645;7 236;11 123
CCG;03T;E38000099;NHS Lincolnshire East CCG;26;26;111 922;;100 810;5 074;6 038
CCG;03V;E38000037;NHS Corby CCG;5;5;36 516;;29 030;1 310;6 176
CCG;03W;E38000051;NHS East Leicestershire and Rutland CCG;31;29;155 515;;140 134;6 139;9 242
CCG;04C;E38000097;NHS Leicester City CCG;57;57;165 883;;145 679;9 950;10 254
CCG;04D;E38000100;NHS Lincolnshire West CCG;30;29;86 969;;78 217;3 571;5 181
CCG;04E;E38000103;NHS Mansfield and Ashfield CCG;26;26;88 249;;78 932;3 388;5 929
CCG;04F;E38000107;NHS Milton Keynes CCG;27;27;117 693;;106 695;5 209;5 789
CCG;04G;E38000108;NHS Nene CCG;66;64;282 866;;254 654;11 407;16 805
CCG;04H;E38000109;NHS Newark & Sherwood CCG;14;14;58 538;;53 471;2 290;2 777
CCG;04K;E38000132;NHS Nottingham City CCG;54;51;138 903;;121 470;7 625;9 808
CCG;04L;E38000133;NHS Nottingham North and East CCG;18;16;51 717;;45 961;1 822;3 934
CCG;04M;E38000134;NHS Nottingham West CCG;12;12;51 719;;46 658;1 934;3 127
CCG;04N;E38000142;NHS Rushcliffe CCG;12;12;58 745;;54 031;1 819;2 895
CCG;04Q;E38000165;NHS South West Lincolnshire CCG;17;17;57 836;;52 079;2 251;3 506
CCG;04V;E38000201;NHS West Leicestershire CCG;48;48;175 576;;160 697;6 904;7 975
CCG;04Y;E38000028;NHS Cannock Chase CCG;24;23;49 931;;44 653;2 250;3 028
CCG;05A;E38000038;NHS Coventry and Rugby CCG;67;65;181 970;;164 632;11 128;6 210
CCG;05C;E38000046;NHS Dudley CCG;43;43;120 372;;106 441;6 898;7 033
CCG;05D;E38000053;NHS East Staffordshire CCG;18;17;52 889;;48 109;1 825;2 955
CCG;05F;E38000078;NHS Herefordshire CCG;20;20;88 210;;80 669;4 469;3 072
CCG;05G;E38000126;NHS North Staffordshire CCG;30;30;75 537;;69 565;2 874;3 098
CCG;05H;E38000195;NHS Warwickshire North CCG;26;25;69 774;;61 548;3 179;5 047
CCG;05J;E38000139;NHS Redditch and Bromsgrove CCG;21;21;75 194;;69 795;3 131;2 268
CCG;05L;E38000144;NHS Sandwell and West Birmingham CCG;83;79;225 789;;193 091;18 265;14 433
CCG;05N;E38000147;NHS Shropshire CCG;41;41;136 275;;125 110;5 399;5 766
CCG;05Q;E38000153;NHS South East Staffordshire and Seisdon Peninsula CCG;26;25;81 027;;73 196;3 429;4 402
CCG;05R;E38000164;NHS South Warwickshire CCG;33;33;128 297;;118 961;4 192;5 144
CCG;05T;E38000166;NHS South Worcestershire CCG;31;27;124 983;;114 237;5 138;5 608
CCG;05V;E38000173;NHS Stafford and Surrounds CCG;14;14;59 124;;54 467;2 393;2 264
CCG;05W;E38000175;NHS Stoke on Trent CCG;41;41;95 770;;85 386;6 487;3 897
CCG;05X;E38000183;NHS Telford and Wrekin CCG;13;13;73 244;;67 071;4 017;2 156
CCG;05Y;E38000191;NHS Walsall CCG;52;50;118 184;;102 611;7 822;7 751
CCG;06A;E38000210;NHS Wolverhampton CCG;40;39;94 852;;82 643;7 277;4 932
CCG;06D;E38000211;NHS Wyre Forest CCG;11;11;67 829;;63 573;2 996;1 260
CCG;06F;E38000010;NHS Bedfordshire CCG;48;48;192 721;;172 767;7 662;12 292
CCG;06H;E38000026;NHS Cambridgeshire and Peterborough CCG;89;87;418 318;;377 032;18 917;22 369
CCG;06K;E38000049;NHS East and North Hertfordshire CCG;57;53;203 058;;178 210;8 252;16 596
CCG;06L;E38000086;NHS Ipswich and East Suffolk CCG;40;40;182 069;;164 582;5 867;11 620
CCG;06M;E38000063;NHS Great Yarmouth and Waveney CCG;19;19;98 006;;87 078;4 861;6 067
CCG;06N;E38000079;NHS Herts Valleys CCG;58;58;222 711;;196 959;11 703;14 049
CCG;06P;E38000102;NHS Luton CCG;27;27;86 779;;76 504;5 812;4 463
CCG;06Q;E38000106;NHS Mid Essex CCG;45;42;151 063;;136 698;5 218;9 147
CCG;06T;E38000117;NHS North East Essex CCG;35;32;153 652;;140 453;5 763;7 436
CCG;06V;E38000124;NHS North Norfolk CCG;19;19;85 787;;77 857;2 896;5 034
CCG;06W;E38000218;NHS Norwich CCG;23;23;103 832;;92 350;3 865;7 617
CCG;06Y;E38000219;NHS South Norfolk CCG;24;23;101 364;;93 475;3 248;4 641
CCG;07G;E38000185;NHS Thurrock CCG;28;28;73 080;;64 996;3 387;4 697
CCG;07H;E38000197;NHS West Essex CCG;32;32;109 410;;97 790;5 060;6 560
CCG;07J;E38000203;NHS West Norfolk CCG;21;21;93 830;;85 148;3 425;5 257
CCG;07K;E38000204;NHS West Suffolk CCG;24;24;103 393;;95 054;3 404;4 935
CCG;07L;E38000004;NHS Barking and Dagenham CCG;34;32;69 702;;59 938;5 549;4 215
CCG;07M;E38000005;NHS Barnet CCG;54;43;99 299;;88 659;4 741;5 899
CCG;07N;E38000011;NHS Bexley CCG;23;15;59 365;;49 978;3 122;6 265
CCG;07P;E38000020;NHS Brent CCG;56;56;132 289;;116 624;9 875;5 790
CCG;07Q;E38000023;NHS Bromley CCG;45;43;97 458;;85 505;4 628;7 325
CCG;07R;E38000027;NHS Camden CCG;36;32;79 579;;71 006;5 636;2 937
CCG;07T;E38000035;NHS City and Hackney CCG;42;40;113 935;;98 533;8 204;7 198
CCG;07V;E38000040;NHS Croydon CCG;52;47;132 631;;119 350;8 131;5 150
CCG;07W;E38000048;NHS Ealing CCG;76;74;164 060;;146 672;10 208;7 180
CCG;07X;E38000057;NHS Enfield CCG;47;32;94 332;;81 837;6 411;6 084
CCG;07Y;E38000084;NHS Hounslow CCG;46;46;114 427;;101 048;6 659;6 720
CCG;08A;E38000066;NHS Greenwich CCG;35;33;95 002;;81 235;6 854;6 913
CCG;08C;E38000070;NHS Hammersmith and Fulham CCG;29;28;76 166;;66 698;4 731;4 737
CCG;08D;E38000072;NHS Haringey CCG;38;37;90 372;;80 076;6 055;4 241
CCG;08E;E38000074;NHS Harrow CCG;33;32;94 093;;82 920;6 314;4 859
CCG;08F;E38000077;NHS Havering CCG;43;40;79 336;;70 945;4 237;4 154
CCG;08G;E38000082;NHS Hillingdon CCG;45;44;95 373;;83 405;5 947;6 021
CCG;08H;E38000088;NHS Islington CCG;34;28;80 759;;70 864;6 694;3 201
CCG;08J;E38000090;NHS Kingston CCG;21;21;68 465;;63 242;3 235;1 988
CCG;08K;E38000092;NHS Lambeth CCG;46;38;131 025;;116 247;9 583;5 195
CCG;08L;E38000098;NHS Lewisham CCG;36;36;102 406;;90 667;7 792;3 947
CCG;08M;E38000113;NHS Newham CCG;52;49;124 652;;108 476;10 657;5 519
CCG;08N;E38000138;NHS Redbridge CCG;42;42;103 985;;92 193;6 486;5 306
CCG;08P;E38000140;NHS Richmond CCG;27;23;68 047;;57 794;3 638;6 615
CCG;08Q;E38000171;NHS Southwark CCG;37;37;107 540;;93 605;9 029;4 906
CCG;08R;E38000105;NHS Merton CCG;22;21;67 009;;60 557;3 678;2 774
CCG;08T;E38000179;NHS Sutton CCG;23;23;69 720;;63 410;3 179;3 131
CCG;08V;E38000186;NHS Tower Hamlets CCG;35;34;128 947;;115 370;10 219;3 358
CCG;08W;E38000192;NHS Waltham Forest CCG;40;39;94 410;;84 941;5 679;3 790
CCG;08X;E38000193;NHS Wandsworth CCG;42;40;139 152;;125 708;9 122;4 322
CCG;08Y;E38000202;NHS West London CCG;42;42;92 427;;79 952;6 885;5 590
CCG;09A;E38000031;NHS Central London (Westminster) CCG;34;33;73 290;;65 218;4 915;3 157
CCG;09C;E38000002;NHS Ashford CCG;11;11;67 877;;63 685;2 315;1 877
CCG;09D;E38000021;NHS Brighton and Hove CCG;35;34;110 346;;98 270;5 307;6 769
CCG;09E;E38000029;NHS Canterbury and Coastal CCG;14;14;104 882;;96 293;4 380;4 209
CCG;09F;E38000055;NHS Eastbourne, Hailsham and Seaford CC;20;20;94 901;;86 662;3 715;4 524
CCG;09G;E38000213;NHS Coastal West Sussex CCG;47;47;225 337;;203 811;7 595;13 931
CCG;09H;E38000039;NHS Crawley CCG;12;12;52 131;;47 455;1 786;2 890
CCG;09J;E38000043;NHS Dartford, Gravesham and Swanley CCG;30;17;49 951;;43 199;2 671;4 081
CCG;09L;E38000054;NHS East Surrey CCG;17;17;69 901;;64 343;3 274;2 284
CCG;09N;E38000214;NHS Guildford and Waverley CCG;21;21;80 681;;74 369;3 261;3 051
CCG;09P;E38000076;NHS Hastings and Rother CCG;23;23;88 785;;80 279;4 015;4 491
CCG;09W;E38000104;NHS Medway CCG;45;45;90 144;;80 986;4 098;5 060
CCG;09X;E38000083;NHS Horsham and Mid Sussex CCG;23;22;83 350;;76 134;2 884;4 332
CCG;09Y;E38000128;NHS North West Surrey CCG;40;38;120 494;;112 032;5 082;3 380
CCG;10A;E38000156;NHS South Kent Coast CCG;28;20;59 621;;51 540;2 678;5 403
CCG;10C;E38000178;NHS Surrey Heath CCG;7;7;42 559;;39 816;1 733;1 010
CCG;10D;E38000180;NHS Swale CCG;17;17;40 094;;36 121;2 098;1 875
CCG;10E;E38000184;NHS Thanet CCG;14;13;53 682;;48 519;2 339;2 824
CCG;10J;E38000120;NHS North Hampshire CCG;15;14;90 945;;85 577;3 273;2 095
CCG;10K;E38000059;NHS Fareham and Gosport CCG;17;17;80 915;;72 744;3 363;4 808
CCG;10L;E38000087;NHS Isle of Wight CCG;16;16;69 510;;59 276;4 869;5 365
CCG;10Q;E38000136;NHS Oxfordshire CCG;70;67;290 278;;264 597;12 385;13 296
CCG;10R;E38000137;NHS Portsmouth CCG;16;16;81 645;;73 418;3 820;4 407
CCG;10V;E38000154;NHS South Eastern Hampshire CCG;20;19;81 210;;73 620;3 425;4 165
CCG;10X;E38000167;NHS Southampton CCG;27;27;104 534;;93 632;5 464;5 438
CCG;11A;E38000198;NHS West Hampshire CCG;49;44;202 413;;187 076;6 622;8 715
CCG;11E;E38000009;NHS Bath and North East Somerset CCG;24;24;87 555;;79 292;3 497;4 766
CCG;11J;E38000045;NHS Dorset CCG;84;83;351 762;;315 674;12 922;23 166
CCG;11M;E38000062;NHS Gloucestershire CCG;75;70;276 413;;247 207;11 013;18 193
CCG;11N;E38000089;NHS Kernow CCG;59;57;305 449;;265 533;21 321;18 595
CCG;11X;E38000150;NHS Somerset CCG;65;58;215 274;;194 543;10 219;10 512
CCG;12D;E38000181;NHS Swindon CCG;23;23;98 577;;85 352;3 996;9 229
CCG;12F;E38000208;NHS Wirral CCG;50;48;139 696;;121 721;7 499;10 476
CCG;13T;E38000212;NHS Newcastle Gateshead CCG;61;59;198 949;;177 772;11 779;9 398
CCG;14L;E38000217;NHS Manchester CCG;89;80;208 678;;182 459;16 062;10 157
CCG;14Y;E38000223;NHS Buckinghamshire CCG;50;45;187 176;;172 388;6 625;8 163
CCG;15A;E38000221;NHS Berkshire West CCG;49;46;201 690;;178 675;9 527;13 488
CCG;15C;E38000222;NHS Bristol, North Somerset and South Gloucestershire CCG;83;78;405 512;;366 611;20 816;18 085
CCG;15D;E38000224;NHS East Berkshire CCG;47;42;152 977;;138 868;6 926;7 183
CCG;15E;E38000220;NHS Birmingham and Solihull CCG;168;160;493 736;;431 840;35 250;26 646
CCG;15F;E38000225;NHS Leeds CCG;96;96;368 731;;330 830;16 310;21 591
CCG;15M;E38000229;NHS Derby and Derbyshire CCG;115;114;462 655;;414 585;17 908;30 162
CCG;15N;E38000230;NHS Devon CCG;128;124;621 943;;565 073;24 198;32 672
CCG;99A;E38000101;NHS Liverpool CCG;88;86;196 800;;174 956;13 836;8 008
CCG;99C;E38000127;NHS North Tyneside CCG;27;27;86 828;;77 110;4 217;5 501
CCG;99D;E38000157;NHS South Lincolnshire CCG;13;13;79 429;;71 264;2 707;5 458
CCG;99E;E38000007;NHS Basildon and Brentwood CCG;38;37;95 813;;85 268;3 589;6 956
CCG;99F;E38000030;NHS Castle Point and Rochford CCG;23;22;61 188;;54 666;1 880;4 642
CCG;99G;E38000168;NHS Southend CCG;29;28;61 192;;54 814;2 362;4 016
CCG;99H;E38000177;NHS Surrey Downs CCG;30;30;109 555;;99 941;4 280;5 334
CCG;99J;E38000199;NHS West Kent CCG;55;46;166 140;;149 259;7 154;9 727
CCG;99K;E38000081;NHS High Weald Lewes Havens CCG;19;18;66 191;;59 479;2 003;4 709
CCG;99M;E38000118;NHS North East Hampshire and Farnham CC;20;18;76 579;;70 095;2 920;3 564
CCG;99N;E38000206;NHS Wiltshire CCG;48;47;236 372;;215 997;7 686;12 689
;;;;;;;;;;
Source: NHS Digital;;;;;;;;;;
;;;;;;;;;;
Notes:;;;;;;;;;;
1;CCGs are only included if there is data for more than one practice within the CCG, therefore the total count of open GP practices by CCG may not equal the national total;;;;;;;;;
2;"At the time of the appointment a ‘Booked’ status will usually be changed to either ‘Attended’ or ‘DNA’. In some cases (4-7% of monthly appointments), the final status of an appointment remains as ‘Booked’. It is not known from the data whether these appointments were actually attended or not. From a sample audit these were found to be consultations where the status has not been updated to say if patients had attended or not. 
For this reason, these appointments are reported as ""Unknown"" status";;;;;;;;;
_;;;;;;;;;;
Copyright © 2019 Health and Social Care Information Centre. The Health and Social Care Information Centre is a non-departmental body created by statute, also known as NHS Digital.;;;;;;;;;;
;;;;;;;;;;
;;;;;;;;;;
;;;;;;;;;;
;;;;;;;;;;
;;;;;;;;;;
;;;;;;;;;;
;;;;;;;;;;
;;;;;;;;;;
;;;;;;;;;;
;;;;;;;;;;
;;;;;;;;;;
;;;;;;;;;;
;;;;;;;;;;
;;;;;;;;;;
;;;;;;;;;;
;;;;;;;;;;
;;;;;;;;;;
;;;;;;;;;;
;;;;;;;;;;
;;;;;;;;;;
;;;;;;;;;;
;;;;;;;;;;
;;;;;;;;;;
;;;;;;;;;;
;;;;;;;;;;
;;;;;;;;;;
;;;;;;;;;;
;;;;;;;;;;
;;;;;;;;;;
;;;;;;;;;;
;;;;;;;;;;
;;;;;;;;;;
;;;;;;;;;;
;;;;;;;;;;
;;;;;;;;;;
;;;;;;;;;;
;;;;;;;;;;
;;;;;;;;;;
;;;;;;;;;;
;;;;;;;;;;
;;;;;;;;;;
;;;;;;;;;;
;;;;;;;;;;
;;;;;;;;;;
;;;;;;;;;;
;;;;;;;;;;
;;;;;;;;;;
;;;;;;;;;;
;;;;;;;;;;
;;;;;;;;;;
;;;;;;;;;;
;;;;;;;;;;
;;;;;;;;;;
;;;;;;;;;;
;;;;;;;;;;
;;;;;;;;;;
;;;;;;;;;;
;;;;;;;;;;
;;;;;;;;;;
;;;;;;;;;;
;;;;;;;;;;
;;;;;;;;;;
;;;;;;;;;;
;;;;;;;;;;
;;;;;;;;;;
;;;;;;;;;;
;;;;;;;;;;
;;;;;;;;;;
;;;;;;;;;;
;;;;;;;;;;
;;;;;;;;;;
;;;;;;;;;;
;;;;;;;;;;
;;;;;;;;;;
;;;;;;;;;;
;;;;;;;;;;
;;;;;;;;;;
;;;;;;;;;;
;;;;;;;;;;
;;;;;;;;;;
;;;;;;;;;;
;;;;;;;;;;
;;;;;;;;;;
;;;;;;;;;;
;;;;;;;;;;
;;;;;;;;;;
;;;;;;;;;;
;;;;;;;;;;
;;;;;;;;;;
;;;;;;;;;;
;;;;;;;;;;
;;;;;;;;;;
;;;;;;;;;;
;;;;;;;;;;
;;;;;;;;;;
;;;;;;;;;;
;;;;;;;;;;
;;;;;;;;;;
;;;;;;;;;;
;;;;;;;;;;
;;;;;;;;;;
;;;;;;;;;;
;;;;;;;;;;
;;;;;;;;;;
;;;;;;;;;;
;;;;;;;;;;
;;;;;;;;;;
;;;;;;;;;;
;;;;;;;;;;
;;;;;;;;;;
;;;;;;;;;;
;;;;;;;;;;
;;;;;;;;;;
;;;;;;;;;;
;;;;;;;;;;
;;;;;;;;;;
;;;;;;;;;;
;;;;;;;;;;
;;;;;;;;;;
;;;;;;;;;;
;;;;;;;;;;
;;;;;;;;;;
;;;;;;;;;;
;;;;;;;;;;
;;;;;;;;;;
;;;;;;;;;;
;;;;;;;;;;
;;;;;;;;;;
;;;;;;;;;;
;;;;;;;;;;
;;;;;;;;;;
;;;;;;;;;;
;;;;;;;;;;
;;;;;;;;;;
;;;;;;;;;;
;;;;;;;;;;
;;;;;;;;;;
;;;;;;;;;;
;;;;;;;;;;
;;;;;;;;;;
;;;;;;;;;;
;;;;;;;;;;
;;;;;;;;;;
;;;;;;;;;;
;;;;;;;;;;
;;;;;;;;;;
;;;;;;;;;;
;;;;;;;;;;
;;;;;;;;;;
;;;;;;;;;;
;;;;;;;;;;
;;;;;;;;;;
;;;;;;;;;;
;;;;;;;;;;
;;;;;;;;;;
;;;;;;;;;;
;;;;;;;;;;
;;;;;;;;;;
;;;;;;;;;;
;;;;;;;;;;
;;;;;;;;;;
;;;;;;;;;;
;;;;;;;;;;
;;;;;;;;;;
;;;;;;;;;;
;;;;;;;;;;
;;;;;;;;;;
;;;;;;;;;;
;;;;;;;;;;
;;;;;;;;;;
;;;;;;;;;;
;;;;;;;;;;
;;;;;;;;;;
;;;;;;;;;;
;;;;;;;;;;
;;;;;;;;;;
;;;;;;;;;;
;;;;;;;;;;
;;;;;;;;;;
;;;;;;;;;;
;;;;;;;;;;
;;;;;;;;;;
;;;;;;;;;;
;;;;;;;;;;
;;;;;;;;;;
;;;;;;;;;;
;;;;;;;;;;
;;;;;;;;;;
;;;;;;;;;;
;;;;;;;;;;
;;;;;;;;;;
;;;;;;;;;;
;;;;;;;;;;
;;;;;;;;;;
;;;;;;;;;;
;;;;;;;;;;
;;;;;;;;;;
;;;;;;;;;;
;;;;;;;;;;
;;;;;;;;;;
;;;;;;;;;;
;;;;;;;;;;
;;;;;;;;;;
;;;;;;;;;;
;;;;;;;;;;
;;;;;;;;;;
;;;;;;;;;;
;;;;;;;;;;
;;;;;;;;;;
;;;;;;;;;;
;;;;;;;;;;
;;;;;;;;;;
;;;;;;;;;;
;;;;;;;;;;
;;;;;;;;;;
;;;;;;;;;;
;;;;;;;;;;
;;;;;;;;;;
;;;;;;;;;;
;;;;;;;;;;
;;;;;;;;;;
;;;;;;;;;;
;;;;;;;;;;
;;;;;;;;;;
;;;;;;;;;;
;;;;;;;;;;
;;;;;;;;;;
;;;;;;;;;;
;;;;;;;;;;
;;;;;;;;;;
;;;;;;;;;;
;;;;;;;;;;
;;;;;;;;;;
;;;;;;;;;;
;;;;;;;;;;
;;;;;;;;;;
;;;;;;;;;;
;;;;;;;;;;
;;;;;;;;;;
;;;;;;;;;;
;;;;;;;;;;
;;;;;;;;;;
;;;;;;;;;;
;;;;;;;;;;
;;;;;;;;;;
;;;;;;;;;;
;;;;;;;;;;
;;;;;;;;;;
;;;;;;;;;;
;;;;;;;;;;
;;;;;;;;;;
;;;;;;;;;;
;;;;;;;;;;
;;;;;;;;;;
;;;;;;;;;;
;;;;;;;;;;
;;;;;;;;;;
;;;;;;;;;;
;;;;;;;;;;
;;;;;;;;;;
;;;;;;;;;;
;;;;;;;;;;
;;;;;;;;;;
;;;;;;;;;;
;;;;;;;;;;
;;;;;;;;;;
;;;;;;;;;;
;;;;;;;;;;
;;;;;;;;;;
;;;;;;;;;;
;;;;;;;;;;
;;;;;;;;;;
;;;;;;;;;;
;;;;;;;;;;
;;;;;;;;;;
;;;;;;;;;;
;;;;;;;;;;
;;;;;;;;;;
;;;;;;;;;;
;;;;;;;;;;
;;;;;;;;;;
;;;;;;;;;;
;;;;;;;;;;
;;;;;;;;;;
;;;;;;;;;;
;;;;;;;;;;
;;;;;;;;;;
;;;;;;;;;;
;;;;;;;;;;
;;;;;;;;;;
;;;;;;;;;;
;;;;;;;;;;
;;;;;;;;;;
;;;;;;;;;;
;;;;;;;;;;
;;;;;;;;;;
;;;;;;;;;;
;;;;;;;;;;
;;;;;;;;;;
;;;;;;;;;;
;;;;;;;;;;
;;;;;;;;;;
;;;;;;;;;;
;;;;;;;;;;
;;;;;;;;;;
;;;;;;;;;;
;;;;;;;;;;
;;;;;;;;;;
;;;;;;;;;;
;;;;;;;;;;
;;;;;;;;;;
;;;;;;;;;;
;;;;;;;;;;
;;;;;;;;;;
;;;;;;;;;;
;;;;;;;;;;
;;;;;;;;;;
;;;;;;;;;;
;;;;;;;;;;
;;;;;;;;;;
;;;;;;;;;;
;;;;;;;;;;
;;;;;;;;;;
;;;;;;;;;;
;;;;;;;;;;
;;;;;;;;;;
;;;;;;;;;;
;;;;;;;;;;
;;;;;;;;;;
;;;;;;;;;;
;;;;;;;;;;
;;;;;;;;;;
;;;;;;;;;;
;;;;;;;;;;
;;;;;;;;;;
;;;;;;;;;;
;;;;;;;;;;
;;;;;;;;;;
;;;;;;;;;;
;;;;;;;;;;
;;;;;;;;;;
;;;;;;;;;;
;;;;;;;;;;
;;;;;;;;;;
;;;;;;;;;;
;;;;;;;;;;
;;;;;;;;;;
;;;;;;;;;;
;;;;;;;;;;
;;;;;;;;;;
;;;;;;;;;;
;;;;;;;;;;
;;;;;;;;;;
;;;;;;;;;;
;;;;;;;;;;
;;;;;;;;;;
;;;;;;;;;;
;;;;;;;;;;
;;;;;;;;;;
;;;;;;;;;;
;;;;;;;;;;
;;;;;;;;;;
;;;;;;;;;;
;;;;;;;;;;
;;;;;;;;;;
;;;;;;;;;;
;;;;;;;;;;
;;;;;;;;;;
;;;;;;;;;;
;;;;;;;;;;
;;;;;;;;;;
;;;;;;;;;;
;;;;;;;;;;
;;;;;;;;;;
;;;;;;;;;;
;;;;;;;;;;
;;;;;;;;;;
;;;;;;;;;;
;;;;;;;;;;
;;;;;;;;;;
;;;;;;;;;;
;;;;;;;;;;
;;;;;;;;;;
;;;;;;;;;;
;;;;;;;;;;
;;;;;;;;;;
;;;;;;;;;;
;;;;;;;;;;
;;;;;;;;;;
;;;;;;;;;;
;;;;;;;;;;
;;;;;;;;;;
;;;;;;;;;;
;;;;;;;;;;
;;;;;;;;;;
;;;;;;;;;;
;;;;;;;;;;
;;;;;;;;;;
;;;;;;;;;;
;;;;;;;;;;
;;;;;;;;;;
;;;;;;;;;;
;;;;;;;;;;
;;;;;;;;;;
;;;;;;;;;;
;;;;;;;;;;
;;;;;;;;;;
;;;;;;;;;;
;;;;;;;;;;
;;;;;;;;;;
;;;;;;;;;;
;;;;;;;;;;
;;;;;;;;;;
;;;;;;;;;;
;;;;;;;;;;
;;;;;;;;;;
;;;;;;;;;;
;;;;;;;;;;
;;;;;;;;;;
;;;;;;;;;;
;;;;;;;;;;
;;;;;;;;;;
;;;;;;;;;;
;;;;;;;;;;
;;;;;;;;;;
;;;;;;;;;;
;;;;;;;;;;
;;;;;;;;;;
;;;;;;;;;;
;;;;;;;;;;
;;;;;;;;;;
;;;;;;;;;;
;;;;;;;;;;
;;;;;;;;;;
;;;;;;;;;;
;;;;;;;;;;
;;;;;;;;;;
;;;;;;;;;;
;;;;;;;;;;
;;;;;;;;;;
;;;;;;;;;;
;;;;;;;;;;
;;;;;;;;;;
;;;;;;;;;;
;;;;;;;;;;
;;;;;;;;;;
;;;;;;;;;;
;;;;;;;;;;
;;;;;;;;;;
;;;;;;;;;;
;;;;;;;;;;
;;;;;;;;;;
;;;;;;;;;;
;;;;;;;;;;
;;;;;;;;;;
;;;;;;;;;;
;;;;;;;;;;
;;;;;;;;;;
;;;;;;;;;;
;;;;;;;;;;
;;;;;;;;;;
;;;;;;;;;;
;;;;;;;;;;
;;;;;;;;;;
;;;;;;;;;;
;;;;;;;;;;
;;;;;;;;;;
;;;;;;;;;;
;;;;;;;;;;
;;;;;;;;;;
;;;;;;;;;;
;;;;;;;;;;
;;;;;;;;;;
;;;;;;;;;;
;;;;;;;;;;
;;;;;;;;;;
;;;;;;;;;;
;;;;;;;;;;
;;;;;;;;;;
;;;;;;;;;;
;;;;;;;;;;
;;;;;;;;;;
;;;;;;;;;;
;;;;;;;;;;
;;;;;;;;;;
;;;;;;;;;;
;;;;;;;;;;
;;;;;;;;;;
;;;;;;;;;;
;;;;;;;;;;
;;;;;;;;;;
;;;;;;;;;;
;;;;;;;;;;
;;;;;;;;;;
;;;;;;;;;;
;;;;;;;;;;
;;;;;;;;;;
;;;;;;;;;;
;;;;;;;;;;
;;;;;;;;;;
;;;;;;;;;;
;;;;;;;;;;
;;;;;;;;;;
;;;;;;;;;;
;;;;;;;;;;
;;;;;;;;;;
;;;;;;;;;;
;;;;;;;;;;
;;;;;;;;;;
;;;;;;;;;;
;;;;;;;;;;
;;;;;;;;;;
;;;;;;;;;;
;;;;;;;;;;
;;;;;;;;;;
;;;;;;;;;;
;;;;;;;;;;
;;;;;;;;;;
;;;;;;;;;;
;;;;;;;;;;
;;;;;;;;;;
;;;;;;;;;;
;;;;;;;;;;
;;;;;;;;;;
;;;;;;;;;;
;;;;;;;;;;
;;;;;;;;;;
;;;;;;;;;;
;;;;;;;;;;
;;;;;;;;;;
;;;;;;;;;;
;;;;;;;;;;
;;;;;;;;;;
;;;;;;;;;;
;;;;;;;;;;
;;;;;;;;;;
;;;;;;;;;;
;;;;;;;;;;
;;;;;;;;;;
;;;;;;;;;;
;;;;;;;;;;
;;;;;;;;;;
;;;;;;;;;;
;;;;;;;;;;
;;;;;;;;;;
;;;;;;;;;;
;;;;;;;;;;
;;;;;;;;;;
;;;;;;;;;;
;;;;;;;;;;
;;;;;;;;;;
;;;;;;;;;;
;;;;;;;;;;
;;;;;;;;;;
;;;;;;;;;;
;;;;;;;;;;
;;;;;;;;;;
;;;;;;;;;;
;;;;;;;;;;
;;;;;;;;;;
;;;;;;;;;;
;;;;;;;;;;
;;;;;;;;;;
;;;;;;;;;;
;;;;;;;;;;
;;;;;;;;;;