﻿;;;;;;;;;;
;;;;;;;;;;
;;;;;;;;;;
;;;;;;;;;;
;;;;;;;;;;
Return to Contents;;;;;;;;;;
_;;;;;;;;;;
Table 3a: Appointments by Status, at National, Regional, Sub-Regional, STP and CCG level, England, February 2019;;;;;;;;;;
;;;;Count of Open GP Practices1;Count of Included GP Practices;Count of Appointments;;"Count of Appointments by 
Appointment Status";;
Type;NHS Area Code;ONS Code;Name;;;Total;;Attended;DNA;Unknown2
National;ENG;ENG;England; 6 987 ; 6 391 ; 23 077 849 ;; 20 737 607 ; 1 137 888 ; 1 202 354 
Region;Y54;E40000001;North Of England; 2 127 ; 1 975 ; 6 705 729 ;; 6 002 525 ; 339 688 ; 363 516 
Region;Y55;E40000002;Midlands and East of England; 2 069 ; 1 989 ; 7 429 962 ;; 6 673 009 ; 345 771 ; 411 182 
Region;Y56;E40000003;London; 1 280 ; 1 111 ; 3 081 197 ;; 2 742 603 ; 207 816 ; 130 778 
Region;Y58;E40000006;South West; 597 ; 522 ; 2 500 394 ;; 2 250 039 ; 105 607 ; 144 748 
Region;Y59;E40000005;South East; 914 ; 794 ; 3 360 567 ;; 3 069 431 ; 139 006 ; 152 130 
Sub-Region;Q71;E39000018;NHS England London; 1 280 ; 1 111 ; 3 081 197 ;; 2 742 603 ; 207 816 ; 130 778 
Sub-Region;Q75;E39000026;NHS England North (Cheshire and Merseyside); 377 ; 360 ; 1 021 808 ;; 913 324 ; 57 834 ; 50 650 
Sub-Region;Q72;E39000029;NHS England North (Yorkshire and Humber); 688 ; 677 ; 2 649 767 ;; 2 368 331 ; 117 059 ; 164 377 
Sub-Region;Q78;E39000030;NHS England Midlands and East (Central Midlands); 512 ; 495 ; 2 027 293 ;; 1 814 150 ; 91 459 ; 121 684 
Sub-Region;Q79;E39000031;NHS England Midlands and East (East); 493 ; 479 ; 1 990 623 ;; 1 799 281 ; 75 386 ; 115 956 
Sub-Region;Q76;E39000032;NHS England Midlands and East (North Midlands); 464 ; 452 ; 1 594 293 ;; 1 432 946 ; 68 341 ; 93 006 
Sub-Region;Q77;E39000033;NHS England Midlands and East (West Midlands); 600 ; 563 ; 1 817 753 ;; 1 626 632 ; 110 585 ; 80 536 
Sub-Region;Q83;E39000037;NHS England North (Greater Manchester); 462 ; 363 ; 971 540 ;; 865 780 ; 61 121 ; 44 639 
Sub-Region;Q74;E39000039;NHS England North (Cumbria and North East); 380 ; 370 ; 1 391 524 ;; 1 246 910 ; 69 275 ; 75 339 
Sub-Region;Q84;E39000040;NHS England North (Lancashire and South Cumbria); 220 ; 205 ; 671 090 ;; 608 180 ; 34 399 ; 28 511 
Sub-Region;Q87;E39000041;NHS England South East (Hampshire, Isle of Wight and Thames Valley); 406 ; 365 ; 1 694 986 ;; 1 552 667 ; 71 760 ; 70 559 
Sub-Region;Q88;E39000042;NHS England South East (Kent, Surrey and Sussex); 508 ; 429 ; 1 665 581 ;; 1 516 764 ; 67 246 ; 81 571 
Sub-Region;Q86;E39000043;NHS England South West (South West North); 255 ; 239 ; 1 134 636 ;; 1 022 839 ; 49 492 ; 62 305 
Sub-Region;Q85;E39000044;NHS England South West (South West South); 342 ; 283 ; 1 365 758 ;; 1 227 200 ; 56 115 ; 82 443 
STP;E54000005;E54000005;West Yorkshire STP; 321 ; 317 ; 1 253 097 ;; 1 123 118 ; 52 324 ; 77 655 
STP;E54000006;E54000006;Humber, Coast and Vale STP; 153 ; 149 ; 611 568 ;; 546 590 ; 26 825 ; 38 153 
STP;E54000007;E54000007;Greater Manchester STP; 462 ; 363 ; 971 540 ;; 865 780 ; 61 121 ; 44 639 
STP;E54000008;E54000008;Cheshire and Merseyside STP; 377 ; 360 ; 1 021 808 ;; 913 324 ; 57 834 ; 50 650 
STP;E54000009;E54000009;South Yorkshire and Bassetlaw STP; 192 ; 190 ; 718 749 ;; 637 954 ; 35 712 ; 45 083 
STP;E54000010;E54000010;Staffordshire STP; 157 ; 151 ; 425 947 ;; 384 814 ; 20 131 ; 21 002 
STP;E54000011;E54000011;Shropshire and Telford and Wrekin STP; 55 ; 54 ; 210 020 ;; 191 418 ; 9 326 ; 9 276 
STP;E54000012;E54000012;Derbyshire STP; 117 ; 114 ; 478 146 ;; 428 363 ; 17 824 ; 31 959 
STP;E54000013;E54000013;Lincolnshire STP; 86 ; 85 ; 353 434 ;; 317 942 ; 13 650 ; 21 842 
STP;E54000014;E54000014;Nottinghamshire STP; 135 ; 133 ; 480 180 ;; 428 351 ; 21 060 ; 30 769 
STP;E54000015;E54000015;Leicester, Leicestershire and Rutland STP; 137 ; 135 ; 516 033 ;; 463 530 ; 25 088 ; 27 415 
STP;E54000016;E54000016;The Black Country STP; 219 ; 214 ; 594 430 ;; 523 507 ; 41 735 ; 29 188 
STP;E54000017;E54000017;Birmingham and Solihull STP; 170 ; 162 ; 518 489 ;; 453 030 ; 37 093 ; 28 366 
STP;E54000018;E54000018;Coventry and Warwickshire STP; 127 ; 108 ; 333 213 ;; 305 679 ; 16 437 ; 11 097 
STP;E54000019;E54000019;Herefordshire and Worcestershire STP; 84 ; 79 ; 371 621 ;; 344 416 ; 15 320 ; 11 885 
STP;E54000020;E54000020;Northamptonshire STP; 71 ; 69 ; 329 521 ;; 294 265 ; 13 236 ; 22 020 
STP;E54000021;E54000021;Cambridgeshire and Peterborough STP; 92 ; 89 ; 453 862 ;; 408 505 ; 19 462 ; 25 895 
STP;E54000022;E54000022;Norfolk and Waveney STP; 106 ; 105 ; 509 424 ;; 461 855 ; 18 706 ; 28 863 
STP;E54000023;E54000023;Suffolk and North East Essex STP; 99 ; 95 ; 458 181 ;; 418 919 ; 15 390 ; 23 872 
STP;E54000024;E54000024;Milton Keynes, Bedfordshire and Luton STP; 102 ; 101 ; 407 445 ;; 363 611 ; 20 132 ; 23 702 
STP;E54000025;E54000025;Hertfordshire and West Essex STP; 148 ; 136 ; 531 605 ;; 473 864 ; 24 274 ; 33 467 
STP;E54000026;E54000026;Mid and South Essex STP; 164 ; 159 ; 458 411 ;; 410 940 ; 16 907 ; 30 564 
STP;E54000027;E54000027;North West London STP; 362 ; 352 ; 874 888 ;; 773 534 ; 57 295 ; 44 059 
STP;E54000028;E54000028;North Central London STP; 212 ; 173 ; 462 211 ;; 410 476 ; 31 920 ; 19 815 
STP;E54000029;E54000029;North East London STP; 291 ; 266 ; 729 004 ;; 644 990 ; 54 392 ; 29 622 
STP;E54000030;E54000030;South East London STP; 224 ; 165 ; 513 790 ;; 457 687 ; 35 795 ; 20 308 
STP;E54000031;E54000031;South West London STP; 191 ; 155 ; 501 304 ;; 455 916 ; 28 414 ; 16 974 
STP;E54000032;E54000032;Kent and Medway STP; 221 ; 150 ; 511 925 ;; 468 695 ; 21 594 ; 21 636 
STP;E54000033;E54000033;Sussex and East Surrey STP; 196 ; 191 ; 833 514 ;; 753 573 ; 32 599 ; 47 342 
STP;E54000034;E54000034;Frimley Health STP; 76 ; 66 ; 285 199 ;; 261 227 ; 12 584 ; 11 388 
STP;E54000035;E54000035;Surrey Heartlands STP; 91 ; 88 ; 320 142 ;; 294 496 ; 13 053 ; 12 593 
STP;E54000036;E54000036;Cornwall and The Isles of Scilly STP; 59 ; 24 ; 152 760 ;; 132 977 ; 6 469 ; 13 314 
STP;E54000037;E54000037;Devon STP; 132 ; 116 ; 630 318 ;; 569 482 ; 24 632 ; 36 204 
STP;E54000038;E54000038;Somerset STP; 66 ; 58 ; 223 084 ;; 203 087 ; 10 844 ; 9 153 
STP;E54000039;E54000039;Bristol, North Somerset and South Gloucestershire STP; 83 ; 78 ; 432 571 ;; 395 093 ; 22 124 ; 15 354 
STP;E54000040;E54000040;Bath, Swindon and Wiltshire STP; 96 ; 95 ; 443 471 ;; 395 054 ; 16 601 ; 31 816 
STP;E54000041;E54000041;Dorset STP; 85 ; 85 ; 359 596 ;; 321 654 ; 14 170 ; 23 772 
STP;E54000042;E54000042;Hampshire and The Isle of Wight STP; 161 ; 153 ; 750 908 ;; 682 088 ; 32 412 ; 36 408 
STP;E54000043;E54000043;Gloucestershire STP; 76 ; 66 ; 258 594 ;; 232 692 ; 10 767 ; 15 135 
STP;E54000044;E54000044;Buckinghamshire, Oxfordshire and Berkshire West STP; 169 ; 146 ; 658 879 ;; 609 352 ; 26 764 ; 22 763 
STP;E54000048;E54000048;Lancashire and South Cumbria STP; 220 ; 205 ; 671 090 ;; 608 180 ; 34 399 ; 28 511 
STP;E54000049;E54000049;Cumbria and North East STP; 402 ; 391 ; 1 457 877 ;; 1 307 579 ; 71 473 ; 78 825 
CCG;00C;E38000042;NHS Darlington CCG; 11 ; 11 ; 46 941 ;; 40 112 ; 3 240 ; 3 589 
CCG;00D;E38000047;NHS Durham Dales, Easington and Sedgefield CCG; 36 ; 36 ; 161 402 ;; 144 195 ; 7 455 ; 9 752 
CCG;00J;E38000116;NHS North Durham CCG; 30 ; 30 ; 130 351 ;; 117 108 ; 5 634 ; 7 609 
CCG;00K;E38000075;NHS Hartlepool and Stockton-on-Tees CCG; 33 ; 32 ; 118 270 ;; 104 936 ; 5 850 ; 7 484 
CCG;00L;E38000130;NHS Northumberland CCG; 41 ; 40 ; 160 989 ;; 145 621 ; 6 218 ; 9 150 
CCG;00M;E38000162;NHS South Tees CCG; 38 ; 34 ; 140 808 ;; 124 752 ; 7 678 ; 8 378 
CCG;00N;E38000163;NHS South Tyneside CCG; 22 ; 22 ; 60 054 ;; 54 662 ; 2 849 ; 2 543 
CCG;00P;E38000176;NHS Sunderland CCG; 41 ; 40 ; 114 679 ;; 103 308 ; 7 135 ; 4 236 
CCG;00Q;E38000014;NHS Blackburn with Darwen CCG; 23 ; 22 ; 60 542 ;; 52 881 ; 4 385 ; 3 276 
CCG;00R;E38000015;NHS Blackpool CCG; 19 ; 18 ; 77 238 ;; 70 918 ; 4 504 ; 1 816 
CCG;00T;E38000016;NHS Bolton CCG; 49 ; 31 ; 96 903 ;; 86 153 ; 6 227 ; 4 523 
CCG;00X;E38000034;NHS Chorley and South Ribble CCG; 30 ; 27 ; 64 904 ;; 57 912 ; 2 587 ; 4 405 
CCG;00Y;E38000135;NHS Oldham CCG; 43 ; 41 ; 101 976 ;; 90 912 ; 6 213 ; 4 851 
CCG;01A;E38000050;NHS East Lancashire CCG; 53 ; 50 ; 142 274 ;; 128 060 ; 8 410 ; 5 804 
CCG;01C;E38000056;NHS Eastern Cheshire CCG; 24 ; 21 ; 75 281 ;; 68 516 ; 3 005 ; 3 760 
CCG;01D;E38000080;NHS Heywood, Middleton and Rochdale CCG; 41 ; 36 ; 96 219 ;; 86 235 ; 5 867 ; 4 117 
CCG;01E;E38000227;NHS Greater Preston CCG; 24 ; 22 ; 62 111 ;; 55 444 ; 3 139 ; 3 528 
CCG;01F;E38000068;NHS Halton CCG; 14 ; 14 ; 56 182 ;; 48 540 ; 3 608 ; 4 034 
CCG;01G;E38000143;NHS Salford CCG; 45 ; 19 ; 45 571 ;; 40 276 ; 3 021 ; 2 274 
CCG;01H;E38000215;NHS North Cumbria CCG; 39 ; 38 ; 162 068 ;; 147 285 ; 6 491 ; 8 292 
CCG;01J;E38000091;NHS Knowsley CCG; 25 ; 25 ; 71 005 ;; 62 370 ; 4 854 ; 3 781 
CCG;01K;E38000228;NHS Morecambe Bay CCG; 35 ; 33 ; 143 149 ;; 132 435 ; 6 751 ; 3 963 
CCG;01R;E38000151;NHS South Cheshire CCG; 17 ; 17 ; 74 740 ;; 65 910 ; 5 255 ; 3 575 
CCG;01T;E38000161;NHS South Sefton CCG; 31 ; 28 ; 48 437 ;; 43 789 ; 3 053 ; 1 595 
CCG;01V;E38000170;NHS Southport and Formby CCG; 18 ; 17 ; 49 029 ;; 44 460 ; 2 024 ; 2 545 
CCG;01W;E38000174;NHS Stockport CCG; 39 ; 36 ; 115 478 ;; 104 664 ; 6 106 ; 4 708 
CCG;01X;E38000172;NHS St Helens CCG; 34 ; 33 ; 71 551 ;; 63 424 ; 3 962 ; 4 165 
CCG;01Y;E38000182;NHS Tameside and Glossop CCG; 37 ; 37 ; 107 559 ;; 97 823 ; 6 515 ; 3 221 
CCG;02A;E38000187;NHS Trafford CCG; 32 ; 29 ; 76 625 ;; 69 139 ; 3 902 ; 3 584 
CCG;02D;E38000189;NHS Vale Royal CCG; 12 ; 12 ; 39 597 ;; 35 446 ; 1 946 ; 2 205 
CCG;02E;E38000194;NHS Warrington CCG; 26 ; 26 ; 79 159 ;; 72 334 ; 3 121 ; 3 704 
CCG;02F;E38000196;NHS West Cheshire CCG; 35 ; 30 ; 106 283 ;; 97 002 ; 4 997 ; 4 284 
CCG;02G;E38000200;NHS West Lancashire CCG; 17 ; 15 ; 42 456 ;; 38 101 ; 1 765 ; 2 590 
CCG;02H;E38000205;NHS Wigan Borough CCG; 61 ; 53 ; 106 636 ;; 92 636 ; 6 479 ; 7 521 
CCG;02M;E38000226;NHS Fylde and Wyre CCG; 19 ; 18 ; 78 416 ;; 72 429 ; 2 858 ; 3 129 
CCG;02N;E38000001;NHS Airedale, Wharfedale and Craven CCG; 16 ; 16 ; 85 345 ;; 75 510 ; 2 830 ; 7 005 
CCG;02P;E38000006;NHS Barnsley CCG; 33 ; 31 ; 113 516 ;; 101 996 ; 6 179 ; 5 341 
CCG;02Q;E38000008;NHS Bassetlaw CCG; 9 ; 9 ; 55 305 ;; 50 212 ; 2 379 ; 2 714 
CCG;02R;E38000019;NHS Bradford Districts CCG; 36 ; 35 ; 168 945 ;; 149 171 ; 6 375 ; 13 399 
CCG;02T;E38000025;NHS Calderdale CCG; 26 ; 25 ; 96 772 ;; 87 044 ; 3 876 ; 5 852 
CCG;02W;E38000018;NHS Bradford City CCG; 25 ; 25 ; 66 656 ;; 58 392 ; 4 361 ; 3 903 
CCG;02X;E38000044;NHS Doncaster CCG; 40 ; 40 ; 147 129 ;; 132 882 ; 7 414 ; 6 833 
CCG;02Y;E38000052;NHS East Riding of Yorkshire CCG; 32 ; 30 ; 125 169 ;; 113 540 ; 4 899 ; 6 730 
CCG;03A;E38000064;NHS Greater Huddersfield CCG; 37 ; 37 ; 100 647 ;; 91 388 ; 4 282 ; 4 977 
CCG;03D;E38000069;NHS Hambleton, Richmondshire and Whitby CCG; 22 ; 21 ; 66 353 ;; 60 669 ; 2 198 ; 3 486 
CCG;03E;E38000073;NHS Harrogate and Rural District CCG; 17 ; 17 ; 71 936 ;; 65 902 ; 2 381 ; 3 653 
CCG;03F;E38000085;NHS Hull CCG; 38 ; 37 ; 110 539 ;; 96 588 ; 7 393 ; 6 558 
CCG;03H;E38000119;NHS North East Lincolnshire CCG; 26 ; 26 ; 88 750 ;; 79 454 ; 3 980 ; 5 316 
CCG;03J;E38000121;NHS North Kirklees CCG; 28 ; 27 ; 84 551 ;; 75 085 ; 4 100 ; 5 366 
CCG;03K;E38000122;NHS North Lincolnshire CCG; 19 ; 19 ; 83 421 ;; 73 929 ; 2 517 ; 6 975 
CCG;03L;E38000141;NHS Rotherham CCG; 30 ; 30 ; 124 440 ;; 108 267 ; 5 837 ; 10 336 
CCG;03M;E38000145;NHS Scarborough and Ryedale CCG; 12 ; 12 ; 61 458 ;; 53 861 ; 2 505 ; 5 092 
CCG;03N;E38000146;NHS Sheffield CCG; 80 ; 80 ; 278 359 ;; 244 597 ; 13 903 ; 19 859 
CCG;03Q;E38000188;NHS Vale of York CCG; 26 ; 25 ; 142 231 ;; 129 218 ; 5 531 ; 7 482 
CCG;03R;E38000190;NHS Wakefield CCG; 37 ; 36 ; 189 447 ;; 170 082 ; 7 093 ; 12 272 
CCG;03T;E38000099;NHS Lincolnshire East CCG; 26 ; 26 ; 118 030 ;; 106 867 ; 5 102 ; 6 061 
CCG;03V;E38000037;NHS Corby CCG; 5 ; 5 ; 31 727 ;; 26 630 ; 1 664 ; 3 433 
CCG;03W;E38000051;NHS East Leicestershire and Rutland CCG; 33 ; 31 ; 162 314 ;; 145 614 ; 7 919 ; 8 781 
CCG;03X;E38000058;NHS Erewash CCG; 12 ; 12 ; 44 292 ;; 39 748 ; 1 605 ; 2 939 
CCG;03Y;E38000071;NHS Hardwick CCG; 15 ; 15 ; 56 177 ;; 51 374 ; 2 253 ; 2 550 
CCG;04C;E38000097;NHS Leicester City CCG; 57 ; 56 ; 170 751 ;; 151 519 ; 10 255 ; 8 977 
CCG;04D;E38000100;NHS Lincolnshire West CCG; 30 ; 29 ; 89 859 ;; 81 309 ; 3 415 ; 5 135 
CCG;04E;E38000103;NHS Mansfield and Ashfield CCG; 26 ; 26 ; 89 442 ;; 79 519 ; 3 984 ; 5 939 
CCG;04F;E38000107;NHS Milton Keynes CCG; 27 ; 27 ; 120 674 ;; 109 059 ; 5 512 ; 6 103 
CCG;04G;E38000108;NHS Nene CCG; 66 ; 64 ; 297 794 ;; 267 635 ; 11 572 ; 18 587 
CCG;04H;E38000109;NHS Newark and Sherwood CCG; 14 ; 14 ; 60 390 ;; 55 548 ; 2 213 ; 2 629 
CCG;04J;E38000115;NHS North Derbyshire CCG; 35 ; 34 ; 143 447 ;; 129 301 ; 5 534 ; 8 612 
CCG;04K;E38000132;NHS Nottingham City CCG; 54 ; 53 ; 153 740 ;; 134 963 ; 8 583 ; 10 194 
CCG;04L;E38000133;NHS Nottingham North and East CCG; 19 ; 18 ; 64 299 ;; 57 331 ; 2 360 ; 4 608 
CCG;04M;E38000134;NHS Nottingham West CCG; 10 ; 10 ; 48 633 ;; 43 596 ; 1 935 ; 3 102 
CCG;04N;E38000142;NHS Rushcliffe CCG; 12 ; 12 ; 63 676 ;; 57 394 ; 1 985 ; 4 297 
CCG;04Q;E38000165;NHS South West Lincolnshire CCG; 17 ; 17 ; 61 335 ;; 54 879 ; 2 188 ; 4 268 
CCG;04R;E38000169;NHS Southern Derbyshire CCG; 55 ; 53 ; 234 230 ;; 207 940 ; 8 432 ; 17 858 
CCG;04V;E38000201;NHS West Leicestershire CCG; 48 ; 48 ; 182 968 ;; 166 397 ; 6 914 ; 9 657 
CCG;04Y;E38000028;NHS Cannock Chase CCG; 24 ; 23 ; 50 624 ;; 44 779 ; 2 204 ; 3 641 
CCG;05A;E38000038;NHS Coventry and Rugby CCG; 68 ; 61 ; 170 533 ;; 154 798 ; 10 811 ; 4 924 
CCG;05C;E38000046;NHS Dudley CCG; 43 ; 43 ; 128 031 ;; 115 270 ; 7 144 ; 5 617 
CCG;05D;E38000053;NHS East Staffordshire CCG; 18 ; 15 ; 45 755 ;; 42 268 ; 1 498 ; 1 989 
CCG;05F;E38000078;NHS Herefordshire CCG; 20 ; 20 ; 89 176 ;; 82 701 ; 3 793 ; 2 682 
CCG;05G;E38000126;NHS North Staffordshire CCG; 32 ; 31 ; 78 988 ;; 70 763 ; 3 229 ; 4 996 
CCG;05H;E38000195;NHS Warwickshire North CCG; 26 ; 14 ; 26 608 ;; 24 641 ; 1 093 ; 874 
CCG;05J;E38000139;NHS Redditch and Bromsgrove CCG; 22 ; 21 ; 78 444 ;; 72 779 ; 3 222 ; 2 443 
CCG;05L;E38000144;NHS Sandwell and West Birmingham CCG; 84 ; 82 ; 242 117 ;; 209 624 ; 18 510 ; 13 983 
CCG;05N;E38000147;NHS Shropshire CCG; 41 ; 40 ; 133 975 ;; 122 442 ; 5 134 ; 6 399 
CCG;05Q;E38000153;NHS South East Staffordshire and Seisdon Peninsula CCG; 26 ; 25 ; 87 749 ;; 80 909 ; 3 877 ; 2 963 
CCG;05R;E38000164;NHS South Warwickshire CCG; 33 ; 33 ; 136 072 ;; 126 240 ; 4 533 ; 5 299 
CCG;05T;E38000166;NHS South Worcestershire CCG; 31 ; 27 ; 132 096 ;; 121 921 ; 5 239 ; 4 936 
CCG;05V;E38000173;NHS Stafford and Surrounds CCG; 14 ; 14 ; 63 709 ;; 58 180 ; 2 610 ; 2 919 
CCG;05W;E38000175;NHS Stoke on Trent CCG; 43 ; 43 ; 99 122 ;; 87 915 ; 6 713 ; 4 494 
CCG;05X;E38000183;NHS Telford and Wrekin CCG; 14 ; 14 ; 76 045 ;; 68 976 ; 4 192 ; 2 877 
CCG;05Y;E38000191;NHS Walsall CCG; 52 ; 50 ; 125 595 ;; 111 503 ; 8 456 ; 5 636 
CCG;06A;E38000210;NHS Wolverhampton CCG; 40 ; 39 ; 98 687 ;; 87 110 ; 7 625 ; 3 952 
CCG;06D;E38000211;NHS Wyre Forest CCG; 11 ; 11 ; 71 905 ;; 67 015 ; 3 066 ; 1 824 
CCG;06F;E38000010;NHS Bedfordshire CCG; 48 ; 48 ; 200 572 ;; 178 401 ; 9 011 ; 13 160 
CCG;06H;E38000026;NHS Cambridgeshire and Peterborough CCG; 92 ; 89 ; 453 862 ;; 408 505 ; 19 462 ; 25 895 
CCG;06K;E38000049;NHS East and North Hertfordshire CCG; 57 ; 51 ; 210 089 ;; 184 601 ; 8 625 ; 16 863 
CCG;06L;E38000086;NHS Ipswich and East Suffolk CCG; 40 ; 40 ; 189 683 ;; 172 255 ; 6 250 ; 11 178 
CCG;06M;E38000063;NHS Great Yarmouth and Waveney CCG; 19 ; 19 ; 108 007 ;; 97 158 ; 5 201 ; 5 648 
CCG;06N;E38000079;NHS Herts Valleys CCG; 59 ; 54 ; 210 771 ;; 190 201 ; 10 728 ; 9 842 
CCG;06P;E38000102;NHS Luton CCG; 27 ; 26 ; 86 199 ;; 76 151 ; 5 609 ; 4 439 
CCG;06Q;E38000106;NHS Mid Essex CCG; 45 ; 43 ; 157 406 ;; 142 473 ; 5 533 ; 9 400 
CCG;06T;E38000117;NHS North East Essex CCG; 35 ; 31 ; 155 357 ;; 142 302 ; 5 401 ; 7 654 
CCG;06V;E38000124;NHS North Norfolk CCG; 19 ; 19 ; 90 659 ;; 82 274 ; 2 865 ; 5 520 
CCG;06W;E38000218;NHS Norwich CCG; 23 ; 23 ; 108 218 ;; 97 802 ; 3 999 ; 6 417 
CCG;06Y;E38000219;NHS South Norfolk CCG; 24 ; 23 ; 106 844 ;; 98 086 ; 3 448 ; 5 310 
CCG;07G;E38000185;NHS Thurrock CCG; 28 ; 27 ; 71 351 ;; 62 514 ; 3 119 ; 5 718 
CCG;07H;E38000197;NHS West Essex CCG; 32 ; 31 ; 110 745 ;; 99 062 ; 4 921 ; 6 762 
CCG;07J;E38000203;NHS West Norfolk CCG; 21 ; 21 ; 95 696 ;; 86 535 ; 3 193 ; 5 968 
CCG;07K;E38000204;NHS West Suffolk CCG; 24 ; 24 ; 113 141 ;; 104 362 ; 3 739 ; 5 040 
CCG;07L;E38000004;NHS Barking and Dagenham CCG; 35 ; 28 ; 62 497 ;; 53 427 ; 5 672 ; 3 398 
CCG;07M;E38000005;NHS Barnet CCG; 56 ; 43 ; 108 043 ;; 97 619 ; 5 707 ; 4 717 
CCG;07N;E38000011;NHS Bexley CCG; 24 ; 4 ; 18 618 ;; 16 592 ; 1 021 ; 1 005 
CCG;07P;E38000020;NHS Brent CCG; 56 ; 56 ; 134 726 ;; 119 574 ; 10 073 ; 5 079 
CCG;07Q;E38000023;NHS Bromley CCG; 45 ; 43 ; 105 224 ;; 93 219 ; 4 851 ; 7 154 
CCG;07R;E38000027;NHS Camden CCG; 36 ; 31 ; 82 677 ;; 73 405 ; 5 611 ; 3 661 
CCG;07T;E38000035;NHS City and Hackney CCG; 42 ; 40 ; 125 521 ;; 111 857 ; 9 603 ; 4 061 
CCG;07V;E38000040;NHS Croydon CCG; 53 ; 46 ; 135 715 ;; 121 721 ; 8 475 ; 5 519 
CCG;07W;E38000048;NHS Ealing CCG; 76 ; 74 ; 173 220 ;; 154 777 ; 10 635 ; 7 808 
CCG;07X;E38000057;NHS Enfield CCG; 47 ; 36 ; 98 598 ;; 85 313 ; 7 195 ; 6 090 
CCG;07Y;E38000084;NHS Hounslow CCG; 47 ; 46 ; 120 893 ;; 107 317 ; 6 888 ; 6 688 
CCG;08A;E38000066;NHS Greenwich CCG; 34 ; 6 ; 27 858 ;; 25 693 ; 1 703 ; 462 
CCG;08C;E38000070;NHS Hammersmith and Fulham CCG; 29 ; 28 ; 80 336 ;; 70 340 ; 4 930 ; 5 066 
CCG;08D;E38000072;NHS Haringey CCG; 38 ; 35 ; 88 737 ;; 79 590 ; 6 387 ; 2 760 
CCG;08E;E38000074;NHS Harrow CCG; 33 ; 32 ; 97 517 ;; 84 462 ; 6 624 ; 6 431 
CCG;08F;E38000077;NHS Havering CCG; 43 ; 35 ; 74 363 ;; 66 661 ; 3 816 ; 3 886 
CCG;08G;E38000082;NHS Hillingdon CCG; 45 ; 44 ; 99 117 ;; 88 361 ; 6 740 ; 4 016 
CCG;08H;E38000088;NHS Islington CCG; 35 ; 28 ; 84 156 ;; 74 549 ; 7 020 ; 2 587 
CCG;08J;E38000090;NHS Kingston CCG; 21 ; 19 ; 60 768 ;; 56 868 ; 2 646 ; 1 254 
CCG;08K;E38000092;NHS Lambeth CCG; 47 ; 39 ; 139 722 ;; 124 342 ; 10 531 ; 4 849 
CCG;08L;E38000098;NHS Lewisham CCG; 37 ; 37 ; 107 280 ;; 96 328 ; 8 221 ; 2 731 
CCG;08M;E38000113;NHS Newham CCG; 53 ; 49 ; 132 289 ;; 115 542 ; 11 748 ; 4 999 
CCG;08N;E38000138;NHS Redbridge CCG; 42 ; 40 ; 100 397 ;; 88 385 ; 6 483 ; 5 529 
CCG;08P;E38000140;NHS Richmond CCG; 28 ; 9 ; 19 784 ;; 17 890 ; 1 060 ; 834 
CCG;08Q;E38000171;NHS Southwark CCG; 37 ; 36 ; 115 088 ;; 101 513 ; 9 468 ; 4 107 
CCG;08R;E38000105;NHS Merton CCG; 22 ; 20 ; 68 519 ;; 62 727 ; 3 841 ; 1 951 
CCG;08T;E38000179;NHS Sutton CCG; 25 ; 22 ; 73 226 ;; 67 659 ; 3 214 ; 2 353 
CCG;08V;E38000186;NHS Tower Hamlets CCG; 35 ; 34 ; 132 425 ;; 117 816 ; 10 699 ; 3 910 
CCG;08W;E38000192;NHS Waltham Forest CCG; 41 ; 40 ; 101 512 ;; 91 302 ; 6 371 ; 3 839 
CCG;08X;E38000193;NHS Wandsworth CCG; 42 ; 39 ; 143 292 ;; 129 051 ; 9 178 ; 5 063 
CCG;08Y;E38000202;NHS West London CCG; 42 ; 41 ; 93 932 ;; 81 605 ; 6 626 ; 5 701 
CCG;09A;E38000031;NHS Central London (Westminster) CCG; 34 ; 31 ; 75 147 ;; 67 098 ; 4 779 ; 3 270 
CCG;09C;E38000002;NHS Ashford CCG; 12 ; 12 ; 68 100 ;; 63 631 ; 2 274 ; 2 195 
CCG;09D;E38000021;NHS Brighton and Hove CCG; 35 ; 33 ; 111 255 ;; 97 652 ; 5 246 ; 8 357 
CCG;09E;E38000029;NHS Canterbury and Coastal CCG; 15 ; 14 ; 107 005 ;; 97 588 ; 4 439 ; 4 978 
CCG;09F;E38000055;NHS Eastbourne, Hailsham and Seaford CCG; 20 ; 20 ; 100 525 ;; 91 721 ; 4 123 ; 4 681 
CCG;09G;E38000213;NHS Coastal West Sussex CCG; 47 ; 47 ; 239 843 ;; 218 627 ; 8 398 ; 12 818 
CCG;09H;E38000039;NHS Crawley CCG; 12 ; 12 ; 55 744 ;; 50 646 ; 1 856 ; 3 242 
CCG;09J;E38000043;NHS Dartford, Gravesham and Swanley CCG; 30 ; 2 ; 3 393 ;; 2 929 ; 149 ; 315 
CCG;09L;E38000054;NHS East Surrey CCG; 17 ; 16 ; 74 599 ;; 68 153 ; 3 375 ; 3 071 
CCG;09N;E38000214;NHS Guildford and Waverley CCG; 21 ; 20 ; 79 406 ;; 73 329 ; 3 294 ; 2 783 
CCG;09P;E38000076;NHS Hastings and Rother CCG; 23 ; 23 ; 91 851 ;; 82 643 ; 3 903 ; 5 305 
CCG;09W;E38000104;NHS Medway CCG; 48 ; 42 ; 79 671 ;; 72 504 ; 3 645 ; 3 522 
CCG;09X;E38000083;NHS Horsham and Mid Sussex CCG; 23 ; 22 ; 88 491 ;; 80 315 ; 3 039 ; 5 137 
CCG;09Y;E38000128;NHS North West Surrey CCG; 40 ; 38 ; 127 546 ;; 118 256 ; 5 395 ; 3 895 
CCG;10A;E38000156;NHS South Kent Coast CCG; 29 ; 15 ; 42 532 ;; 38 830 ; 1 562 ; 2 140 
CCG;10C;E38000178;NHS Surrey Heath CCG; 7 ; 7 ; 43 405 ;; 40 464 ; 1 651 ; 1 290 
CCG;10D;E38000180;NHS Swale CCG; 17 ; 17 ; 41 014 ;; 36 997 ; 2 166 ; 1 851 
CCG;10E;E38000184;NHS Thanet CCG; 14 ; 13 ; 56 793 ;; 51 463 ; 2 320 ; 3 010 
CCG;10J;E38000120;NHS North Hampshire CCG; 15 ; 14 ; 95 650 ;; 90 175 ; 3 318 ; 2 157 
CCG;10K;E38000059;NHS Fareham and Gosport CCG; 18 ; 18 ; 83 862 ;; 75 795 ; 3 463 ; 4 604 
CCG;10L;E38000087;NHS Isle of Wight CCG; 16 ; 16 ; 71 158 ;; 60 175 ; 4 853 ; 6 130 
CCG;10Q;E38000136;NHS Oxfordshire CCG; 70 ; 64 ; 304 843 ;; 280 636 ; 13 420 ; 10 787 
CCG;10R;E38000137;NHS Portsmouth CCG; 16 ; 16 ; 86 062 ;; 77 635 ; 4 110 ; 4 317 
CCG;10V;E38000154;NHS South Eastern Hampshire CCG; 20 ; 19 ; 85 175 ;; 76 047 ; 3 776 ; 5 352 
CCG;10X;E38000167;NHS Southampton CCG; 27 ; 26 ; 114 782 ;; 103 417 ; 6 035 ; 5 330 
CCG;11A;E38000198;NHS West Hampshire CCG; 49 ; 44 ; 214 219 ;; 198 844 ; 6 857 ; 8 518 
CCG;11E;E38000009;NHS Bath and North East Somerset CCG; 24 ; 24 ; 93 668 ;; 83 420 ; 3 943 ; 6 305 
CCG;11J;E38000045;NHS Dorset CCG; 85 ; 85 ; 359 596 ;; 321 654 ; 14 170 ; 23 772 
CCG;11M;E38000062;NHS Gloucestershire CCG; 76 ; 66 ; 258 594 ;; 232 692 ; 10 767 ; 15 135 
CCG;11N;E38000089;NHS Kernow CCG; 59 ; 24 ; 152 760 ;; 132 977 ; 6 469 ; 13 314 
CCG;11X;E38000150;NHS Somerset CCG; 66 ; 58 ; 223 084 ;; 203 087 ; 10 844 ; 9 153 
CCG;12D;E38000181;NHS Swindon CCG; 23 ; 23 ; 102 025 ;; 87 114 ; 4 539 ; 10 372 
CCG;12F;E38000208;NHS Wirral CCG; 51 ; 49 ; 145 532 ;; 128 398 ; 7 856 ; 9 278 
CCG;13T;E38000212;NHS Newcastle Gateshead CCG; 62 ; 60 ; 206 656 ;; 185 074 ; 12 404 ; 9 178 
CCG;14L;E38000217;NHS Manchester CCG; 89 ; 81 ; 224 573 ;; 197 942 ; 16 791 ; 9 840 
CCG;14Y;E38000223;NHS Buckinghamshire CCG; 50 ; 45 ; 199 274 ;; 185 399 ; 7 121 ; 6 754 
CCG;15A;E38000221;NHS Berkshire West; 49 ; 37 ; 154 762 ;; 143 317 ; 6 223 ; 5 222 
CCG;15C;E38000222;NHS Bristol, North Somerset and South Gloucestershire CCG; 83 ; 78 ; 432 571 ;; 395 093 ; 22 124 ; 15 354 
CCG;15D;E38000224;NHS East Berkshire CCG; 48 ; 40 ; 158 784 ;; 144 642 ; 7 755 ; 6 387 
CCG;15E;E38000220;NHS Birmingham and Solihull CCG; 170 ; 162 ; 518 489 ;; 453 030 ; 37 093 ; 28 366 
CCG;15F;E38000225;NHS Leeds CCG; 99 ; 99 ; 388 798 ;; 350 544 ; 17 026 ; 21 228 
CCG;99A;E38000101;NHS Liverpool CCG; 90 ; 88 ; 205 012 ;; 183 135 ; 14 153 ; 7 724 
CCG;99C;E38000127;NHS North Tyneside CCG; 27 ; 27 ; 89 306 ;; 79 857 ; 4 321 ; 5 128 
CCG;99D;E38000157;NHS South Lincolnshire CCG; 13 ; 13 ; 84 210 ;; 74 887 ; 2 945 ; 6 378 
CCG;99E;E38000007;NHS Basildon and Brentwood CCG; 39 ; 39 ; 102 606 ;; 91 269 ; 3 825 ; 7 512 
CCG;99F;E38000030;NHS Castle Point and Rochford CCG; 23 ; 22 ; 63 167 ;; 56 716 ; 1 879 ; 4 572 
CCG;99G;E38000168;NHS Southend CCG; 29 ; 28 ; 63 881 ;; 57 968 ; 2 551 ; 3 362 
CCG;99H;E38000177;NHS Surrey Downs CCG; 30 ; 30 ; 113 190 ;; 102 911 ; 4 364 ; 5 915 
CCG;99J;E38000199;NHS West Kent CCG; 56 ; 35 ; 113 417 ;; 104 753 ; 5 039 ; 3 625 
CCG;99K;E38000081;NHS High Weald Lewes Havens CCG; 19 ; 18 ; 71 206 ;; 63 816 ; 2 659 ; 4 731 
CCG;99M;E38000118;NHS North East Hampshire and Farnham CCG; 21 ; 19 ; 83 010 ;; 76 121 ; 3 178 ; 3 711 
CCG;99N;E38000206;NHS Wiltshire CCG; 49 ; 48 ; 247 778 ;; 224 520 ; 8 119 ; 15 139 
CCG;99P;E38000129;NHS Northern, Eastern and Western Devon CCG; 103 ; 87 ; 462 320 ;; 416 085 ; 18 346 ; 27 889 
CCG;99Q;E38000152;NHS South Devon and Torbay CCG; 29 ; 29 ; 167 998 ;; 153 397 ; 6 286 ; 8 315 
;;;;;;;;;;
;;;;;;;;;;
Source: NHS Digital;;;;;;;;;;
;;;;;;;;;;
Notes:;;;;;;;;;;
1;CCGs are only included if there is data for more than one practice within the CCG, therefore the total count of open GP practices by CCG will not equal the national total;;;;;;;;;
2;"At the time of the appointment a ‘Booked’ status will usually be changed to either ‘Attended’ or ‘DNA’. In some cases (4-7% of monthly appointments), the final status of an appointment remains as ‘Booked’. It is not known from the data whether these appointments were actually attended or not. From a sample audit these were found to be consultations where the status has not been updated to say if patients had attended or not. 
For this reason, these appointments are reported as ""Unknown"" status";;;;;;;;;
Copyright © 2019 Health and Social Care Information Centre. The Health and Social Care Information Centre is a non-departmental body created by statute, also known as NHS Digital.;;;;;;;;;;
;;;;;;;;;;
;;;;;;;;;;
;;;;;;;;;;
;;;;;;;;;;
;;;;;;;;;;
;;;;;;;;;;
;;;;;;;;;;
;;;;;;;;;;
;;;;;;;;;;
;;;;;;;;;;
;;;;;;;;;;
;;;;;;;;;;
;;;;;;;;;;
;;;;;;;;;;
;;;;;;;;;;
;;;;;;;;;;
;;;;;;;;;;
;;;;;;;;;;
;;;;;;;;;;
;;;;;;;;;;
;;;;;;;;;;
;;;;;;;;;;
;;;;;;;;;;
;;;;;;;;;;
;;;;;;;;;;
;;;;;;;;;;
;;;;;;;;;;
;;;;;;;;;;
;;;;;;;;;;
;;;;;;;;;;
;;;;;;;;;;
;;;;;;;;;;
;;;;;;;;;;
;;;;;;;;;;
;;;;;;;;;;
;;;;;;;;;;
;;;;;;;;;;
;;;;;;;;;;
;;;;;;;;;;
;;;;;;;;;;
;;;;;;;;;;
;;;;;;;;;;
;;;;;;;;;;
;;;;;;;;;;
;;;;;;;;;;
;;;;;;;;;;
;;;;;;;;;;
;;;;;;;;;;
;;;;;;;;;;
;;;;;;;;;;
;;;;;;;;;;
;;;;;;;;;;
;;;;;;;;;;
;;;;;;;;;;
;;;;;;;;;;
;;;;;;;;;;
;;;;;;;;;;
;;;;;;;;;;
;;;;;;;;;;
;;;;;;;;;;
;;;;;;;;;;
;;;;;;;;;;
;;;;;;;;;;
;;;;;;;;;;
;;;;;;;;;;
;;;;;;;;;;
;;;;;;;;;;
;;;;;;;;;;
;;;;;;;;;;
;;;;;;;;;;
;;;;;;;;;;
;;;;;;;;;;
;;;;;;;;;;
;;;;;;;;;;
;;;;;;;;;;
;;;;;;;;;;
;;;;;;;;;;
;;;;;;;;;;
;;;;;;;;;;
;;;;;;;;;;
;;;;;;;;;;
;;;;;;;;;;
;;;;;;;;;;
;;;;;;;;;;
;;;;;;;;;;
;;;;;;;;;;
;;;;;;;;;;
;;;;;;;;;;
;;;;;;;;;;
;;;;;;;;;;
;;;;;;;;;;
;;;;;;;;;;
;;;;;;;;;;
;;;;;;;;;;
;;;;;;;;;;
;;;;;;;;;;
;;;;;;;;;;
;;;;;;;;;;
;;;;;;;;;;
;;;;;;;;;;
;;;;;;;;;;
;;;;;;;;;;
;;;;;;;;;;
;;;;;;;;;;
;;;;;;;;;;
;;;;;;;;;;
;;;;;;;;;;
;;;;;;;;;;
;;;;;;;;;;
;;;;;;;;;;
;;;;;;;;;;
;;;;;;;;;;
;;;;;;;;;;
;;;;;;;;;;
;;;;;;;;;;
;;;;;;;;;;
;;;;;;;;;;
;;;;;;;;;;
;;;;;;;;;;
;;;;;;;;;;
;;;;;;;;;;
;;;;;;;;;;
;;;;;;;;;;
;;;;;;;;;;
;;;;;;;;;;
;;;;;;;;;;
;;;;;;;;;;
;;;;;;;;;;
;;;;;;;;;;
;;;;;;;;;;
;;;;;;;;;;
;;;;;;;;;;
;;;;;;;;;;
;;;;;;;;;;
;;;;;;;;;;
;;;;;;;;;;
;;;;;;;;;;
;;;;;;;;;;
;;;;;;;;;;
;;;;;;;;;;
;;;;;;;;;;
;;;;;;;;;;
;;;;;;;;;;
;;;;;;;;;;
;;;;;;;;;;
;;;;;;;;;;
;;;;;;;;;;
;;;;;;;;;;
;;;;;;;;;;
;;;;;;;;;;
;;;;;;;;;;
;;;;;;;;;;
;;;;;;;;;;
;;;;;;;;;;
;;;;;;;;;;
;;;;;;;;;;
;;;;;;;;;;
;;;;;;;;;;
;;;;;;;;;;
;;;;;;;;;;
;;;;;;;;;;
;;;;;;;;;;
;;;;;;;;;;
;;;;;;;;;;
;;;;;;;;;;
;;;;;;;;;;
;;;;;;;;;;
;;;;;;;;;;
;;;;;;;;;;
;;;;;;;;;;
;;;;;;;;;;
;;;;;;;;;;
;;;;;;;;;;
;;;;;;;;;;
;;;;;;;;;;
;;;;;;;;;;
;;;;;;;;;;
;;;;;;;;;;
;;;;;;;;;;
;;;;;;;;;;
;;;;;;;;;;
;;;;;;;;;;
;;;;;;;;;;
;;;;;;;;;;
;;;;;;;;;;
;;;;;;;;;;
;;;;;;;;;;
;;;;;;;;;;
;;;;;;;;;;
;;;;;;;;;;
;;;;;;;;;;
;;;;;;;;;;
;;;;;;;;;;
;;;;;;;;;;
;;;;;;;;;;
;;;;;;;;;;
;;;;;;;;;;
;;;;;;;;;;
;;;;;;;;;;
;;;;;;;;;;
;;;;;;;;;;
;;;;;;;;;;
;;;;;;;;;;
;;;;;;;;;;
;;;;;;;;;;
;;;;;;;;;;
;;;;;;;;;;
;;;;;;;;;;
;;;;;;;;;;
;;;;;;;;;;
;;;;;;;;;;
;;;;;;;;;;
;;;;;;;;;;
;;;;;;;;;;
;;;;;;;;;;
;;;;;;;;;;
;;;;;;;;;;
;;;;;;;;;;
;;;;;;;;;;
;;;;;;;;;;
;;;;;;;;;;
;;;;;;;;;;
;;;;;;;;;;
;;;;;;;;;;
;;;;;;;;;;
;;;;;;;;;;
;;;;;;;;;;
;;;;;;;;;;
;;;;;;;;;;
;;;;;;;;;;
;;;;;;;;;;
;;;;;;;;;;
;;;;;;;;;;
;;;;;;;;;;
;;;;;;;;;;
;;;;;;;;;;
;;;;;;;;;;
;;;;;;;;;;
;;;;;;;;;;
;;;;;;;;;;
;;;;;;;;;;
;;;;;;;;;;
;;;;;;;;;;
;;;;;;;;;;
;;;;;;;;;;
;;;;;;;;;;
;;;;;;;;;;
;;;;;;;;;;
;;;;;;;;;;
;;;;;;;;;;
;;;;;;;;;;
;;;;;;;;;;
;;;;;;;;;;
;;;;;;;;;;
;;;;;;;;;;
;;;;;;;;;;
;;;;;;;;;;
;;;;;;;;;;
;;;;;;;;;;
;;;;;;;;;;
;;;;;;;;;;
;;;;;;;;;;
;;;;;;;;;;
;;;;;;;;;;
;;;;;;;;;;
;;;;;;;;;;
;;;;;;;;;;
;;;;;;;;;;
;;;;;;;;;;
;;;;;;;;;;
;;;;;;;;;;
;;;;;;;;;;
;;;;;;;;;;
;;;;;;;;;;
;;;;;;;;;;
;;;;;;;;;;
;;;;;;;;;;
;;;;;;;;;;
;;;;;;;;;;
;;;;;;;;;;
;;;;;;;;;;
;;;;;;;;;;
;;;;;;;;;;
;;;;;;;;;;
;;;;;;;;;;
;;;;;;;;;;
;;;;;;;;;;
;;;;;;;;;;
;;;;;;;;;;
;;;;;;;;;;
;;;;;;;;;;
;;;;;;;;;;
;;;;;;;;;;
;;;;;;;;;;
;;;;;;;;;;
;;;;;;;;;;
;;;;;;;;;;
;;;;;;;;;;
;;;;;;;;;;
;;;;;;;;;;
;;;;;;;;;;
;;;;;;;;;;
;;;;;;;;;;
;;;;;;;;;;
;;;;;;;;;;
;;;;;;;;;;
;;;;;;;;;;
;;;;;;;;;;
;;;;;;;;;;
;;;;;;;;;;
;;;;;;;;;;
;;;;;;;;;;
;;;;;;;;;;
;;;;;;;;;;
;;;;;;;;;;
;;;;;;;;;;
;;;;;;;;;;
;;;;;;;;;;
;;;;;;;;;;
;;;;;;;;;;
;;;;;;;;;;
;;;;;;;;;;
;;;;;;;;;;
;;;;;;;;;;
;;;;;;;;;;
;;;;;;;;;;
;;;;;;;;;;
;;;;;;;;;;
;;;;;;;;;;
;;;;;;;;;;
;;;;;;;;;;
;;;;;;;;;;
;;;;;;;;;;
;;;;;;;;;;
;;;;;;;;;;
;;;;;;;;;;
;;;;;;;;;;
;;;;;;;;;;
;;;;;;;;;;
;;;;;;;;;;
;;;;;;;;;;
;;;;;;;;;;
;;;;;;;;;;
;;;;;;;;;;
;;;;;;;;;;
;;;;;;;;;;
;;;;;;;;;;
;;;;;;;;;;
;;;;;;;;;;
;;;;;;;;;;
;;;;;;;;;;
;;;;;;;;;;
;;;;;;;;;;
;;;;;;;;;;
;;;;;;;;;;
;;;;;;;;;;
;;;;;;;;;;
;;;;;;;;;;
;;;;;;;;;;
;;;;;;;;;;
;;;;;;;;;;
;;;;;;;;;;
;;;;;;;;;;
;;;;;;;;;;
;;;;;;;;;;
;;;;;;;;;;
;;;;;;;;;;
;;;;;;;;;;
;;;;;;;;;;
;;;;;;;;;;
;;;;;;;;;;
;;;;;;;;;;
;;;;;;;;;;
;;;;;;;;;;
;;;;;;;;;;
;;;;;;;;;;
;;;;;;;;;;
;;;;;;;;;;
;;;;;;;;;;
;;;;;;;;;;
;;;;;;;;;;
;;;;;;;;;;
;;;;;;;;;;
;;;;;;;;;;
;;;;;;;;;;
;;;;;;;;;;
;;;;;;;;;;
;;;;;;;;;;
;;;;;;;;;;
;;;;;;;;;;
;;;;;;;;;;
;;;;;;;;;;
;;;;;;;;;;
;;;;;;;;;;
;;;;;;;;;;
;;;;;;;;;;
;;;;;;;;;;
;;;;;;;;;;
;;;;;;;;;;
;;;;;;;;;;
;;;;;;;;;;
;;;;;;;;;;
;;;;;;;;;;
;;;;;;;;;;
;;;;;;;;;;
;;;;;;;;;;
;;;;;;;;;;
;;;;;;;;;;
;;;;;;;;;;
;;;;;;;;;;
;;;;;;;;;;
;;;;;;;;;;
;;;;;;;;;;
;;;;;;;;;;
;;;;;;;;;;
;;;;;;;;;;
;;;;;;;;;;
;;;;;;;;;;
;;;;;;;;;;
;;;;;;;;;;
;;;;;;;;;;
;;;;;;;;;;
;;;;;;;;;;
;;;;;;;;;;
;;;;;;;;;;
;;;;;;;;;;
;;;;;;;;;;
;;;;;;;;;;
;;;;;;;;;;
;;;;;;;;;;
;;;;;;;;;;
;;;;;;;;;;
;;;;;;;;;;
;;;;;;;;;;
;;;;;;;;;;
;;;;;;;;;;
;;;;;;;;;;
;;;;;;;;;;
;;;;;;;;;;
;;;;;;;;;;
;;;;;;;;;;
;;;;;;;;;;
;;;;;;;;;;
;;;;;;;;;;
;;;;;;;;;;
;;;;;;;;;;
;;;;;;;;;;
;;;;;;;;;;
;;;;;;;;;;
;;;;;;;;;;
;;;;;;;;;;
;;;;;;;;;;
;;;;;;;;;;
;;;;;;;;;;
;;;;;;;;;;
;;;;;;;;;;
;;;;;;;;;;
;;;;;;;;;;
;;;;;;;;;;
;;;;;;;;;;
;;;;;;;;;;
;;;;;;;;;;
;;;;;;;;;;
;;;;;;;;;;
;;;;;;;;;;
;;;;;;;;;;
;;;;;;;;;;
;;;;;;;;;;
;;;;;;;;;;
;;;;;;;;;;
;;;;;;;;;;
;;;;;;;;;;
;;;;;;;;;;
;;;;;;;;;;
;;;;;;;;;;
;;;;;;;;;;
;;;;;;;;;;
;;;;;;;;;;
;;;;;;;;;;
;;;;;;;;;;
;;;;;;;;;;
;;;;;;;;;;
;;;;;;;;;;
;;;;;;;;;;
;;;;;;;;;;
;;;;;;;;;;
;;;;;;;;;;
;;;;;;;;;;
;;;;;;;;;;
;;;;;;;;;;
;;;;;;;;;;
;;;;;;;;;;
;;;;;;;;;;
;;;;;;;;;;
;;;;;;;;;;
;;;;;;;;;;
;;;;;;;;;;
;;;;;;;;;;
;;;;;;;;;;
;;;;;;;;;;
;;;;;;;;;;
;;;;;;;;;;
;;;;;;;;;;
;;;;;;;;;;
;;;;;;;;;;
;;;;;;;;;;
;;;;;;;;;;
;;;;;;;;;;
;;;;;;;;;;
;;;;;;;;;;
;;;;;;;;;;
;;;;;;;;;;
;;;;;;;;;;
;;;;;;;;;;
;;;;;;;;;;
;;;;;;;;;;
;;;;;;;;;;
;;;;;;;;;;
;;;;;;;;;;
;;;;;;;;;;
;;;;;;;;;;
;;;;;;;;;;
;;;;;;;;;;
;;;;;;;;;;
;;;;;;;;;;
;;;;;;;;;;
;;;;;;;;;;
;;;;;;;;;;
;;;;;;;;;;
;;;;;;;;;;
;;;;;;;;;;
;;;;;;;;;;
;;;;;;;;;;
;;;;;;;;;;
;;;;;;;;;;
;;;;;;;;;;
;;;;;;;;;;
;;;;;;;;;;
;;;;;;;;;;
;;;;;;;;;;
;;;;;;;;;;
;;;;;;;;;;
;;;;;;;;;;
;;;;;;;;;;
;;;;;;;;;;
;;;;;;;;;;
;;;;;;;;;;
;;;;;;;;;;
;;;;;;;;;;
;;;;;;;;;;
;;;;;;;;;;
;;;;;;;;;;
;;;;;;;;;;
;;;;;;;;;;
;;;;;;;;;;
;;;;;;;;;;
;;;;;;;;;;
;;;;;;;;;;
;;;;;;;;;;
;;;;;;;;;;
;;;;;;;;;;
;;;;;;;;;;
;;;;;;;;;;
;;;;;;;;;;
;;;;;;;;;;
;;;;;;;;;;