Type,NHS_area_code,ONS_code,Name,Count_gp_appointments,Attended,Did_not_attend,Unknown,Month
Type,NHS Area Code,ONS Code,Name,Total,Attended,DNA,Unknown,June
National,ENG,ENG,England,22 825 905,20 433 150,1 133 431,1 259 324,June
Region,Y56,E40000003,London Commissioning Region,3 139 253,2 772 673,208 093,158 487,June
Region,Y58,E40000006,South West Commissioning Region,2 598 857,2 335 282,115 668,147 907,June
Region,Y59,E40000005,South East Commissioning Region,3 396 494,3 082 159,141 887,172 448,June
Region,Y60,E40000008,Midlands Commissioning Region,4 476 025,4 005 270,224 518,246 237,June
Region,Y61,E40000007,East of England Commissioning Region,2 714 959,2 438 396,112 380,164 183,June
Region,Y62,E40000010,North West Commissioning Region,2 634 473,2 344 751,152 568,137 154,June
Region,Y63,E40000009,North East and Yorkshire Commissioning Region,3 865 844,3 454 619,178 317,232 908,June
Regional Local Office,Q71,E39000018,NHS England London,3 139 253,2 772 673,208 093,158 487,June
Regional Local Office,Q72,E39000048,NHS England North East and Yorkshire (Yorkshire and Humber),2 465 301,2 204 000,110 235,151 066,June
Regional Local Office,Q74,E39000047,NHS England North East and Yorkshire (Cumbria and North East),1 400 543,1 250 619,68 082,81 842,June
Regional Local Office,Q75,E39000026,NHS England North West (Cheshire and Merseyside),977 588,869 360,55 068,53 160,June
Regional Local Office,Q76,E39000032,NHS England Midlands (North Midlands),1 534 323,1 382 665,65 460,86 198,June
Regional Local Office,Q77,E39000033,NHS England Midlands (West Midlands),1 789 190,1 590 041,109 745,89 404,June
Regional Local Office,Q78,E39000045,NHS England Midlands (Central Midlands),1 152 512,1 032 564,49 313,70 635,June
Regional Local Office,Q79,E39000046,NHS England East of England (East),2 714 959,2 438 396,112 380,164 183,June
Regional Local Office,Q83,E39000037,NHS England North West (Greater Manchester),1 022 890,902 390,65 856,54 644,June
Regional Local Office,Q84,E39000040,NHS England North West (Lancashire and South Cumbria),633 995,573 001,31 644,29 350,June
Regional Local Office,Q85,E39000044,NHS England South West (South West South),1 494 428,1 340 823,68 660,84 945,June
Regional Local Office,Q86,E39000043,NHS England South West (South West North),1 104 429,994 459,47 008,62 962,June
Regional Local Office,Q87,E39000041,"NHS England South East (Hampshire, Isle of Wight and Thames Valley)",1 662 431,1 509 782,70 952,81 697,June
Regional Local Office,Q88,E39000042,"NHS England South East (Kent, Surrey and Sussex)",1 734 063,1 572 377,70 935,90 751,June
STP,E54000005,E54000005,West Yorkshire And Harrogate Health And Care Partnership  STP,1 190 665,1 067 637,50 236,72 792,June
STP,E54000006,E54000006,"Humber, Coast And Vale  STP",586 545,525 937,25 981,34 627,June
STP,E54000007,E54000007,Greater Manchester Health And Social Care Partnership  STP,1 022 890,902 390,65 856,54 644,June
STP,E54000008,E54000008,Cheshire And Merseyside  STP,977 588,869 360,55 068,53 160,June
STP,E54000009,E54000009,South Yorkshire And Bassetlaw  STP,688 091,610 426,34 018,43 647,June
STP,E54000010,E54000010,Staffordshire And Stoke On Trent  STP,414 278,375 376,19 258,19 644,June
STP,E54000011,E54000011,Shropshire And Telford And Wrekin  STP,209 519,192 181,9 416,7 922,June
STP,E54000012,E54000012,Joined Up Care Derbyshire  STP,462 655,414 585,17 908,30 162,June
STP,E54000013,E54000013,Lincolnshire  STP,336 156,302 370,13 603,20 183,June
STP,E54000014,E54000014,Nottingham And Nottinghamshire Health And Care  STP,447 871,400 523,18 878,28 470,June
STP,E54000015,E54000015,"Leicester, Leicestershire And Rutland  STP",496 974,446 510,22 993,27 471,June
STP,E54000016,E54000016,The Black Country And West Birmingham  STP,559 197,484 786,40 262,34 149,June
STP,E54000017,E54000017,Birmingham And Solihull  STP,493 736,431 840,35 250,26 646,June
STP,E54000018,E54000018,Coventry And Warwickshire  STP,380 041,345 141,18 499,16 401,June
STP,E54000019,E54000019,Herefordshire And Worcestershire  STP,356 216,328 274,15 734,12 208,June
STP,E54000020,E54000020,Northamptonshire  STP,319 382,283 684,12 717,22 981,June
STP,E54000021,E54000021,Cambridgeshire And Peterborough  STP,418 318,377 032,18 917,22 369,June
STP,E54000022,E54000022,Norfolk And Waveney Health And Care Partnership  STP,482 819,435 908,18 295,28 616,June
STP,E54000023,E54000023,Suffolk And North East Essex  STP,439 114,400 089,15 034,23 991,June
STP,E54000024,E54000024,"Bedfordshire, Luton And Milton Keynes  STP",397 193,355 966,18 683,22 544,June
STP,E54000025,E54000025,Hertfordshire And West Essex  STP,535 179,472 959,25 015,37 205,June
STP,E54000026,E54000026,Mid And South Essex  STP,442 336,396 442,16 436,29 458,June
STP,E54000027,E54000027,North West London Health And Care Partnership  STP,842 125,742 537,55 534,44 054,June
STP,E54000028,E54000028,North London Partners In Health And Care  STP,444 341,392 442,29 537,22 362,June
STP,E54000029,E54000029,East London Health And Care Partnership  STP,714 967,630 396,51 031,33 540,June
STP,E54000030,E54000030,South East Lo ndon,592 796,517 237,41 008,34 551,June
STP,E54000031,E54000031,South West London Health And Care Partnership  STP,545 024,490 061,30 983,23 980,June
STP,E54000032,E54000032,Kent And Medway  STP,632 391,569 602,27 733,35 056,June
STP,E54000033,E54000033,Sussex And East Surrey  STP,790 942,716 433,30 579,43 930,June
STP,E54000034,E54000034,Frimley Health And Care Ics  STP,272 115,248 779,11 579,11 757,June
STP,E54000035,E54000035,Surrey Heartlands Health And Care Partnership  STP,310 730,286 342,12 623,11 765,June
STP,E54000036,E54000036,Cornwall And The Isles Of Scilly Health And Social Care Partnership  STP,305 449,265 533,21 321,18 595,June
STP,E54000037,E54000037,Devon  STP,621 943,565 073,24 198,32 672,June
STP,E54000038,E54000038,Somerset  STP,215 274,194 543,10 219,10 512,June
STP,E54000039,E54000039,"Bristol, North Somerset And South Gloucestershire  STP",405 512,366 611,20 816,18 085,June
STP,E54000040,E54000040,"Bath And North East Somerset, Swindon And Wiltshire  STP",422 504,380 641,15 179,26 684,June
STP,E54000041,E54000041,Dorset  STP,351 762,315 674,12 922,23 166,June
STP,E54000042,E54000042,Hampshire And The Isle Of Wight  STP,711 172,645 343,30 836,34 993,June
STP,E54000043,E54000043,Gloucestershire  STP,276 413,247 207,11 013,18 193,June
STP,E54000044,E54000044,"Buckinghamshire, Oxfordshire And Berkshire West  STP",679 144,615 660,28 537,34 947,June
STP,E54000048,E54000048,Healthier Lancashire And South Cumbria  STP,633 995,573 001,31 644,29 350,June
STP,E54000049,E54000049,Cumbria And North East  STP,1 400 543,1 250 619,68 082,81 842,June
CCG,00C,E38000042,NHS Darlington CCG,45 668,40 168,2 346,3 154,June
CCG,00D,E38000047,"NHS Durham Dales, Easington and Sedgefield CCG",153 163,136 130,7 140,9 893,June
CCG,00J,E38000116,NHS North Durham CCG,124 115,110 946,5 467,7 702,June
CCG,00K,E38000075,NHS Hartlepool and Stockton-on-Tees CCG,116 385,101 859,5 779,8 747,June
CCG,00L,E38000130,NHS Northumberland CCG,154 966,139 748,5 893,9 325,June
CCG,00M,E38000162,NHS South Tees CCG,136 762,120 558,7 260,8 944,June
CCG,00N,E38000163,NHS South Tyneside CCG,57 384,52 474,2 785,2 125,June
CCG,00P,E38000176,NHS Sunderland CCG,108 817,97 100,6 644,5 073,June
CCG,00Q,E38000014,NHS Blackburn with Darwen CCG,53 925,47 779,3 521,2 625,June
CCG,00R,E38000015,NHS Blackpool CCG,73 423,66 487,4 244,2 692,June
CCG,00T,E38000016,NHS Bolton CCG,126 679,110 312,8 141,8 226,June
CCG,00V,E38000024,NHS Bury CCG,5 384,5 014,148,222,June
CCG,00X,E38000034,NHS Chorley and South Ribble CCG,61 774,54 854,2 502,4 418,June
CCG,00Y,E38000135,NHS Oldham CCG,94 277,84 846,6 031,3 400,June
CCG,01A,E38000050,NHS East Lancashire CCG,136 160,122 195,8 210,5 755,June
CCG,01C,E38000056,NHS Eastern Cheshire CCG,65 332,58 414,2 845,4 073,June
CCG,01D,E38000080,"NHS Heywood, Middleton and Rochdale CCG",86 384,77 391,5 215,3 778,June
CCG,01E,E38000227,NHS Greater Preston CCG,57 717,51 576,2 819,3 322,June
CCG,01F,E38000068,NHS Halton CCG,52 811,45 085,3 319,4 407,June
CCG,01G,E38000143,NHS Salford CCG,108 336,89 770,8 388,10 178,June
CCG,01H,E38000215,NHS North Cumbria CCG,154 006,139 396,6 606,8 004,June
CCG,01J,E38000091,NHS Knowsley CCG,67 648,59 237,4 758,3 653,June
CCG,01K,E38000228,NHS Morecambe Bay CCG,134 669,123 974,6 092,4 603,June
CCG,01R,E38000151,NHS South Cheshire CCG,73 338,64 924,3 573,4 841,June
CCG,01T,E38000161,NHS South Sefton CCG,48 136,43 769,2 822,1 545,June
CCG,01V,E38000170,NHS Southport and Formby CCG,47 459,43 246,1 974,2 239,June
CCG,01W,E38000174,NHS Stockport CCG,111 180,99 716,5 825,5 639,June
CCG,01X,E38000172,NHS St Helens CCG,72 444,64 234,4 457,3 753,June
CCG,01Y,E38000182,NHS Tameside and Glossop CCG,93 540,84 606,5 814,3 120,June
CCG,02A,E38000187,NHS Trafford CCG,71 720,64 791,3 751,3 178,June
CCG,02D,E38000189,NHS Vale Royal CCG,38 195,34 009,2 049,2 137,June
CCG,02E,E38000194,NHS Warrington CCG,75 427,68 974,2 975,3 478,June
CCG,02F,E38000196,NHS West Cheshire CCG,100 302,90 791,4 961,4 550,June
CCG,02G,E38000200,NHS West Lancashire CCG,42 890,39 408,1 858,1 624,June
CCG,02H,E38000205,NHS Wigan Borough CCG,116 712,103 485,6 481,6 746,June
CCG,02M,E38000226,NHS Fylde & Wyre CCG,73 437,66 728,2 398,4 311,June
CCG,02N,E38000001,"NHS Airedale, Wharfedale and Craven CCG",80 530,71 675,2 710,6 145,June
CCG,02P,E38000006,NHS Barnsley CCG,111 936,100 649,5 394,5 893,June
CCG,02Q,E38000008,NHS Bassetlaw CCG,54 469,49 237,2 297,2 935,June
CCG,02R,E38000019,NHS Bradford Districts CCG,153 982,137 863,5 675,10 444,June
CCG,02T,E38000025,NHS Calderdale CCG,93 223,83 691,3 694,5 838,June
CCG,02W,E38000018,NHS Bradford City CCG,68 199,59 728,4 070,4 401,June
CCG,02X,E38000044,NHS Doncaster CCG,137 562,123 846,7 009,6 707,June
CCG,02Y,E38000052,NHS East Riding of Yorkshire CCG,118 439,108 115,4 522,5 802,June
CCG,03A,E38000064,NHS Greater Huddersfield CCG,96 323,86 563,4 153,5 607,June
CCG,03D,E38000069,"NHS Hambleton, Richmondshire and Whitby CCG",63 500,57 358,2 166,3 976,June
CCG,03E,E38000073,NHS Harrogate and Rural District CCG,70 288,65 110,2 392,2 786,June
CCG,03F,E38000085,NHS Hull CCG,107 550,94 959,7 437,5 154,June
CCG,03H,E38000119,NHS North East Lincolnshire CCG,85 756,77 527,3 988,4 241,June
CCG,03J,E38000121,NHS North Kirklees CCG,81 385,72 532,3 996,4 857,June
CCG,03K,E38000122,NHS North Lincolnshire CCG,80 186,70 426,2 541,7 219,June
CCG,03L,E38000141,NHS Rotherham CCG,120 688,105 454,5 469,9 765,June
CCG,03M,E38000145,NHS Scarborough and Ryedale CCG,58 798,52 172,2 353,4 273,June
CCG,03N,E38000146,NHS Sheffield CCG,263 436,231 240,13 849,18 347,June
CCG,03Q,E38000188,NHS Vale of York CCG,135 816,122 738,5 140,7 938,June
CCG,03R,E38000190,NHS Wakefield CCG,178 004,159 645,7 236,11 123,June
CCG,03T,E38000099,NHS Lincolnshire East CCG,111 922,100 810,5 074,6 038,June
CCG,03V,E38000037,NHS Corby CCG,36 516,29 030,1 310,6 176,June
CCG,03W,E38000051,NHS East Leicestershire and Rutland CCG,155 515,140 134,6 139,9 242,June
CCG,04C,E38000097,NHS Leicester City CCG,165 883,145 679,9 950,10 254,June
CCG,04D,E38000100,NHS Lincolnshire West CCG,86 969,78 217,3 571,5 181,June
CCG,04E,E38000103,NHS Mansfield and Ashfield CCG,88 249,78 932,3 388,5 929,June
CCG,04F,E38000107,NHS Milton Keynes CCG,117 693,106 695,5 209,5 789,June
CCG,04G,E38000108,NHS Nene CCG,282 866,254 654,11 407,16 805,June
CCG,04H,E38000109,NHS Newark & Sherwood CCG,58 538,53 471,2 290,2 777,June
CCG,04K,E38000132,NHS Nottingham City CCG,138 903,121 470,7 625,9 808,June
CCG,04L,E38000133,NHS Nottingham North and East CCG,51 717,45 961,1 822,3 934,June
CCG,04M,E38000134,NHS Nottingham West CCG,51 719,46 658,1 934,3 127,June
CCG,04N,E38000142,NHS Rushcliffe CCG,58 745,54 031,1 819,2 895,June
CCG,04Q,E38000165,NHS South West Lincolnshire CCG,57 836,52 079,2 251,3 506,June
CCG,04V,E38000201,NHS West Leicestershire CCG,175 576,160 697,6 904,7 975,June
CCG,04Y,E38000028,NHS Cannock Chase CCG,49 931,44 653,2 250,3 028,June
CCG,05A,E38000038,NHS Coventry and Rugby CCG,181 970,164 632,11 128,6 210,June
CCG,05C,E38000046,NHS Dudley CCG,120 372,106 441,6 898,7 033,June
CCG,05D,E38000053,NHS East Staffordshire CCG,52 889,48 109,1 825,2 955,June
CCG,05F,E38000078,NHS Herefordshire CCG,88 210,80 669,4 469,3 072,June
CCG,05G,E38000126,NHS North Staffordshire CCG,75 537,69 565,2 874,3 098,June
CCG,05H,E38000195,NHS Warwickshire North CCG,69 774,61 548,3 179,5 047,June
CCG,05J,E38000139,NHS Redditch and Bromsgrove CCG,75 194,69 795,3 131,2 268,June
CCG,05L,E38000144,NHS Sandwell and West Birmingham CCG,225 789,193 091,18 265,14 433,June
CCG,05N,E38000147,NHS Shropshire CCG,136 275,125 110,5 399,5 766,June
CCG,05Q,E38000153,NHS South East Staffordshire and Seisdon Peninsula CCG,81 027,73 196,3 429,4 402,June
CCG,05R,E38000164,NHS South Warwickshire CCG,128 297,118 961,4 192,5 144,June
CCG,05T,E38000166,NHS South Worcestershire CCG,124 983,114 237,5 138,5 608,June
CCG,05V,E38000173,NHS Stafford and Surrounds CCG,59 124,54 467,2 393,2 264,June
CCG,05W,E38000175,NHS Stoke on Trent CCG,95 770,85 386,6 487,3 897,June
CCG,05X,E38000183,NHS Telford and Wrekin CCG,73 244,67 071,4 017,2 156,June
CCG,05Y,E38000191,NHS Walsall CCG,118 184,102 611,7 822,7 751,June
CCG,06A,E38000210,NHS Wolverhampton CCG,94 852,82 643,7 277,4 932,June
CCG,06D,E38000211,NHS Wyre Forest CCG,67 829,63 573,2 996,1 260,June
CCG,06F,E38000010,NHS Bedfordshire CCG,192 721,172 767,7 662,12 292,June
CCG,06H,E38000026,NHS Cambridgeshire and Peterborough CCG,418 318,377 032,18 917,22 369,June
CCG,06K,E38000049,NHS East and North Hertfordshire CCG,203 058,178 210,8 252,16 596,June
CCG,06L,E38000086,NHS Ipswich and East Suffolk CCG,182 069,164 582,5 867,11 620,June
CCG,06M,E38000063,NHS Great Yarmouth and Waveney CCG,98 006,87 078,4 861,6 067,June
CCG,06N,E38000079,NHS Herts Valleys CCG,222 711,196 959,11 703,14 049,June
CCG,06P,E38000102,NHS Luton CCG,86 779,76 504,5 812,4 463,June
CCG,06Q,E38000106,NHS Mid Essex CCG,151 063,136 698,5 218,9 147,June
CCG,06T,E38000117,NHS North East Essex CCG,153 652,140 453,5 763,7 436,June
CCG,06V,E38000124,NHS North Norfolk CCG,85 787,77 857,2 896,5 034,June
CCG,06W,E38000218,NHS Norwich CCG,103 832,92 350,3 865,7 617,June
CCG,06Y,E38000219,NHS South Norfolk CCG,101 364,93 475,3 248,4 641,June
CCG,07G,E38000185,NHS Thurrock CCG,73 080,64 996,3 387,4 697,June
CCG,07H,E38000197,NHS West Essex CCG,109 410,97 790,5 060,6 560,June
CCG,07J,E38000203,NHS West Norfolk CCG,93 830,85 148,3 425,5 257,June
CCG,07K,E38000204,NHS West Suffolk CCG,103 393,95 054,3 404,4 935,June
CCG,07L,E38000004,NHS Barking and Dagenham CCG,69 702,59 938,5 549,4 215,June
CCG,07M,E38000005,NHS Barnet CCG,99 299,88 659,4 741,5 899,June
CCG,07N,E38000011,NHS Bexley CCG,59 365,49 978,3 122,6 265,June
CCG,07P,E38000020,NHS Brent CCG,132 289,116 624,9 875,5 790,June
CCG,07Q,E38000023,NHS Bromley CCG,97 458,85 505,4 628,7 325,June
CCG,07R,E38000027,NHS Camden CCG,79 579,71 006,5 636,2 937,June
CCG,07T,E38000035,NHS City and Hackney CCG,113 935,98 533,8 204,7 198,June
CCG,07V,E38000040,NHS Croydon CCG,132 631,119 350,8 131,5 150,June
CCG,07W,E38000048,NHS Ealing CCG,164 060,146 672,10 208,7 180,June
CCG,07X,E38000057,NHS Enfield CCG,94 332,81 837,6 411,6 084,June
CCG,07Y,E38000084,NHS Hounslow CCG,114 427,101 048,6 659,6 720,June
CCG,08A,E38000066,NHS Greenwich CCG,95 002,81 235,6 854,6 913,June
CCG,08C,E38000070,NHS Hammersmith and Fulham CCG,76 166,66 698,4 731,4 737,June
CCG,08D,E38000072,NHS Haringey CCG,90 372,80 076,6 055,4 241,June
CCG,08E,E38000074,NHS Harrow CCG,94 093,82 920,6 314,4 859,June
CCG,08F,E38000077,NHS Havering CCG,79 336,70 945,4 237,4 154,June
CCG,08G,E38000082,NHS Hillingdon CCG,95 373,83 405,5 947,6 021,June
CCG,08H,E38000088,NHS Islington CCG,80 759,70 864,6 694,3 201,June
CCG,08J,E38000090,NHS Kingston CCG,68 465,63 242,3 235,1 988,June
CCG,08K,E38000092,NHS Lambeth CCG,131 025,116 247,9 583,5 195,June
CCG,08L,E38000098,NHS Lewisham CCG,102 406,90 667,7 792,3 947,June
CCG,08M,E38000113,NHS Newham CCG,124 652,108 476,10 657,5 519,June
CCG,08N,E38000138,NHS Redbridge CCG,103 985,92 193,6 486,5 306,June
CCG,08P,E38000140,NHS Richmond CCG,68 047,57 794,3 638,6 615,June
CCG,08Q,E38000171,NHS Southwark CCG,107 540,93 605,9 029,4 906,June
CCG,08R,E38000105,NHS Merton CCG,67 009,60 557,3 678,2 774,June
CCG,08T,E38000179,NHS Sutton CCG,69 720,63 410,3 179,3 131,June
CCG,08V,E38000186,NHS Tower Hamlets CCG,128 947,115 370,10 219,3 358,June
CCG,08W,E38000192,NHS Waltham Forest CCG,94 410,84 941,5 679,3 790,June
CCG,08X,E38000193,NHS Wandsworth CCG,139 152,125 708,9 122,4 322,June
CCG,08Y,E38000202,NHS West London CCG,92 427,79 952,6 885,5 590,June
CCG,09A,E38000031,NHS Central London (Westminster) CCG,73 290,65 218,4 915,3 157,June
CCG,09C,E38000002,NHS Ashford CCG,67 877,63 685,2 315,1 877,June
CCG,09D,E38000021,NHS Brighton and Hove CCG,110 346,98 270,5 307,6 769,June
CCG,09E,E38000029,NHS Canterbury and Coastal CCG,104 882,96 293,4 380,4 209,June
CCG,09F,E38000055,"NHS Eastbourne, Hailsham and Seaford CC",94 901,86 662,3 715,4 524,June
CCG,09G,E38000213,NHS Coastal West Sussex CCG,225 337,203 811,7 595,13 931,June
CCG,09H,E38000039,NHS Crawley CCG,52 131,47 455,1 786,2 890,June
CCG,09J,E38000043,"NHS Dartford, Gravesham and Swanley CCG",49 951,43 199,2 671,4 081,June
CCG,09L,E38000054,NHS East Surrey CCG,69 901,64 343,3 274,2 284,June
CCG,09N,E38000214,NHS Guildford and Waverley CCG,80 681,74 369,3 261,3 051,June
CCG,09P,E38000076,NHS Hastings and Rother CCG,88 785,80 279,4 015,4 491,June
CCG,09W,E38000104,NHS Medway CCG,90 144,80 986,4 098,5 060,June
CCG,09X,E38000083,NHS Horsham and Mid Sussex CCG,83 350,76 134,2 884,4 332,June
CCG,09Y,E38000128,NHS North West Surrey CCG,120 494,112 032,5 082,3 380,June
CCG,10A,E38000156,NHS South Kent Coast CCG,59 621,51 540,2 678,5 403,June
CCG,10C,E38000178,NHS Surrey Heath CCG,42 559,39 816,1 733,1 010,June
CCG,10D,E38000180,NHS Swale CCG,40 094,36 121,2 098,1 875,June
CCG,10E,E38000184,NHS Thanet CCG,53 682,48 519,2 339,2 824,June
CCG,10J,E38000120,NHS North Hampshire CCG,90 945,85 577,3 273,2 095,June
CCG,10K,E38000059,NHS Fareham and Gosport CCG,80 915,72 744,3 363,4 808,June
CCG,10L,E38000087,NHS Isle of Wight CCG,69 510,59 276,4 869,5 365,June
CCG,10Q,E38000136,NHS Oxfordshire CCG,290 278,264 597,12 385,13 296,June
CCG,10R,E38000137,NHS Portsmouth CCG,81 645,73 418,3 820,4 407,June
CCG,10V,E38000154,NHS South Eastern Hampshire CCG,81 210,73 620,3 425,4 165,June
CCG,10X,E38000167,NHS Southampton CCG,104 534,93 632,5 464,5 438,June
CCG,11A,E38000198,NHS West Hampshire CCG,202 413,187 076,6 622,8 715,June
CCG,11E,E38000009,NHS Bath and North East Somerset CCG,87 555,79 292,3 497,4 766,June
CCG,11J,E38000045,NHS Dorset CCG,351 762,315 674,12 922,23 166,June
CCG,11M,E38000062,NHS Gloucestershire CCG,276 413,247 207,11 013,18 193,June
CCG,11N,E38000089,NHS Kernow CCG,305 449,265 533,21 321,18 595,June
CCG,11X,E38000150,NHS Somerset CCG,215 274,194 543,10 219,10 512,June
CCG,12D,E38000181,NHS Swindon CCG,98 577,85 352,3 996,9 229,June
CCG,12F,E38000208,NHS Wirral CCG,139 696,121 721,7 499,10 476,June
CCG,13T,E38000212,NHS Newcastle Gateshead CCG,198 949,177 772,11 779,9 398,June
CCG,14L,E38000217,NHS Manchester CCG,208 678,182 459,16 062,10 157,June
CCG,14Y,E38000223,NHS Buckinghamshire CCG,187 176,172 388,6 625,8 163,June
CCG,15A,E38000221,NHS Berkshire West CCG,201 690,178 675,9 527,13 488,June
CCG,15C,E38000222,"NHS Bristol, North Somerset and South Gloucestershire CCG",405 512,366 611,20 816,18 085,June
CCG,15D,E38000224,NHS East Berkshire CCG,152 977,138 868,6 926,7 183,June
CCG,15E,E38000220,NHS Birmingham and Solihull CCG,493 736,431 840,35 250,26 646,June
CCG,15F,E38000225,NHS Leeds CCG,368 731,330 830,16 310,21 591,June
CCG,15M,E38000229,NHS Derby and Derbyshire CCG,462 655,414 585,17 908,30 162,June
CCG,15N,E38000230,NHS Devon CCG,621 943,565 073,24 198,32 672,June
CCG,99A,E38000101,NHS Liverpool CCG,196 800,174 956,13 836,8 008,June
CCG,99C,E38000127,NHS North Tyneside CCG,86 828,77 110,4 217,5 501,June
CCG,99D,E38000157,NHS South Lincolnshire CCG,79 429,71 264,2 707,5 458,June
CCG,99E,E38000007,NHS Basildon and Brentwood CCG,95 813,85 268,3 589,6 956,June
CCG,99F,E38000030,NHS Castle Point and Rochford CCG,61 188,54 666,1 880,4 642,June
CCG,99G,E38000168,NHS Southend CCG,61 192,54 814,2 362,4 016,June
CCG,99H,E38000177,NHS Surrey Downs CCG,109 555,99 941,4 280,5 334,June
CCG,99J,E38000199,NHS West Kent CCG,166 140,149 259,7 154,9 727,June
CCG,99K,E38000081,NHS High Weald Lewes Havens CCG,66 191,59 479,2 003,4 709,June
CCG,99M,E38000118,NHS North East Hampshire and Farnham CC,76 579,70 095,2 920,3 564,June
CCG,99N,E38000206,NHS Wiltshire CCG,236 372,215 997,7 686,12 689,June
