﻿;;;;;;;;;;
;;;;;;;;;;
;;;;;;;;;;
;;;;;;;;;;
;;;;;;;;;;
Return to Contents;;;;;;;;;;
_;;;;;;;;;;
Table 3a: Appointments by Status, at National, Regional, Sub-Regional, STP and CCG level, England, May 2019;;;;;;;;;;
;;;;Count of Open GP Practices1;Count of Included GP Practices;Count of Appointments;;"Count of Appointments by 
Appointment Status";;
Type;NHS Area Code;ONS Code;Name;;;Total;;Attended;DNA;Unknown2
Type;NHS Area Code;ONS Code;Name;Open Active Practices;Included Practices;Total;_;Attended;DNA;Unknown
National;ENG;ENG;England;6 926;6 399;23 631 344;;21 266 860;1 162 165;1 202 319
Region;Y56;E40000003;London Commissioning Region;1 267;1 109;3 140 995;;2 798 930;206 940;135 125
Region;Y58;E40000006;South West Commissioning Region;589;559;2 747 122;;2 478 706;124 399;144 017
Region;Y59;E40000005;South East Commissioning Region;907;790;3 411 809;;3 122 494;139 588;149 727
Region;Y60;E40000008;Midlands Commissioning Region;1 348;1 299;4 667 229;;4 193 958;230 452;242 819
Region;Y61;E40000007;East of England Commissioning Region;708;683;2 866 109;;2 585 299;116 613;164 197
Region;Y62;E40000010;North West Commissioning Region;1 049;922;2 694 930;;2 415 830;155 073;124 027
Region;Y63;E40000009;North East and Yorkshire Commissioning Region;1 058;1 037;4 103 150;;3 671 643;189 100;242 407
Regional Local Office;Q71;E39000018;NHS England London;1 267;1 109;3 140 995;;2 798 930;206 940;135 125
Regional Local Office;Q72;E39000048;NHS England North East and Yorkshire (Yorkshire and Humber);658;648;2 606 186;;2 331 769;115 851;158 566
Regional Local Office;Q74;E39000047;NHS England North East and Yorkshire (Cumbria and North East);400;389;1 496 964;;1 339 874;73 249;83 841
Regional Local Office;Q75;E39000026;NHS England North West (Cheshire and Merseyside);371;354;1 031 655;;921 162;58 492;52 001
Regional Local Office;Q76;E39000032;NHS England Midlands (North Midlands);459;449;1 614 145;;1 457 473;67 915;88 757
Regional Local Office;Q77;E39000033;NHS England Midlands (West Midlands);596;562;1 833 108;;1 639 477;111 530;82 101
Regional Local Office;Q78;E39000045;NHS England Midlands (Central Midlands);293;288;1 219 976;;1 097 008;51 007;71 961
Regional Local Office;Q79;E39000046;NHS England East of England (East);708;683;2 866 109;;2 585 299;116 613;164 197
Regional Local Office;Q83;E39000037;NHS England North West (Greater Manchester);461;367;983 918;;877 517;62 076;44 325
Regional Local Office;Q84;E39000040;NHS England North West (Lancashire and South Cumbria);217;201;679 357;;617 151;34 505;27 701
Regional Local Office;Q85;E39000044;NHS England South West (South West South);336;322;1 594 155;;1 432 360;76 591;85 204
Regional Local Office;Q86;E39000043;NHS England South West (South West North);253;237;1 152 967;;1 046 346;47 808;58 813
Regional Local Office;Q87;E39000041;NHS England South East (Hampshire, Isle of Wight and Thames Valley);403;362;1 718 390;;1 579 728;71 883;66 779
Regional Local Office;Q88;E39000042;NHS England South East (Kent, Surrey and Sussex);504;428;1 693 419;;1 542 766;67 705;82 948
STP;E54000005;E54000005;West Yorkshire And Harrogate Health And Care Partnership  STP;317;314;1 273 549;;1 143 721;53 495;76 333
STP;E54000006;E54000006;Humber, Coast And Vale  STP;149;144;610 142;;547 529;26 677;35 936
STP;E54000007;E54000007;Greater Manchester Health And Social Care Partnership  STP;461;367;983 918;;877 517;62 076;44 325
STP;E54000008;E54000008;Cheshire And Merseyside  STP;371;354;1 031 655;;921 162;58 492;52 001
STP;E54000009;E54000009;South Yorkshire And Bassetlaw  STP;192;190;722 495;;640 519;35 679;46 297
STP;E54000010;E54000010;Staffordshire And Stoke On Trent  STP;155;150;432 759;;393 455;19 987;19 317
STP;E54000011;E54000011;Shropshire And Telford And Wrekin  STP;54;53;211 549;;194 314;9 040;8 195
STP;E54000012;E54000012;Joined Up Care Derbyshire  STP;115;113;487 664;;438 735;18 891;30 038
STP;E54000013;E54000013;Lincolnshire  STP;86;85;357 365;;323 293;14 244;19 828
STP;E54000014;E54000014;Nottingham And Nottinghamshire Health And Care  STP;135;133;482 173;;430 969;19 997;31 207
STP;E54000015;E54000015;Leicester, Leicestershire And Rutland  STP;136;134;522 137;;470 833;23 506;27 798
STP;E54000016;E54000016;The Black Country And West Birmingham  STP;217;212;593 003;;519 979;42 080;30 944
STP;E54000017;E54000017;Birmingham And Solihull  STP;168;160;522 560;;459 614;36 914;26 032
STP;E54000018;E54000018;Coventry And Warwickshire  STP;127;111;341 066;;311 194;17 241;12 631
STP;E54000019;E54000019;Herefordshire And Worcestershire  STP;84;79;376 479;;348 690;15 295;12 494
STP;E54000020;E54000020;Northamptonshire  STP;71;69;340 474;;302 882;13 257;24 335
STP;E54000021;E54000021;Cambridgeshire And Peterborough  STP;91;88;444 491;;401 875;19 345;23 271
STP;E54000022;E54000022;Norfolk And Waveney Health And Care Partnership  STP;106;104;516 802;;466 445;19 703;30 654
STP;E54000023;E54000023;Suffolk And North East Essex  STP;99;96;471 863;;431 173;16 241;24 449
STP;E54000024;E54000024;Bedfordshire, Luton And Milton Keynes  STP;102;101;420 472;;378 932;19 612;21 928
STP;E54000025;E54000025;Hertfordshire And West Essex  STP;147;136;540 701;;481 087;24 232;35 382
STP;E54000026;E54000026;Mid And South Essex  STP;163;158;471 780;;425 787;17 480;28 513
STP;E54000027;E54000027;North West London Health And Care Partnership  STP;361;352;887 999;;787 410;57 443;43 146
STP;E54000028;E54000028;North London Partners In Health And Care  STP;209;170;469 685;;417 996;31 030;20 659
STP;E54000029;E54000029;East London Health And Care Partnership  STP;288;265;740 276;;656 865;53 666;29 745
STP;E54000030;E54000030;South East London STP;222;165;523 828;;465 381;36 128;22 319
STP;E54000031;E54000031;South West London Health And Care Partnership  STP;187;157;519 207;;471 278;28 673;19 256
STP;E54000032;E54000032;Kent And Medway  STP;217;148;531 512;;485 355;22 464;23 693
STP;E54000033;E54000033;Sussex And East Surrey  STP;196;191;837 173;;758 163;32 086;46 924
STP;E54000034;E54000034;Frimley Health And Care Ics  STP;74;64;285 146;;264 663;12 116;8 367
STP;E54000035;E54000035;Surrey Heartlands Health And Care Partnership  STP;91;89;324 734;;299 248;13 155;12 331
STP;E54000036;E54000036;Cornwall And The Isles Of Scilly Health And Social Care Partnership  STP;59;57;333 906;;290 048;25 785;18 073
STP;E54000037;E54000037;Devon  STP;128;123;660 345;;601 166;26 123;33 056
STP;E54000038;E54000038;Somerset  STP;65;58;227 913;;205 265;10 932;11 716
STP;E54000039;E54000039;Bristol, North Somerset And South Gloucestershire  STP;83;78;435 532;;398 771;21 478;15 283
STP;E54000040;E54000040;Bath And North East Somerset, Swindon And Wiltshire  STP;95;94;453 706;;409 372;15 850;28 484
STP;E54000041;E54000041;Dorset  STP;84;84;371 991;;335 881;13 751;22 359
STP;E54000042;E54000042;Hampshire And The Isle Of Wight  STP;160;152;762 391;;692 027;33 262;37 102
STP;E54000043;E54000043;Gloucestershire  STP;75;65;263 729;;238 203;10 480;15 046
STP;E54000044;E54000044;Buckinghamshire, Oxfordshire And Berkshire West  STP;169;146;670 853;;623 038;26 505;21 310
STP;E54000048;E54000048;Healthier Lancashire And South Cumbria  STP;217;201;679 357;;617 151;34 505;27 701
STP;E54000049;E54000049;Cumbria And North East  STP;400;389;1 496 964;;1 339 874;73 249;83 841
CCG;00C;E38000042;NHS Darlington CCG;11;11;48 594;;42 765;2 531;3 298
CCG;00D;E38000047;NHS Durham Dales, Easington and Sedgefield CCG;36;36;166 842;;147 314;7 710;11 818
CCG;00J;E38000116;NHS North Durham CCG;30;30;133 736;;119 489;6 182;8 065
CCG;00K;E38000075;NHS Hartlepool and Stockton-on-Tees CCG;32;32;122 508;;107 406;6 158;8 944
CCG;00L;E38000130;NHS Northumberland CCG;41;40;165 553;;150 533;6 470;8 550
CCG;00M;E38000162;NHS South Tees CCG;38;34;146 907;;131 943;7 441;7 523
CCG;00N;E38000163;NHS South Tyneside CCG;21;21;60 891;;55 649;3 138;2 104
CCG;00P;E38000176;NHS Sunderland CCG;41;40;116 695;;105 606;7 161;3 928
CCG;00Q;E38000014;NHS Blackburn with Darwen CCG;23;22;57 977;;51 720;4 065;2 192
CCG;00R;E38000015;NHS Blackpool CCG;19;18;78 439;;71 451;4 483;2 505
CCG;00T;E38000016;NHS Bolton CCG;49;35;105 020;;93 509;6 728;4 783
CCG;00X;E38000034;NHS Chorley and South Ribble CCG;30;27;67 230;;61 058;2 897;3 275
CCG;00Y;E38000135;NHS Oldham CCG;43;41;101 559;;91 713;6 353;3 493
CCG;01A;E38000050;NHS East Lancashire CCG;52;48;142 413;;126 840;8 385;7 188
CCG;01C;E38000056;NHS Eastern Cheshire CCG;21;18;69 421;;63 406;3 079;2 936
CCG;01D;E38000080;NHS Heywood, Middleton and Rochdale CCG;41;36;93 685;;84 328;5 510;3 847
CCG;01E;E38000227;NHS Greater Preston CCG;24;21;63 853;;57 603;3 386;2 864
CCG;01F;E38000068;NHS Halton CCG;14;14;55 631;;48 082;3 589;3 960
CCG;01G;E38000143;NHS Salford CCG;45;19;46 632;;41 352;2 923;2 357
CCG;01H;E38000215;NHS North Cumbria CCG;39;38;167 202;;152 649;7 150;7 403
CCG;01J;E38000091;NHS Knowsley CCG;25;25;70 379;;61 759;4 739;3 881
CCG;01K;E38000228;NHS Morecambe Bay CCG;35;33;142 646;;131 193;6 403;5 050
CCG;01R;E38000151;NHS South Cheshire CCG;17;17;76 156;;67 015;4 283;4 858
CCG;01T;E38000161;NHS South Sefton CCG;31;28;48 582;;43 982;2 857;1 743
CCG;01V;E38000170;NHS Southport and Formby CCG;18;17;50 614;;45 695;2 099;2 820
CCG;01W;E38000174;NHS Stockport CCG;38;35;120 300;;108 632;6 673;4 995
CCG;01X;E38000172;NHS St Helens CCG;34;33;70 723;;62 967;3 963;3 793
CCG;01Y;E38000182;NHS Tameside and Glossop CCG;37;37;101 449;;90 997;6 980;3 472
CCG;02A;E38000187;NHS Trafford CCG;32;29;77 481;;69 836;3 893;3 752
CCG;02D;E38000189;NHS Vale Royal CCG;12;12;40 695;;36 304;1 989;2 402
CCG;02E;E38000194;NHS Warrington CCG;26;26;80 694;;73 829;3 228;3 637
CCG;02F;E38000196;NHS West Cheshire CCG;35;30;108 050;;99 113;5 472;3 465
CCG;02G;E38000200;NHS West Lancashire CCG;15;14;45 319;;41 048;1 998;2 273
CCG;02H;E38000205;NHS Wigan Borough CCG;61;54;112 636;;100 125;5 911;6 600
CCG;02M;E38000226;NHS Fylde & Wyre CCG;19;18;81 480;;76 238;2 888;2 354
CCG;02N;E38000001;NHS Airedale, Wharfedale and Craven CCG;16;16;86 554;;76 543;2 795;7 216
CCG;02P;E38000006;NHS Barnsley CCG;33;31;114 663;;102 356;5 687;6 620
CCG;02Q;E38000008;NHS Bassetlaw CCG;9;9;56 684;;51 451;2 314;2 919
CCG;02R;E38000019;NHS Bradford Districts CCG;32;32;164 158;;146 569;5 926;11 663
CCG;02T;E38000025;NHS Calderdale CCG;26;25;100 911;;90 167;4 165;6 579
CCG;02W;E38000018;NHS Bradford City CCG;26;26;71 761;;63 239;4 448;4 074
CCG;02X;E38000044;NHS Doncaster CCG;40;40;146 756;;131 523;7 667;7 566
CCG;02Y;E38000052;NHS East Riding of Yorkshire CCG;30;28;116 541;;104 974;4 623;6 944
CCG;03A;E38000064;NHS Greater Huddersfield CCG;37;37;103 380;;93 768;4 512;5 100
CCG;03D;E38000069;NHS Hambleton, Richmondshire and Whitby CCG;22;21;68 951;;61 690;2 292;4 969
CCG;03E;E38000073;NHS Harrogate and Rural District CCG;17;17;73 240;;67 402;2 340;3 498
CCG;03F;E38000085;NHS Hull CCG;36;35;111 604;;98 427;7 647;5 530
CCG;03H;E38000119;NHS North East Lincolnshire CCG;26;25;91 077;;81 351;4 169;5 557
CCG;03J;E38000121;NHS North Kirklees CCG;28;27;86 506;;77 600;4 514;4 392
CCG;03K;E38000122;NHS North Lincolnshire CCG;19;19;85 781;;76 760;2 584;6 437
CCG;03L;E38000141;NHS Rotherham CCG;30;30;125 289;;109 615;5 682;9 992
CCG;03M;E38000145;NHS Scarborough and Ryedale CCG;12;12;61 693;;54 923;2 447;4 323
CCG;03N;E38000146;NHS Sheffield CCG;80;80;279 103;;245 574;14 329;19 200
CCG;03Q;E38000188;NHS Vale of York CCG;26;25;143 446;;131 094;5 207;7 145
CCG;03R;E38000190;NHS Wakefield CCG;37;36;190 993;;172 235;7 496;11 262
CCG;03T;E38000099;NHS Lincolnshire East CCG;26;26;117 863;;107 064;5 050;5 749
CCG;03V;E38000037;NHS Corby CCG;5;5;38 903;;29 994;1 387;7 522
CCG;03W;E38000051;NHS East Leicestershire and Rutland CCG;31;29;163 753;;147 957;6 388;9 408
CCG;04C;E38000097;NHS Leicester City CCG;57;57;172 937;;154 066;10 115;8 756
CCG;04D;E38000100;NHS Lincolnshire West CCG;30;29;90 690;;81 743;3 767;5 180
CCG;04E;E38000103;NHS Mansfield and Ashfield CCG;26;26;94 396;;84 247;3 607;6 542
CCG;04F;E38000107;NHS Milton Keynes CCG;27;27;125 018;;113 712;5 596;5 710
CCG;04G;E38000108;NHS Nene CCG;66;64;301 571;;272 888;11 870;16 813
CCG;04H;E38000109;NHS Newark & Sherwood CCG;14;14;61 468;;55 774;2 286;3 408
CCG;04K;E38000132;NHS Nottingham City CCG;54;53;152 206;;133 172;8 196;10 838
CCG;04L;E38000133;NHS Nottingham North and East CCG;17;16;56 359;;50 231;1 869;4 259
CCG;04M;E38000134;NHS Nottingham West CCG;12;12;55 507;;50 055;2 226;3 226
CCG;04N;E38000142;NHS Rushcliffe CCG;12;12;62 237;;57 490;1 813;2 934
CCG;04Q;E38000165;NHS South West Lincolnshire CCG;17;17;61 945;;56 523;2 281;3 141
CCG;04V;E38000201;NHS West Leicestershire CCG;48;48;185 447;;168 810;7 003;9 634
CCG;04Y;E38000028;NHS Cannock Chase CCG;24;23;53 228;;47 762;2 300;3 166
CCG;05A;E38000038;NHS Coventry and Rugby CCG;68;61;171 043;;154 022;11 052;5 969
CCG;05C;E38000046;NHS Dudley CCG;43;43;126 819;;113 677;7 144;5 998
CCG;05D;E38000053;NHS East Staffordshire CCG;18;16;50 768;;46 196;1 783;2 789
CCG;05F;E38000078;NHS Herefordshire CCG;20;20;91 065;;83 920;3 636;3 509
CCG;05G;E38000126;NHS North Staffordshire CCG;31;30;79 399;;72 639;2 870;3 890
CCG;05H;E38000195;NHS Warwickshire North CCG;26;17;32 364;;29 664;1 487;1 213
CCG;05J;E38000139;NHS Redditch and Bromsgrove CCG;22;21;79 066;;73 526;3 262;2 278
CCG;05L;E38000144;NHS Sandwell and West Birmingham CCG;82;80;241 375;;207 628;19 213;14 534
CCG;05N;E38000147;NHS Shropshire CCG;41;40;135 519;;124 276;5 124;6 119
CCG;05Q;E38000153;NHS South East Staffordshire and Seisdon Peninsula CCG;26;25;86 405;;79 884;3 603;2 918
CCG;05R;E38000164;NHS South Warwickshire CCG;33;33;137 659;;127 508;4 702;5 449
CCG;05T;E38000166;NHS South Worcestershire CCG;31;27;134 532;;123 876;5 421;5 235
CCG;05V;E38000173;NHS Stafford and Surrounds CCG;14;14;63 668;;58 789;2 704;2 175
CCG;05W;E38000175;NHS Stoke on Trent CCG;42;42;99 291;;88 185;6 727;4 379
CCG;05X;E38000183;NHS Telford and Wrekin CCG;13;13;76 030;;70 038;3 916;2 076
CCG;05Y;E38000191;NHS Walsall CCG;52;50;125 505;;111 276;8 376;5 853
CCG;06A;E38000210;NHS Wolverhampton CCG;40;39;99 304;;87 398;7 347;4 559
CCG;06D;E38000211;NHS Wyre Forest CCG;11;11;71 816;;67 368;2 976;1 472
CCG;06F;E38000010;NHS Bedfordshire CCG;48;48;205 046;;184 986;8 127;11 933
CCG;06H;E38000026;NHS Cambridgeshire and Peterborough CCG;91;88;444 491;;401 875;19 345;23 271
CCG;06K;E38000049;NHS East and North Hertfordshire CCG;57;52;216 270;;188 744;8 767;18 759
CCG;06L;E38000086;NHS Ipswich and East Suffolk CCG;40;40;192 989;;175 389;6 189;11 411
CCG;06M;E38000063;NHS Great Yarmouth and Waveney CCG;19;18;106 720;;95 425;5 298;5 997
CCG;06N;E38000079;NHS Herts Valleys CCG;58;53;213 637;;192 189;10 707;10 741
CCG;06P;E38000102;NHS Luton CCG;27;26;90 408;;80 234;5 889;4 285
CCG;06Q;E38000106;NHS Mid Essex CCG;45;42;160 405;;146 357;5 580;8 468
CCG;06T;E38000117;NHS North East Essex CCG;35;32;165 916;;151 944;6 283;7 689
CCG;06V;E38000124;NHS North Norfolk CCG;19;19;92 095;;83 209;3 183;5 703
CCG;06W;E38000218;NHS Norwich CCG;23;23;111 763;;99 781;4 276;7 706
CCG;06Y;E38000219;NHS South Norfolk CCG;24;23;108 478;;99 121;3 567;5 790
CCG;07G;E38000185;NHS Thurrock CCG;28;28;76 989;;69 147;3 457;4 385
CCG;07H;E38000197;NHS West Essex CCG;32;31;110 794;;100 154;4 758;5 882
CCG;07J;E38000203;NHS West Norfolk CCG;21;21;97 746;;88 909;3 379;5 458
CCG;07K;E38000204;NHS West Suffolk CCG;24;24;112 958;;103 840;3 769;5 349
CCG;07L;E38000004;NHS Barking and Dagenham CCG;34;27;64 159;;55 546;5 323;3 290
CCG;07M;E38000005;NHS Barnet CCG;54;43;106 497;;95 800;5 256;5 441
CCG;07N;E38000011;NHS Bexley CCG;23;5;23 323;;20 910;1 337;1 076
CCG;07P;E38000020;NHS Brent CCG;56;56;139 176;;123 095;10 385;5 696
CCG;07Q;E38000023;NHS Bromley CCG;45;43;105 900;;94 086;4 870;6 944
CCG;07R;E38000027;NHS Camden CCG;36;31;85 280;;76 358;5 733;3 189
CCG;07T;E38000035;NHS City and Hackney CCG;42;40;125 651;;111 442;9 414;4 795
CCG;07V;E38000040;NHS Croydon CCG;52;46;138 656;;124 276;8 285;6 095
CCG;07W;E38000048;NHS Ealing CCG;76;74;172 783;;154 336;10 730;7 717
CCG;07X;E38000057;NHS Enfield CCG;47;33;100 680;;88 668;7 016;4 996
CCG;07Y;E38000084;NHS Hounslow CCG;46;46;119 965;;106 716;6 775;6 474
CCG;08A;E38000066;NHS Greenwich CCG;35;7;30 488;;27 686;2 096;706
CCG;08C;E38000070;NHS Hammersmith and Fulham CCG;29;28;81 226;;71 914;4 714;4 598
CCG;08D;E38000072;NHS Haringey CCG;38;35;91 490;;82 027;6 303;3 160
CCG;08E;E38000074;NHS Harrow CCG;33;32;101 176;;88 615;6 459;6 102
CCG;08F;E38000077;NHS Havering CCG;43;35;77 055;;69 263;4 101;3 691
CCG;08G;E38000082;NHS Hillingdon CCG;45;44;102 457;;92 184;6 603;3 670
CCG;08H;E38000088;NHS Islington CCG;34;28;85 738;;75 143;6 722;3 873
CCG;08J;E38000090;NHS Kingston CCG;21;21;73 004;;66 769;3 272;2 963
CCG;08K;E38000092;NHS Lambeth CCG;46;38;139 031;;123 574;9 943;5 514
CCG;08L;E38000098;NHS Lewisham CCG;36;36;108 699;;96 702;8 259;3 738
CCG;08M;E38000113;NHS Newham CCG;52;49;130 993;;113 818;11 593;5 582
CCG;08N;E38000138;NHS Redbridge CCG;42;41;105 106;;93 477;6 751;4 878
CCG;08P;E38000140;NHS Richmond CCG;27;9;19 672;;17 684;1 005;983
CCG;08Q;E38000171;NHS Southwark CCG;37;36;116 387;;102 423;9 623;4 341
CCG;08R;E38000105;NHS Merton CCG;22;20;69 380;;63 607;3 854;1 919
CCG;08T;E38000179;NHS Sutton CCG;23;22;71 664;;66 229;3 239;2 196
CCG;08V;E38000186;NHS Tower Hamlets CCG;35;34;136 512;;122 038;10 666;3 808
CCG;08W;E38000192;NHS Waltham Forest CCG;40;39;100 800;;91 281;5 818;3 701
CCG;08X;E38000193;NHS Wandsworth CCG;42;39;146 831;;132 713;9 018;5 100
CCG;08Y;E38000202;NHS West London CCG;42;41;94 244;;81 637;6 794;5 813
CCG;09A;E38000031;NHS Central London (Westminster) CCG;34;31;76 972;;68 913;4 983;3 076
CCG;09C;E38000002;NHS Ashford CCG;11;11;72 585;;68 346;2 543;1 696
CCG;09D;E38000021;NHS Brighton and Hove CCG;35;33;114 476;;101 496;5 510;7 470
CCG;09E;E38000029;NHS Canterbury and Coastal CCG;15;15;112 231;;101 794;4 548;5 889
CCG;09F;E38000055;NHS Eastbourne, Hailsham and Seaford CC;20;20;100 671;;92 845;3 810;4 016
CCG;09G;E38000213;NHS Coastal West Sussex CCG;47;47;240 844;;219 073;8 258;13 513
CCG;09H;E38000039;NHS Crawley CCG;12;12;53 977;;48 827;1 716;3 434
CCG;09J;E38000043;NHS Dartford, Gravesham and Swanley CCG;30;3;6 811;;5 763;447;601
CCG;09L;E38000054;NHS East Surrey CCG;17;16;72 995;;65 813;3 369;3 813
CCG;09N;E38000214;NHS Guildford and Waverley CCG;21;21;84 185;;78 018;3 426;2 741
CCG;09P;E38000076;NHS Hastings and Rother CCG;23;23;93 900;;84 926;4 127;4 847
CCG;09W;E38000104;NHS Medway CCG;46;40;79 889;;72 599;3 430;3 860
CCG;09X;E38000083;NHS Horsham and Mid Sussex CCG;23;22;87 904;;79 039;3 062;5 803
CCG;09Y;E38000128;NHS North West Surrey CCG;40;38;125 991;;116 657;5 289;4 045
CCG;10A;E38000156;NHS South Kent Coast CCG;28;14;43 374;;39 161;1 690;2 523
CCG;10C;E38000178;NHS Surrey Heath CCG;7;7;44 090;;41 272;1 648;1 170
CCG;10D;E38000180;NHS Swale CCG;17;17;42 383;;38 233;2 159;1 991
CCG;10E;E38000184;NHS Thanet CCG;14;13;58 105;;52 556;2 487;3 062
CCG;10J;E38000120;NHS North Hampshire CCG;15;14;96 717;;90 351;3 408;2 958
CCG;10K;E38000059;NHS Fareham and Gosport CCG;17;17;83 855;;75 957;3 394;4 504
CCG;10L;E38000087;NHS Isle of Wight CCG;16;16;74 088;;62 864;5 207;6 017
CCG;10Q;E38000136;NHS Oxfordshire CCG;70;64;312 484;;288 772;13 542;10 170
CCG;10R;E38000137;NHS Portsmouth CCG;16;16;89 883;;81 131;4 216;4 536
CCG;10V;E38000154;NHS South Eastern Hampshire CCG;20;19;87 857;;79 277;3 727;4 853
CCG;10X;E38000167;NHS Southampton CCG;27;26;111 745;;100 535;6 048;5 162
CCG;11A;E38000198;NHS West Hampshire CCG;49;44;218 246;;201 912;7 262;9 072
CCG;11E;E38000009;NHS Bath and North East Somerset CCG;24;24;95 281;;85 696;3 849;5 736
CCG;11J;E38000045;NHS Dorset CCG;84;84;371 991;;335 881;13 751;22 359
CCG;11M;E38000062;NHS Gloucestershire CCG;75;65;263 729;;238 203;10 480;15 046
CCG;11N;E38000089;NHS Kernow CCG;59;57;333 906;;290 048;25 785;18 073
CCG;11X;E38000150;NHS Somerset CCG;65;58;227 913;;205 265;10 932;11 716
CCG;12D;E38000181;NHS Swindon CCG;23;23;104 537;;90 928;4 249;9 360
CCG;12F;E38000208;NHS Wirral CCG;50;48;148 716;;131 188;8 277;9 251
CCG;13T;E38000212;NHS Newcastle Gateshead CCG;62;59;208 116;;183 406;12 428;12 282
CCG;14L;E38000217;NHS Manchester CCG;89;81;225 156;;197 025;17 105;11 026
CCG;14Y;E38000223;NHS Buckinghamshire CCG;50;45;203 036;;190 015;6 917;6 104
CCG;15A;E38000221;NHS Berkshire West CCG;49;37;155 333;;144 251;6 046;5 036
CCG;15C;E38000222;NHS Bristol, North Somerset and South G;83;78;435 532;;398 771;21 478;15 283
CCG;15D;E38000224;NHS East Berkshire CCG;47;39;158 358;;146 588;7 191;4 579
CCG;15E;E38000220;NHS Birmingham and Solihull CCG;168;160;522 560;;459 614;36 914;26 032
CCG;15F;E38000225;NHS Leeds CCG;98;98;396 046;;356 198;17 299;22 549
CCG;15M;E38000229;NHS Derby and Derbyshire CCG;115;113;487 664;;438 735;18 891;30 038
CCG;15N;E38000230;NHS Devon CCG;128;123;660 345;;601 166;26 123;33 056
CCG;99A;E38000101;NHS Liverpool CCG;88;86;211 994;;187 822;14 917;9 255
CCG;99C;E38000127;NHS North Tyneside CCG;27;27;90 969;;81 424;4 588;4 957
CCG;99D;E38000157;NHS South Lincolnshire CCG;13;13;86 867;;77 963;3 146;5 758
CCG;99E;E38000007;NHS Basildon and Brentwood CCG;38;38;102 327;;91 261;3 989;7 077
CCG;99F;E38000030;NHS Castle Point and Rochford CCG;23;22;65 149;;58 682;1 973;4 494
CCG;99G;E38000168;NHS Southend CCG;29;28;66 910;;60 340;2 481;4 089
CCG;99H;E38000177;NHS Surrey Downs CCG;30;30;114 558;;104 573;4 440;5 545
CCG;99J;E38000199;NHS West Kent CCG;56;35;116 134;;106 903;5 160;4 071
CCG;99K;E38000081;NHS High Weald Lewes Havens CCG;19;18;72 406;;66 144;2 234;4 028
CCG;99M;E38000118;NHS North East Hampshire and Farnham CC;20;18;82 698;;76 803;3 277;2 618
CCG;99N;E38000206;NHS Wiltshire CCG;48;47;253 888;;232 748;7 752;13 388
;;;;;;;;;;
Source: NHS Digital;;;;;;;;;;
;;;;;;;;;;
Notes:;;;;;;;;;;
1;CCGs are only included if there is data for more than one practice within the CCG, therefore the total count of open GP practices by CCG will not equal the national total;;;;;;;;;
2;"At the time of the appointment a ‘Booked’ status will usually be changed to either ‘Attended’ or ‘DNA’. In some cases (4-7% of monthly appointments), the final status of an appointment remains as ‘Booked’. It is not known from the data whether these appointments were actually attended or not. From a sample audit these were found to be consultations where the status has not been updated to say if patients had attended or not. 
For this reason, these appointments are reported as ""Unknown"" status";;;;;;;;;
_;;;;;;;;;;
Copyright © 2019 Health and Social Care Information Centre. The Health and Social Care Information Centre is a non-departmental body created by statute, also known as NHS Digital.;;;;;;;;;;
;;;;;;;;;;
;;;;;;;;;;
;;;;;;;;;;
;;;;;;;;;;
;;;;;;;;;;
;;;;;;;;;;
;;;;;;;;;;
;;;;;;;;;;
;;;;;;;;;;
;;;;;;;;;;
;;;;;;;;;;
;;;;;;;;;;
;;;;;;;;;;
;;;;;;;;;;
;;;;;;;;;;
;;;;;;;;;;
;;;;;;;;;;
;;;;;;;;;;
;;;;;;;;;;
;;;;;;;;;;
;;;;;;;;;;
;;;;;;;;;;
;;;;;;;;;;
;;;;;;;;;;
;;;;;;;;;;
;;;;;;;;;;
;;;;;;;;;;
;;;;;;;;;;
;;;;;;;;;;
;;;;;;;;;;
;;;;;;;;;;
;;;;;;;;;;
;;;;;;;;;;
;;;;;;;;;;
;;;;;;;;;;
;;;;;;;;;;
;;;;;;;;;;
;;;;;;;;;;
;;;;;;;;;;
;;;;;;;;;;
;;;;;;;;;;
;;;;;;;;;;
;;;;;;;;;;
;;;;;;;;;;
;;;;;;;;;;
;;;;;;;;;;
;;;;;;;;;;
;;;;;;;;;;
;;;;;;;;;;
;;;;;;;;;;
;;;;;;;;;;
;;;;;;;;;;
;;;;;;;;;;
;;;;;;;;;;
;;;;;;;;;;
;;;;;;;;;;
;;;;;;;;;;
;;;;;;;;;;
;;;;;;;;;;
;;;;;;;;;;
;;;;;;;;;;
;;;;;;;;;;
;;;;;;;;;;
;;;;;;;;;;
;;;;;;;;;;
;;;;;;;;;;
;;;;;;;;;;
;;;;;;;;;;
;;;;;;;;;;
;;;;;;;;;;
;;;;;;;;;;
;;;;;;;;;;
;;;;;;;;;;
;;;;;;;;;;
;;;;;;;;;;
;;;;;;;;;;
;;;;;;;;;;
;;;;;;;;;;
;;;;;;;;;;
;;;;;;;;;;
;;;;;;;;;;
;;;;;;;;;;
;;;;;;;;;;
;;;;;;;;;;
;;;;;;;;;;
;;;;;;;;;;
;;;;;;;;;;
;;;;;;;;;;
;;;;;;;;;;
;;;;;;;;;;
;;;;;;;;;;
;;;;;;;;;;
;;;;;;;;;;
;;;;;;;;;;
;;;;;;;;;;
;;;;;;;;;;
;;;;;;;;;;
;;;;;;;;;;
;;;;;;;;;;
;;;;;;;;;;
;;;;;;;;;;
;;;;;;;;;;
;;;;;;;;;;
;;;;;;;;;;
;;;;;;;;;;
;;;;;;;;;;
;;;;;;;;;;
;;;;;;;;;;
;;;;;;;;;;
;;;;;;;;;;
;;;;;;;;;;
;;;;;;;;;;
;;;;;;;;;;
;;;;;;;;;;
;;;;;;;;;;
;;;;;;;;;;
;;;;;;;;;;
;;;;;;;;;;
;;;;;;;;;;
;;;;;;;;;;
;;;;;;;;;;
;;;;;;;;;;
;;;;;;;;;;
;;;;;;;;;;
;;;;;;;;;;
;;;;;;;;;;
;;;;;;;;;;
;;;;;;;;;;
;;;;;;;;;;
;;;;;;;;;;
;;;;;;;;;;
;;;;;;;;;;
;;;;;;;;;;
;;;;;;;;;;
;;;;;;;;;;
;;;;;;;;;;
;;;;;;;;;;
;;;;;;;;;;
;;;;;;;;;;
;;;;;;;;;;
;;;;;;;;;;
;;;;;;;;;;
;;;;;;;;;;
;;;;;;;;;;
;;;;;;;;;;
;;;;;;;;;;
;;;;;;;;;;
;;;;;;;;;;
;;;;;;;;;;
;;;;;;;;;;
;;;;;;;;;;
;;;;;;;;;;
;;;;;;;;;;
;;;;;;;;;;
;;;;;;;;;;
;;;;;;;;;;
;;;;;;;;;;
;;;;;;;;;;
;;;;;;;;;;
;;;;;;;;;;
;;;;;;;;;;
;;;;;;;;;;
;;;;;;;;;;
;;;;;;;;;;
;;;;;;;;;;
;;;;;;;;;;
;;;;;;;;;;
;;;;;;;;;;
;;;;;;;;;;
;;;;;;;;;;
;;;;;;;;;;
;;;;;;;;;;
;;;;;;;;;;
;;;;;;;;;;
;;;;;;;;;;
;;;;;;;;;;
;;;;;;;;;;
;;;;;;;;;;
;;;;;;;;;;
;;;;;;;;;;
;;;;;;;;;;
;;;;;;;;;;
;;;;;;;;;;
;;;;;;;;;;
;;;;;;;;;;
;;;;;;;;;;
;;;;;;;;;;
;;;;;;;;;;
;;;;;;;;;;
;;;;;;;;;;
;;;;;;;;;;
;;;;;;;;;;
;;;;;;;;;;
;;;;;;;;;;
;;;;;;;;;;
;;;;;;;;;;
;;;;;;;;;;
;;;;;;;;;;
;;;;;;;;;;
;;;;;;;;;;
;;;;;;;;;;
;;;;;;;;;;
;;;;;;;;;;
;;;;;;;;;;
;;;;;;;;;;
;;;;;;;;;;
;;;;;;;;;;
;;;;;;;;;;
;;;;;;;;;;
;;;;;;;;;;
;;;;;;;;;;
;;;;;;;;;;
;;;;;;;;;;
;;;;;;;;;;
;;;;;;;;;;
;;;;;;;;;;
;;;;;;;;;;
;;;;;;;;;;
;;;;;;;;;;
;;;;;;;;;;
;;;;;;;;;;
;;;;;;;;;;
;;;;;;;;;;
;;;;;;;;;;
;;;;;;;;;;
;;;;;;;;;;
;;;;;;;;;;
;;;;;;;;;;
;;;;;;;;;;
;;;;;;;;;;
;;;;;;;;;;
;;;;;;;;;;
;;;;;;;;;;
;;;;;;;;;;
;;;;;;;;;;
;;;;;;;;;;
;;;;;;;;;;
;;;;;;;;;;
;;;;;;;;;;
;;;;;;;;;;
;;;;;;;;;;
;;;;;;;;;;
;;;;;;;;;;
;;;;;;;;;;
;;;;;;;;;;
;;;;;;;;;;
;;;;;;;;;;
;;;;;;;;;;
;;;;;;;;;;
;;;;;;;;;;
;;;;;;;;;;
;;;;;;;;;;
;;;;;;;;;;
;;;;;;;;;;
;;;;;;;;;;
;;;;;;;;;;
;;;;;;;;;;
;;;;;;;;;;
;;;;;;;;;;
;;;;;;;;;;
;;;;;;;;;;
;;;;;;;;;;
;;;;;;;;;;
;;;;;;;;;;
;;;;;;;;;;
;;;;;;;;;;
;;;;;;;;;;
;;;;;;;;;;
;;;;;;;;;;
;;;;;;;;;;
;;;;;;;;;;
;;;;;;;;;;
;;;;;;;;;;
;;;;;;;;;;
;;;;;;;;;;
;;;;;;;;;;
;;;;;;;;;;
;;;;;;;;;;
;;;;;;;;;;
;;;;;;;;;;
;;;;;;;;;;
;;;;;;;;;;
;;;;;;;;;;
;;;;;;;;;;
;;;;;;;;;;
;;;;;;;;;;
;;;;;;;;;;
;;;;;;;;;;
;;;;;;;;;;
;;;;;;;;;;
;;;;;;;;;;
;;;;;;;;;;
;;;;;;;;;;
;;;;;;;;;;
;;;;;;;;;;
;;;;;;;;;;
;;;;;;;;;;
;;;;;;;;;;
;;;;;;;;;;
;;;;;;;;;;
;;;;;;;;;;
;;;;;;;;;;
;;;;;;;;;;
;;;;;;;;;;
;;;;;;;;;;
;;;;;;;;;;
;;;;;;;;;;
;;;;;;;;;;
;;;;;;;;;;
;;;;;;;;;;
;;;;;;;;;;
;;;;;;;;;;
;;;;;;;;;;
;;;;;;;;;;
;;;;;;;;;;
;;;;;;;;;;
;;;;;;;;;;
;;;;;;;;;;
;;;;;;;;;;
;;;;;;;;;;
;;;;;;;;;;
;;;;;;;;;;
;;;;;;;;;;
;;;;;;;;;;
;;;;;;;;;;
;;;;;;;;;;
;;;;;;;;;;
;;;;;;;;;;
;;;;;;;;;;
;;;;;;;;;;
;;;;;;;;;;
;;;;;;;;;;
;;;;;;;;;;
;;;;;;;;;;
;;;;;;;;;;
;;;;;;;;;;
;;;;;;;;;;
;;;;;;;;;;
;;;;;;;;;;
;;;;;;;;;;
;;;;;;;;;;
;;;;;;;;;;
;;;;;;;;;;
;;;;;;;;;;
;;;;;;;;;;
;;;;;;;;;;
;;;;;;;;;;
;;;;;;;;;;
;;;;;;;;;;
;;;;;;;;;;
;;;;;;;;;;
;;;;;;;;;;
;;;;;;;;;;
;;;;;;;;;;
;;;;;;;;;;
;;;;;;;;;;
;;;;;;;;;;
;;;;;;;;;;
;;;;;;;;;;
;;;;;;;;;;
;;;;;;;;;;
;;;;;;;;;;
;;;;;;;;;;
;;;;;;;;;;
;;;;;;;;;;
;;;;;;;;;;
;;;;;;;;;;
;;;;;;;;;;
;;;;;;;;;;
;;;;;;;;;;
;;;;;;;;;;
;;;;;;;;;;
;;;;;;;;;;
;;;;;;;;;;
;;;;;;;;;;
;;;;;;;;;;
;;;;;;;;;;
;;;;;;;;;;
;;;;;;;;;;
;;;;;;;;;;
;;;;;;;;;;
;;;;;;;;;;
;;;;;;;;;;
;;;;;;;;;;
;;;;;;;;;;
;;;;;;;;;;
;;;;;;;;;;
;;;;;;;;;;
;;;;;;;;;;
;;;;;;;;;;
;;;;;;;;;;
;;;;;;;;;;
;;;;;;;;;;
;;;;;;;;;;
;;;;;;;;;;
;;;;;;;;;;
;;;;;;;;;;
;;;;;;;;;;
;;;;;;;;;;
;;;;;;;;;;
;;;;;;;;;;
;;;;;;;;;;
;;;;;;;;;;
;;;;;;;;;;
;;;;;;;;;;
;;;;;;;;;;
;;;;;;;;;;
;;;;;;;;;;
;;;;;;;;;;
;;;;;;;;;;
;;;;;;;;;;
;;;;;;;;;;
;;;;;;;;;;
;;;;;;;;;;
;;;;;;;;;;
;;;;;;;;;;
;;;;;;;;;;
;;;;;;;;;;
;;;;;;;;;;
;;;;;;;;;;
;;;;;;;;;;
;;;;;;;;;;
;;;;;;;;;;
;;;;;;;;;;
;;;;;;;;;;
;;;;;;;;;;
;;;;;;;;;;
;;;;;;;;;;
;;;;;;;;;;
;;;;;;;;;;
;;;;;;;;;;
;;;;;;;;;;
;;;;;;;;;;
;;;;;;;;;;
;;;;;;;;;;
;;;;;;;;;;
;;;;;;;;;;
;;;;;;;;;;
;;;;;;;;;;
;;;;;;;;;;
;;;;;;;;;;
;;;;;;;;;;
;;;;;;;;;;
;;;;;;;;;;
;;;;;;;;;;
;;;;;;;;;;
;;;;;;;;;;
;;;;;;;;;;
;;;;;;;;;;
;;;;;;;;;;
;;;;;;;;;;
;;;;;;;;;;
;;;;;;;;;;
;;;;;;;;;;
;;;;;;;;;;
;;;;;;;;;;
;;;;;;;;;;
;;;;;;;;;;
;;;;;;;;;;
;;;;;;;;;;
;;;;;;;;;;
;;;;;;;;;;
;;;;;;;;;;
;;;;;;;;;;
;;;;;;;;;;
;;;;;;;;;;
;;;;;;;;;;
;;;;;;;;;;
;;;;;;;;;;
;;;;;;;;;;
;;;;;;;;;;
;;;;;;;;;;
;;;;;;;;;;
;;;;;;;;;;
;;;;;;;;;;
;;;;;;;;;;
;;;;;;;;;;
;;;;;;;;;;
;;;;;;;;;;
;;;;;;;;;;
;;;;;;;;;;
;;;;;;;;;;
;;;;;;;;;;
;;;;;;;;;;
;;;;;;;;;;
;;;;;;;;;;
;;;;;;;;;;
;;;;;;;;;;
;;;;;;;;;;
;;;;;;;;;;
;;;;;;;;;;
;;;;;;;;;;
;;;;;;;;;;
;;;;;;;;;;
;;;;;;;;;;
;;;;;;;;;;
;;;;;;;;;;
;;;;;;;;;;
;;;;;;;;;;
;;;;;;;;;;
;;;;;;;;;;
;;;;;;;;;;
;;;;;;;;;;
;;;;;;;;;;
;;;;;;;;;;
;;;;;;;;;;
;;;;;;;;;;
;;;;;;;;;;
;;;;;;;;;;
;;;;;;;;;;
;;;;;;;;;;
;;;;;;;;;;
;;;;;;;;;;
;;;;;;;;;;
;;;;;;;;;;
;;;;;;;;;;
;;;;;;;;;;
;;;;;;;;;;
;;;;;;;;;;
;;;;;;;;;;
;;;;;;;;;;
;;;;;;;;;;
;;;;;;;;;;
;;;;;;;;;;
;;;;;;;;;;
;;;;;;;;;;
;;;;;;;;;;
;;;;;;;;;;
;;;;;;;;;;
;;;;;;;;;;
;;;;;;;;;;
;;;;;;;;;;
;;;;;;;;;;
;;;;;;;;;;
;;;;;;;;;;
;;;;;;;;;;
;;;;;;;;;;
;;;;;;;;;;
;;;;;;;;;;
;;;;;;;;;;
;;;;;;;;;;
;;;;;;;;;;
;;;;;;;;;;
;;;;;;;;;;
;;;;;;;;;;
;;;;;;;;;;
;;;;;;;;;;
;;;;;;;;;;
;;;;;;;;;;
;;;;;;;;;;
;;;;;;;;;;
;;;;;;;;;;
;;;;;;;;;;
;;;;;;;;;;
;;;;;;;;;;
;;;;;;;;;;
;;;;;;;;;;
;;;;;;;;;;
;;;;;;;;;;
;;;;;;;;;;
;;;;;;;;;;
;;;;;;;;;;
;;;;;;;;;;
;;;;;;;;;;
;;;;;;;;;;
;;;;;;;;;;