﻿;;;;;;;;;;
;;;;;;;;;;
;;;;;;;;;;
;;;;;;;;;;
;;;;;;;;;;
Return to Contents;;;;;;;;;;
_;;;;;;;;;;
Table 3a: Appointments by Status, at National, Regional, Sub-Regional, STP and CCG level, England, December 2019;;;;;;;;;;
;;;;Count of Open GP Practices1;Count of Included GP Practices;Count of Appointments;;"Count of Appointments by 
Appointment Status";;
Type;NHS Area Code;ONS Code;Name;;;Total;;Attended;DNA;Unknown2
Type;NHS Area Code;ONS Code;Name;Open Active Practices;Included Practices;Total;_;Attended;DNA;Unknown
National;ENG;ENG;England;6 826;6 529;23 309 384;;20 851 422;1 247 763;1 210 199
Region;Y56;E40000003;London;1 257;1 173;3 182 995;;2 827 988;221 601;133 406
Region;Y58;E40000006;South West;579;558;2 674 693;;2 403 092;127 959;143 642
Region;Y59;E40000005;South East;887;837;3 468 022;;3 151 629;156 839;159 554
Region;Y60;E40000008;Midlands;1 331;1 300;4 565 858;;4 077 566;250 100;238 192
Region;Y61;E40000007;East of England;694;676;2 757 882;;2 463 561;125 679;168 642
Region;Y62;E40000010;North West;1 035;959;2 715 380;;2 422 880;166 533;125 967
Region;Y63;E40000009;North East and Yorkshire;1 043;1 026;3 944 554;;3 504 706;199 052;240 796
Regional Local Office;Q71;E39000018;NHS England London;1 257;1 173;3 182 995;;2 827 988;221 601;133 406
Regional Local Office;Q72;E39000048;NHS England North East and Yorkshire (Yorkshire and Humber);648;639;2 524 524;;2 240 853;122 541;161 130
Regional Local Office;Q74;E39000047;NHS England North East and Yorkshire (Cumbria and North East);395;387;1 420 030;;1 263 853;76 511;79 666
Regional Local Office;Q75;E39000026;NHS England North West (Cheshire and Merseyside);367;353;999 268;;893 268;59 164;46 836
Regional Local Office;Q76;E39000032;NHS England Midlands (North Midlands);453;447;1 583 766;;1 417 730;75 923;90 113
Regional Local Office;Q77;E39000033;NHS England Midlands (West Midlands);587;569;1 810 667;;1 615 180;117 901;77 586
Regional Local Office;Q78;E39000045;NHS England Midlands (Central Midlands);291;284;1 171 425;;1 044 656;56 276;70 493
Regional Local Office;Q79;E39000046;NHS England East of England (East);694;676;2 757 882;;2 463 561;125 679;168 642
Regional Local Office;Q83;E39000037;NHS England North West (Greater Manchester);456;406;1 064 142;;939 614;72 123;52 405
Regional Local Office;Q84;E39000040;NHS England North West (Lancashire and South Cumbria);212;200;651 970;;589 998;35 246;26 726
Regional Local Office;Q85;E39000044;NHS England South West (South West South);331;319;1 534 563;;1 374 608;75 484;84 471
Regional Local Office;Q86;E39000043;NHS England South West (South West North);248;239;1 140 130;;1 028 484;52 475;59 171
Regional Local Office;Q87;E39000041;NHS England South East (Hampshire, Isle of Wight and Thames Valley);394;372;1 701 356;;1 555 899;76 346;69 111
Regional Local Office;Q88;E39000042;NHS England South East (Kent, Surrey and Sussex);493;465;1 766 666;;1 595 730;80 493;90 443
STP;E54000005;E54000005;West Yorkshire And Harrogate (Health And Care Partnership)  STP;312;308;1 230 086;;1 093 421;57 402;79 263
STP;E54000006;E54000006;Humber, Coast And Vale  STP;145;141;589 585;;527 935;27 041;34 609
STP;E54000007;E54000007;Greater Manchester Health And Social Care Partnership  STP;456;406;1 064 142;;939 614;72 123;52 405
STP;E54000008;E54000008;Cheshire And Merseyside  STP;367;353;999 268;;893 268;59 164;46 836
STP;E54000009;E54000009;South Yorkshire And Bassetlaw  STP;191;190;704 853;;619 497;38 098;47 258
STP;E54000010;E54000010;Staffordshire And Stoke On Trent  STP;152;149;419 001;;378 077;21 803;19 121
STP;E54000011;E54000011;Shropshire And Telford And Wrekin  STP;54;54;211 237;;193 750;10 257;7 230
STP;E54000012;E54000012;Joined Up Care Derbyshire  STP;115;114;476 859;;425 278;20 151;31 430
STP;E54000013;E54000013;Lincolnshire  STP;86;85;347 612;;311 774;16 199;19 639
STP;E54000014;E54000014;Nottingham And Nottinghamshire Health And Care  STP;132;130;476 669;;420 625;23 712;32 332
STP;E54000015;E54000015;Leicester, Leicestershire And Rutland  STP;134;132;497 536;;444 621;25 498;27 417
STP;E54000016;E54000016;The Black Country And West Birmingham  STP;214;209;558 382;;488 189;42 804;27 389
STP;E54000017;E54000017;Birmingham And Solihull  STP;165;158;506 278;;442 284;38 530;25 464
STP;E54000018;E54000018;Coventry And Warwickshire  STP;125;122;382 429;;348 045;20 324;14 060
STP;E54000019;E54000019;Herefordshire And Worcestershire  STP;83;80;363 578;;336 662;16 243;10 673
STP;E54000020;E54000020;Northamptonshire  STP;71;67;326 277;;288 261;14 579;23 437
STP;E54000021;E54000021;Cambridgeshire And Peterborough  STP;88;87;422 175;;378 718;20 882;22 575
STP;E54000022;E54000022;Norfolk And Waveney Health And Care Partnership  STP;105;103;491 272;;439 587;21 356;30 329
STP;E54000023;E54000023;Suffolk And North East Essex  STP;99;96;445 678;;403 250;17 002;25 426
STP;E54000024;E54000024;Bedfordshire, Luton And Milton Keynes  STP;100;99;400 848;;355 641;20 330;24 877
STP;E54000025;E54000025;Hertfordshire And West Essex  STP;146;141;549 873;;487 026;27 590;35 257
STP;E54000026;E54000026;Mid And South Essex  STP;156;150;448 036;;399 339;18 519;30 178
STP;E54000027;E54000027;North West London Health And Care Partnership  STP;361;353;866 121;;767 803;57 138;41 180
STP;E54000028;E54000028;North London Partners In Health And Care  STP;208;172;453 735;;405 048;32 116;16 571
STP;E54000029;E54000029;East London Health And Care Partnership  STP;284;272;727 670;;643 363;56 557;27 750
STP;E54000030;E54000030;Our Healthier South East London  STP;219;204;604 834;;532 191;43 147;29 496
STP;E54000031;E54000031;South West London Health And Care Partnership  STP;185;172;530 635;;479 583;32 643;18 409
STP;E54000032;E54000032;Kent And Medway  STP;210;188;665 693;;598 524;33 107;34 062
STP;E54000033;E54000033;Sussex And East Surrey  STP;194;191;791 864;;714 329;33 973;43 562
STP;E54000034;E54000034;Frimley Health  STP;74;67;277 311;;254 686;12 772;9 853
STP;E54000035;E54000035;Surrey Heartlands  STP;89;86;309 109;;282 877;13 413;12 819
STP;E54000036;E54000036;Cornwall And The Isles Of Scilly  STP;59;57;314 179;;274 327;22 399;17 453
STP;E54000037;E54000037;Devon  STP;127;122;630 015;;569 519;26 336;34 160
STP;E54000038;E54000038;Somerset  STP;65;60;228 019;;207 398;11 196;9 425
STP;E54000039;E54000039;Bristol, North Somerset And South Gloucestershire  STP;80;76;411 735;;376 682;22 418;12 635
STP;E54000040;E54000040;Bath And North East Somerset, Swindon And Wiltshire  STP;93;92;437 344;;390 746;17 501;29 097
STP;E54000041;E54000041;Dorset  STP;80;80;362 350;;323 364;15 553;23 433
STP;E54000042;E54000042;Hampshire And The Isle Of Wight  STP;156;150;722 216;;654 359;34 092;33 765
STP;E54000043;E54000043;Gloucestershire  STP;75;71;291 051;;261 056;12 556;17 439
STP;E54000044;E54000044;Buckinghamshire, Oxfordshire And Berkshire West  STP;164;155;701 829;;646 854;29 482;25 493
STP;E54000048;E54000048;Healthier Lancashire And South Cumbria  STP;212;200;651 970;;589 998;35 246;26 726
STP;E54000049;E54000049;Cumbria And North East  STP;395;387;1 420 030;;1 263 853;76 511;79 666
CCG;00C;E38000042;NHS Darlington CCG;11;11;45 994;;40 059;2 682;3 253
CCG;00D;E38000047;NHS Durham Dales, Easington and Sedgefield CCG;34;34;153 267;;134 493;8 004;10 770
CCG;00J;E38000116;NHS North Durham CCG;30;30;126 099;;112 599;5 880;7 620
CCG;00K;E38000075;NHS Hartlepool and Stockton-on-Tees CCG;32;32;118 951;;103 605;7 176;8 170
CCG;00L;E38000130;NHS Northumberland CCG;41;40;152 535;;137 095;6 451;8 989
CCG;00M;E38000162;NHS South Tees CCG;38;35;139 483;;122 451;7 976;9 056
CCG;00N;E38000163;NHS South Tyneside CCG;21;21;56 623;;51 453;3 179;1 991
CCG;00P;E38000176;NHS Sunderland CCG;40;39;113 764;;102 108;7 780;3 876
CCG;00Q;E38000014;NHS Blackburn with Darwen CCG;23;22;57 855;;51 121;4 192;2 542
CCG;00R;E38000015;NHS Blackpool CCG;18;17;74 575;;67 610;4 718;2 247
CCG;00T;E38000016;NHS Bolton CCG;49;48;130 550;;113 920;9 634;6 996
CCG;00V;E38000024;NHS Bury CCG;26;4;14 901;;12 762;755;1 384
CCG;00X;E38000034;NHS Chorley and South Ribble CCG;30;27;65 862;;59 755;2 925;3 182
CCG;00Y;E38000135;NHS Oldham CCG;43;41;95 450;;85 908;6 118;3 424
CCG;01A;E38000050;NHS East Lancashire CCG;49;47;139 214;;124 832;8 453;5 929
CCG;01C;E38000056;NHS Eastern Cheshire CCG;21;19;74 637;;68 430;3 675;2 532
CCG;01D;E38000080;NHS Heywood, Middleton and Rochdale CCG;41;36;88 094;;78 891;5 782;3 421
CCG;01E;E38000227;NHS Greater Preston CCG;23;22;63 663;;56 989;3 556;3 118
CCG;01F;E38000068;NHS Halton CCG;14;14;54 116;;46 914;3 403;3 799
CCG;01G;E38000143;NHS Salford CCG;44;40;114 757;;96 444;8 226;10 087
CCG;01H;E38000215;NHS North Cumbria CCG;39;39;160 273;;146 276;7 020;6 977
CCG;01J;E38000091;NHS Knowsley CCG;25;25;65 961;;58 355;5 062;2 544
CCG;01K;E38000228;NHS Morecambe Bay CCG;35;33;135 794;;124 603;6 601;4 590
CCG;01R;E38000151;NHS South Cheshire CCG;17;17;74 698;;67 482;3 924;3 292
CCG;01T;E38000161;NHS South Sefton CCG;31;29;46 896;;42 120;3 152;1 624
CCG;01V;E38000170;NHS Southport and Formby CCG;17;17;47 456;;42 783;2 155;2 518
CCG;01W;E38000174;NHS Stockport CCG;37;34;116 741;;105 051;7 274;4 416
CCG;01X;E38000172;NHS St Helens CCG;34;33;67 577;;60 387;4 021;3 169
CCG;01Y;E38000182;NHS Tameside and Glossop CCG;37;37;96 426;;85 993;6 779;3 654
CCG;02A;E38000187;NHS Trafford CCG;31;27;74 421;;67 165;4 051;3 205
CCG;02D;E38000189;NHS Vale Royal CCG;12;12;39 901;;35 288;2 343;2 270
CCG;02E;E38000194;NHS Warrington CCG;26;26;82 736;;75 225;3 550;3 961
CCG;02F;E38000196;NHS West Cheshire CCG;33;28;100 932;;91 776;5 503;3 653
CCG;02G;E38000200;NHS West Lancashire CCG;15;14;41 321;;37 221;2 024;2 076
CCG;02H;E38000205;NHS Wigan Borough CCG;61;59;115 867;;102 633;6 323;6 911
CCG;02M;E38000226;NHS Fylde and Wyre CCG;19;18;73 686;;67 867;2 777;3 042
CCG;02N;E38000001;NHS Airedale, Wharfedale and Craven CCG;16;16;85 881;;76 730;3 233;5 918
CCG;02P;E38000006;NHS Barnsley CCG;33;33;113 018;;100 996;5 839;6 183
CCG;02Q;E38000008;NHS Bassetlaw CCG;9;9;55 770;;50 136;2 632;3 002
CCG;02R;E38000019;NHS Bradford Districts CCG;31;31;159 541;;140 906;6 446;12 189
CCG;02T;E38000025;NHS Calderdale CCG;26;25;95 390;;84 452;4 212;6 726
CCG;02W;E38000018;NHS Bradford City CCG;25;25;74 042;;64 091;5 099;4 852
CCG;02X;E38000044;NHS Doncaster CCG;40;39;141 832;;127 189;7 684;6 959
CCG;02Y;E38000052;NHS East Riding of Yorkshire CCG;29;27;124 317;;113 005;4 993;6 319
CCG;03A;E38000064;NHS Greater Huddersfield CCG;37;37;100 583;;90 505;4 921;5 157
CCG;03D;E38000069;NHS Hambleton, Richmondshire and Whitby CCG;22;21;65 347;;58 461;2 698;4 188
CCG;03E;E38000073;NHS Harrogate and Rural District CCG;17;17;72 670;;66 689;2 550;3 431
CCG;03F;E38000085;NHS Hull CCG;33;33;108 763;;95 289;7 378;6 096
CCG;03H;E38000119;NHS North East Lincolnshire CCG;26;25;80 908;;72 589;3 758;4 561
CCG;03J;E38000121;NHS North Kirklees CCG;28;27;82 618;;73 172;4 573;4 873
CCG;03K;E38000122;NHS North Lincolnshire CCG;19;19;81 517;;72 713;2 865;5 939
CCG;03L;E38000141;NHS Rotherham CCG;30;30;121 642;;105 180;6 180;10 282
CCG;03M;E38000145;NHS Scarborough and Ryedale CCG;12;12;57 843;;50 329;2 586;4 928
CCG;03N;E38000146;NHS Sheffield CCG;79;79;272 591;;235 996;15 763;20 832
CCG;03Q;E38000188;NHS Vale of York CCG;26;25;136 237;;124 010;5 461;6 766
CCG;03R;E38000190;NHS Wakefield CCG;37;35;184 766;;163 225;7 436;14 105
CCG;03T;E38000099;NHS Lincolnshire East CCG;26;26;111 767;;100 626;5 570;5 571
CCG;03V;E38000037;NHS Corby CCG;6;5;31 424;;26 709;1 502;3 213
CCG;03W;E38000051;NHS East Leicestershire and Rutland CCG;31;29;157 751;;142 177;6 975;8 599
CCG;04C;E38000097;NHS Leicester City CCG;57;57;163 603;;143 681;10 734;9 188
CCG;04D;E38000100;NHS Lincolnshire West CCG;30;29;91 147;;80 736;4 700;5 711
CCG;04E;E38000103;NHS Mansfield and Ashfield CCG;26;26;92 116;;79 898;4 703;7 515
CCG;04F;E38000107;NHS Milton Keynes CCG;26;26;116 842;;104 929;5 361;6 552
CCG;04G;E38000108;NHS Nene CCG;65;62;294 853;;261 552;13 077;20 224
CCG;04H;E38000109;NHS Newark and Sherwood CCG;14;14;62 255;;55 773;2 744;3 738
CCG;04K;E38000132;NHS Nottingham City CCG;51;49;150 361;;130 740;9 101;10 520
CCG;04L;E38000133;NHS Nottingham North and East CCG;17;17;62 354;;55 041;2 829;4 484
CCG;04M;E38000134;NHS Nottingham West CCG;12;12;49 287;;44 160;2 264;2 863
CCG;04N;E38000142;NHS Rushcliffe CCG;12;12;60 296;;55 013;2 071;3 212
CCG;04Q;E38000165;NHS South West  Lincolnshire CCG;17;17;59 866;;53 627;2 812;3 427
CCG;04V;E38000201;NHS West Leicestershire CCG;46;46;176 182;;158 763;7 789;9 630
CCG;04Y;E38000028;NHS Cannock Chase CCG;24;23;51 123;;45 927;2 554;2 642
CCG;05A;E38000038;NHS Coventry and Rugby CCG;66;65;180 554;;162 163;11 636;6 755
CCG;05C;E38000046;NHS Dudley CCG;43;43;118 783;;105 348;7 304;6 131
CCG;05D;E38000053;NHS East Staffordshire CCG;18;17;55 636;;49 948;2 275;3 413
CCG;05F;E38000078;NHS Herefordshire CCG;20;20;87 362;;81 130;3 746;2 486
CCG;05G;E38000126;NHS North Staffordshire CCG;30;30;76 634;;70 166;3 056;3 412
CCG;05H;E38000195;NHS Warwickshire North CCG;26;25;70 365;;64 058;3 519;2 788
CCG;05J;E38000139;NHS Redditch and Bromsgrove CCG;21;21;75 259;;69 939;3 568;1 752
CCG;05L;E38000144;NHS Sandwell and West Birmingham CCG;81;79;224 523;;192 943;18 877;12 703
CCG;05N;E38000147;NHS Shropshire CCG;41;41;138 645;;127 573;6 033;5 039
CCG;05Q;E38000153;NHS South East Staffordshire and Seisdon Peninsula CCG;26;25;77 993;;71 404;3 868;2 721
CCG;05R;E38000164;NHS South Warwickshire CCG;33;32;131 510;;121 824;5 169;4 517
CCG;05T;E38000166;NHS South Worcestershire CCG;31;28;133 862;;123 297;5 836;4 729
CCG;05V;E38000173;NHS Stafford and Surrounds CCG;14;14;61 347;;56 034;2 877;2 436
CCG;05W;E38000175;NHS Stoke on Trent CCG;40;40;96 268;;84 598;7 173;4 497
CCG;05X;E38000183;NHS Telford and Wrekin CCG;13;13;72 592;;66 177;4 224;2 191
CCG;05Y;E38000191;NHS Walsall CCG;52;50;120 857;;106 889;8 904;5 064
CCG;06A;E38000210;NHS Wolverhampton CCG;38;37;94 219;;83 009;7 719;3 491
CCG;06D;E38000211;NHS Wyre Forest CCG;11;11;67 095;;62 296;3 093;1 706
CCG;06F;E38000010;NHS Bedfordshire CCG;48;47;197 608;;174 632;8 946;14 030
CCG;06H;E38000026;NHS Cambridgeshire and Peterborough CCG;88;87;422 175;;378 718;20 882;22 575
CCG;06K;E38000049;NHS East and North Hertfordshire CCG;57;53;210 988;;183 511;9 411;18 066
CCG;06L;E38000086;NHS Ipswich and East Suffolk CCG;41;40;186 179;;166 820;6 524;12 835
CCG;06M;E38000063;NHS Great Yarmouth and Waveney CCG;19;19;103 016;;91 276;5 843;5 897
CCG;06N;E38000079;NHS Herts Valley CCG;58;57;227 202;;203 949;12 693;10 560
CCG;06P;E38000102;NHS Luton CCG;26;26;86 398;;76 080;6 023;4 295
CCG;06Q;E38000106;NHS Mid Essex CCG;43;39;153 655;;137 374;5 599;10 682
CCG;06T;E38000117;NHS North East Essex CCG;34;32;152 013;;137 410;6 797;7 806
CCG;06V;E38000124;NHS North Norfolk CCG;19;18;81 917;;72 541;3 609;5 767
CCG;06W;E38000218;NHS Norwich CCG;22;22;105 623;;94 172;4 720;6 731
CCG;06Y;E38000219;NHS South Norfolk CCG;24;23;104 101;;94 984;3 524;5 593
CCG;07G;E38000185;NHS Thurrock CCG;27;27;71 813;;64 189;3 456;4 168
CCG;07H;E38000197;NHS West Essex CCG;31;31;111 683;;99 566;5 486;6 631
CCG;07J;E38000203;NHS West Norfolk CCG;21;21;96 615;;86 614;3 660;6 341
CCG;07K;E38000204;NHS West Suffolk CCG;24;24;107 486;;99 020;3 681;4 785
CCG;07L;E38000004;NHS Barking and Dagenham CCG;34;32;73 007;;62 682;6 392;3 933
CCG;07M;E38000005;NHS Barnet CCG;54;43;101 515;;91 677;5 295;4 543
CCG;07N;E38000011;NHS Bexley CCG;23;20;72 427;;64 974;3 612;3 841
CCG;07P;E38000020;NHS Brent CCG;55;52;133 379;;118 807;10 353;4 219
CCG;07Q;E38000023;NHS Bromley CCG;45;43;101 343;;88 478;4 957;7 908
CCG;07R;E38000027;NHS Camden CCG;36;32;79 455;;71 425;5 717;2 313
CCG;07T;E38000035;NHS City and Hackney CCG;40;38;115 398;;103 477;8 624;3 297
CCG;07V;E38000040;NHS Croydon CCG;51;48;134 748;;120 760;9 138;4 850
CCG;07W;E38000048;NHS Ealing CCG;76;74;168 515;;150 612;9 711;8 192
CCG;07X;E38000057;NHS Enfield CCG;47;32;96 071;;84 368;7 281;4 422
CCG;07Y;E38000084;NHS Hounslow CCG;46;46;115 648;;101 926;7 190;6 532
CCG;08A;E38000066;NHS Greenwich CCG;35;33;95 620;;81 813;6 616;7 191
CCG;08C;E38000070;NHS Hammersmith and Fulham CCG;30;28;73 864;;64 138;5 091;4 635
CCG;08D;E38000072;NHS Haringey CCG;37;36;93 524;;83 797;6 835;2 892
CCG;08E;E38000074;NHS Harrow CCG;33;33;97 104;;87 115;5 969;4 020
CCG;08F;E38000077;NHS Havering CCG;42;40;80 464;;71 865;4 566;4 033
CCG;08G;E38000082;NHS Hillingdon CCG;45;45;104 346;;93 958;6 552;3 836
CCG;08H;E38000088;NHS Islington CCG;34;29;83 170;;73 781;6 988;2 401
CCG;08J;E38000090;NHS Kingston CCG;21;21;67 556;;63 020;3 120;1 416
CCG;08K;E38000092;NHS Lambeth CCG;46;38;124 600;;110 218;10 101;4 281
CCG;08L;E38000098;NHS Lewisham CCG;35;35;101 475;;90 531;8 269;2 675
CCG;08M;E38000113;NHS Newham CCG;51;48;131 305;;113 677;12 817;4 811
CCG;08N;E38000138;NHS Redbridge CCG;42;41;104 731;;92 898;6 992;4 841
CCG;08P;E38000140;NHS Richmond CCG;26;21;61 713;;54 368;3 488;3 857
CCG;08Q;E38000171;NHS Southwark CCG;35;35;109 369;;96 177;9 592;3 600
CCG;08R;E38000105;NHS Merton CCG;22;21;64 442;;58 560;4 164;1 718
CCG;08T;E38000179;NHS Sutton CCG;23;22;68 407;;62 754;3 471;2 182
CCG;08V;E38000186;NHS Tower Hamlets CCG;35;34;126 588;;112 688;10 848;3 052
CCG;08W;E38000192;NHS Waltham Forest CCG;40;39;96 177;;86 076;6 318;3 783
CCG;08X;E38000193;NHS Wandsworth CCG;42;39;133 769;;120 121;9 262;4 386
CCG;08Y;E38000202;NHS West London CCG;42;42;101 985;;88 459;7 135;6 391
CCG;09A;E38000031;NHS Central London (Westminster) CCG;34;33;71 280;;62 788;5 137;3 355
CCG;09C;E38000002;NHS Ashford CCG;11;11;65 117;;61 243;2 470;1 404
CCG;09D;E38000021;NHS Brighton and Hove CCG;35;34;110 046;;97 062;5 712;7 272
CCG;09E;E38000029;NHS Canterbury and Coastal CCG;14;14;104 624;;96 423;4 480;3 721
CCG;09F;E38000055;NHS Eastbourne, Hailsham and Seaford CCG;20;20;93 020;;84 598;4 235;4 187
CCG;09G;E38000213;NHS Coastal West Sussex CCG;46;46;224 504;;202 175;8 816;13 513
CCG;09H;E38000039;NHS Crawley CCG;12;12;50 296;;44 706;1 880;3 710
CCG;09J;E38000043;NHS Dartford, Gravesham and Swanley CCG;29;18;58 603;;49 233;3 149;6 221
CCG;09L;E38000054;NHS East Surrey CCG;16;16;70 842;;65 623;3 243;1 976
CCG;09N;E38000214;NHS Guildford and Waverley CCG;21;20;82 126;;75 888;3 802;2 436
CCG;09P;E38000076;NHS Hastings and Rother CCG;23;23;90 134;;82 038;4 349;3 747
CCG;09W;E38000104;NHS Medway CCG;44;44;88 197;;77 464;5 318;5 415
CCG;09X;E38000083;NHS Horsham and Mid Sussex CCG;23;22;84 745;;76 082;3 353;5 310
CCG;09Y;E38000128;NHS North West Surrey CCG;38;36;119 093;;109 041;5 179;4 873
CCG;10A;E38000156;NHS South Kent Coast CCG;28;26;78 614;;70 742;3 755;4 117
CCG;10C;E38000178;NHS Surrey Heath CCG;7;7;42 911;;40 069;1 675;1 167
CCG;10D;E38000180;NHS Swale CCG;16;16;42 301;;37 918;2 660;1 723
CCG;10E;E38000184;NHS Thanet CCG;14;13;53 563;;48 207;2 569;2 787
CCG;10J;E38000120;NHS North Hampshire CCG;15;15;97 722;;90 976;3 621;3 125
CCG;10K;E38000059;NHS Fareham and Gosport CCG;17;17;78 386;;71 992;3 439;2 955
CCG;10L;E38000087;NHS Isle of Wight CCG;15;15;69 940;;58 134;5 290;6 516
CCG;10Q;E38000136;NHS Oxfordshire CCG;68;65;295 861;;273 475;13 282;9 104
CCG;10R;E38000137;NHS Portsmouth CCG;15;15;79 449;;71 069;3 935;4 445
CCG;10V;E38000154;NHS South Eastern Hampshire CCG;20;19;82 175;;74 443;3 839;3 893
CCG;10X;E38000167;NHS Southampton CCG;26;26;104 002;;93 500;6 239;4 263
CCG;11A;E38000198;NHS West Hampshire CCG;48;43;210 542;;194 245;7 729;8 568
CCG;11E;E38000009;NHS Bath and North East Somerset CCG;24;24;90 281;;80 857;3 874;5 550
CCG;11J;E38000045;NHS Dorset CCG;80;80;362 350;;323 364;15 553;23 433
CCG;11M;E38000062;NHS Gloucestershire CCG;75;71;291 051;;261 056;12 556;17 439
CCG;11N;E38000089;NHS Kernow CCG;59;57;314 179;;274 327;22 399;17 453
CCG;11X;E38000150;NHS Somerset CCG;65;60;228 019;;207 398;11 196;9 425
CCG;12D;E38000181;NHS Swindon CCG;22;22;101 636;;86 992;4 783;9 861
CCG;12F;E38000208;NHS Wirral CCG;49;47;143 298;;125 368;8 641;9 289
CCG;13T;E38000212;NHS Newcastle Gateshead CCG;61;59;199 289;;176 683;13 019;9 587
CCG;14L;E38000217;NHS Manchester CCG;87;80;216 935;;190 847;17 181;8 907
CCG;14Y;E38000223;NHS Buckinghamshire CCG;50;46;204 156;;190 865;7 661;5 630
CCG;15A;E38000221;NHS Berkshire West;46;44;201 812;;182 514;8 539;10 759
CCG;15C;E38000222;NHS Bristol, North Somerset and South Gloucestershire CCG;80;76;411 735;;376 682;22 418;12 635
CCG;15D;E38000224;NHS East Berkshire CCG;47;42;156 734;;142 676;7 884;6 174
CCG;15E;E38000220;NHS Birmingham and Solihull CCG;165;158;506 278;;442 284;38 530;25 464
CCG;15F;E38000225;NHS Leeds CCG;95;95;374 595;;333 651;18 932;22 012
CCG;15M;E38000229;NHS Derby and Derbyshire CCG;115;114;476 859;;425 278;20 151;31 430
CCG;15N;E38000230;NHS Devon CCG;127;122;630 015;;569 519;26 336;34 160
CCG;99A;E38000101;NHS Liverpool CCG;88;86;201 060;;179 140;13 735;8 185
CCG;99C;E38000127;NHS North Tyneside CCG;26;26;88 405;;78 570;4 646;5 189
CCG;99D;E38000157;NHS South Lincolnshire CCG;13;13;84 832;;76 785;3 117;4 930
CCG;99E;E38000007;NHS Basildon and Brentwood CCG;35;35;96 870;;86 048;4 175;6 647
CCG;99F;E38000030;NHS Castle Point and Rochford CCG;23;22;61 892;;55 564;2 210;4 118
CCG;99G;E38000168;NHS Southend CCG;28;27;63 806;;56 164;3 079;4 563
CCG;99H;E38000177;NHS Surrey Downs CCG;30;30;107 890;;97 948;4 432;5 510
CCG;99J;E38000199;NHS West Kent CCG;54;46;174 674;;157 294;8 706;8 674
CCG;99K;E38000081;NHS High Weald Lewes Havens CCG;19;18;68 277;;62 045;2 385;3 847
CCG;99M;E38000118;NHS North East Hampshire and Farnham CCG;20;18;77 666;;71 941;3 213;2 512
CCG;99N;E38000206;NHS Wiltshire CCG;47;46;245 427;;222 897;8 844;13 686
;;;;;;;;;;
Source: NHS Digital;;;;;;;;;;
;;;;;;;;;;
Notes:;;;;;;;;;;
1;CCGs are only included if there is data for more than one practice within the CCG, therefore the total count of open GP practices by CCG may not equal the national total;;;;;;;;;
2;"At the time of the appointment a ‘Booked’ status will usually be changed to either ‘Attended’ or ‘DNA’. In some cases (4-7% of monthly appointments), the final status of an appointment remains as ‘Booked’. It is not known from the data whether these appointments were actually attended or not. From a sample audit these were found to be consultations where the status has not been updated to say if patients had attended or not. 
For this reason, these appointments are reported as ""Unknown"" status";;;;;;;;;
_;;;;;;;;;;
Copyright © 2020 Health and Social Care Information Centre. The Health and Social Care Information Centre is a non-departmental body created by statute, also known as NHS Digital.;;;;;;;;;;
;;;;;;;;;;
;;;;;;;;;;
;;;;;;;;;;
;;;;;;;;;;
;;;;;;;;;;
;;;;;;;;;;
;;;;;;;;;;
;;;;;;;;;;
;;;;;;;;;;
;;;;;;;;;;
;;;;;;;;;;
;;;;;;;;;;
;;;;;;;;;;
;;;;;;;;;;
;;;;;;;;;;
;;;;;;;;;;
;;;;;;;;;;
;;;;;;;;;;
;;;;;;;;;;
;;;;;;;;;;
;;;;;;;;;;
;;;;;;;;;;
;;;;;;;;;;
;;;;;;;;;;
;;;;;;;;;;
;;;;;;;;;;
;;;;;;;;;;
;;;;;;;;;;
;;;;;;;;;;
;;;;;;;;;;
;;;;;;;;;;
;;;;;;;;;;
;;;;;;;;;;
;;;;;;;;;;
;;;;;;;;;;
;;;;;;;;;;
;;;;;;;;;;
;;;;;;;;;;
;;;;;;;;;;
;;;;;;;;;;
;;;;;;;;;;
;;;;;;;;;;
;;;;;;;;;;
;;;;;;;;;;
;;;;;;;;;;
;;;;;;;;;;
;;;;;;;;;;
;;;;;;;;;;
;;;;;;;;;;
;;;;;;;;;;
;;;;;;;;;;
;;;;;;;;;;
;;;;;;;;;;
;;;;;;;;;;
;;;;;;;;;;
;;;;;;;;;;
;;;;;;;;;;
;;;;;;;;;;
;;;;;;;;;;
;;;;;;;;;;
;;;;;;;;;;
;;;;;;;;;;
;;;;;;;;;;
;;;;;;;;;;
;;;;;;;;;;
;;;;;;;;;;
;;;;;;;;;;
;;;;;;;;;;
;;;;;;;;;;
;;;;;;;;;;
;;;;;;;;;;
;;;;;;;;;;
;;;;;;;;;;
;;;;;;;;;;
;;;;;;;;;;
;;;;;;;;;;
;;;;;;;;;;
;;;;;;;;;;
;;;;;;;;;;
;;;;;;;;;;
;;;;;;;;;;
;;;;;;;;;;
;;;;;;;;;;
;;;;;;;;;;
;;;;;;;;;;
;;;;;;;;;;
;;;;;;;;;;
;;;;;;;;;;
;;;;;;;;;;
;;;;;;;;;;
;;;;;;;;;;
;;;;;;;;;;
;;;;;;;;;;
;;;;;;;;;;
;;;;;;;;;;
;;;;;;;;;;
;;;;;;;;;;
;;;;;;;;;;
;;;;;;;;;;
;;;;;;;;;;
;;;;;;;;;;
;;;;;;;;;;
;;;;;;;;;;
;;;;;;;;;;
;;;;;;;;;;
;;;;;;;;;;
;;;;;;;;;;
;;;;;;;;;;
;;;;;;;;;;
;;;;;;;;;;
;;;;;;;;;;
;;;;;;;;;;
;;;;;;;;;;
;;;;;;;;;;
;;;;;;;;;;
;;;;;;;;;;
;;;;;;;;;;
;;;;;;;;;;
;;;;;;;;;;
;;;;;;;;;;
;;;;;;;;;;
;;;;;;;;;;
;;;;;;;;;;
;;;;;;;;;;
;;;;;;;;;;
;;;;;;;;;;
;;;;;;;;;;
;;;;;;;;;;
;;;;;;;;;;
;;;;;;;;;;
;;;;;;;;;;
;;;;;;;;;;
;;;;;;;;;;
;;;;;;;;;;
;;;;;;;;;;
;;;;;;;;;;
;;;;;;;;;;
;;;;;;;;;;
;;;;;;;;;;
;;;;;;;;;;
;;;;;;;;;;
;;;;;;;;;;
;;;;;;;;;;
;;;;;;;;;;
;;;;;;;;;;
;;;;;;;;;;
;;;;;;;;;;
;;;;;;;;;;
;;;;;;;;;;
;;;;;;;;;;
;;;;;;;;;;
;;;;;;;;;;
;;;;;;;;;;
;;;;;;;;;;
;;;;;;;;;;
;;;;;;;;;;
;;;;;;;;;;
;;;;;;;;;;
;;;;;;;;;;
;;;;;;;;;;
;;;;;;;;;;
;;;;;;;;;;
;;;;;;;;;;
;;;;;;;;;;
;;;;;;;;;;
;;;;;;;;;;
;;;;;;;;;;
;;;;;;;;;;
;;;;;;;;;;
;;;;;;;;;;
;;;;;;;;;;
;;;;;;;;;;
;;;;;;;;;;
;;;;;;;;;;
;;;;;;;;;;
;;;;;;;;;;
;;;;;;;;;;
;;;;;;;;;;
;;;;;;;;;;
;;;;;;;;;;
;;;;;;;;;;
;;;;;;;;;;
;;;;;;;;;;
;;;;;;;;;;
;;;;;;;;;;
;;;;;;;;;;
;;;;;;;;;;
;;;;;;;;;;
;;;;;;;;;;
;;;;;;;;;;
;;;;;;;;;;
;;;;;;;;;;
;;;;;;;;;;
;;;;;;;;;;
;;;;;;;;;;
;;;;;;;;;;
;;;;;;;;;;
;;;;;;;;;;
;;;;;;;;;;
;;;;;;;;;;
;;;;;;;;;;
;;;;;;;;;;
;;;;;;;;;;
;;;;;;;;;;
;;;;;;;;;;
;;;;;;;;;;
;;;;;;;;;;
;;;;;;;;;;
;;;;;;;;;;
;;;;;;;;;;
;;;;;;;;;;
;;;;;;;;;;
;;;;;;;;;;
;;;;;;;;;;
;;;;;;;;;;
;;;;;;;;;;
;;;;;;;;;;
;;;;;;;;;;
;;;;;;;;;;
;;;;;;;;;;
;;;;;;;;;;
;;;;;;;;;;
;;;;;;;;;;
;;;;;;;;;;
;;;;;;;;;;
;;;;;;;;;;
;;;;;;;;;;
;;;;;;;;;;
;;;;;;;;;;
;;;;;;;;;;
;;;;;;;;;;
;;;;;;;;;;
;;;;;;;;;;
;;;;;;;;;;
;;;;;;;;;;
;;;;;;;;;;
;;;;;;;;;;
;;;;;;;;;;
;;;;;;;;;;
;;;;;;;;;;
;;;;;;;;;;
;;;;;;;;;;
;;;;;;;;;;
;;;;;;;;;;
;;;;;;;;;;
;;;;;;;;;;
;;;;;;;;;;
;;;;;;;;;;
;;;;;;;;;;
;;;;;;;;;;
;;;;;;;;;;
;;;;;;;;;;
;;;;;;;;;;
;;;;;;;;;;
;;;;;;;;;;
;;;;;;;;;;
;;;;;;;;;;
;;;;;;;;;;
;;;;;;;;;;
;;;;;;;;;;
;;;;;;;;;;
;;;;;;;;;;
;;;;;;;;;;
;;;;;;;;;;
;;;;;;;;;;
;;;;;;;;;;
;;;;;;;;;;
;;;;;;;;;;
;;;;;;;;;;
;;;;;;;;;;
;;;;;;;;;;
;;;;;;;;;;
;;;;;;;;;;
;;;;;;;;;;
;;;;;;;;;;
;;;;;;;;;;
;;;;;;;;;;
;;;;;;;;;;
;;;;;;;;;;
;;;;;;;;;;
;;;;;;;;;;
;;;;;;;;;;
;;;;;;;;;;
;;;;;;;;;;
;;;;;;;;;;
;;;;;;;;;;
;;;;;;;;;;
;;;;;;;;;;
;;;;;;;;;;
;;;;;;;;;;
;;;;;;;;;;
;;;;;;;;;;
;;;;;;;;;;
;;;;;;;;;;
;;;;;;;;;;
;;;;;;;;;;
;;;;;;;;;;
;;;;;;;;;;
;;;;;;;;;;
;;;;;;;;;;
;;;;;;;;;;
;;;;;;;;;;
;;;;;;;;;;
;;;;;;;;;;
;;;;;;;;;;
;;;;;;;;;;
;;;;;;;;;;
;;;;;;;;;;
;;;;;;;;;;
;;;;;;;;;;
;;;;;;;;;;
;;;;;;;;;;
;;;;;;;;;;
;;;;;;;;;;
;;;;;;;;;;
;;;;;;;;;;
;;;;;;;;;;
;;;;;;;;;;
;;;;;;;;;;
;;;;;;;;;;
;;;;;;;;;;
;;;;;;;;;;
;;;;;;;;;;
;;;;;;;;;;
;;;;;;;;;;
;;;;;;;;;;
;;;;;;;;;;
;;;;;;;;;;
;;;;;;;;;;
;;;;;;;;;;
;;;;;;;;;;
;;;;;;;;;;
;;;;;;;;;;
;;;;;;;;;;
;;;;;;;;;;
;;;;;;;;;;
;;;;;;;;;;
;;;;;;;;;;
;;;;;;;;;;
;;;;;;;;;;
;;;;;;;;;;
;;;;;;;;;;
;;;;;;;;;;
;;;;;;;;;;
;;;;;;;;;;
;;;;;;;;;;
;;;;;;;;;;
;;;;;;;;;;
;;;;;;;;;;
;;;;;;;;;;
;;;;;;;;;;
;;;;;;;;;;
;;;;;;;;;;
;;;;;;;;;;
;;;;;;;;;;
;;;;;;;;;;
;;;;;;;;;;
;;;;;;;;;;
;;;;;;;;;;
;;;;;;;;;;
;;;;;;;;;;
;;;;;;;;;;
;;;;;;;;;;
;;;;;;;;;;
;;;;;;;;;;
;;;;;;;;;;
;;;;;;;;;;
;;;;;;;;;;
;;;;;;;;;;
;;;;;;;;;;
;;;;;;;;;;
;;;;;;;;;;
;;;;;;;;;;
;;;;;;;;;;
;;;;;;;;;;
;;;;;;;;;;
;;;;;;;;;;
;;;;;;;;;;
;;;;;;;;;;
;;;;;;;;;;
;;;;;;;;;;
;;;;;;;;;;
;;;;;;;;;;
;;;;;;;;;;
;;;;;;;;;;
;;;;;;;;;;
;;;;;;;;;;
;;;;;;;;;;
;;;;;;;;;;
;;;;;;;;;;
;;;;;;;;;;
;;;;;;;;;;
;;;;;;;;;;
;;;;;;;;;;
;;;;;;;;;;
;;;;;;;;;;
;;;;;;;;;;
;;;;;;;;;;
;;;;;;;;;;
;;;;;;;;;;
;;;;;;;;;;
;;;;;;;;;;
;;;;;;;;;;
;;;;;;;;;;
;;;;;;;;;;
;;;;;;;;;;
;;;;;;;;;;
;;;;;;;;;;
;;;;;;;;;;
;;;;;;;;;;
;;;;;;;;;;
;;;;;;;;;;
;;;;;;;;;;
;;;;;;;;;;
;;;;;;;;;;
;;;;;;;;;;
;;;;;;;;;;
;;;;;;;;;;
;;;;;;;;;;
;;;;;;;;;;
;;;;;;;;;;
;;;;;;;;;;
;;;;;;;;;;
;;;;;;;;;;
;;;;;;;;;;
;;;;;;;;;;
;;;;;;;;;;
;;;;;;;;;;
;;;;;;;;;;
;;;;;;;;;;
;;;;;;;;;;
;;;;;;;;;;
;;;;;;;;;;
;;;;;;;;;;
;;;;;;;;;;
;;;;;;;;;;
;;;;;;;;;;
;;;;;;;;;;
;;;;;;;;;;
;;;;;;;;;;
;;;;;;;;;;
;;;;;;;;;;
;;;;;;;;;;
;;;;;;;;;;
;;;;;;;;;;
;;;;;;;;;;
;;;;;;;;;;
;;;;;;;;;;
;;;;;;;;;;
;;;;;;;;;;
;;;;;;;;;;
;;;;;;;;;;
;;;;;;;;;;
;;;;;;;;;;
;;;;;;;;;;
;;;;;;;;;;
;;;;;;;;;;
;;;;;;;;;;
;;;;;;;;;;
;;;;;;;;;;
;;;;;;;;;;
;;;;;;;;;;
;;;;;;;;;;
;;;;;;;;;;
;;;;;;;;;;
;;;;;;;;;;
;;;;;;;;;;
;;;;;;;;;;
;;;;;;;;;;
;;;;;;;;;;
;;;;;;;;;;
;;;;;;;;;;
;;;;;;;;;;
;;;;;;;;;;
;;;;;;;;;;
;;;;;;;;;;
;;;;;;;;;;
;;;;;;;;;;
;;;;;;;;;;
;;;;;;;;;;
;;;;;;;;;;
;;;;;;;;;;
;;;;;;;;;;
;;;;;;;;;;
;;;;;;;;;;
;;;;;;;;;;
;;;;;;;;;;
;;;;;;;;;;
;;;;;;;;;;
;;;;;;;;;;
;;;;;;;;;;
;;;;;;;;;;
;;;;;;;;;;
;;;;;;;;;;
;;;;;;;;;;
;;;;;;;;;;
;;;;;;;;;;
;;;;;;;;;;
;;;;;;;;;;
;;;;;;;;;;
;;;;;;;;;;
;;;;;;;;;;
;;;;;;;;;;
;;;;;;;;;;
;;;;;;;;;;
;;;;;;;;;;
;;;;;;;;;;
;;;;;;;;;;
;;;;;;;;;;
;;;;;;;;;;
;;;;;;;;;;
;;;;;;;;;;
;;;;;;;;;;
;;;;;;;;;;
;;;;;;;;;;
;;;;;;;;;;
;;;;;;;;;;
;;;;;;;;;;
;;;;;;;;;;
;;;;;;;;;;
;;;;;;;;;;
;;;;;;;;;;
;;;;;;;;;;
;;;;;;;;;;
;;;;;;;;;;
;;;;;;;;;;
;;;;;;;;;;
;;;;;;;;;;
;;;;;;;;;;
;;;;;;;;;;
;;;;;;;;;;
;;;;;;;;;;
;;;;;;;;;;
;;;;;;;;;;
;;;;;;;;;;
;;;;;;;;;;
;;;;;;;;;;
;;;;;;;;;;
;;;;;;;;;;
;;;;;;;;;;
;;;;;;;;;;
;;;;;;;;;;
;;;;;;;;;;
;;;;;;;;;;
;;;;;;;;;;
;;;;;;;;;;
;;;;;;;;;;
;;;;;;;;;;
;;;;;;;;;;
;;;;;;;;;;
;;;;;;;;;;
;;;;;;;;;;
;;;;;;;;;;
;;;;;;;;;;
;;;;;;;;;;
;;;;;;;;;;
;;;;;;;;;;
;;;;;;;;;;
;;;;;;;;;;
;;;;;;;;;;
;;;;;;;;;;
;;;;;;;;;;
;;;;;;;;;;
;;;;;;;;;;
;;;;;;;;;;
;;;;;;;;;;