Type,NHS_area_code,ONS_code,Name,Count_gp_appointments,Attended,Did_not_attend,Unknown,Month
Type,NHS Area Code,ONS Code,Name,Total,Attended,DNA,Unknown,April
National,ENG,ENG,England,22 829 868,20 507 173,1 127 575,1 195 120,April
Region,Y56,E40000003,London Commissioning Region,3 005 066,2 673 969,197 802,133 295,April
Region,Y58,E40000006,South West Commissioning Region,2 660 148,2 393 755,121 023,145 370,April
Region,Y59,E40000005,South East Commissioning Region,3 277 810,2 994 617,132 929,150 264,April
Region,Y60,E40000008,Midlands Commissioning Region,4 540 455,4 070 671,225 347,244 437,April
Region,Y61,E40000007,East of England Commissioning Region,2 747 980,2 479 127,111 282,157 571,April
Region,Y62,E40000010,North West Commissioning Region,2 601 561,2 320 488,153 682,127 391,April
Region,Y63,E40000009,North East and Yorkshire Commissioning Region,3 996 848,3 574 546,185 510,236 792,April
Regional Local Office,Q71,E39000018,NHS England London,3 005 066,2 673 969,197 802,133 295,April
Regional Local Office,Q72,E39000048,NHS England North East and Yorkshire (Yorkshire and Humber),2 552 055,2 282 007,115 001,155 047,April
Regional Local Office,Q74,E39000047,NHS England North East and Yorkshire (Cumbria and North East),1 444 793,1 292 539,70 509,81 745,April
Regional Local Office,Q75,E39000026,NHS England North West (Cheshire and Merseyside),998 308,889 621,56 906,51 781,April
Regional Local Office,Q76,E39000032,NHS England Midlands (North Midlands),1 571 558,1 416 682,68 387,86 489,April
Regional Local Office,Q77,E39000033,NHS England Midlands (West Midlands),1 785 105,1 593 500,107 436,84 169,April
Regional Local Office,Q78,E39000045,NHS England Midlands (Central Midlands),1 183 792,1 060 489,49 524,73 779,April
Regional Local Office,Q79,E39000046,NHS England East of England (East),2 747 980,2 479 127,111 282,157 571,April
Regional Local Office,Q83,E39000037,NHS England North West (Greater Manchester),952 851,846 331,61 056,45 464,April
Regional Local Office,Q84,E39000040,NHS England North West (Lancashire and South Cumbria),650 402,584 536,35 720,30 146,April
Regional Local Office,Q85,E39000044,NHS England South West (South West South),1 540 143,1 379 615,73 694,86 834,April
Regional Local Office,Q86,E39000043,NHS England South West (South West North),1 120 005,1 014 140,47 329,58 536,April
Regional Local Office,Q87,E39000041,"NHS England South East (Hampshire, Isle of Wight and Thames Valley)",1 648 454,1 510 392,68 314,69 748,April
Regional Local Office,Q88,E39000042,"NHS England South East (Kent, Surrey and Sussex)",1 629 356,1 484 225,64 615,80 516,April
STP,E54000005,E54000005,West Yorkshire And Harrogate (Health & Care Partnership)  STP,1 241 522,1 114 215,52 478,74 829,April
STP,E54000006,E54000006,"Humber, Coast And Vale  STP",603 881,541 693,26 800,35 388,April
STP,E54000007,E54000007,Greater Manchester Health And Social Care Partnership STP,952 851,846 331,61 056,45 464,April
STP,E54000008,E54000008,Cheshire And Merseyside  STP,998 308,889 621,56 906,51 781,April
STP,E54000009,E54000009,South Yorkshire And Bassetlaw  STP,706 652,626 099,35 723,44 830,April
STP,E54000010,E54000010,Staffordshire And Stoke On Trent  STP,421 634,381 751,20 300,19 583,April
STP,E54000011,E54000011,Shropshire And Telford And Wrekin  STP,209 152,192 505,9 346,7 301,April
STP,E54000012,E54000012,Joined Up Care Derbyshire  STP,472 625,423 792,18 456,30 377,April
STP,E54000013,E54000013,Lincolnshire  STP,347 360,314 702,13 778,18 880,April
STP,E54000014,E54000014,Nottingham And Nottinghamshire Health And Care  STP,468 147,418 634,20 285,29 228,April
STP,E54000015,E54000015,"Leicester, Leicestershire And Rutland  STP",508 753,455 834,23 004,29 915,April
STP,E54000016,E54000016,The Black Country And West Birmingham  STP,582 838,511 701,40 697,30 440,April
STP,E54000017,E54000017,Birmingham And Solihull  STP,507 986,444 403,35 684,27 899,April
STP,E54000018,E54000018,Coventry And Warwickshire  STP,323 705,295 090,16 045,12 570,April
STP,E54000019,E54000019,Herefordshire And Worcestershire  STP,370 576,342 306,15 010,13 260,April
STP,E54000020,E54000020,Northamptonshire  STP,327 679,289 953,12 742,24 984,April
STP,E54000021,E54000021,Cambridgeshire And Peterborough  STP,431 335,388 690,18 869,23 776,April
STP,E54000022,E54000022,Norfolk And Waveney Health & Care Partnership STP,498 491,451 209,18 395,28 887,April
STP,E54000023,E54000023,Suffolk And North East Essex  STP,456 323,418 023,15 808,22 492,April
STP,E54000024,E54000024,"Bedfordshire, Luton And Milton Keynes  STP",398 894,359 362,18 627,20 905,April
STP,E54000025,E54000025,Hertfordshire And West Essex  STP,513 732,458 102,23 096,32 534,April
STP,E54000026,E54000026,Mid And South Essex  STP,449 205,403 741,16 487,28 977,April
STP,E54000027,E54000027,North West London Health & Care Partnership STP,851 516,754 420,55 827,41 269,April
STP,E54000028,E54000028,North London Partners In Health And Care STP,446 604,398 367,29 737,18 500,April
STP,E54000029,E54000029,East London Health & Care Partnership STP,708 931,628 263,49 931,30 737,April
STP,E54000030,E54000030,Our Healthier South East London  STP,503 516,444 327,34 113,25 076,April
STP,E54000031,E54000031,South West London Health & Care Partnership STP,494 499,448 592,28 194,17 713,April
STP,E54000032,E54000032,Kent And Medway  STP,504 684,457 525,21 430,25 729,April
STP,E54000033,E54000033,Sussex And East Surrey  STP,814 274,741 207,30 848,42 219,April
STP,E54000034,E54000034,Frimley Health And Care ICS STP,271 197,250 022,11 488,9 687,April
STP,E54000035,E54000035,Surrey Heartlands Health & Care Partnership STP,310 398,285 493,12 337,12 568,April
STP,E54000036,E54000036,Cornwall And The Isles Of Scilly Health & Social Care Partnership STP,324 877,282 959,24 700,17 218,April
STP,E54000037,E54000037,Devon  STP,639 912,578 777,24 934,36 201,April
STP,E54000038,E54000038,Somerset  STP,218 039,195 811,10 179,12 049,April
STP,E54000039,E54000039,"Bristol, North Somerset And South Gloucestershire  STP",423 062,386 747,21 253,15 062,April
STP,E54000040,E54000040,"Bath And North East Somerset, Swindon And Wiltshire  STP",442 745,398 395,15 624,28 726,April
STP,E54000041,E54000041,Dorset  STP,357 315,322 068,13 881,21 366,April
STP,E54000042,E54000042,Hampshire And The Isle Of Wight  STP,735 933,665 321,31 831,38 781,April
STP,E54000043,E54000043,Gloucestershire  STP,254 198,228 998,10 452,14 748,April
STP,E54000044,E54000044,"Buckinghamshire, Oxfordshire And Berkshire West  STP",641 324,595 049,24 995,21 280,April
STP,E54000048,E54000048,Healthier Lancashire And South Cumbria  STP,650 402,584 536,35 720,30 146,April
STP,E54000049,E54000049,Cumbria And North East  STP,1 444 793,1 292 539,70 509,81 745,April
CCG,00C,E38000042,NHS Darlington CCG,46 132,40 483,2 373,3 276,April
CCG,00D,E38000047,"NHS Durham Dales, Easington and Sedgefield CCG",160 181,142 707,7 787,9 687,April
CCG,00J,E38000116,NHS North Durham CCG,129 652,114 396,5 522,9 734,April
CCG,00K,E38000075,NHS Hartlepool and Stockton-on-Tees CCG,118 982,104 642,6 022,8 318,April
CCG,00L,E38000130,NHS Northumberland CCG,162 091,147 712,6 335,8 044,April
CCG,00M,E38000162,NHS South Tees CCG,139 990,126 249,6 918,6 823,April
CCG,00N,E38000163,NHS South Tyneside CCG,59 328,54 028,3 064,2 236,April
CCG,00P,E38000176,NHS Sunderland CCG,111 516,98 363,6 805,6 348,April
CCG,00Q,E38000014,NHS Blackburn with Darwen CCG,56 134,49 180,4 376,2 578,April
CCG,00R,E38000015,NHS Blackpool CCG,75 940,68 657,4 227,3 056,April
CCG,00T,E38000016,NHS Bolton CCG,98 271,87 564,6 120,4 587,April
CCG,00X,E38000034,NHS Chorley and South Ribble CCG,62 484,55 488,3 231,3 765,April
CCG,00Y,E38000135,NHS Oldham CCG,99 465,89 507,6 345,3 613,April
CCG,01A,E38000050,NHS East Lancashire CCG,138 291,122 660,9 137,6 494,April
CCG,01C,E38000056,NHS Eastern Cheshire CCG,77 637,71 740,3 024,2 873,April
CCG,01D,E38000080,"NHS Heywood, Middleton and Rochdale CCG",91 917,82 458,5 748,3 711,April
CCG,01E,E38000227,NHS Greater Preston CCG,59 970,53 119,3 669,3 182,April
CCG,01F,E38000068,NHS Halton CCG,53 230,45 492,3 407,4 331,April
CCG,01G,E38000143,NHS Salford CCG,45 840,40 211,2 959,2 670,April
CCG,01H,E38000215,NHS North Cumbria CCG,160 621,146 823,6 746,7 052,April
CCG,01J,E38000091,NHS Knowsley CCG,67 774,58 496,4 557,4 721,April
CCG,01K,E38000228,NHS Morecambe Bay CCG,137 076,125 483,6 135,5 458,April
CCG,01R,E38000151,NHS South Cheshire CCG,73 708,64 569,5 309,3 830,April
CCG,01T,E38000161,NHS South Sefton CCG,46 784,42 589,2 815,1 380,April
CCG,01V,E38000170,NHS Southport and Formby CCG,47 252,42 655,1 909,2 688,April
CCG,01W,E38000174,NHS Stockport CCG,117 854,105 481,6 468,5 905,April
CCG,01X,E38000172,NHS St Helens CCG,70 653,63 174,4 139,3 340,April
CCG,01Y,E38000182,NHS Tameside and Glossop CCG,103 592,93 347,6 374,3 871,April
CCG,02A,E38000187,NHS Trafford CCG,75 542,67 776,3 975,3 791,April
CCG,02D,E38000189,NHS Vale Royal CCG,38 595,34 004,1 871,2 720,April
CCG,02E,E38000194,NHS Warrington CCG,76 746,69 961,3 133,3 652,April
CCG,02F,E38000196,NHS West Cheshire CCG,101 197,91 958,4 970,4 269,April
CCG,02G,E38000200,NHS West Lancashire CCG,43 316,38 554,2 157,2 605,April
CCG,02H,E38000205,NHS Wigan Borough CCG,101 812,88 997,5 941,6 874,April
CCG,02M,E38000226,NHS Fylde & Wyre CCG,77 191,71 395,2 788,3 008,April
CCG,02N,E38000001,"NHS Airedale, Wharfedale and Craven CCG",85 506,75 902,2 995,6 609,April
CCG,02P,E38000006,NHS Barnsley CCG,114 326,102 080,6 147,6 099,April
CCG,02Q,E38000008,NHS Bassetlaw CCG,55 555,50 174,2 268,3 113,April
CCG,02R,E38000019,NHS Bradford Districts CCG,162 782,144 649,6 133,12 000,April
CCG,02T,E38000025,NHS Calderdale CCG,97 903,87 644,4 161,6 098,April
CCG,02W,E38000018,NHS Bradford City CCG,72 497,63 775,4 362,4 360,April
CCG,02X,E38000044,NHS Doncaster CCG,143 030,128 178,7 542,7 310,April
CCG,02Y,E38000052,NHS East Riding of Yorkshire CCG,124 539,112 978,4 910,6 651,April
CCG,03A,E38000064,NHS Greater Huddersfield CCG,99 899,90 592,4 353,4 954,April
CCG,03D,E38000069,"NHS Hambleton, Richmondshire and Whitby CCG",66 197,59 117,2 240,4 840,April
CCG,03E,E38000073,NHS Harrogate and Rural District CCG,71 877,66 052,2 314,3 511,April
CCG,03F,E38000085,NHS Hull CCG,109 121,95 501,7 428,6 192,April
CCG,03H,E38000119,NHS North East Lincolnshire CCG,89 733,80 537,4 343,4 853,April
CCG,03J,E38000121,NHS North Kirklees CCG,84 876,76 440,4 273,4 163,April
CCG,03K,E38000122,NHS North Lincolnshire CCG,82 350,73 792,2 559,5 999,April
CCG,03L,E38000141,NHS Rotherham CCG,121 843,106 151,5 908,9 784,April
CCG,03M,E38000145,NHS Scarborough and Ryedale CCG,60 744,53 666,2 448,4 630,April
CCG,03N,E38000146,NHS Sheffield CCG,271 898,239 516,13 858,18 524,April
CCG,03Q,E38000188,NHS Vale of York CCG,137 394,125 219,5 112,7 063,April
CCG,03R,E38000190,NHS Wakefield CCG,183 151,165 045,7 255,10 851,April
CCG,03T,E38000099,NHS Lincolnshire East CCG,115 091,103 869,5 062,6 160,April
CCG,03V,E38000037,NHS Corby CCG,38 125,29 840,1 476,6 809,April
CCG,03W,E38000051,NHS East Leicestershire and Rutland CCG,162 482,145 009,5 950,11 523,April
CCG,04C,E38000097,NHS Leicester City CCG,166 502,147 615,10 324,8 563,April
CCG,04D,E38000100,NHS Lincolnshire West CCG,88 908,80 841,3 733,4 334,April
CCG,04E,E38000103,NHS Mansfield and Ashfield CCG,91 652,81 565,3 786,6 301,April
CCG,04F,E38000107,NHS Milton Keynes CCG,118 286,108 009,5 061,5 216,April
CCG,04G,E38000108,NHS Nene CCG,289 554,260 113,11 266,18 175,April
CCG,04H,E38000109,NHS Newark & Sherwood CCG,60 523,55 343,2 268,2 912,April
CCG,04K,E38000132,NHS Nottingham City CCG,146 561,128 011,8 156,10 394,April
CCG,04L,E38000133,NHS Nottingham North and East CCG,53 744,48 441,1 899,3 404,April
CCG,04M,E38000134,NHS Nottingham West CCG,54 672,49 191,2 340,3 141,April
CCG,04N,E38000142,NHS Rushcliffe CCG,60 995,56 083,1 836,3 076,April
CCG,04Q,E38000165,NHS South West Lincolnshire CCG,59 292,54 345,2 168,2 779,April
CCG,04V,E38000201,NHS West Leicestershire CCG,179 769,163 210,6 730,9 829,April
CCG,04Y,E38000028,NHS Cannock Chase CCG,51 701,46 113,2 590,2 998,April
CCG,05A,E38000038,NHS Coventry and Rugby CCG,162 361,145 473,10 409,6 479,April
CCG,05C,E38000046,NHS Dudley CCG,124 543,110 580,7 077,6 886,April
CCG,05D,E38000053,NHS East Staffordshire CCG,48 775,44 989,1 832,1 954,April
CCG,05F,E38000078,NHS Herefordshire CCG,89 462,82 097,3 586,3 779,April
CCG,05G,E38000126,NHS North Staffordshire CCG,77 771,70 501,2 969,4 301,April
CCG,05H,E38000195,NHS Warwickshire North CCG,26 552,24 670,1 062,820,April
CCG,05J,E38000139,NHS Redditch and Bromsgrove CCG,78 577,73 067,3 340,2 170,April
CCG,05L,E38000144,NHS Sandwell and West Birmingham CCG,240 603,208 826,18 092,13 685,April
CCG,05N,E38000147,NHS Shropshire CCG,134 274,123 707,5 371,5 196,April
CCG,05Q,E38000153,NHS South East Staffordshire and Seisdon Peninsula CCG,85 280,78 468,3 867,2 945,April
CCG,05R,E38000164,NHS South Warwickshire CCG,134 792,124 947,4 574,5 271,April
CCG,05T,E38000166,NHS South Worcestershire CCG,132 908,122 115,5 205,5 588,April
CCG,05V,E38000173,NHS Stafford and Surrounds CCG,60 801,55 422,2 612,2 767,April
CCG,05W,E38000175,NHS Stoke on Trent CCG,97 306,86 258,6 430,4 618,April
CCG,05X,E38000183,NHS Telford and Wrekin CCG,74 878,68 798,3 975,2 105,April
CCG,05Y,E38000191,NHS Walsall CCG,121 373,107 586,8 243,5 544,April
CCG,06A,E38000210,NHS Wolverhampton CCG,96 319,84 709,7 285,4 325,April
CCG,06D,E38000211,NHS Wyre Forest CCG,69 629,65 027,2 879,1 723,April
CCG,06F,E38000010,NHS Bedfordshire CCG,196 063,176 636,7 938,11 489,April
CCG,06H,E38000026,NHS Cambridgeshire and Peterborough CCG,431 335,388 690,18 869,23 776,April
CCG,06K,E38000049,NHS East and North Hertfordshire CCG,203 624,178 732,8 569,16 323,April
CCG,06L,E38000086,NHS Ipswich and East Suffolk CCG,186 628,169 513,6 037,11 078,April
CCG,06M,E38000063,NHS Great Yarmouth and Waveney CCG,102 667,92 148,5 010,5 509,April
CCG,06N,E38000079,NHS Herts Valleys CCG,204 218,183 834,9 842,10 542,April
CCG,06P,E38000102,NHS Luton CCG,84 545,74 717,5 628,4 200,April
CCG,06Q,E38000106,NHS Mid Essex CCG,154 565,140 383,5 336,8 846,April
CCG,06T,E38000117,NHS North East Essex CCG,160 322,147 770,6 040,6 512,April
CCG,06V,E38000124,NHS North Norfolk CCG,90 363,81 607,3 025,5 731,April
CCG,06W,E38000218,NHS Norwich CCG,106 847,95 928,3 954,6 965,April
CCG,06Y,E38000219,NHS South Norfolk CCG,103 851,95 482,3 183,5 186,April
CCG,07G,E38000185,NHS Thurrock CCG,73 214,64 735,3 289,5 190,April
CCG,07H,E38000197,NHS West Essex CCG,105 890,95 536,4 685,5 669,April
CCG,07J,E38000203,NHS West Norfolk CCG,94 763,86 044,3 223,5 496,April
CCG,07K,E38000204,NHS West Suffolk CCG,109 373,100 740,3 731,4 902,April
CCG,07L,E38000004,NHS Barking and Dagenham CCG,61 176,52 190,4 995,3 991,April
CCG,07M,E38000005,NHS Barnet CCG,101 972,91 807,4 978,5 187,April
CCG,07N,E38000011,NHS Bexley CCG,23 187,20 433,1 289,1 465,April
CCG,07P,E38000020,NHS Brent CCG,132 278,117 395,10 162,4 721,April
CCG,07Q,E38000023,NHS Bromley CCG,102 765,90 001,4 563,8 201,April
CCG,07R,E38000027,NHS Camden CCG,82 482,74 314,5 596,2 572,April
CCG,07T,E38000035,NHS City and Hackney CCG,120 549,107 737,8 464,4 348,April
CCG,07V,E38000040,NHS Croydon CCG,131 649,117 973,8 361,5 315,April
CCG,07W,E38000048,NHS Ealing CCG,165 189,147 761,10 335,7 093,April
CCG,07X,E38000057,NHS Enfield CCG,93 970,82 398,6 550,5 022,April
CCG,07Y,E38000084,NHS Hounslow CCG,114 651,101 382,6 601,6 668,April
CCG,08A,E38000066,NHS Greenwich CCG,29 417,26 313,1 935,1 169,April
CCG,08C,E38000070,NHS Hammersmith and Fulham CCG,78 506,68 968,4 772,4 766,April
CCG,08D,E38000072,NHS Haringey CCG,84 864,76 050,5 667,3 147,April
CCG,08E,E38000074,NHS Harrow CCG,96 544,84 923,6 226,5 395,April
CCG,08F,E38000077,NHS Havering CCG,71 507,63 980,3 732,3 795,April
CCG,08G,E38000082,NHS Hillingdon CCG,97 696,87 512,6 312,3 872,April
CCG,08H,E38000088,NHS Islington CCG,83 316,73 798,6 946,2 572,April
CCG,08J,E38000090,NHS Kingston CCG,66 970,61 923,3 258,1 789,April
CCG,08K,E38000092,NHS Lambeth CCG,130 190,114 679,9 210,6 301,April
CCG,08L,E38000098,NHS Lewisham CCG,105 160,94 035,7 843,3 282,April
CCG,08M,E38000113,NHS Newham CCG,125 674,109 979,10 890,4 805,April
CCG,08N,E38000138,NHS Redbridge CCG,102 040,89 939,6 519,5 582,April
CCG,08P,E38000140,NHS Richmond CCG,18 821,16 700,1 038,1 083,April
CCG,08Q,E38000171,NHS Southwark CCG,112 797,98 866,9 273,4 658,April
CCG,08R,E38000105,NHS Merton CCG,65 281,59 516,3 627,2 138,April
CCG,08T,E38000179,NHS Sutton CCG,71 397,65 900,3 235,2 262,April
CCG,08V,E38000186,NHS Tower Hamlets CCG,129 318,114 796,9 710,4 812,April
CCG,08W,E38000192,NHS Waltham Forest CCG,98 667,89 642,5 621,3 404,April
CCG,08X,E38000193,NHS Wandsworth CCG,140 381,126 580,8 675,5 126,April
CCG,08Y,E38000202,NHS West London CCG,91 359,79 332,6 535,5 492,April
CCG,09A,E38000031,NHS Central London (Westminster) CCG,75 293,67 147,4 884,3 262,April
CCG,09C,E38000002,NHS Ashford CCG,69 501,63 200,2 470,3 831,April
CCG,09D,E38000021,NHS Brighton and Hove CCG,109 450,97 673,5 410,6 367,April
CCG,09E,E38000029,NHS Canterbury and Coastal CCG,105 592,96 648,4 470,4 474,April
CCG,09F,E38000055,"NHS Eastbourne, Hailsham and Seaford CC",97 565,89 574,3 624,4 367,April
CCG,09G,E38000213,NHS Coastal West Sussex CCG,237 215,217 098,7 785,12 332,April
CCG,09H,E38000039,NHS Crawley CCG,52 619,46 962,1 801,3 856,April
CCG,09J,E38000043,"NHS Dartford, Gravesham and Swanley CCG",3 013,2 499,148,366,April
CCG,09L,E38000054,NHS East Surrey CCG,71 968,66 082,3 207,2 679,April
CCG,09N,E38000214,NHS Guildford and Waverley CCG,75 698,70 478,2 858,2 362,April
CCG,09P,E38000076,NHS Hastings and Rother CCG,90 311,82 033,3 860,4 418,April
CCG,09W,E38000104,NHS Medway CCG,74 517,66 382,3 243,4 892,April
CCG,09X,E38000083,NHS Horsham and Mid Sussex CCG,85 970,78 409,3 026,4 535,April
CCG,09Y,E38000128,NHS North West Surrey CCG,122 225,112 556,5 170,4 499,April
CCG,10A,E38000156,NHS South Kent Coast CCG,42 102,38 069,1 704,2 329,April
CCG,10C,E38000178,NHS Surrey Heath CCG,43 047,39 952,1 642,1 453,April
CCG,10D,E38000180,NHS Swale CCG,41 768,37 657,2 193,1 918,April
CCG,10E,E38000184,NHS Thanet CCG,56 785,51 055,2 466,3 264,April
CCG,10J,E38000120,NHS North Hampshire CCG,93 806,86 959,3 178,3 669,April
CCG,10K,E38000059,NHS Fareham and Gosport CCG,81 341,73 580,3 191,4 570,April
CCG,10L,E38000087,NHS Isle of Wight CCG,70 998,59 582,5 229,6 187,April
CCG,10Q,E38000136,NHS Oxfordshire CCG,295 744,272 123,12 735,10 886,April
CCG,10R,E38000137,NHS Portsmouth CCG,85 293,76 780,3 968,4 545,April
CCG,10V,E38000154,NHS South Eastern Hampshire CCG,85 129,75 704,3 708,5 717,April
CCG,10X,E38000167,NHS Southampton CCG,108 381,97 613,5 655,5 113,April
CCG,11A,E38000198,NHS West Hampshire CCG,210 985,195 103,6 902,8 980,April
CCG,11E,E38000009,NHS Bath and North East Somerset CCG,93 556,83 667,3 840,6 049,April
CCG,11J,E38000045,NHS Dorset CCG,357 315,322 068,13 881,21 366,April
CCG,11M,E38000062,NHS Gloucestershire CCG,254 198,228 998,10 452,14 748,April
CCG,11N,E38000089,NHS Kernow CCG,324 877,282 959,24 700,17 218,April
CCG,11X,E38000150,NHS Somerset CCG,218 039,195 811,10 179,12 049,April
CCG,12D,E38000181,NHS Swindon CCG,102 901,89 687,4 314,8 900,April
CCG,12F,E38000208,NHS Wirral CCG,143 676,126 269,7 852,9 555,April
CCG,13T,E38000212,NHS Newcastle Gateshead CCG,203 700,180 584,12 539,10 577,April
CCG,14L,E38000217,NHS Manchester CCG,218 558,190 990,17 126,10 442,April
CCG,14Y,E38000223,NHS Buckinghamshire CCG,195 329,182 427,6 500,6 402,April
CCG,15A,E38000221,NHS Berkshire West CCG,150 251,140 499,5 760,3 992,April
CCG,15C,E38000222,"NHS Bristol, North Somerset and South G",423 062,386 747,21 253,15 062,April
CCG,15D,E38000224,NHS East Berkshire CCG,147 531,135 735,6 743,5 053,April
CCG,15E,E38000220,NHS Birmingham and Solihull CCG,507 986,444 403,35 684,27 899,April
CCG,15F,E38000225,NHS Leeds CCG,383 031,344 116,16 632,22 283,April
CCG,15M,E38000229,NHS Derby and Derbyshire CCG,472 625,423 792,18 456,30 377,April
CCG,15N,E38000230,NHS Devon CCG,639 912,578 777,24 934,36 201,April
CCG,99A,E38000101,NHS Liverpool CCG,201 056,178 714,13 920,8 422,April
CCG,99C,E38000127,NHS North Tyneside CCG,86 403,77 435,4 158,4 810,April
CCG,99D,E38000157,NHS South Lincolnshire CCG,84 069,75 647,2 815,5 607,April
CCG,99E,E38000007,NHS Basildon and Brentwood CCG,96 548,85 955,3 597,6 996,April
CCG,99F,E38000030,NHS Castle Point and Rochford CCG,62 253,55 897,1 854,4 502,April
CCG,99G,E38000168,NHS Southend CCG,62 625,56 771,2 411,3 443,April
CCG,99H,E38000177,NHS Surrey Downs CCG,112 475,102 459,4 309,5 707,April
CCG,99J,E38000199,NHS West Kent CCG,111 406,102 015,4 736,4 655,April
CCG,99K,E38000081,NHS High Weald Lewes Havens CCG,69 176,63 376,2 135,3 665,April
CCG,99M,E38000118,NHS North East Hampshire and Farnham CC,80 619,74 335,3 103,3 181,April
CCG,99N,E38000206,NHS Wiltshire CCG,246 288,225 041,7 470,13 777,April
NA,NA,NA,NA,NA,NA,NA,NA,April
