Type,NHS_area_code,ONS_code,Name,Count_gp_appointments,Attended,Did_not_attend,Unknown,Month
Type,NHS Area Code,ONS Code,Name,Total,Attended,DNA,Unknown,August
National,ENG,ENG,England,22 501 061,20 253 112,1 117 863,1 130 086,August
Region,Y56,E40000003,London,3 055 459,2 719 232,200 626,135 601,August
Region,Y58,E40000006,South West,2 565 425,2 320 628,114 110,130 687,August
Region,Y59,E40000005,South East,3 366 867,3 080 325,139 504,147 038,August
Region,Y60,E40000008,Midlands,4 417 950,3 967 908,222 424,227 618,August
Region,Y61,E40000007,East of England,2 672 055,2 407 348,109 876,154 831,August
Region,Y62,E40000010,North West,2 613 685,2 339 992,153 384,120 309,August
Region,Y63,E40000009,North East and Yorkshire,3 809 620,3 417 679,177 939,214 002,August
Regional Local Office,Q71,E39000018,NHS England London,3 055 459,2 719 232,200 626,135 601,August
Regional Local Office,Q72,E39000048,NHS England North East and Yorkshire (Yorkshire and Humber),2 423 364,2 174 620,109 497,139 247,August
Regional Local Office,Q74,E39000047,NHS England North East and Yorkshire (Cumbria and North East),1 386 256,1 243 059,68 442,74 755,August
Regional Local Office,Q75,E39000026,NHS England North West (Cheshire and Merseyside),970 506,868 025,55 332,47 149,August
Regional Local Office,Q76,E39000032,NHS England Midlands (North Midlands),1 518 622,1 368 167,66 448,84 007,August
Regional Local Office,Q77,E39000033,NHS England Midlands (West Midlands),1 755 446,1 571 369,107 369,76 708,August
Regional Local Office,Q78,E39000045,NHS England Midlands (Central Midlands),1 143 882,1 028 372,48 607,66 903,August
Regional Local Office,Q79,E39000046,NHS England East of England (East),2 672 055,2 407 348,109 876,154 831,August
Regional Local Office,Q83,E39000037,NHS England North West (Greater Manchester),1 011 591,896 568,66 134,48 889,August
Regional Local Office,Q84,E39000040,NHS England North West (Lancashire and South Cumbria),631 588,575 399,31 918,24 271,August
Regional Local Office,Q85,E39000044,NHS England South West (South West South),1 489 312,1 343 809,69 536,75 967,August
Regional Local Office,Q86,E39000043,NHS England South West (South West North),1 076 113,976 819,44 574,54 720,August
Regional Local Office,Q87,E39000041,"NHS England South East (Hampshire, Isle of Wight and Thames Valley)",1 639 758,1 504 750,68 606,66 402,August
Regional Local Office,Q88,E39000042,"NHS England South East (Kent, Surrey and Sussex)",1 727 109,1 575 575,70 898,80 636,August
STP,E54000005,E54000005,West Yorkshire And Harrogate (Health And Care Partnership)  STP,1 170 398,1 053 589,51 038,65 771,August
STP,E54000006,E54000006,"Humber, Coast And Vale  STP",576 947,520 772,25 084,31 091,August
STP,E54000007,E54000007,Greater Manchester Health And Social Care Partnership  STP,1 011 591,896 568,66 134,48 889,August
STP,E54000008,E54000008,Cheshire And Merseyside  STP,970 506,868 025,55 332,47 149,August
STP,E54000009,E54000009,South Yorkshire And Bassetlaw  STP,676 019,600 259,33 375,42 385,August
STP,E54000010,E54000010,Staffordshire And Stoke On Trent  STP,406 793,369 015,19 241,18 537,August
STP,E54000011,E54000011,Shropshire And Telford And Wrekin  STP,206 368,188 868,9 293,8 207,August
STP,E54000012,E54000012,Joined Up Care Derbyshire  STP,454 881,408 971,17 369,28 541,August
STP,E54000013,E54000013,Lincolnshire  STP,334 133,300 102,13 168,20 863,August
STP,E54000014,E54000014,Nottingham And Nottinghamshire Health And Care  STP,450 580,401 313,20 545,28 722,August
STP,E54000015,E54000015,"Leicester, Leicestershire And Rutland  STP",493 922,446 065,23 316,24 541,August
STP,E54000016,E54000016,The Black Country And West Birmingham  STP,547 384,480 459,39 929,26 996,August
STP,E54000017,E54000017,Birmingham And Solihull  STP,480 365,420 722,35 188,24 455,August
STP,E54000018,E54000018,Coventry And Warwickshire  STP,374 980,341 983,18 127,14 870,August
STP,E54000019,E54000019,Herefordshire And Worcestershire  STP,352 717,328 205,14 125,10 387,August
STP,E54000020,E54000020,Northamptonshire  STP,315 827,282 205,12 123,21 499,August
STP,E54000021,E54000021,Cambridgeshire And Peterborough  STP,408 285,369 098,17 990,21 197,August
STP,E54000022,E54000022,Norfolk And Waveney Health And Care Partnership  STP,478 160,429 890,18 235,30 035,August
STP,E54000023,E54000023,Suffolk And North East Essex  STP,438 059,401 790,15 238,21 031,August
STP,E54000024,E54000024,"Bedfordshire, Luton And Milton Keynes  STP",387 599,349 367,17 757,20 475,August
STP,E54000025,E54000025,Hertfordshire And West Essex  STP,526 515,466 109,24 536,35 870,August
STP,E54000026,E54000026,Mid And South Essex  STP,433 437,391 094,16 120,26 223,August
STP,E54000027,E54000027,North West London Health And Care Partnership  STP,829 567,735 883,52 811,40 873,August
STP,E54000028,E54000028,North London Partners In Health And Care  STP,428 068,383 427,28 930,15 711,August
STP,E54000029,E54000029,East London Health And Care Partnership  STP,696 032,618 072,49 819,28 141,August
STP,E54000030,E54000030,Our Healthier South East London  STP,576 347,506 070,39 703,30 574,August
STP,E54000031,E54000031,South West London Health And Care Partnership  STP,525 445,475 780,29 363,20 302,August
STP,E54000032,E54000032,Kent And Medway  STP,640 297,577 607,28 443,34 247,August
STP,E54000033,E54000033,Sussex And East Surrey  STP,784 971,717 867,30 775,36 329,August
STP,E54000034,E54000034,Frimley Health  STP,272 471,251 594,11 823,9 054,August
STP,E54000035,E54000035,Surrey Heartlands  STP,301 841,280 101,11 680,10 060,August
STP,E54000036,E54000036,Cornwall And The Isles Of Scilly  STP,306 658,269 599,21 140,15 919,August
STP,E54000037,E54000037,Devon  STP,612 263,557 249,24 479,30 535,August
STP,E54000038,E54000038,Somerset  STP,222 798,202 771,10 984,9 043,August
STP,E54000039,E54000039,"Bristol, North Somerset And South Gloucestershire  STP",394 699,361 538,19 668,13 493,August
STP,E54000040,E54000040,"Bath And North East Somerset, Swindon And Wiltshire  STP",414 750,376 170,14 359,24 221,August
STP,E54000041,E54000041,Dorset  STP,347 593,314 190,12 933,20 470,August
STP,E54000042,E54000042,Hampshire And The Isle Of Wight  STP,700 543,638 908,30 277,31 358,August
STP,E54000043,E54000043,Gloucestershire  STP,266 664,239 111,10 547,17 006,August
STP,E54000044,E54000044,"Buckinghamshire, Oxfordshire And Berkshire West  STP",666 744,614 248,26 506,25 990,August
STP,E54000048,E54000048,Healthier Lancashire And South Cumbria  STP,631 588,575 399,31 918,24 271,August
STP,E54000049,E54000049,Cumbria And North East  STP,1 386 256,1 243 059,68 442,74 755,August
CCG,00C,E38000042,NHS Darlington CCG,44 621,39 147,2 314,3 160,August
CCG,00D,E38000047,"NHS Durham Dales, Easington and Sedgefield CCG",149 446,132 174,7 515,9 757,August
CCG,00J,E38000116,NHS North Durham CCG,119 200,106 851,5 393,6 956,August
CCG,00K,E38000075,NHS Hartlepool and Stockton-on-Tees CCG,115 985,101 883,5 790,8 312,August
CCG,00L,E38000130,NHS Northumberland CCG,151 249,137 034,6 124,8 091,August
CCG,00M,E38000162,NHS South Tees CCG,136 563,121 131,6 865,8 567,August
CCG,00N,E38000163,NHS South Tyneside CCG,56 470,51 159,2 987,2 324,August
CCG,00P,E38000176,NHS Sunderland CCG,111 921,101 938,6 697,3 286,August
CCG,00Q,E38000014,NHS Blackburn with Darwen CCG,54 158,48 369,3 757,2 032,August
CCG,00R,E38000015,NHS Blackpool CCG,72 569,66 382,4 191,1 996,August
CCG,00T,E38000016,NHS Bolton CCG,127 267,111 938,8 649,6 680,August
CCG,00V,E38000024,NHS Bury CCG,8 495,7 544,312,639,August
CCG,00X,E38000034,NHS Chorley and South Ribble CCG,60 605,55 234,2 464,2 907,August
CCG,00Y,E38000135,NHS Oldham CCG,92 143,82 746,6 055,3 342,August
CCG,01A,E38000050,NHS East Lancashire CCG,132 040,118 742,7 934,5 364,August
CCG,01C,E38000056,NHS Eastern Cheshire CCG,75 644,69 933,3 215,2 496,August
CCG,01D,E38000080,"NHS Heywood, Middleton and Rochdale CCG",85 766,77 341,5 483,2 942,August
CCG,01E,E38000227,NHS Greater Preston CCG,58 560,52 758,3 151,2 651,August
CCG,01F,E38000068,NHS Halton CCG,53 172,45 785,3 578,3 809,August
CCG,01G,E38000143,NHS Salford CCG,107 052,90 143,8 087,8 822,August
CCG,01H,E38000215,NHS North Cumbria CCG,157 660,144 663,6 531,6 466,August
CCG,01J,E38000091,NHS Knowsley CCG,62 511,54 297,4 623,3 591,August
CCG,01K,E38000228,NHS Morecambe Bay CCG,136 875,126 611,6 108,4 156,August
CCG,01R,E38000151,NHS South Cheshire CCG,72 539,64 446,3 710,4 383,August
CCG,01T,E38000161,NHS South Sefton CCG,45 769,41 698,2 751,1 320,August
CCG,01V,E38000170,NHS Southport and Formby CCG,47 716,43 580,1 981,2 155,August
CCG,01W,E38000174,NHS Stockport CCG,110 849,100 250,6 158,4 441,August
CCG,01X,E38000172,NHS St Helens CCG,71 045,63 124,4 522,3 399,August
CCG,01Y,E38000182,NHS Tameside and Glossop CCG,93 040,83 909,6 024,3 107,August
CCG,02A,E38000187,NHS Trafford CCG,73 158,66 217,3 953,2 988,August
CCG,02D,E38000189,NHS Vale Royal CCG,38 504,34 055,1 984,2 465,August
CCG,02E,E38000194,NHS Warrington CCG,73 863,67 075,3 166,3 622,August
CCG,02F,E38000196,NHS West Cheshire CCG,99 454,90 843,5 197,3 414,August
CCG,02G,E38000200,NHS West Lancashire CCG,41 937,38 054,1 907,1 976,August
CCG,02H,E38000205,NHS Wigan Borough CCG,112 999,99 967,5 896,7 136,August
CCG,02M,E38000226,NHS Fylde and Wyre CCG,74 844,69 249,2 406,3 189,August
CCG,02N,E38000001,"NHS Airedale, Wharfedale and Craven CCG",78 906,71 295,2 831,4 780,August
CCG,02P,E38000006,NHS Barnsley CCG,110 285,98 843,5 191,6 251,August
CCG,02Q,E38000008,NHS Bassetlaw CCG,53 871,49 099,2 353,2 419,August
CCG,02R,E38000019,NHS Bradford Districts CCG,152 410,136 098,6 088,10 224,August
CCG,02T,E38000025,NHS Calderdale CCG,90 714,81 898,3 623,5 193,August
CCG,02W,E38000018,NHS Bradford City CCG,66 031,57 355,4 343,4 333,August
CCG,02X,E38000044,NHS Doncaster CCG,137 072,123 438,7 011,6 623,August
CCG,02Y,E38000052,NHS East Riding of Yorkshire CCG,119 127,108 844,4 564,5 719,August
CCG,03A,E38000064,NHS Greater Huddersfield CCG,95 290,85 597,4 282,5 411,August
CCG,03D,E38000069,"NHS Hambleton, Richmondshire and Whitby CCG",62 963,57 638,2 296,3 029,August
CCG,03E,E38000073,NHS Harrogate and Rural District CCG,69 094,64 036,2 299,2 759,August
CCG,03F,E38000085,NHS Hull CCG,104 924,93 752,6 817,4 355,August
CCG,03H,E38000119,NHS North East Lincolnshire CCG,84 931,76 658,3 903,4 370,August
CCG,03J,E38000121,NHS North Kirklees CCG,80 075,71 242,4 193,4 640,August
CCG,03K,E38000122,NHS North Lincolnshire CCG,79 462,71 742,2 617,5 103,August
CCG,03L,E38000141,NHS Rotherham CCG,118 209,103 675,5 464,9 070,August
CCG,03M,E38000145,NHS Scarborough and Ryedale CCG,58 035,51 201,2 456,4 378,August
CCG,03N,E38000146,NHS Sheffield CCG,256 582,225 204,13 356,18 022,August
CCG,03Q,E38000188,NHS Vale of York CCG,130 468,118 575,4 727,7 166,August
CCG,03R,E38000190,NHS Wakefield CCG,174 964,158 278,7 019,9 667,August
CCG,03T,E38000099,NHS Lincolnshire East CCG,108 553,98 520,4 840,5 193,August
CCG,03V,E38000037,NHS Corby CCG,34 317,27 753,1 302,5 262,August
CCG,03W,E38000051,NHS East Leicestershire and Rutland CCG,157 421,143 469,6 273,7 679,August
CCG,04C,E38000097,NHS Leicester City CCG,161 794,143 218,10 181,8 395,August
CCG,04D,E38000100,NHS Lincolnshire West CCG,87 471,78 939,3 434,5 098,August
CCG,04E,E38000103,NHS Mansfield and Ashfield CCG,90 917,80 267,4 025,6 625,August
CCG,04F,E38000107,NHS Milton Keynes CCG,115 106,104 063,5 030,6 013,August
CCG,04G,E38000108,NHS Nene CCG,281 510,254 452,10 821,16 237,August
CCG,04H,E38000109,NHS Newark and Sherwood CCG,59 740,54 201,2 395,3 144,August
CCG,04K,E38000132,NHS Nottingham City CCG,134 369,117 752,7 918,8 699,August
CCG,04L,E38000133,NHS Nottingham North and East CCG,56 069,50 108,2 204,3 757,August
CCG,04M,E38000134,NHS Nottingham West CCG,51 022,44 944,2 241,3 837,August
CCG,04N,E38000142,NHS Rushcliffe CCG,58 463,54 041,1 762,2 660,August
CCG,04Q,E38000165,NHS South West  Lincolnshire CCG,56 703,51 299,2 071,3 333,August
CCG,04V,E38000201,NHS West Leicestershire CCG,174 707,159 378,6 862,8 467,August
CCG,04Y,E38000028,NHS Cannock Chase CCG,49 945,45 235,2 286,2 424,August
CCG,05A,E38000038,NHS Coventry and Rugby CCG,175 460,158 066,10 562,6 832,August
CCG,05C,E38000046,NHS Dudley CCG,118 415,106 745,6 699,4 971,August
CCG,05D,E38000053,NHS East Staffordshire CCG,53 198,47 562,1 925,3 711,August
CCG,05F,E38000078,NHS Herefordshire CCG,86 941,81 153,3 368,2 420,August
CCG,05G,E38000126,NHS North Staffordshire CCG,72 441,66 423,2 697,3 321,August
CCG,05H,E38000195,NHS Warwickshire North CCG,70 622,64 045,3 225,3 352,August
CCG,05J,E38000139,NHS Redditch and Bromsgrove CCG,73 991,68 897,3 013,2 081,August
CCG,05L,E38000144,NHS Sandwell and West Birmingham CCG,218 956,189 256,18 118,11 582,August
CCG,05N,E38000147,NHS Shropshire CCG,135 754,123 916,5 580,6 258,August
CCG,05Q,E38000153,NHS South East Staffordshire and Seisdon Peninsula CCG,80 591,74 204,3 517,2 870,August
CCG,05R,E38000164,NHS South Warwickshire CCG,128 898,119 872,4 340,4 686,August
CCG,05T,E38000166,NHS South Worcestershire CCG,125 529,116 105,5 064,4 360,August
CCG,05V,E38000173,NHS Stafford and Surrounds CCG,59 947,55 157,2 485,2 305,August
CCG,05W,E38000175,NHS Stoke on Trent CCG,90 671,80 434,6 331,3 906,August
CCG,05X,E38000183,NHS Telford and Wrekin CCG,70 614,64 952,3 713,1 949,August
CCG,05Y,E38000191,NHS Walsall CCG,117 265,103 639,8 026,5 600,August
CCG,06A,E38000210,NHS Wolverhampton CCG,92 748,80 819,7 086,4 843,August
CCG,06D,E38000211,NHS Wyre Forest CCG,66 256,62 050,2 680,1 526,August
CCG,06F,E38000010,NHS Bedfordshire CCG,191 409,173 137,7 432,10 840,August
CCG,06H,E38000026,NHS Cambridgeshire and Peterborough CCG,408 285,369 098,17 990,21 197,August
CCG,06K,E38000049,NHS East and North Hertfordshire CCG,200 598,176 270,8 114,16 214,August
CCG,06L,E38000086,NHS Ipswich and East Suffolk CCG,179 906,164 133,5 794,9 979,August
CCG,06M,E38000063,NHS Great Yarmouth and Waveney CCG,101 095,89 864,5 404,5 827,August
CCG,06N,E38000079,NHS Herts Valley CCG,217 443,192 383,11 659,13 401,August
CCG,06P,E38000102,NHS Luton CCG,81 084,72 167,5 295,3 622,August
CCG,06Q,E38000106,NHS Mid Essex CCG,148 362,134 864,4 982,8 516,August
CCG,06T,E38000117,NHS North East Essex CCG,154 893,142 116,6 073,6 704,August
CCG,06V,E38000124,NHS North Norfolk CCG,85 234,74 727,3 165,7 342,August
CCG,06W,E38000218,NHS Norwich CCG,101 961,92 042,3 561,6 358,August
CCG,06Y,E38000219,NHS South Norfolk CCG,98 182,90 316,2 953,4 913,August
CCG,07G,E38000185,NHS Thurrock CCG,70 706,63 379,3 348,3 979,August
CCG,07H,E38000197,NHS West Essex CCG,108 474,97 456,4 763,6 255,August
CCG,07J,E38000203,NHS West Norfolk CCG,91 688,82 941,3 152,5 595,August
CCG,07K,E38000204,NHS West Suffolk CCG,103 260,95 541,3 371,4 348,August
CCG,07L,E38000004,NHS Barking and Dagenham CCG,69 290,59 906,4 855,4 529,August
CCG,07M,E38000005,NHS Barnet CCG,96 754,87 655,4 643,4 456,August
CCG,07N,E38000011,NHS Bexley CCG,55 504,47 083,2 989,5 432,August
CCG,07P,E38000020,NHS Brent CCG,129 454,115 646,9 246,4 562,August
CCG,07Q,E38000023,NHS Bromley CCG,95 851,85 092,4 323,6 436,August
CCG,07R,E38000027,NHS Camden CCG,75 348,67 832,5 377,2 139,August
CCG,07T,E38000035,NHS City and Hackney CCG,113 484,101 327,8 432,3 725,August
CCG,07V,E38000040,NHS Croydon CCG,129 609,115 997,7 874,5 738,August
CCG,07W,E38000048,NHS Ealing CCG,159 640,142 157,10 025,7 458,August
CCG,07X,E38000057,NHS Enfield CCG,92 744,81 904,6 384,4 456,August
CCG,07Y,E38000084,NHS Hounslow CCG,113 808,100 518,6 637,6 653,August
CCG,08A,E38000066,NHS Greenwich CCG,91 055,77 258,6 237,7 560,August
CCG,08C,E38000070,NHS Hammersmith and Fulham CCG,74 786,65 725,4 519,4 542,August
CCG,08D,E38000072,NHS Haringey CCG,85 706,77 005,6 064,2 637,August
CCG,08E,E38000074,NHS Harrow CCG,90 221,80 895,5 376,3 950,August
CCG,08F,E38000077,NHS Havering CCG,76 800,68 657,3 971,4 172,August
CCG,08G,E38000082,NHS Hillingdon CCG,96 696,86 474,6 071,4 151,August
CCG,08H,E38000088,NHS Islington CCG,77 516,69 031,6 462,2 023,August
CCG,08J,E38000090,NHS Kingston CCG,65 956,60 923,2 867,2 166,August
CCG,08K,E38000092,NHS Lambeth CCG,126 438,112 951,9 292,4 195,August
CCG,08L,E38000098,NHS Lewisham CCG,99 954,89 210,7 728,3 016,August
CCG,08M,E38000113,NHS Newham CCG,123 810,107 935,11 235,4 640,August
CCG,08N,E38000138,NHS Redbridge CCG,104 178,92 732,6 188,5 258,August
CCG,08P,E38000140,NHS Richmond CCG,64 323,56 128,3 261,4 934,August
CCG,08Q,E38000171,NHS Southwark CCG,107 545,94 476,9 134,3 935,August
CCG,08R,E38000105,NHS Merton CCG,65 150,59 890,3 807,1 453,August
CCG,08T,E38000179,NHS Sutton CCG,67 081,61 497,3 102,2 482,August
CCG,08V,E38000186,NHS Tower Hamlets CCG,120 553,107 415,9 816,3 322,August
CCG,08W,E38000192,NHS Waltham Forest CCG,87 917,80 100,5 322,2 495,August
CCG,08X,E38000193,NHS Wandsworth CCG,133 326,121 345,8 452,3 529,August
CCG,08Y,E38000202,NHS West London CCG,95 336,82 741,6 447,6 148,August
CCG,09A,E38000031,NHS Central London (Westminster) CCG,69 626,61 727,4 490,3 409,August
CCG,09C,E38000002,NHS Ashford CCG,65 522,61 502,2 417,1 603,August
CCG,09D,E38000021,NHS Brighton and Hove CCG,104 674,93 758,5 081,5 835,August
CCG,09E,E38000029,NHS Canterbury and Coastal CCG,104 394,96 108,4 241,4 045,August
CCG,09F,E38000055,"NHS Eastbourne, Hailsham and Seaford CCG",96 628,89 471,4 008,3 149,August
CCG,09G,E38000213,NHS Coastal West Sussex CCG,223 451,204 650,7 683,11 118,August
CCG,09H,E38000039,NHS Crawley CCG,49 045,44 266,1 523,3 256,August
CCG,09J,E38000043,"NHS Dartford, Gravesham and Swanley CCG",46 077,40 278,2 433,3 366,August
CCG,09L,E38000054,NHS East Surrey CCG,71 381,66 147,3 443,1 791,August
CCG,09N,E38000214,NHS Guildford and Waverley CCG,78 049,72 876,2 978,2 195,August
CCG,09P,E38000076,NHS Hastings and Rother CCG,91 221,83 857,4 117,3 247,August
CCG,09W,E38000104,NHS Medway CCG,86 176,77 148,4 146,4 882,August
CCG,09X,E38000083,NHS Horsham and Mid Sussex CCG,82 197,74 354,2 824,5 019,August
CCG,09Y,E38000128,NHS North West Surrey CCG,116 646,109 009,4 809,2 828,August
CCG,10A,E38000156,NHS South Kent Coast CCG,67 405,59 940,2 794,4 671,August
CCG,10C,E38000178,NHS Surrey Heath CCG,42 735,40 106,1 557,1 072,August
CCG,10D,E38000180,NHS Swale CCG,37 918,33 499,1 993,2 426,August
CCG,10E,E38000184,NHS Thanet CCG,53 653,48 077,2 234,3 342,August
CCG,10J,E38000120,NHS North Hampshire CCG,91 458,85 929,3 407,2 122,August
CCG,10K,E38000059,NHS Fareham and Gosport CCG,77 140,70 704,3 092,3 344,August
CCG,10L,E38000087,NHS Isle of Wight CCG,70 015,59 865,5 069,5 081,August
CCG,10Q,E38000136,NHS Oxfordshire CCG,281 194,260 343,12 050,8 801,August
CCG,10R,E38000137,NHS Portsmouth CCG,77 664,70 251,3 655,3 758,August
CCG,10V,E38000154,NHS South Eastern Hampshire CCG,82 171,73 762,3 215,5 194,August
CCG,10X,E38000167,NHS Southampton CCG,101 148,92 453,5 050,3 645,August
CCG,11A,E38000198,NHS West Hampshire CCG,200 947,185 944,6 789,8 214,August
CCG,11E,E38000009,NHS Bath and North East Somerset CCG,84 746,77 325,3 317,4 104,August
CCG,11J,E38000045,NHS Dorset CCG,347 593,314 190,12 933,20 470,August
CCG,11M,E38000062,NHS Gloucestershire CCG,266 664,239 111,10 547,17 006,August
CCG,11N,E38000089,NHS Kernow CCG,306 658,269 599,21 140,15 919,August
CCG,11X,E38000150,NHS Somerset CCG,222 798,202 771,10 984,9 043,August
CCG,12D,E38000181,NHS Swindon CCG,94 652,82 539,4 026,8 087,August
CCG,12F,E38000208,NHS Wirral CCG,140 534,123 306,7 891,9 337,August
CCG,13T,E38000212,NHS Newcastle Gateshead CCG,192 967,171 643,11 507,9 817,August
CCG,14L,E38000217,NHS Manchester CCG,200 822,176 513,15 517,8 792,August
CCG,14Y,E38000223,NHS Buckinghamshire CCG,191 758,178 232,6 573,6 953,August
CCG,15A,E38000221,NHS Berkshire West,193 792,175 673,7 883,10 236,August
CCG,15C,E38000222,"NHS Bristol, North Somerset and South Gloucestershire CCG",394 699,361 538,19 668,13 493,August
CCG,15D,E38000224,NHS East Berkshire CCG,152 540,139 454,7 303,5 783,August
CCG,15E,E38000220,NHS Birmingham and Solihull CCG,480 365,420 722,35 188,24 455,August
CCG,15F,E38000225,NHS Leeds CCG,362 914,327 790,16 360,18 764,August
CCG,15M,E38000229,NHS Derby and Derbyshire CCG,454 881,408 971,17 369,28 541,August
CCG,15N,E38000230,NHS Devon CCG,612 263,557 249,24 479,30 535,August
CCG,99A,E38000101,NHS Liverpool CCG,189 755,169 883,12 714,7 158,August
CCG,99C,E38000127,NHS North Tyneside CCG,87 211,77 798,4 423,4 990,August
CCG,99D,E38000157,NHS South Lincolnshire CCG,81 406,71 344,2 823,7 239,August
CCG,99E,E38000007,NHS Basildon and Brentwood CCG,91 745,82 058,3 412,6 275,August
CCG,99F,E38000030,NHS Castle Point and Rochford CCG,59 451,54 307,1 856,3 288,August
CCG,99G,E38000168,NHS Southend CCG,63 173,56 486,2 522,4 165,August
CCG,99H,E38000177,NHS Surrey Downs CCG,107 146,98 216,3 893,5 037,August
CCG,99J,E38000199,NHS West Kent CCG,179 152,161 055,8 185,9 912,August
CCG,99K,E38000081,NHS High Weald Lewes Havens CCG,66 374,61 364,2 096,2 914,August
CCG,99M,E38000118,NHS North East Hampshire and Farnham CCG,77 196,72 034,2 963,2 199,August
CCG,99N,E38000206,NHS Wiltshire CCG,235 352,216 306,7 016,12 030,August
