﻿;;;;;;;;;;
;;;;;;;;;;
;;;;;;;;;;
;;;;;;;;;;
;;;;;;;;;;
Return to Contents;;;;;;;;;;
_;;;;;;;;;;
Table 3a: Appointments by Status, at National, Regional, Regional Local Office, STP and CCG level, England, April 2019;;;;;;;;;;
;;;;Count of Open GP Practices1;Count of Included GP Practices;Count of Appointments;;"Count of Appointments by 
Appointment Status";;
Type;NHS Area Code;ONS Code;Name;;;Total;;Attended;DNA;Unknown2
Type;NHS Area Code;ONS Code;Name;Open Active Practices;Included Practices;Total;_;Attended;DNA;Unknown
National;ENG;ENG;England;6 974;6 419;22 829 868;;20 507 173;1 127 575;1 195 120
Region;Y56;E40000003;London Commissioning Region;1 277;1 112;3 005 066;;2 673 969;197 802;133 295
Region;Y58;E40000006;South West Commissioning Region;596;561;2 660 148;;2 393 755;121 023;145 370
Region;Y59;E40000005;South East Commissioning Region;912;789;3 277 810;;2 994 617;132 929;150 264
Region;Y60;E40000008;Midlands Commissioning Region;1 358;1 302;4 540 455;;4 070 671;225 347;244 437
Region;Y61;E40000007;East of England Commissioning Region;710;685;2 747 980;;2 479 127;111 282;157 571
Region;Y62;E40000010;North West Commissioning Region;1 056;926;2 601 561;;2 320 488;153 682;127 391
Region;Y63;E40000009;North East and Yorkshire Commissioning Region;1 065;1 044;3 996 848;;3 574 546;185 510;236 792
Regional Local Office;Q71;E39000018;NHS England London;1 277;1 112;3 005 066;;2 673 969;197 802;133 295
Regional Local Office;Q72;E39000048;NHS England North East and Yorkshire (Yorkshire and Humber);663;654;2 552 055;;2 282 007;115 001;155 047
Regional Local Office;Q74;E39000047;NHS England North East and Yorkshire (Cumbria and North East);402;390;1 444 793;;1 292 539;70 509;81 745
Regional Local Office;Q75;E39000026;NHS England North West (Cheshire and Merseyside);376;357;998 308;;889 621;56 906;51 781
Regional Local Office;Q76;E39000032;NHS England Midlands (North Midlands);464;452;1 571 558;;1 416 682;68 387;86 489
Regional Local Office;Q77;E39000033;NHS England Midlands (West Midlands);600;561;1 785 105;;1 593 500;107 436;84 169
Regional Local Office;Q78;E39000045;NHS England Midlands (Central Midlands);294;289;1 183 792;;1 060 489;49 524;73 779
Regional Local Office;Q79;E39000046;NHS England East of England (East);710;685;2 747 980;;2 479 127;111 282;157 571
Regional Local Office;Q83;E39000037;NHS England North West (Greater Manchester);461;364;952 851;;846 331;61 056;45 464
Regional Local Office;Q84;E39000040;NHS England North West (Lancashire and South Cumbria);219;205;650 402;;584 536;35 720;30 146
Regional Local Office;Q85;E39000044;NHS England South West (South West South);341;322;1 540 143;;1 379 615;73 694;86 834
Regional Local Office;Q86;E39000043;NHS England South West (South West North);255;239;1 120 005;;1 014 140;47 329;58 536
Regional Local Office;Q87;E39000041;NHS England South East (Hampshire, Isle of Wight and Thames Valley);405;363;1 648 454;;1 510 392;68 314;69 748
Regional Local Office;Q88;E39000042;NHS England South East (Kent, Surrey and Sussex);507;426;1 629 356;;1 484 225;64 615;80 516
STP;E54000005;E54000005;West Yorkshire And Harrogate (Health & Care Partnership)  STP;319;316;1 241 522;;1 114 215;52 478;74 829
STP;E54000006;E54000006;Humber, Coast And Vale  STP;152;148;603 881;;541 693;26 800;35 388
STP;E54000007;E54000007;Greater Manchester Health And Social Care Partnership STP;461;364;952 851;;846 331;61 056;45 464
STP;E54000008;E54000008;Cheshire And Merseyside  STP;376;357;998 308;;889 621;56 906;51 781
STP;E54000009;E54000009;South Yorkshire And Bassetlaw  STP;192;190;706 652;;626 099;35 723;44 830
STP;E54000010;E54000010;Staffordshire And Stoke On Trent  STP;157;152;421 634;;381 751;20 300;19 583
STP;E54000011;E54000011;Shropshire And Telford And Wrekin  STP;55;54;209 152;;192 505;9 346;7 301
STP;E54000012;E54000012;Joined Up Care Derbyshire  STP;116;113;472 625;;423 792;18 456;30 377
STP;E54000013;E54000013;Lincolnshire  STP;86;85;347 360;;314 702;13 778;18 880
STP;E54000014;E54000014;Nottingham And Nottinghamshire Health And Care  STP;136;133;468 147;;418 634;20 285;29 228
STP;E54000015;E54000015;Leicester, Leicestershire And Rutland  STP;137;135;508 753;;455 834;23 004;29 915
STP;E54000016;E54000016;The Black Country And West Birmingham  STP;219;213;582 838;;511 701;40 697;30 440
STP;E54000017;E54000017;Birmingham And Solihull  STP;170;161;507 986;;444 403;35 684;27 899
STP;E54000018;E54000018;Coventry And Warwickshire  STP;127;108;323 705;;295 090;16 045;12 570
STP;E54000019;E54000019;Herefordshire And Worcestershire  STP;84;79;370 576;;342 306;15 010;13 260
STP;E54000020;E54000020;Northamptonshire  STP;71;69;327 679;;289 953;12 742;24 984
STP;E54000021;E54000021;Cambridgeshire And Peterborough  STP;91;89;431 335;;388 690;18 869;23 776
STP;E54000022;E54000022;Norfolk And Waveney Health & Care Partnership STP;106;104;498 491;;451 209;18 395;28 887
STP;E54000023;E54000023;Suffolk And North East Essex  STP;99;96;456 323;;418 023;15 808;22 492
STP;E54000024;E54000024;Bedfordshire, Luton And Milton Keynes  STP;102;101;398 894;;359 362;18 627;20 905
STP;E54000025;E54000025;Hertfordshire And West Essex  STP;147;135;513 732;;458 102;23 096;32 534
STP;E54000026;E54000026;Mid And South Essex  STP;165;160;449 205;;403 741;16 487;28 977
STP;E54000027;E54000027;North West London Health & Care Partnership STP;361;352;851 516;;754 420;55 827;41 269
STP;E54000028;E54000028;North London Partners In Health And Care STP;211;171;446 604;;398 367;29 737;18 500
STP;E54000029;E54000029;East London Health & Care Partnership STP;290;266;708 931;;628 263;49 931;30 737
STP;E54000030;E54000030;Our Healthier South East London  STP;225;166;503 516;;444 327;34 113;25 076
STP;E54000031;E54000031;South West London Health & Care Partnership STP;190;157;494 499;;448 592;28 194;17 713
STP;E54000032;E54000032;Kent And Medway  STP;220;147;504 684;;457 525;21 430;25 729
STP;E54000033;E54000033;Sussex And East Surrey  STP;196;191;814 274;;741 207;30 848;42 219
STP;E54000034;E54000034;Frimley Health And Care ICS STP;75;65;271 197;;250 022;11 488;9 687
STP;E54000035;E54000035;Surrey Heartlands Health & Care Partnership STP;91;88;310 398;;285 493;12 337;12 568
STP;E54000036;E54000036;Cornwall And The Isles Of Scilly Health & Social Care Partnership STP;59;57;324 877;;282 959;24 700;17 218
STP;E54000037;E54000037;Devon  STP;131;123;639 912;;578 777;24 934;36 201
STP;E54000038;E54000038;Somerset  STP;66;58;218 039;;195 811;10 179;12 049
STP;E54000039;E54000039;Bristol, North Somerset And South Gloucestershire  STP;83;78;423 062;;386 747;21 253;15 062
STP;E54000040;E54000040;Bath And North East Somerset, Swindon And Wiltshire  STP;96;95;442 745;;398 395;15 624;28 726
STP;E54000041;E54000041;Dorset  STP;85;84;357 315;;322 068;13 881;21 366
STP;E54000042;E54000042;Hampshire And The Isle Of Wight  STP;161;152;735 933;;665 321;31 831;38 781
STP;E54000043;E54000043;Gloucestershire  STP;76;66;254 198;;228 998;10 452;14 748
STP;E54000044;E54000044;Buckinghamshire, Oxfordshire And Berkshire West  STP;169;146;641 324;;595 049;24 995;21 280
STP;E54000048;E54000048;Healthier Lancashire And South Cumbria  STP;219;205;650 402;;584 536;35 720;30 146
STP;E54000049;E54000049;Cumbria And North East  STP;402;390;1 444 793;;1 292 539;70 509;81 745
CCG;00C;E38000042;NHS Darlington CCG;11;11;46 132;;40 483;2 373;3 276
CCG;00D;E38000047;NHS Durham Dales, Easington and Sedgefield CCG;36;36;160 181;;142 707;7 787;9 687
CCG;00J;E38000116;NHS North Durham CCG;30;30;129 652;;114 396;5 522;9 734
CCG;00K;E38000075;NHS Hartlepool and Stockton-on-Tees CCG;33;32;118 982;;104 642;6 022;8 318
CCG;00L;E38000130;NHS Northumberland CCG;41;40;162 091;;147 712;6 335;8 044
CCG;00M;E38000162;NHS South Tees CCG;38;34;139 990;;126 249;6 918;6 823
CCG;00N;E38000163;NHS South Tyneside CCG;22;21;59 328;;54 028;3 064;2 236
CCG;00P;E38000176;NHS Sunderland CCG;41;40;111 516;;98 363;6 805;6 348
CCG;00Q;E38000014;NHS Blackburn with Darwen CCG;23;22;56 134;;49 180;4 376;2 578
CCG;00R;E38000015;NHS Blackpool CCG;19;18;75 940;;68 657;4 227;3 056
CCG;00T;E38000016;NHS Bolton CCG;49;33;98 271;;87 564;6 120;4 587
CCG;00X;E38000034;NHS Chorley and South Ribble CCG;30;27;62 484;;55 488;3 231;3 765
CCG;00Y;E38000135;NHS Oldham CCG;43;41;99 465;;89 507;6 345;3 613
CCG;01A;E38000050;NHS East Lancashire CCG;53;50;138 291;;122 660;9 137;6 494
CCG;01C;E38000056;NHS Eastern Cheshire CCG;24;21;77 637;;71 740;3 024;2 873
CCG;01D;E38000080;NHS Heywood, Middleton and Rochdale CCG;41;36;91 917;;82 458;5 748;3 711
CCG;01E;E38000227;NHS Greater Preston CCG;24;22;59 970;;53 119;3 669;3 182
CCG;01F;E38000068;NHS Halton CCG;14;14;53 230;;45 492;3 407;4 331
CCG;01G;E38000143;NHS Salford CCG;45;19;45 840;;40 211;2 959;2 670
CCG;01H;E38000215;NHS North Cumbria CCG;39;38;160 621;;146 823;6 746;7 052
CCG;01J;E38000091;NHS Knowsley CCG;25;25;67 774;;58 496;4 557;4 721
CCG;01K;E38000228;NHS Morecambe Bay CCG;35;33;137 076;;125 483;6 135;5 458
CCG;01R;E38000151;NHS South Cheshire CCG;17;17;73 708;;64 569;5 309;3 830
CCG;01T;E38000161;NHS South Sefton CCG;31;28;46 784;;42 589;2 815;1 380
CCG;01V;E38000170;NHS Southport and Formby CCG;18;17;47 252;;42 655;1 909;2 688
CCG;01W;E38000174;NHS Stockport CCG;38;35;117 854;;105 481;6 468;5 905
CCG;01X;E38000172;NHS St Helens CCG;34;33;70 653;;63 174;4 139;3 340
CCG;01Y;E38000182;NHS Tameside and Glossop CCG;37;37;103 592;;93 347;6 374;3 871
CCG;02A;E38000187;NHS Trafford CCG;32;29;75 542;;67 776;3 975;3 791
CCG;02D;E38000189;NHS Vale Royal CCG;12;12;38 595;;34 004;1 871;2 720
CCG;02E;E38000194;NHS Warrington CCG;26;26;76 746;;69 961;3 133;3 652
CCG;02F;E38000196;NHS West Cheshire CCG;35;30;101 197;;91 958;4 970;4 269
CCG;02G;E38000200;NHS West Lancashire CCG;16;15;43 316;;38 554;2 157;2 605
CCG;02H;E38000205;NHS Wigan Borough CCG;61;53;101 812;;88 997;5 941;6 874
CCG;02M;E38000226;NHS Fylde & Wyre CCG;19;18;77 191;;71 395;2 788;3 008
CCG;02N;E38000001;NHS Airedale, Wharfedale and Craven CCG;16;16;85 506;;75 902;2 995;6 609
CCG;02P;E38000006;NHS Barnsley CCG;33;31;114 326;;102 080;6 147;6 099
CCG;02Q;E38000008;NHS Bassetlaw CCG;9;9;55 555;;50 174;2 268;3 113
CCG;02R;E38000019;NHS Bradford Districts CCG;33;33;162 782;;144 649;6 133;12 000
CCG;02T;E38000025;NHS Calderdale CCG;26;25;97 903;;87 644;4 161;6 098
CCG;02W;E38000018;NHS Bradford City CCG;26;26;72 497;;63 775;4 362;4 360
CCG;02X;E38000044;NHS Doncaster CCG;40;40;143 030;;128 178;7 542;7 310
CCG;02Y;E38000052;NHS East Riding of Yorkshire CCG;32;30;124 539;;112 978;4 910;6 651
CCG;03A;E38000064;NHS Greater Huddersfield CCG;37;37;99 899;;90 592;4 353;4 954
CCG;03D;E38000069;NHS Hambleton, Richmondshire and Whitby CCG;22;21;66 197;;59 117;2 240;4 840
CCG;03E;E38000073;NHS Harrogate and Rural District CCG;17;17;71 877;;66 052;2 314;3 511
CCG;03F;E38000085;NHS Hull CCG;37;37;109 121;;95 501;7 428;6 192
CCG;03H;E38000119;NHS North East Lincolnshire CCG;26;25;89 733;;80 537;4 343;4 853
CCG;03J;E38000121;NHS North Kirklees CCG;28;27;84 876;;76 440;4 273;4 163
CCG;03K;E38000122;NHS North Lincolnshire CCG;19;19;82 350;;73 792;2 559;5 999
CCG;03L;E38000141;NHS Rotherham CCG;30;30;121 843;;106 151;5 908;9 784
CCG;03M;E38000145;NHS Scarborough and Ryedale CCG;12;12;60 744;;53 666;2 448;4 630
CCG;03N;E38000146;NHS Sheffield CCG;80;80;271 898;;239 516;13 858;18 524
CCG;03Q;E38000188;NHS Vale of York CCG;26;25;137 394;;125 219;5 112;7 063
CCG;03R;E38000190;NHS Wakefield CCG;37;36;183 151;;165 045;7 255;10 851
CCG;03T;E38000099;NHS Lincolnshire East CCG;26;26;115 091;;103 869;5 062;6 160
CCG;03V;E38000037;NHS Corby CCG;5;5;38 125;;29 840;1 476;6 809
CCG;03W;E38000051;NHS East Leicestershire and Rutland CCG;32;30;162 482;;145 009;5 950;11 523
CCG;04C;E38000097;NHS Leicester City CCG;57;57;166 502;;147 615;10 324;8 563
CCG;04D;E38000100;NHS Lincolnshire West CCG;30;29;88 908;;80 841;3 733;4 334
CCG;04E;E38000103;NHS Mansfield and Ashfield CCG;26;26;91 652;;81 565;3 786;6 301
CCG;04F;E38000107;NHS Milton Keynes CCG;27;27;118 286;;108 009;5 061;5 216
CCG;04G;E38000108;NHS Nene CCG;66;64;289 554;;260 113;11 266;18 175
CCG;04H;E38000109;NHS Newark & Sherwood CCG;14;14;60 523;;55 343;2 268;2 912
CCG;04K;E38000132;NHS Nottingham City CCG;55;53;146 561;;128 011;8 156;10 394
CCG;04L;E38000133;NHS Nottingham North and East CCG;17;16;53 744;;48 441;1 899;3 404
CCG;04M;E38000134;NHS Nottingham West CCG;12;12;54 672;;49 191;2 340;3 141
CCG;04N;E38000142;NHS Rushcliffe CCG;12;12;60 995;;56 083;1 836;3 076
CCG;04Q;E38000165;NHS South West Lincolnshire CCG;17;17;59 292;;54 345;2 168;2 779
CCG;04V;E38000201;NHS West Leicestershire CCG;48;48;179 769;;163 210;6 730;9 829
CCG;04Y;E38000028;NHS Cannock Chase CCG;24;23;51 701;;46 113;2 590;2 998
CCG;05A;E38000038;NHS Coventry and Rugby CCG;68;61;162 361;;145 473;10 409;6 479
CCG;05C;E38000046;NHS Dudley CCG;43;43;124 543;;110 580;7 077;6 886
CCG;05D;E38000053;NHS East Staffordshire CCG;18;16;48 775;;44 989;1 832;1 954
CCG;05F;E38000078;NHS Herefordshire CCG;20;20;89 462;;82 097;3 586;3 779
CCG;05G;E38000126;NHS North Staffordshire CCG;32;31;77 771;;70 501;2 969;4 301
CCG;05H;E38000195;NHS Warwickshire North CCG;26;14;26 552;;24 670;1 062;820
CCG;05J;E38000139;NHS Redditch and Bromsgrove CCG;22;21;78 577;;73 067;3 340;2 170
CCG;05L;E38000144;NHS Sandwell and West Birmingham CCG;84;81;240 603;;208 826;18 092;13 685
CCG;05N;E38000147;NHS Shropshire CCG;41;40;134 274;;123 707;5 371;5 196
CCG;05Q;E38000153;NHS South East Staffordshire and Seisdon Peninsula CCG;26;25;85 280;;78 468;3 867;2 945
CCG;05R;E38000164;NHS South Warwickshire CCG;33;33;134 792;;124 947;4 574;5 271
CCG;05T;E38000166;NHS South Worcestershire CCG;31;27;132 908;;122 115;5 205;5 588
CCG;05V;E38000173;NHS Stafford and Surrounds CCG;14;14;60 801;;55 422;2 612;2 767
CCG;05W;E38000175;NHS Stoke on Trent CCG;43;43;97 306;;86 258;6 430;4 618
CCG;05X;E38000183;NHS Telford and Wrekin CCG;14;14;74 878;;68 798;3 975;2 105
CCG;05Y;E38000191;NHS Walsall CCG;52;50;121 373;;107 586;8 243;5 544
CCG;06A;E38000210;NHS Wolverhampton CCG;40;39;96 319;;84 709;7 285;4 325
CCG;06D;E38000211;NHS Wyre Forest CCG;11;11;69 629;;65 027;2 879;1 723
CCG;06F;E38000010;NHS Bedfordshire CCG;48;48;196 063;;176 636;7 938;11 489
CCG;06H;E38000026;NHS Cambridgeshire and Peterborough CCG;91;89;431 335;;388 690;18 869;23 776
CCG;06K;E38000049;NHS East and North Hertfordshire CCG;57;51;203 624;;178 732;8 569;16 323
CCG;06L;E38000086;NHS Ipswich and East Suffolk CCG;40;40;186 628;;169 513;6 037;11 078
CCG;06M;E38000063;NHS Great Yarmouth and Waveney CCG;19;18;102 667;;92 148;5 010;5 509
CCG;06N;E38000079;NHS Herts Valleys CCG;58;53;204 218;;183 834;9 842;10 542
CCG;06P;E38000102;NHS Luton CCG;27;26;84 545;;74 717;5 628;4 200
CCG;06Q;E38000106;NHS Mid Essex CCG;46;43;154 565;;140 383;5 336;8 846
CCG;06T;E38000117;NHS North East Essex CCG;35;32;160 322;;147 770;6 040;6 512
CCG;06V;E38000124;NHS North Norfolk CCG;19;19;90 363;;81 607;3 025;5 731
CCG;06W;E38000218;NHS Norwich CCG;23;23;106 847;;95 928;3 954;6 965
CCG;06Y;E38000219;NHS South Norfolk CCG;24;23;103 851;;95 482;3 183;5 186
CCG;07G;E38000185;NHS Thurrock CCG;28;28;73 214;;64 735;3 289;5 190
CCG;07H;E38000197;NHS West Essex CCG;32;31;105 890;;95 536;4 685;5 669
CCG;07J;E38000203;NHS West Norfolk CCG;21;21;94 763;;86 044;3 223;5 496
CCG;07K;E38000204;NHS West Suffolk CCG;24;24;109 373;;100 740;3 731;4 902
CCG;07L;E38000004;NHS Barking and Dagenham CCG;35;28;61 176;;52 190;4 995;3 991
CCG;07M;E38000005;NHS Barnet CCG;56;43;101 972;;91 807;4 978;5 187
CCG;07N;E38000011;NHS Bexley CCG;24;5;23 187;;20 433;1 289;1 465
CCG;07P;E38000020;NHS Brent CCG;56;56;132 278;;117 395;10 162;4 721
CCG;07Q;E38000023;NHS Bromley CCG;45;43;102 765;;90 001;4 563;8 201
CCG;07R;E38000027;NHS Camden CCG;36;31;82 482;;74 314;5 596;2 572
CCG;07T;E38000035;NHS City and Hackney CCG;42;40;120 549;;107 737;8 464;4 348
CCG;07V;E38000040;NHS Croydon CCG;52;46;131 649;;117 973;8 361;5 315
CCG;07W;E38000048;NHS Ealing CCG;76;74;165 189;;147 761;10 335;7 093
CCG;07X;E38000057;NHS Enfield CCG;47;34;93 970;;82 398;6 550;5 022
CCG;07Y;E38000084;NHS Hounslow CCG;46;46;114 651;;101 382;6 601;6 668
CCG;08A;E38000066;NHS Greenwich CCG;35;7;29 417;;26 313;1 935;1 169
CCG;08C;E38000070;NHS Hammersmith and Fulham CCG;29;28;78 506;;68 968;4 772;4 766
CCG;08D;E38000072;NHS Haringey CCG;38;35;84 864;;76 050;5 667;3 147
CCG;08E;E38000074;NHS Harrow CCG;33;32;96 544;;84 923;6 226;5 395
CCG;08F;E38000077;NHS Havering CCG;43;35;71 507;;63 980;3 732;3 795
CCG;08G;E38000082;NHS Hillingdon CCG;45;44;97 696;;87 512;6 312;3 872
CCG;08H;E38000088;NHS Islington CCG;34;28;83 316;;73 798;6 946;2 572
CCG;08J;E38000090;NHS Kingston CCG;21;21;66 970;;61 923;3 258;1 789
CCG;08K;E38000092;NHS Lambeth CCG;47;39;130 190;;114 679;9 210;6 301
CCG;08L;E38000098;NHS Lewisham CCG;37;36;105 160;;94 035;7 843;3 282
CCG;08M;E38000113;NHS Newham CCG;52;49;125 674;;109 979;10 890;4 805
CCG;08N;E38000138;NHS Redbridge CCG;42;41;102 040;;89 939;6 519;5 582
CCG;08P;E38000140;NHS Richmond CCG;28;9;18 821;;16 700;1 038;1 083
CCG;08Q;E38000171;NHS Southwark CCG;37;36;112 797;;98 866;9 273;4 658
CCG;08R;E38000105;NHS Merton CCG;22;20;65 281;;59 516;3 627;2 138
CCG;08T;E38000179;NHS Sutton CCG;25;22;71 397;;65 900;3 235;2 262
CCG;08V;E38000186;NHS Tower Hamlets CCG;35;34;129 318;;114 796;9 710;4 812
CCG;08W;E38000192;NHS Waltham Forest CCG;41;39;98 667;;89 642;5 621;3 404
CCG;08X;E38000193;NHS Wandsworth CCG;42;39;140 381;;126 580;8 675;5 126
CCG;08Y;E38000202;NHS West London CCG;42;41;91 359;;79 332;6 535;5 492
CCG;09A;E38000031;NHS Central London (Westminster) CCG;34;31;75 293;;67 147;4 884;3 262
CCG;09C;E38000002;NHS Ashford CCG;11;11;69 501;;63 200;2 470;3 831
CCG;09D;E38000021;NHS Brighton and Hove CCG;35;33;109 450;;97 673;5 410;6 367
CCG;09E;E38000029;NHS Canterbury and Coastal CCG;15;14;105 592;;96 648;4 470;4 474
CCG;09F;E38000055;NHS Eastbourne, Hailsham and Seaford CC;20;20;97 565;;89 574;3 624;4 367
CCG;09G;E38000213;NHS Coastal West Sussex CCG;47;47;237 215;;217 098;7 785;12 332
CCG;09H;E38000039;NHS Crawley CCG;12;12;52 619;;46 962;1 801;3 856
CCG;09J;E38000043;NHS Dartford, Gravesham and Swanley CCG;30;2;3 013;;2 499;148;366
CCG;09L;E38000054;NHS East Surrey CCG;17;16;71 968;;66 082;3 207;2 679
CCG;09N;E38000214;NHS Guildford and Waverley CCG;21;20;75 698;;70 478;2 858;2 362
CCG;09P;E38000076;NHS Hastings and Rother CCG;23;23;90 311;;82 033;3 860;4 418
CCG;09W;E38000104;NHS Medway CCG;48;40;74 517;;66 382;3 243;4 892
CCG;09X;E38000083;NHS Horsham and Mid Sussex CCG;23;22;85 970;;78 409;3 026;4 535
CCG;09Y;E38000128;NHS North West Surrey CCG;40;38;122 225;;112 556;5 170;4 499
CCG;10A;E38000156;NHS South Kent Coast CCG;29;15;42 102;;38 069;1 704;2 329
CCG;10C;E38000178;NHS Surrey Heath CCG;7;7;43 047;;39 952;1 642;1 453
CCG;10D;E38000180;NHS Swale CCG;17;17;41 768;;37 657;2 193;1 918
CCG;10E;E38000184;NHS Thanet CCG;14;13;56 785;;51 055;2 466;3 264
CCG;10J;E38000120;NHS North Hampshire CCG;15;14;93 806;;86 959;3 178;3 669
CCG;10K;E38000059;NHS Fareham and Gosport CCG;18;17;81 341;;73 580;3 191;4 570
CCG;10L;E38000087;NHS Isle of Wight CCG;16;16;70 998;;59 582;5 229;6 187
CCG;10Q;E38000136;NHS Oxfordshire CCG;70;64;295 744;;272 123;12 735;10 886
CCG;10R;E38000137;NHS Portsmouth CCG;16;16;85 293;;76 780;3 968;4 545
CCG;10V;E38000154;NHS South Eastern Hampshire CCG;20;19;85 129;;75 704;3 708;5 717
CCG;10X;E38000167;NHS Southampton CCG;27;26;108 381;;97 613;5 655;5 113
CCG;11A;E38000198;NHS West Hampshire CCG;49;44;210 985;;195 103;6 902;8 980
CCG;11E;E38000009;NHS Bath and North East Somerset CCG;24;24;93 556;;83 667;3 840;6 049
CCG;11J;E38000045;NHS Dorset CCG;85;84;357 315;;322 068;13 881;21 366
CCG;11M;E38000062;NHS Gloucestershire CCG;76;66;254 198;;228 998;10 452;14 748
CCG;11N;E38000089;NHS Kernow CCG;59;57;324 877;;282 959;24 700;17 218
CCG;11X;E38000150;NHS Somerset CCG;66;58;218 039;;195 811;10 179;12 049
CCG;12D;E38000181;NHS Swindon CCG;23;23;102 901;;89 687;4 314;8 900
CCG;12F;E38000208;NHS Wirral CCG;50;48;143 676;;126 269;7 852;9 555
CCG;13T;E38000212;NHS Newcastle Gateshead CCG;62;60;203 700;;180 584;12 539;10 577
CCG;14L;E38000217;NHS Manchester CCG;89;81;218 558;;190 990;17 126;10 442
CCG;14Y;E38000223;NHS Buckinghamshire CCG;50;45;195 329;;182 427;6 500;6 402
CCG;15A;E38000221;NHS Berkshire West CCG;49;37;150 251;;140 499;5 760;3 992
CCG;15C;E38000222;NHS Bristol, North Somerset and South G;83;78;423 062;;386 747;21 253;15 062
CCG;15D;E38000224;NHS East Berkshire CCG;47;39;147 531;;135 735;6 743;5 053
CCG;15E;E38000220;NHS Birmingham and Solihull CCG;170;161;507 986;;444 403;35 684;27 899
CCG;15F;E38000225;NHS Leeds CCG;99;99;383 031;;344 116;16 632;22 283
CCG;15M;E38000229;NHS Derby and Derbyshire CCG;116;113;472 625;;423 792;18 456;30 377
CCG;15N;E38000230;NHS Devon CCG;131;123;639 912;;578 777;24 934;36 201
CCG;99A;E38000101;NHS Liverpool CCG;90;86;201 056;;178 714;13 920;8 422
CCG;99C;E38000127;NHS North Tyneside CCG;27;27;86 403;;77 435;4 158;4 810
CCG;99D;E38000157;NHS South Lincolnshire CCG;13;13;84 069;;75 647;2 815;5 607
CCG;99E;E38000007;NHS Basildon and Brentwood CCG;39;39;96 548;;85 955;3 597;6 996
CCG;99F;E38000030;NHS Castle Point and Rochford CCG;23;22;62 253;;55 897;1 854;4 502
CCG;99G;E38000168;NHS Southend CCG;29;28;62 625;;56 771;2 411;3 443
CCG;99H;E38000177;NHS Surrey Downs CCG;30;30;112 475;;102 459;4 309;5 707
CCG;99J;E38000199;NHS West Kent CCG;56;35;111 406;;102 015;4 736;4 655
CCG;99K;E38000081;NHS High Weald Lewes Havens CCG;19;18;69 176;;63 376;2 135;3 665
CCG;99M;E38000118;NHS North East Hampshire and Farnham CC;21;19;80 619;;74 335;3 103;3 181
CCG;99N;E38000206;NHS Wiltshire CCG;49;48;246 288;;225 041;7 470;13 777
;;;;;;;;;;
Source: NHS Digital;;;;;;;;;;
;;;;;;;;;;
Notes:;;;;;;;;;;
1;CCGs are only included if there is data for more than one practice within the CCG, therefore the total count of open GP practices by CCG will not equal the national total;;;;;;;;;
2;"At the time of the appointment a ‘Booked’ status will usually be changed to either ‘Attended’ or ‘DNA’. In some cases (4-7% of monthly appointments), the final status of an appointment remains as ‘Booked’. It is not known from the data whether these appointments were actually attended or not. From a sample audit these were found to be consultations where the status has not been updated to say if patients had attended or not. 
For this reason, these appointments are reported as ""Unknown"" status";;;;;;;;;
_;;;;;;;;;;
Copyright © 2019 Health and Social Care Information Centre. The Health and Social Care Information Centre is a non-departmental body created by statute, also known as NHS Digital.;;;;;;;;;;
;;;;;;;;;;
;;;;;;;;;;
;;;;;;;;;;
;;;;;;;;;;
;;;;;;;;;;
;;;;;;;;;;
;;;;;;;;;;
;;;;;;;;;;
;;;;;;;;;;
;;;;;;;;;;
;;;;;;;;;;
;;;;;;;;;;
;;;;;;;;;;
;;;;;;;;;;
;;;;;;;;;;
;;;;;;;;;;
;;;;;;;;;;
;;;;;;;;;;
;;;;;;;;;;
;;;;;;;;;;
;;;;;;;;;;
;;;;;;;;;;
;;;;;;;;;;
;;;;;;;;;;
;;;;;;;;;;
;;;;;;;;;;
;;;;;;;;;;
;;;;;;;;;;
;;;;;;;;;;
;;;;;;;;;;
;;;;;;;;;;
;;;;;;;;;;
;;;;;;;;;;
;;;;;;;;;;
;;;;;;;;;;
;;;;;;;;;;
;;;;;;;;;;
;;;;;;;;;;
;;;;;;;;;;
;;;;;;;;;;
;;;;;;;;;;
;;;;;;;;;;
;;;;;;;;;;
;;;;;;;;;;
;;;;;;;;;;
;;;;;;;;;;
;;;;;;;;;;
;;;;;;;;;;
;;;;;;;;;;
;;;;;;;;;;
;;;;;;;;;;
;;;;;;;;;;
;;;;;;;;;;
;;;;;;;;;;
;;;;;;;;;;
;;;;;;;;;;
;;;;;;;;;;
;;;;;;;;;;
;;;;;;;;;;
;;;;;;;;;;
;;;;;;;;;;
;;;;;;;;;;
;;;;;;;;;;
;;;;;;;;;;
;;;;;;;;;;
;;;;;;;;;;
;;;;;;;;;;
;;;;;;;;;;
;;;;;;;;;;
;;;;;;;;;;
;;;;;;;;;;
;;;;;;;;;;
;;;;;;;;;;
;;;;;;;;;;
;;;;;;;;;;
;;;;;;;;;;
;;;;;;;;;;
;;;;;;;;;;
;;;;;;;;;;
;;;;;;;;;;
;;;;;;;;;;
;;;;;;;;;;
;;;;;;;;;;
;;;;;;;;;;
;;;;;;;;;;
;;;;;;;;;;
;;;;;;;;;;
;;;;;;;;;;
;;;;;;;;;;
;;;;;;;;;;
;;;;;;;;;;
;;;;;;;;;;
;;;;;;;;;;
;;;;;;;;;;
;;;;;;;;;;
;;;;;;;;;;
;;;;;;;;;;
;;;;;;;;;;
;;;;;;;;;;
;;;;;;;;;;
;;;;;;;;;;
;;;;;;;;;;
;;;;;;;;;;
;;;;;;;;;;
;;;;;;;;;;
;;;;;;;;;;
;;;;;;;;;;
;;;;;;;;;;
;;;;;;;;;;
;;;;;;;;;;
;;;;;;;;;;
;;;;;;;;;;
;;;;;;;;;;
;;;;;;;;;;
;;;;;;;;;;
;;;;;;;;;;
;;;;;;;;;;
;;;;;;;;;;
;;;;;;;;;;
;;;;;;;;;;
;;;;;;;;;;
;;;;;;;;;;
;;;;;;;;;;
;;;;;;;;;;
;;;;;;;;;;
;;;;;;;;;;
;;;;;;;;;;
;;;;;;;;;;
;;;;;;;;;;
;;;;;;;;;;
;;;;;;;;;;
;;;;;;;;;;
;;;;;;;;;;
;;;;;;;;;;
;;;;;;;;;;
;;;;;;;;;;
;;;;;;;;;;
;;;;;;;;;;
;;;;;;;;;;
;;;;;;;;;;
;;;;;;;;;;
;;;;;;;;;;
;;;;;;;;;;
;;;;;;;;;;
;;;;;;;;;;
;;;;;;;;;;
;;;;;;;;;;
;;;;;;;;;;
;;;;;;;;;;
;;;;;;;;;;
;;;;;;;;;;
;;;;;;;;;;
;;;;;;;;;;
;;;;;;;;;;
;;;;;;;;;;
;;;;;;;;;;
;;;;;;;;;;
;;;;;;;;;;
;;;;;;;;;;
;;;;;;;;;;
;;;;;;;;;;
;;;;;;;;;;
;;;;;;;;;;
;;;;;;;;;;
;;;;;;;;;;
;;;;;;;;;;
;;;;;;;;;;
;;;;;;;;;;
;;;;;;;;;;
;;;;;;;;;;
;;;;;;;;;;
;;;;;;;;;;
;;;;;;;;;;
;;;;;;;;;;
;;;;;;;;;;
;;;;;;;;;;
;;;;;;;;;;
;;;;;;;;;;
;;;;;;;;;;
;;;;;;;;;;
;;;;;;;;;;
;;;;;;;;;;
;;;;;;;;;;
;;;;;;;;;;
;;;;;;;;;;
;;;;;;;;;;
;;;;;;;;;;
;;;;;;;;;;
;;;;;;;;;;
;;;;;;;;;;
;;;;;;;;;;
;;;;;;;;;;
;;;;;;;;;;
;;;;;;;;;;
;;;;;;;;;;
;;;;;;;;;;
;;;;;;;;;;
;;;;;;;;;;
;;;;;;;;;;
;;;;;;;;;;
;;;;;;;;;;
;;;;;;;;;;
;;;;;;;;;;
;;;;;;;;;;
;;;;;;;;;;
;;;;;;;;;;
;;;;;;;;;;
;;;;;;;;;;
;;;;;;;;;;
;;;;;;;;;;
;;;;;;;;;;
;;;;;;;;;;
;;;;;;;;;;
;;;;;;;;;;
;;;;;;;;;;
;;;;;;;;;;
;;;;;;;;;;
;;;;;;;;;;
;;;;;;;;;;
;;;;;;;;;;
;;;;;;;;;;
;;;;;;;;;;
;;;;;;;;;;
;;;;;;;;;;
;;;;;;;;;;
;;;;;;;;;;
;;;;;;;;;;
;;;;;;;;;;
;;;;;;;;;;
;;;;;;;;;;
;;;;;;;;;;
;;;;;;;;;;
;;;;;;;;;;
;;;;;;;;;;
;;;;;;;;;;
;;;;;;;;;;
;;;;;;;;;;
;;;;;;;;;;
;;;;;;;;;;
;;;;;;;;;;
;;;;;;;;;;
;;;;;;;;;;
;;;;;;;;;;
;;;;;;;;;;
;;;;;;;;;;
;;;;;;;;;;
;;;;;;;;;;
;;;;;;;;;;
;;;;;;;;;;
;;;;;;;;;;
;;;;;;;;;;
;;;;;;;;;;
;;;;;;;;;;
;;;;;;;;;;
;;;;;;;;;;
;;;;;;;;;;
;;;;;;;;;;
;;;;;;;;;;
;;;;;;;;;;
;;;;;;;;;;
;;;;;;;;;;
;;;;;;;;;;
;;;;;;;;;;
;;;;;;;;;;
;;;;;;;;;;
;;;;;;;;;;
;;;;;;;;;;
;;;;;;;;;;
;;;;;;;;;;
;;;;;;;;;;
;;;;;;;;;;
;;;;;;;;;;
;;;;;;;;;;
;;;;;;;;;;
;;;;;;;;;;
;;;;;;;;;;
;;;;;;;;;;
;;;;;;;;;;
;;;;;;;;;;
;;;;;;;;;;
;;;;;;;;;;
;;;;;;;;;;
;;;;;;;;;;
;;;;;;;;;;
;;;;;;;;;;
;;;;;;;;;;
;;;;;;;;;;
;;;;;;;;;;
;;;;;;;;;;
;;;;;;;;;;
;;;;;;;;;;
;;;;;;;;;;
;;;;;;;;;;
;;;;;;;;;;
;;;;;;;;;;
;;;;;;;;;;
;;;;;;;;;;
;;;;;;;;;;
;;;;;;;;;;
;;;;;;;;;;
;;;;;;;;;;
;;;;;;;;;;
;;;;;;;;;;
;;;;;;;;;;
;;;;;;;;;;
;;;;;;;;;;
;;;;;;;;;;
;;;;;;;;;;
;;;;;;;;;;
;;;;;;;;;;
;;;;;;;;;;
;;;;;;;;;;
;;;;;;;;;;
;;;;;;;;;;
;;;;;;;;;;
;;;;;;;;;;
;;;;;;;;;;
;;;;;;;;;;
;;;;;;;;;;
;;;;;;;;;;
;;;;;;;;;;
;;;;;;;;;;
;;;;;;;;;;
;;;;;;;;;;
;;;;;;;;;;
;;;;;;;;;;
;;;;;;;;;;
;;;;;;;;;;
;;;;;;;;;;
;;;;;;;;;;
;;;;;;;;;;
;;;;;;;;;;
;;;;;;;;;;
;;;;;;;;;;
;;;;;;;;;;
;;;;;;;;;;
;;;;;;;;;;
;;;;;;;;;;
;;;;;;;;;;
;;;;;;;;;;
;;;;;;;;;;
;;;;;;;;;;
;;;;;;;;;;
;;;;;;;;;;
;;;;;;;;;;
;;;;;;;;;;
;;;;;;;;;;
;;;;;;;;;;
;;;;;;;;;;
;;;;;;;;;;
;;;;;;;;;;
;;;;;;;;;;
;;;;;;;;;;
;;;;;;;;;;
;;;;;;;;;;
;;;;;;;;;;
;;;;;;;;;;
;;;;;;;;;;
;;;;;;;;;;
;;;;;;;;;;
;;;;;;;;;;
;;;;;;;;;;
;;;;;;;;;;
;;;;;;;;;;
;;;;;;;;;;
;;;;;;;;;;
;;;;;;;;;;
;;;;;;;;;;
;;;;;;;;;;
;;;;;;;;;;
;;;;;;;;;;
;;;;;;;;;;
;;;;;;;;;;
;;;;;;;;;;
;;;;;;;;;;
;;;;;;;;;;
;;;;;;;;;;
;;;;;;;;;;
;;;;;;;;;;
;;;;;;;;;;
;;;;;;;;;;
;;;;;;;;;;
;;;;;;;;;;
;;;;;;;;;;
;;;;;;;;;;
;;;;;;;;;;
;;;;;;;;;;
;;;;;;;;;;
;;;;;;;;;;
;;;;;;;;;;
;;;;;;;;;;
;;;;;;;;;;
;;;;;;;;;;
;;;;;;;;;;
;;;;;;;;;;
;;;;;;;;;;
;;;;;;;;;;
;;;;;;;;;;
;;;;;;;;;;
;;;;;;;;;;
;;;;;;;;;;
;;;;;;;;;;
;;;;;;;;;;
;;;;;;;;;;
;;;;;;;;;;
;;;;;;;;;;
;;;;;;;;;;
;;;;;;;;;;
;;;;;;;;;;
;;;;;;;;;;
;;;;;;;;;;
;;;;;;;;;;
;;;;;;;;;;
;;;;;;;;;;
;;;;;;;;;;
;;;;;;;;;;
;;;;;;;;;;
;;;;;;;;;;
;;;;;;;;;;
;;;;;;;;;;
;;;;;;;;;;
;;;;;;;;;;
;;;;;;;;;;
;;;;;;;;;;
;;;;;;;;;;
;;;;;;;;;;
;;;;;;;;;;
;;;;;;;;;;
;;;;;;;;;;
;;;;;;;;;;
;;;;;;;;;;
;;;;;;;;;;
;;;;;;;;;;
;;;;;;;;;;
;;;;;;;;;;
;;;;;;;;;;
;;;;;;;;;;
;;;;;;;;;;
;;;;;;;;;;
;;;;;;;;;;
;;;;;;;;;;
;;;;;;;;;;
;;;;;;;;;;
;;;;;;;;;;
;;;;;;;;;;
;;;;;;;;;;
;;;;;;;;;;
;;;;;;;;;;
;;;;;;;;;;
;;;;;;;;;;
;;;;;;;;;;
;;;;;;;;;;
;;;;;;;;;;
;;;;;;;;;;
;;;;;;;;;;
;;;;;;;;;;
;;;;;;;;;;
;;;;;;;;;;
;;;;;;;;;;
;;;;;;;;;;
;;;;;;;;;;
;;;;;;;;;;
;;;;;;;;;;
;;;;;;;;;;
;;;;;;;;;;
;;;;;;;;;;
;;;;;;;;;;
;;;;;;;;;;
;;;;;;;;;;
;;;;;;;;;;
;;;;;;;;;;
;;;;;;;;;;
;;;;;;;;;;
;;;;;;;;;;
;;;;;;;;;;
;;;;;;;;;;
;;;;;;;;;;
;;;;;;;;;;
;;;;;;;;;;
;;;;;;;;;;
;;;;;;;;;;
;;;;;;;;;;
;;;;;;;;;;
;;;;;;;;;;
;;;;;;;;;;
;;;;;;;;;;
;;;;;;;;;;
;;;;;;;;;;
;;;;;;;;;;
;;;;;;;;;;
;;;;;;;;;;
;;;;;;;;;;
;;;;;;;;;;
;;;;;;;;;;
;;;;;;;;;;
;;;;;;;;;;
;;;;;;;;;;
;;;;;;;;;;
;;;;;;;;;;
;;;;;;;;;;
;;;;;;;;;;
;;;;;;;;;;
;;;;;;;;;;
;;;;;;;;;;
;;;;;;;;;;
;;;;;;;;;;
;;;;;;;;;;
;;;;;;;;;;
;;;;;;;;;;
;;;;;;;;;;
;;;;;;;;;;
;;;;;;;;;;
;;;;;;;;;;
;;;;;;;;;;
;;;;;;;;;;
;;;;;;;;;;
;;;;;;;;;;
;;;;;;;;;;
;;;;;;;;;;
;;;;;;;;;;
;;;;;;;;;;
;;;;;;;;;;
;;;;;;;;;;
;;;;;;;;;;
;;;;;;;;;;
;;;;;;;;;;
;;;;;;;;;;
;;;;;;;;;;
;;;;;;;;;;
;;;;;;;;;;
;;;;;;;;;;
;;;;;;;;;;
;;;;;;;;;;
;;;;;;;;;;
;;;;;;;;;;
;;;;;;;;;;
;;;;;;;;;;
;;;;;;;;;;
;;;;;;;;;;
;;;;;;;;;;
;;;;;;;;;;
;;;;;;;;;;
;;;;;;;;;;
;;;;;;;;;;
;;;;;;;;;;
;;;;;;;;;;
;;;;;;;;;;
;;;;;;;;;;
;;;;;;;;;;
;;;;;;;;;;
;;;;;;;;;;
;;;;;;;;;;
;;;;;;;;;;
;;;;;;;;;;
;;;;;;;;;;
;;;;;;;;;;
;;;;;;;;;;
;;;;;;;;;;
;;;;;;;;;;
;;;;;;;;;;
;;;;;;;;;;
;;;;;;;;;;
;;;;;;;;;;
;;;;;;;;;;
;;;;;;;;;;
;;;;;;;;;;