﻿;;;;;;;;;;
;;;;;;;;;;
;;;;;;;;;;
;;;;;;;;;;
;;;;;;;;;;
Return to Contents;;;;;;;;;;
_;;;;;;;;;;
Table 3a: Appointments by Status, at National, Regional, Sub-Regional, STP and CCG level, England, October 2019;;;;;;;;;;
;;;;Count of Open GP Practices1;Count of Included GP Practices;Count of Appointments;;"Count of Appointments by 
Appointment Status";;
Type;NHS Area Code;ONS Code;Name;;;Total;;Attended;DNA;Unknown2
Type;NHS Area Code;ONS Code;Name;Open Active Practices;Included Practices;Total;_;Attended;DNA;Unknown
National;ENG;ENG;England;6 859;6 551;29 658 300;;26 441 912;1 545 979;1 670 409
Region;Y56;E40000003;London;1 260;1 177;3 976 780;;3 528 549;267 732;180 499
Region;Y58;E40000006;South West;585;560;3 411 187;;3 032 917;168 823;209 447
Region;Y59;E40000005;South East;893;841;4 470 486;;4 022 833;205 081;242 572
Region;Y60;E40000008;Midlands;1 338;1 304;5 799 917;;5 168 078;308 010;323 829
Region;Y61;E40000007;East of England;698;680;3 504 152;;3 130 782;155 045;218 325
Region;Y62;E40000010;North West;1 038;961;3 505 710;;3 111 566;205 962;188 182
Region;Y63;E40000009;North East and Yorkshire;1 047;1 028;4 990 068;;4 447 187;235 326;307 555
Regional Local Office;Q71;E39000018;NHS England London;1 260;1 177;3 976 780;;3 528 549;267 732;180 499
Regional Local Office;Q72;E39000048;NHS England North East and Yorkshire (Yorkshire and Humber);650;641;3 174 655;;2 824 179;146 749;203 727
Regional Local Office;Q74;E39000047;NHS England North East and Yorkshire (Cumbria and North East);397;387;1 815 413;;1 623 008;88 577;103 828
Regional Local Office;Q75;E39000026;NHS England North West (Cheshire and Merseyside);367;354;1 311 709;;1 163 199;76 028;72 482
Regional Local Office;Q76;E39000032;NHS England Midlands (North Midlands);455;446;2 008 024;;1 793 498;94 444;120 082
Regional Local Office;Q77;E39000033;NHS England Midlands (West Midlands);590;571;2 313 840;;2 055 046;146 143;112 651
Regional Local Office;Q78;E39000045;NHS England Midlands (Central Midlands);293;287;1 478 053;;1 319 534;67 423;91 096
Regional Local Office;Q79;E39000046;NHS England East of England (East);698;680;3 504 152;;3 130 782;155 045;218 325
Regional Local Office;Q83;E39000037;NHS England North West (Greater Manchester);457;406;1 347 601;;1 187 535;86 714;73 352
Regional Local Office;Q84;E39000040;NHS England North West (Lancashire and South Cumbria);214;201;846 400;;760 832;43 220;42 348
Regional Local Office;Q85;E39000044;NHS England South West (South West South);332;321;1 973 799;;1 749 010;101 524;123 265
Regional Local Office;Q86;E39000043;NHS England South West (South West North);253;239;1 437 388;;1 283 907;67 299;86 182
Regional Local Office;Q87;E39000041;NHS England South East (Hampshire, Isle of Wight and Thames Valley);397;374;2 179 095;;1 973 449;98 073;107 573
Regional Local Office;Q88;E39000042;NHS England South East (Kent, Surrey and Sussex);496;467;2 291 391;;2 049 384;107 008;134 999
STP;E54000005;E54000005;West Yorkshire And Harrogate (Health And Care Partnership)  STP;313;308;1 537 450;;1 372 716;67 170;97 564
STP;E54000006;E54000006;Humber, Coast And Vale  STP;146;142;750 411;;670 615;33 842;45 954
STP;E54000007;E54000007;Greater Manchester Health And Social Care Partnership  STP;457;406;1 347 601;;1 187 535;86 714;73 352
STP;E54000008;E54000008;Cheshire And Merseyside  STP;367;354;1 311 709;;1 163 199;76 028;72 482
STP;E54000009;E54000009;South Yorkshire And Bassetlaw  STP;191;191;886 794;;780 848;45 737;60 209
STP;E54000010;E54000010;Staffordshire And Stoke On Trent  STP;153;149;547 674;;490 617;28 240;28 817
STP;E54000011;E54000011;Shropshire And Telford And Wrekin  STP;54;54;270 499;;247 056;12 999;10 444
STP;E54000012;E54000012;Joined Up Care Derbyshire  STP;115;114;605 090;;537 700;25 254;42 136
STP;E54000013;E54000013;Lincolnshire  STP;86;85;442 785;;396 701;19 599;26 485
STP;E54000014;E54000014;Nottingham And Nottinghamshire Health And Care  STP;133;129;584 761;;518 125;27 951;38 685
STP;E54000015;E54000015;Leicester, Leicestershire And Rutland  STP;136;133;624 196;;557 702;31 129;35 365
STP;E54000016;E54000016;The Black Country And West Birmingham  STP;216;210;724 920;;635 314;53 932;35 674
STP;E54000017;E54000017;Birmingham And Solihull  STP;166;157;635 670;;552 849;47 055;35 766
STP;E54000018;E54000018;Coventry And Warwickshire  STP;125;123;490 401;;442 816;25 154;22 431
STP;E54000019;E54000019;Herefordshire And Worcestershire  STP;83;81;462 849;;424 067;20 002;18 780
STP;E54000020;E54000020;Northamptonshire  STP;71;69;411 072;;365 131;16 695;29 246
STP;E54000021;E54000021;Cambridgeshire And Peterborough  STP;88;87;540 422;;485 119;25 062;30 241
STP;E54000022;E54000022;Norfolk And Waveney Health And Care Partnership  STP;105;103;625 037;;558 209;26 137;40 691
STP;E54000023;E54000023;Suffolk And North East Essex  STP;100;96;560 960;;505 536;20 369;35 055
STP;E54000024;E54000024;Bedfordshire, Luton And Milton Keynes  STP;100;99;502 026;;448 332;24 297;29 397
STP;E54000025;E54000025;Hertfordshire And West Essex  STP;147;142;694 650;;615 127;34 769;44 754
STP;E54000026;E54000026;Mid And South Essex  STP;158;153;581 057;;518 459;24 411;38 187
STP;E54000027;E54000027;North West London Health And Care Partnership  STP;361;355;1 062 839;;942 616;66 965;53 258
STP;E54000028;E54000028;North London Partners In Health And Care  STP;209;173;576 515;;512 786;40 248;23 481
STP;E54000029;E54000029;East London Health And Care Partnership  STP;285;272;898 472;;794 013;66 229;38 230
STP;E54000030;E54000030;Our Healthier South East London  STP;219;203;763 468;;672 829;53 516;37 123
STP;E54000031;E54000031;South West London Health And Care Partnership  STP;186;174;675 486;;606 305;40 774;28 407
STP;E54000032;E54000032;Kent And Medway  STP;211;188;858 278;;760 805;41 208;56 265
STP;E54000033;E54000033;Sussex And East Surrey  STP;195;191;1 031 673;;925 519;45 633;60 521
STP;E54000034;E54000034;Frimley Health  STP;74;67;362 528;;330 069;17 262;15 197
STP;E54000035;E54000035;Surrey Heartlands  STP;90;88;401 440;;363 060;20 167;18 213
STP;E54000036;E54000036;Cornwall And The Isles Of Scilly  STP;59;58;398 301;;346 703;27 247;24 351
STP;E54000037;E54000037;Devon  STP;127;123;818 345;;731 702;36 814;49 829
STP;E54000038;E54000038;Somerset  STP;65;60;303 070;;266 605;18 147;18 318
STP;E54000039;E54000039;Bristol, North Somerset And South Gloucestershire  STP;83;76;529 082;;474 455;29 595;25 032
STP;E54000040;E54000040;Bath And North East Somerset, Swindon And Wiltshire  STP;95;93;552 817;;493 960;20 888;37 969
STP;E54000041;E54000041;Dorset  STP;81;80;454 083;;404 000;19 316;30 767
STP;E54000042;E54000042;Hampshire And The Isle Of Wight  STP;158;151;940 404;;845 830;43 638;50 936
STP;E54000043;E54000043;Gloucestershire  STP;75;70;355 489;;315 492;16 816;23 181
STP;E54000044;E54000044;Buckinghamshire, Oxfordshire And Berkshire West  STP;165;156;876 163;;797 550;37 173;41 440
STP;E54000048;E54000048;Healthier Lancashire And South Cumbria  STP;214;201;846 400;;760 832;43 220;42 348
STP;E54000049;E54000049;Cumbria And North East  STP;397;387;1 815 413;;1 623 008;88 577;103 828
CCG;00C;E38000042;NHS Darlington CCG;11;11;59 254;;52 396;3 250;3 608
CCG;00D;E38000047;NHS Durham Dales, Easington and Sedgefield CCG;35;34;198 180;;176 461;8 978;12 741
CCG;00J;E38000116;NHS North Durham CCG;30;30;162 061;;145 909;6 923;9 229
CCG;00K;E38000075;NHS Hartlepool and Stockton-on-Tees CCG;32;32;149 650;;131 365;7 451;10 834
CCG;00L;E38000130;NHS Northumberland CCG;41;40;197 829;;176 809;7 873;13 147
CCG;00M;E38000162;NHS South Tees CCG;38;35;174 252;;154 374;8 968;10 910
CCG;00N;E38000163;NHS South Tyneside CCG;21;21;75 119;;68 359;3 841;2 919
CCG;00P;E38000176;NHS Sunderland CCG;41;39;151 363;;137 143;8 923;5 297
CCG;00Q;E38000014;NHS Blackburn with Darwen CCG;23;22;73 604;;66 481;4 669;2 454
CCG;00R;E38000015;NHS Blackpool CCG;19;18;94 447;;83 322;5 398;5 727
CCG;00T;E38000016;NHS Bolton CCG;49;48;166 644;;145 777;10 948;9 919
CCG;00V;E38000024;NHS Bury CCG;26;3;11 401;;9 928;415;1 058
CCG;00X;E38000034;NHS Chorley and South Ribble CCG;30;27;84 634;;74 946;4 432;5 256
CCG;00Y;E38000135;NHS Oldham CCG;43;41;118 127;;105 971;7 154;5 002
CCG;01A;E38000050;NHS East Lancashire CCG;50;47;178 943;;160 577;9 882;8 484
CCG;01C;E38000056;NHS Eastern Cheshire CCG;21;19;94 301;;83 478;4 283;6 540
CCG;01D;E38000080;NHS Heywood, Middleton and Rochdale CCG;41;36;114 884;;101 722;7 651;5 511
CCG;01E;E38000227;NHS Greater Preston CCG;23;22;83 841;;74 445;5 161;4 235
CCG;01F;E38000068;NHS Halton CCG;14;14;69 253;;58 515;4 434;6 304
CCG;01G;E38000143;NHS Salford CCG;44;40;146 205;;123 481;10 863;11 861
CCG;01H;E38000215;NHS North Cumbria CCG;39;39;197 726;;180 280;8 416;9 030
CCG;01J;E38000091;NHS Knowsley CCG;25;25;87 212;;76 938;6 089;4 185
CCG;01K;E38000228;NHS Morecambe Bay CCG;35;33;174 853;;157 809;7 827;9 217
CCG;01R;E38000151;NHS South Cheshire CCG;17;17;97 481;;86 501;5 096;5 884
CCG;01T;E38000161;NHS South Sefton CCG;31;29;62 680;;56 836;3 883;1 961
CCG;01V;E38000170;NHS Southport and Formby CCG;17;17;62 482;;56 863;2 642;2 977
CCG;01W;E38000174;NHS Stockport CCG;37;34;150 646;;134 081;9 672;6 893
CCG;01X;E38000172;NHS St Helens CCG;34;34;94 851;;83 707;5 902;5 242
CCG;01Y;E38000182;NHS Tameside and Glossop CCG;37;37;122 358;;109 522;7 383;5 453
CCG;02A;E38000187;NHS Trafford CCG;31;28;94 173;;84 552;4 678;4 943
CCG;02D;E38000189;NHS Vale Royal CCG;12;12;54 169;;47 733;3 095;3 341
CCG;02E;E38000194;NHS Warrington CCG;26;26;102 637;;92 771;4 631;5 235
CCG;02F;E38000196;NHS West Cheshire CCG;33;28;135 246;;119 771;7 354;8 121
CCG;02G;E38000200;NHS West Lancashire CCG;15;14;54 419;;48 671;2 384;3 364
CCG;02H;E38000205;NHS Wigan Borough CCG;61;59;153 056;;135 542;8 072;9 442
CCG;02M;E38000226;NHS Fylde and Wyre CCG;19;18;101 659;;94 581;3 467;3 611
CCG;02N;E38000001;NHS Airedale, Wharfedale and Craven CCG;16;16;105 616;;94 919;3 719;6 978
CCG;02P;E38000006;NHS Barnsley CCG;33;33;144 656;;129 786;6 762;8 108
CCG;02Q;E38000008;NHS Bassetlaw CCG;9;9;67 420;;59 620;4 133;3 667
CCG;02R;E38000019;NHS Bradford Districts CCG;32;31;196 091;;174 835;7 343;13 913
CCG;02T;E38000025;NHS Calderdale CCG;26;25;120 714;;106 482;4 801;9 431
CCG;02W;E38000018;NHS Bradford City CCG;25;25;88 812;;77 969;5 792;5 051
CCG;02X;E38000044;NHS Doncaster CCG;40;40;178 564;;159 162;9 551;9 851
CCG;02Y;E38000052;NHS East Riding of Yorkshire CCG;30;28;156 315;;138 738;6 045;11 532
CCG;03A;E38000064;NHS Greater Huddersfield CCG;37;37;127 650;;114 555;5 850;7 245
CCG;03D;E38000069;NHS Hambleton, Richmondshire and Whitby CCG;22;21;79 667;;71 881;2 850;4 936
CCG;03E;E38000073;NHS Harrogate and Rural District CCG;17;17;92 915;;85 474;3 197;4 244
CCG;03F;E38000085;NHS Hull CCG;33;33;135 617;;120 480;9 057;6 080
CCG;03H;E38000119;NHS North East Lincolnshire CCG;26;25;107 080;;96 691;4 855;5 534
CCG;03J;E38000121;NHS North Kirklees CCG;28;27;102 453;;90 891;5 588;5 974
CCG;03K;E38000122;NHS North Lincolnshire CCG;19;19;105 600;;94 974;3 263;7 363
CCG;03L;E38000141;NHS Rotherham CCG;30;30;153 265;;134 746;7 109;11 410
CCG;03M;E38000145;NHS Scarborough and Ryedale CCG;12;12;75 270;;65 521;3 141;6 608
CCG;03N;E38000146;NHS Sheffield CCG;79;79;342 889;;297 534;18 182;27 173
CCG;03Q;E38000188;NHS Vale of York CCG;26;25;170 529;;154 211;7 481;8 837
CCG;03R;E38000190;NHS Wakefield CCG;37;35;229 302;;205 285;9 465;14 552
CCG;03T;E38000099;NHS Lincolnshire East CCG;26;26;144 976;;130 902;6 379;7 695
CCG;03V;E38000037;NHS Corby CCG;5;5;40 322;;32 165;1 730;6 427
CCG;03W;E38000051;NHS East Leicestershire and Rutland CCG;31;29;199 509;;179 869;8 605;11 035
CCG;04C;E38000097;NHS Leicester City CCG;57;57;201 275;;176 965;12 889;11 421
CCG;04D;E38000100;NHS Lincolnshire West CCG;30;29;118 216;;105 771;5 152;7 293
CCG;04E;E38000103;NHS Mansfield and Ashfield CCG;26;26;113 600;;98 334;5 905;9 361
CCG;04F;E38000107;NHS Milton Keynes CCG;27;26;146 440;;132 437;6 900;7 103
CCG;04G;E38000108;NHS Nene CCG;66;64;370 750;;332 966;14 965;22 819
CCG;04H;E38000109;NHS Newark and Sherwood CCG;14;14;75 902;;68 488;3 134;4 280
CCG;04K;E38000132;NHS Nottingham City CCG;52;49;181 760;;158 953;10 744;12 063
CCG;04L;E38000133;NHS Nottingham North and East CCG;17;16;75 727;;67 297;3 350;5 080
CCG;04M;E38000134;NHS Nottingham West CCG;12;12;64 967;;58 385;2 542;4 040
CCG;04N;E38000142;NHS Rushcliffe CCG;12;12;72 805;;66 668;2 276;3 861
CCG;04Q;E38000165;NHS South West  Lincolnshire CCG;17;17;75 603;;67 160;3 214;5 229
CCG;04V;E38000201;NHS West Leicestershire CCG;48;47;223 412;;200 868;9 635;12 909
CCG;04Y;E38000028;NHS Cannock Chase CCG;24;23;67 580;;60 586;3 120;3 874
CCG;05A;E38000038;NHS Coventry and Rugby CCG;66;65;230 285;;206 402;14 338;9 545
CCG;05C;E38000046;NHS Dudley CCG;43;43;163 639;;146 729;9 417;7 493
CCG;05D;E38000053;NHS East Staffordshire CCG;18;17;69 684;;62 836;2 653;4 195
CCG;05F;E38000078;NHS Herefordshire CCG;20;20;108 333;;101 433;4 209;2 691
CCG;05G;E38000126;NHS North Staffordshire CCG;30;30;101 868;;92 057;4 028;5 783
CCG;05H;E38000195;NHS Warwickshire North CCG;26;25;90 274;;81 257;4 219;4 798
CCG;05J;E38000139;NHS Redditch and Bromsgrove CCG;21;21;98 944;;90 971;4 369;3 604
CCG;05L;E38000144;NHS Sandwell and West Birmingham CCG;81;78;281 477;;242 824;22 864;15 789
CCG;05N;E38000147;NHS Shropshire CCG;41;41;177 558;;162 812;7 190;7 556
CCG;05Q;E38000153;NHS South East Staffordshire and Seisdon Peninsula CCG;26;25;106 996;;97 574;5 012;4 410
CCG;05R;E38000164;NHS South Warwickshire CCG;33;33;169 842;;155 157;6 597;8 088
CCG;05T;E38000166;NHS South Worcestershire CCG;31;29;171 062;;153 317;8 020;9 725
CCG;05V;E38000173;NHS Stafford and Surrounds CCG;14;14;77 150;;67 515;4 668;4 967
CCG;05W;E38000175;NHS Stoke on Trent CCG;41;40;124 396;;110 049;8 759;5 588
CCG;05X;E38000183;NHS Telford and Wrekin CCG;13;13;92 941;;84 244;5 809;2 888
CCG;05Y;E38000191;NHS Walsall CCG;52;50;154 988;;136 795;11 173;7 020
CCG;06A;E38000210;NHS Wolverhampton CCG;40;39;124 816;;108 966;10 478;5 372
CCG;06D;E38000211;NHS Wyre Forest CCG;11;11;84 510;;78 346;3 404;2 760
CCG;06F;E38000010;NHS Bedfordshire CCG;47;47;251 688;;224 063;10 265;17 360
CCG;06H;E38000026;NHS Cambridgeshire and Peterborough CCG;88;87;540 422;;485 119;25 062;30 241
CCG;06K;E38000049;NHS East and North Hertfordshire CCG;57;53;264 115;;230 798;11 263;22 054
CCG;06L;E38000086;NHS Ipswich and East Suffolk CCG;41;40;236 821;;212 968;7 878;15 975
CCG;06M;E38000063;NHS Great Yarmouth and Waveney CCG;19;19;133 394;;118 216;7 752;7 426
CCG;06N;E38000079;NHS Herts Valley CCG;58;57;284 171;;252 917;16 736;14 518
CCG;06P;E38000102;NHS Luton CCG;26;26;103 898;;91 832;7 132;4 934
CCG;06Q;E38000106;NHS Mid Essex CCG;44;41;203 107;;181 478;8 373;13 256
CCG;06T;E38000117;NHS North East Essex CCG;35;32;191 404;;173 143;8 099;10 162
CCG;06V;E38000124;NHS North Norfolk CCG;19;18;108 478;;95 644;4 852;7 982
CCG;06W;E38000218;NHS Norwich CCG;22;22;134 993;;119 513;5 297;10 183
CCG;06Y;E38000219;NHS South Norfolk CCG;24;23;127 991;;116 520;3 964;7 507
CCG;07G;E38000185;NHS Thurrock CCG;28;28;90 036;;80 622;4 074;5 340
CCG;07H;E38000197;NHS West Essex CCG;32;32;146 364;;131 412;6 770;8 182
CCG;07J;E38000203;NHS West Norfolk CCG;21;21;120 181;;108 316;4 272;7 593
CCG;07K;E38000204;NHS West Suffolk CCG;24;24;132 735;;119 425;4 392;8 918
CCG;07L;E38000004;NHS Barking and Dagenham CCG;34;32;87 469;;75 165;6 952;5 352
CCG;07M;E38000005;NHS Barnet CCG;54;43;130 222;;116 904;6 889;6 429
CCG;07N;E38000011;NHS Bexley CCG;23;19;92 501;;81 955;5 204;5 342
CCG;07P;E38000020;NHS Brent CCG;55;55;164 004;;145 317;11 917;6 770
CCG;07Q;E38000023;NHS Bromley CCG;45;43;129 804;;115 436;6 291;8 077
CCG;07R;E38000027;NHS Camden CCG;36;32;104 800;;94 745;7 028;3 027
CCG;07T;E38000035;NHS City and Hackney CCG;41;38;139 237;;123 676;10 301;5 260
CCG;07V;E38000040;NHS Croydon CCG;51;48;169 163;;151 642;11 579;5 942
CCG;07W;E38000048;NHS Ealing CCG;76;74;198 748;;177 575;10 973;10 200
CCG;07X;E38000057;NHS Enfield CCG;47;32;121 630;;106 157;8 892;6 581
CCG;07Y;E38000084;NHS Hounslow CCG;46;46;145 015;;129 094;8 374;7 547
CCG;08A;E38000066;NHS Greenwich CCG;35;33;116 706;;99 600;7 790;9 316
CCG;08C;E38000070;NHS Hammersmith and Fulham CCG;30;28;94 649;;83 185;6 104;5 360
CCG;08D;E38000072;NHS Haringey CCG;38;37;116 556;;103 228;9 004;4 324
CCG;08E;E38000074;NHS Harrow CCG;33;32;115 282;;103 849;6 857;4 576
CCG;08F;E38000077;NHS Havering CCG;42;39;98 948;;87 934;5 020;5 994
CCG;08G;E38000082;NHS Hillingdon CCG;45;45;127 152;;112 351;8 427;6 374
CCG;08H;E38000088;NHS Islington CCG;34;29;103 307;;91 752;8 435;3 120
CCG;08J;E38000090;NHS Kingston CCG;21;21;84 991;;78 038;3 868;3 085
CCG;08K;E38000092;NHS Lambeth CCG;46;38;158 190;;139 925;12 023;6 242
CCG;08L;E38000098;NHS Lewisham CCG;35;35;129 149;;115 549;10 387;3 213
CCG;08M;E38000113;NHS Newham CCG;51;48;159 034;;138 906;14 603;5 525
CCG;08N;E38000138;NHS Redbridge CCG;42;42;136 428;;120 461;8 547;7 420
CCG;08P;E38000140;NHS Richmond CCG;27;22;86 213;;72 939;4 439;8 835
CCG;08Q;E38000171;NHS Southwark CCG;35;35;137 118;;120 364;11 821;4 933
CCG;08R;E38000105;NHS Merton CCG;22;21;81 988;;74 822;5 100;2 066
CCG;08T;E38000179;NHS Sutton CCG;23;22;84 803;;77 006;4 512;3 285
CCG;08V;E38000186;NHS Tower Hamlets CCG;35;34;158 544;;140 890;13 155;4 499
CCG;08W;E38000192;NHS Waltham Forest CCG;40;39;118 812;;106 981;7 651;4 180
CCG;08X;E38000193;NHS Wandsworth CCG;42;40;168 328;;151 858;11 276;5 194
CCG;08Y;E38000202;NHS West London CCG;42;42;127 258;;111 373;7 967;7 918
CCG;09A;E38000031;NHS Central London (Westminster) CCG;34;33;90 731;;79 872;6 346;4 513
CCG;09C;E38000002;NHS Ashford CCG;11;11;81 530;;75 061;3 057;3 412
CCG;09D;E38000021;NHS Brighton and Hove CCG;35;33;137 639;;121 994;7 268;8 377
CCG;09E;E38000029;NHS Canterbury and Coastal CCG;14;14;136 718;;123 125;5 416;8 177
CCG;09F;E38000055;NHS Eastbourne, Hailsham and Seaford CCG;20;20;128 718;;116 296;5 699;6 723
CCG;09G;E38000213;NHS Coastal West Sussex CCG;46;46;297 382;;269 337;12 413;15 632
CCG;09H;E38000039;NHS Crawley CCG;12;12;62 697;;56 379;2 101;4 217
CCG;09J;E38000043;NHS Dartford, Gravesham and Swanley CCG;29;16;69 716;;59 703;3 571;6 442
CCG;09L;E38000054;NHS East Surrey CCG;17;17;90 669;;80 163;4 604;5 902
CCG;09N;E38000214;NHS Guildford and Waverley CCG;21;21;104 751;;96 038;4 429;4 284
CCG;09P;E38000076;NHS Hastings and Rother CCG;23;23;117 134;;103 878;6 251;7 005
CCG;09W;E38000104;NHS Medway CCG;44;44;118 166;;103 126;6 430;8 610
CCG;09X;E38000083;NHS Horsham and Mid Sussex CCG;23;22;108 003;;96 207;4 311;7 485
CCG;09Y;E38000128;NHS North West Surrey CCG;39;37;156 394;;142 519;8 085;5 790
CCG;10A;E38000156;NHS South Kent Coast CCG;28;26;100 272;;87 811;5 054;7 407
CCG;10C;E38000178;NHS Surrey Heath CCG;7;7;56 910;;52 858;2 156;1 896
CCG;10D;E38000180;NHS Swale CCG;16;16;56 234;;50 693;3 233;2 308
CCG;10E;E38000184;NHS Thanet CCG;14;13;70 057;;63 058;2 980;4 019
CCG;10J;E38000120;NHS North Hampshire CCG;15;15;127 025;;116 788;4 382;5 855
CCG;10K;E38000059;NHS Fareham and Gosport CCG;17;17;105 034;;96 824;4 212;3 998
CCG;10L;E38000087;NHS Isle of Wight CCG;16;15;86 470;;73 658;5 976;6 836
CCG;10Q;E38000136;NHS Oxfordshire CCG;68;65;370 810;;338 072;17 280;15 458
CCG;10R;E38000137;NHS Portsmouth CCG;15;15;99 142;;89 704;4 551;4 887
CCG;10V;E38000154;NHS South Eastern Hampshire CCG;20;19;111 808;;100 248;4 750;6 810
CCG;10X;E38000167;NHS Southampton CCG;27;26;131 477;;117 102;7 051;7 324
CCG;11A;E38000198;NHS West Hampshire CCG;48;44;279 448;;251 506;12 716;15 226
CCG;11E;E38000009;NHS Bath and North East Somerset CCG;24;24;119 104;;107 132;4 982;6 990
CCG;11J;E38000045;NHS Dorset CCG;81;80;454 083;;404 000;19 316;30 767
CCG;11M;E38000062;NHS Gloucestershire CCG;75;70;355 489;;315 492;16 816;23 181
CCG;11N;E38000089;NHS Kernow CCG;59;58;398 301;;346 703;27 247;24 351
CCG;11X;E38000150;NHS Somerset CCG;65;60;303 070;;266 605;18 147;18 318
CCG;12D;E38000181;NHS Swindon CCG;23;23;123 107;;104 011;5 509;13 587
CCG;12F;E38000208;NHS Wirral CCG;49;47;190 627;;166 980;11 166;12 481
CCG;13T;E38000212;NHS Newcastle Gateshead CCG;61;59;255 909;;226 173;15 422;14 314
CCG;14L;E38000217;NHS Manchester CCG;88;80;270 107;;236 959;19 878;13 270
CCG;14Y;E38000223;NHS Buckinghamshire CCG;50;46;252 998;;234 184;9 259;9 555
CCG;15A;E38000221;NHS Berkshire West;47;45;252 355;;225 294;10 634;16 427
CCG;15C;E38000222;NHS Bristol, North Somerset and South Gloucestershire CCG;83;76;529 082;;474 455;29 595;25 032
CCG;15D;E38000224;NHS East Berkshire CCG;47;42;198 778;;181 285;10 143;7 350
CCG;15E;E38000220;NHS Birmingham and Solihull CCG;166;157;635 670;;552 849;47 055;35 766
CCG;15F;E38000225;NHS Leeds CCG;95;95;473 897;;422 306;21 415;30 176
CCG;15M;E38000229;NHS Derby and Derbyshire CCG;115;114;605 090;;537 700;25 254;42 136
CCG;15N;E38000230;NHS Devon CCG;127;123;818 345;;731 702;36 814;49 829
CCG;99A;E38000101;NHS Liverpool CCG;88;86;260 770;;233 106;17 453;10 211
CCG;99C;E38000127;NHS North Tyneside CCG;26;26;114 403;;101 858;5 682;6 863
CCG;99D;E38000157;NHS South Lincolnshire CCG;13;13;103 990;;92 868;4 854;6 268
CCG;99E;E38000007;NHS Basildon and Brentwood CCG;35;35;126 140;;111 723;4 929;9 488
CCG;99F;E38000030;NHS Castle Point and Rochford CCG;23;22;79 596;;71 221;3 358;5 017
CCG;99G;E38000168;NHS Southend CCG;28;27;82 178;;73 415;3 677;5 086
CCG;99H;E38000177;NHS Surrey Downs CCG;30;30;140 295;;124 503;7 653;8 139
CCG;99J;E38000199;NHS West Kent CCG;55;48;225 585;;198 228;11 467;15 890
CCG;99K;E38000081;NHS High Weald Lewes Havens CCG;19;18;89 431;;81 265;2 986;5 180
CCG;99M;E38000118;NHS North East Hampshire and Farnham CCG;20;18;106 840;;95 926;4 963;5 951
CCG;99N;E38000206;NHS Wiltshire CCG;48;46;310 606;;282 817;10 397;17 392
;;;;;;;;;;
Source: NHS Digital;;;;;;;;;;
;;;;;;;;;;
Notes:;;;;;;;;;;
1;CCGs are only included if there is data for more than one practice within the CCG, therefore the total count of open GP practices by CCG may not equal the national total;;;;;;;;;
2;"At the time of the appointment a ‘Booked’ status will usually be changed to either ‘Attended’ or ‘DNA’. In some cases (4-7% of monthly appointments), the final status of an appointment remains as ‘Booked’. It is not known from the data whether these appointments were actually attended or not. From a sample audit these were found to be consultations where the status has not been updated to say if patients had attended or not. 
For this reason, these appointments are reported as ""Unknown"" status";;;;;;;;;
_;;;;;;;;;;
Copyright © 2019 Health and Social Care Information Centre. The Health and Social Care Information Centre is a non-departmental body created by statute, also known as NHS Digital.;;;;;;;;;;
;;;;;;;;;;
;;;;;;;;;;
;;;;;;;;;;
;;;;;;;;;;
;;;;;;;;;;
;;;;;;;;;;
;;;;;;;;;;
;;;;;;;;;;
;;;;;;;;;;
;;;;;;;;;;
;;;;;;;;;;
;;;;;;;;;;
;;;;;;;;;;
;;;;;;;;;;
;;;;;;;;;;
;;;;;;;;;;
;;;;;;;;;;
;;;;;;;;;;
;;;;;;;;;;
;;;;;;;;;;
;;;;;;;;;;
;;;;;;;;;;
;;;;;;;;;;
;;;;;;;;;;
;;;;;;;;;;
;;;;;;;;;;
;;;;;;;;;;
;;;;;;;;;;
;;;;;;;;;;
;;;;;;;;;;
;;;;;;;;;;
;;;;;;;;;;
;;;;;;;;;;
;;;;;;;;;;
;;;;;;;;;;
;;;;;;;;;;
;;;;;;;;;;
;;;;;;;;;;
;;;;;;;;;;
;;;;;;;;;;
;;;;;;;;;;
;;;;;;;;;;
;;;;;;;;;;
;;;;;;;;;;
;;;;;;;;;;
;;;;;;;;;;
;;;;;;;;;;
;;;;;;;;;;
;;;;;;;;;;
;;;;;;;;;;
;;;;;;;;;;
;;;;;;;;;;
;;;;;;;;;;
;;;;;;;;;;
;;;;;;;;;;
;;;;;;;;;;
;;;;;;;;;;
;;;;;;;;;;
;;;;;;;;;;
;;;;;;;;;;
;;;;;;;;;;
;;;;;;;;;;
;;;;;;;;;;
;;;;;;;;;;
;;;;;;;;;;
;;;;;;;;;;
;;;;;;;;;;
;;;;;;;;;;
;;;;;;;;;;
;;;;;;;;;;
;;;;;;;;;;
;;;;;;;;;;
;;;;;;;;;;
;;;;;;;;;;
;;;;;;;;;;
;;;;;;;;;;
;;;;;;;;;;
;;;;;;;;;;
;;;;;;;;;;
;;;;;;;;;;
;;;;;;;;;;
;;;;;;;;;;
;;;;;;;;;;
;;;;;;;;;;
;;;;;;;;;;
;;;;;;;;;;
;;;;;;;;;;
;;;;;;;;;;
;;;;;;;;;;
;;;;;;;;;;
;;;;;;;;;;
;;;;;;;;;;
;;;;;;;;;;
;;;;;;;;;;
;;;;;;;;;;
;;;;;;;;;;
;;;;;;;;;;
;;;;;;;;;;
;;;;;;;;;;
;;;;;;;;;;
;;;;;;;;;;
;;;;;;;;;;
;;;;;;;;;;
;;;;;;;;;;
;;;;;;;;;;
;;;;;;;;;;
;;;;;;;;;;
;;;;;;;;;;
;;;;;;;;;;
;;;;;;;;;;
;;;;;;;;;;
;;;;;;;;;;
;;;;;;;;;;
;;;;;;;;;;
;;;;;;;;;;
;;;;;;;;;;
;;;;;;;;;;
;;;;;;;;;;
;;;;;;;;;;
;;;;;;;;;;
;;;;;;;;;;
;;;;;;;;;;
;;;;;;;;;;
;;;;;;;;;;
;;;;;;;;;;
;;;;;;;;;;
;;;;;;;;;;
;;;;;;;;;;
;;;;;;;;;;
;;;;;;;;;;
;;;;;;;;;;
;;;;;;;;;;
;;;;;;;;;;
;;;;;;;;;;
;;;;;;;;;;
;;;;;;;;;;
;;;;;;;;;;
;;;;;;;;;;
;;;;;;;;;;
;;;;;;;;;;
;;;;;;;;;;
;;;;;;;;;;
;;;;;;;;;;
;;;;;;;;;;
;;;;;;;;;;
;;;;;;;;;;
;;;;;;;;;;
;;;;;;;;;;
;;;;;;;;;;
;;;;;;;;;;
;;;;;;;;;;
;;;;;;;;;;
;;;;;;;;;;
;;;;;;;;;;
;;;;;;;;;;
;;;;;;;;;;
;;;;;;;;;;
;;;;;;;;;;
;;;;;;;;;;
;;;;;;;;;;
;;;;;;;;;;
;;;;;;;;;;
;;;;;;;;;;
;;;;;;;;;;
;;;;;;;;;;
;;;;;;;;;;
;;;;;;;;;;
;;;;;;;;;;
;;;;;;;;;;
;;;;;;;;;;
;;;;;;;;;;
;;;;;;;;;;
;;;;;;;;;;
;;;;;;;;;;
;;;;;;;;;;
;;;;;;;;;;
;;;;;;;;;;
;;;;;;;;;;
;;;;;;;;;;
;;;;;;;;;;
;;;;;;;;;;
;;;;;;;;;;
;;;;;;;;;;
;;;;;;;;;;
;;;;;;;;;;
;;;;;;;;;;
;;;;;;;;;;
;;;;;;;;;;
;;;;;;;;;;
;;;;;;;;;;
;;;;;;;;;;
;;;;;;;;;;
;;;;;;;;;;
;;;;;;;;;;
;;;;;;;;;;
;;;;;;;;;;
;;;;;;;;;;
;;;;;;;;;;
;;;;;;;;;;
;;;;;;;;;;
;;;;;;;;;;
;;;;;;;;;;
;;;;;;;;;;
;;;;;;;;;;
;;;;;;;;;;
;;;;;;;;;;
;;;;;;;;;;
;;;;;;;;;;
;;;;;;;;;;
;;;;;;;;;;
;;;;;;;;;;
;;;;;;;;;;
;;;;;;;;;;
;;;;;;;;;;
;;;;;;;;;;
;;;;;;;;;;
;;;;;;;;;;
;;;;;;;;;;
;;;;;;;;;;
;;;;;;;;;;
;;;;;;;;;;
;;;;;;;;;;
;;;;;;;;;;
;;;;;;;;;;
;;;;;;;;;;
;;;;;;;;;;
;;;;;;;;;;
;;;;;;;;;;
;;;;;;;;;;
;;;;;;;;;;
;;;;;;;;;;
;;;;;;;;;;
;;;;;;;;;;
;;;;;;;;;;
;;;;;;;;;;
;;;;;;;;;;
;;;;;;;;;;
;;;;;;;;;;
;;;;;;;;;;
;;;;;;;;;;
;;;;;;;;;;
;;;;;;;;;;
;;;;;;;;;;
;;;;;;;;;;
;;;;;;;;;;
;;;;;;;;;;
;;;;;;;;;;
;;;;;;;;;;
;;;;;;;;;;
;;;;;;;;;;
;;;;;;;;;;
;;;;;;;;;;
;;;;;;;;;;
;;;;;;;;;;
;;;;;;;;;;
;;;;;;;;;;
;;;;;;;;;;
;;;;;;;;;;
;;;;;;;;;;
;;;;;;;;;;
;;;;;;;;;;
;;;;;;;;;;
;;;;;;;;;;
;;;;;;;;;;
;;;;;;;;;;
;;;;;;;;;;
;;;;;;;;;;
;;;;;;;;;;
;;;;;;;;;;
;;;;;;;;;;
;;;;;;;;;;
;;;;;;;;;;
;;;;;;;;;;
;;;;;;;;;;
;;;;;;;;;;
;;;;;;;;;;
;;;;;;;;;;
;;;;;;;;;;
;;;;;;;;;;
;;;;;;;;;;
;;;;;;;;;;
;;;;;;;;;;
;;;;;;;;;;
;;;;;;;;;;
;;;;;;;;;;
;;;;;;;;;;
;;;;;;;;;;
;;;;;;;;;;
;;;;;;;;;;
;;;;;;;;;;
;;;;;;;;;;
;;;;;;;;;;
;;;;;;;;;;
;;;;;;;;;;
;;;;;;;;;;
;;;;;;;;;;
;;;;;;;;;;
;;;;;;;;;;
;;;;;;;;;;
;;;;;;;;;;
;;;;;;;;;;
;;;;;;;;;;
;;;;;;;;;;
;;;;;;;;;;
;;;;;;;;;;
;;;;;;;;;;
;;;;;;;;;;
;;;;;;;;;;
;;;;;;;;;;
;;;;;;;;;;
;;;;;;;;;;
;;;;;;;;;;
;;;;;;;;;;
;;;;;;;;;;
;;;;;;;;;;
;;;;;;;;;;
;;;;;;;;;;
;;;;;;;;;;
;;;;;;;;;;
;;;;;;;;;;
;;;;;;;;;;
;;;;;;;;;;
;;;;;;;;;;
;;;;;;;;;;
;;;;;;;;;;
;;;;;;;;;;
;;;;;;;;;;
;;;;;;;;;;
;;;;;;;;;;
;;;;;;;;;;
;;;;;;;;;;
;;;;;;;;;;
;;;;;;;;;;
;;;;;;;;;;
;;;;;;;;;;
;;;;;;;;;;
;;;;;;;;;;
;;;;;;;;;;
;;;;;;;;;;
;;;;;;;;;;
;;;;;;;;;;
;;;;;;;;;;
;;;;;;;;;;
;;;;;;;;;;
;;;;;;;;;;
;;;;;;;;;;
;;;;;;;;;;
;;;;;;;;;;
;;;;;;;;;;
;;;;;;;;;;
;;;;;;;;;;
;;;;;;;;;;
;;;;;;;;;;
;;;;;;;;;;
;;;;;;;;;;
;;;;;;;;;;
;;;;;;;;;;
;;;;;;;;;;
;;;;;;;;;;
;;;;;;;;;;
;;;;;;;;;;
;;;;;;;;;;
;;;;;;;;;;
;;;;;;;;;;
;;;;;;;;;;
;;;;;;;;;;
;;;;;;;;;;
;;;;;;;;;;
;;;;;;;;;;
;;;;;;;;;;
;;;;;;;;;;
;;;;;;;;;;
;;;;;;;;;;
;;;;;;;;;;
;;;;;;;;;;
;;;;;;;;;;
;;;;;;;;;;
;;;;;;;;;;
;;;;;;;;;;
;;;;;;;;;;
;;;;;;;;;;
;;;;;;;;;;
;;;;;;;;;;
;;;;;;;;;;
;;;;;;;;;;
;;;;;;;;;;
;;;;;;;;;;
;;;;;;;;;;
;;;;;;;;;;
;;;;;;;;;;
;;;;;;;;;;
;;;;;;;;;;
;;;;;;;;;;
;;;;;;;;;;
;;;;;;;;;;
;;;;;;;;;;
;;;;;;;;;;
;;;;;;;;;;
;;;;;;;;;;
;;;;;;;;;;
;;;;;;;;;;
;;;;;;;;;;
;;;;;;;;;;
;;;;;;;;;;
;;;;;;;;;;
;;;;;;;;;;
;;;;;;;;;;
;;;;;;;;;;
;;;;;;;;;;
;;;;;;;;;;
;;;;;;;;;;
;;;;;;;;;;
;;;;;;;;;;
;;;;;;;;;;
;;;;;;;;;;
;;;;;;;;;;
;;;;;;;;;;
;;;;;;;;;;
;;;;;;;;;;
;;;;;;;;;;
;;;;;;;;;;
;;;;;;;;;;
;;;;;;;;;;
;;;;;;;;;;
;;;;;;;;;;
;;;;;;;;;;
;;;;;;;;;;
;;;;;;;;;;
;;;;;;;;;;
;;;;;;;;;;
;;;;;;;;;;
;;;;;;;;;;
;;;;;;;;;;
;;;;;;;;;;
;;;;;;;;;;
;;;;;;;;;;
;;;;;;;;;;
;;;;;;;;;;
;;;;;;;;;;
;;;;;;;;;;
;;;;;;;;;;
;;;;;;;;;;
;;;;;;;;;;
;;;;;;;;;;
;;;;;;;;;;
;;;;;;;;;;
;;;;;;;;;;
;;;;;;;;;;
;;;;;;;;;;
;;;;;;;;;;
;;;;;;;;;;
;;;;;;;;;;
;;;;;;;;;;
;;;;;;;;;;
;;;;;;;;;;
;;;;;;;;;;
;;;;;;;;;;
;;;;;;;;;;
;;;;;;;;;;
;;;;;;;;;;
;;;;;;;;;;
;;;;;;;;;;
;;;;;;;;;;
;;;;;;;;;;
;;;;;;;;;;
;;;;;;;;;;
;;;;;;;;;;
;;;;;;;;;;
;;;;;;;;;;
;;;;;;;;;;
;;;;;;;;;;
;;;;;;;;;;
;;;;;;;;;;
;;;;;;;;;;
;;;;;;;;;;
;;;;;;;;;;
;;;;;;;;;;
;;;;;;;;;;
;;;;;;;;;;
;;;;;;;;;;
;;;;;;;;;;
;;;;;;;;;;
;;;;;;;;;;
;;;;;;;;;;
;;;;;;;;;;
;;;;;;;;;;
;;;;;;;;;;
;;;;;;;;;;
;;;;;;;;;;
;;;;;;;;;;
;;;;;;;;;;
;;;;;;;;;;
;;;;;;;;;;
;;;;;;;;;;
;;;;;;;;;;
;;;;;;;;;;
;;;;;;;;;;
;;;;;;;;;;
;;;;;;;;;;
;;;;;;;;;;
;;;;;;;;;;
;;;;;;;;;;
;;;;;;;;;;
;;;;;;;;;;
;;;;;;;;;;
;;;;;;;;;;
;;;;;;;;;;
;;;;;;;;;;
;;;;;;;;;;
;;;;;;;;;;
;;;;;;;;;;
;;;;;;;;;;
;;;;;;;;;;
;;;;;;;;;;
;;;;;;;;;;
;;;;;;;;;;
;;;;;;;;;;
;;;;;;;;;;
;;;;;;;;;;
;;;;;;;;;;
;;;;;;;;;;
;;;;;;;;;;
;;;;;;;;;;
;;;;;;;;;;
;;;;;;;;;;
;;;;;;;;;;
;;;;;;;;;;
;;;;;;;;;;
;;;;;;;;;;
;;;;;;;;;;
;;;;;;;;;;
;;;;;;;;;;
;;;;;;;;;;
;;;;;;;;;;
;;;;;;;;;;
;;;;;;;;;;
;;;;;;;;;;
;;;;;;;;;;
;;;;;;;;;;
;;;;;;;;;;
;;;;;;;;;;
;;;;;;;;;;
;;;;;;;;;;
;;;;;;;;;;
;;;;;;;;;;
;;;;;;;;;;
;;;;;;;;;;
;;;;;;;;;;
;;;;;;;;;;
;;;;;;;;;;
;;;;;;;;;;
;;;;;;;;;;
;;;;;;;;;;
;;;;;;;;;;
;;;;;;;;;;
;;;;;;;;;;
;;;;;;;;;;
;;;;;;;;;;
;;;;;;;;;;
;;;;;;;;;;
;;;;;;;;;;
;;;;;;;;;;
;;;;;;;;;;
;;;;;;;;;;
;;;;;;;;;;
;;;;;;;;;;