Type,NHS_area_code,ONS_code,Name,Count_gp_appointments,Attended,Did_not_attend,Unknown,Month
Type,NHS Area Code,ONS Code,Name,Total,Attended,DNA,Unknown,March
National,ENG,ENG,England, 24 247 759 , 21 829 098 , 1 180 482 , 1 238 179 ,March
Region,Y54,E40000001,North Of England, 7 042 293 , 6 312 378 , 356 411 , 373 504 ,March
Region,Y55,E40000002,Midlands and East of England, 7 814 053 , 7 027 058 , 359 444 , 427 551 ,March
Region,Y56,E40000003,London, 3 244 747 , 2 893 449 , 215 197 , 136 101 ,March
Region,Y58,E40000006,South West, 2 626 391 , 2 374 796 , 107 064 , 144 531 ,March
Region,Y59,E40000005,South East, 3 520 275 , 3 221 417 , 142 366 , 156 492 ,March
Sub-Region,Q71,E39000018,NHS England London, 3 244 747 , 2 893 449 , 215 197 , 136 101 ,March
Sub-Region,Q72,E39000029,NHS England North (Yorkshire and Humber), 2 778 540 , 2 487 969 , 121 681 , 168 890 ,March
Sub-Region,Q74,E39000039,NHS England North (Cumbria and North East), 1 463 016 , 1 312 395 , 71 212 , 79 409 ,March
Sub-Region,Q75,E39000026,NHS England North (Cheshire and Merseyside), 1 076 624 , 964 124 , 61 994 , 50 506 ,March
Sub-Region,Q76,E39000032,NHS England Midlands and East (North Midlands), 1 677 707 , 1 512 206 , 70 877 , 94 624 ,March
Sub-Region,Q77,E39000033,NHS England Midlands and East (West Midlands), 1 915 527 , 1 713 797 , 116 087 , 85 643 ,March
Sub-Region,Q78,E39000030,NHS England Midlands and East (Central Midlands), 2 137 113 , 1 914 682 , 93 538 , 128 893 ,March
Sub-Region,Q79,E39000031,NHS England Midlands and East (East), 2 083 706 , 1 886 373 , 78 942 , 118 391 ,March
Sub-Region,Q83,E39000037,NHS England North (Greater Manchester), 1 020 646 , 910 495 , 65 714 , 44 437 ,March
Sub-Region,Q84,E39000040,NHS England North (Lancashire and South Cumbria), 703 467 , 637 395 , 35 810 , 30 262 ,March
Sub-Region,Q85,E39000044,NHS England South West (South West South), 1 430 764 , 1 293 467 , 57 203 , 80 094 ,March
Sub-Region,Q86,E39000043,NHS England South West (South West North), 1 195 627 , 1 081 329 , 49 861 , 64 437 ,March
Sub-Region,Q87,E39000041,"NHS England South East (Hampshire, Isle of Wight and Thames Valley)", 1 780 409 , 1 635 946 , 73 765 , 70 698 ,March
Sub-Region,Q88,E39000042,"NHS England South East (Kent, Surrey and Sussex)", 1 739 866 , 1 585 471 , 68 601 , 85 794 ,March
STP,E54000005,E54000005,West Yorkshire  STP, 1 315 247 , 1 180 338 , 54 251 , 80 658 ,March
STP,E54000006,E54000006,"Humber, Coast And Vale  STP", 643 363 , 576 688 , 27 838 , 38 837 ,March
STP,E54000007,E54000007,Greater Manchester  STP, 1 020 646 , 910 495 , 65 714 , 44 437 ,March
STP,E54000008,E54000008,Cheshire And Merseyside  STP, 1 076 624 , 964 124 , 61 994 , 50 506 ,March
STP,E54000009,E54000009,South Yorkshire And Bassetlaw  STP, 751 204 , 667 992 , 37 127 , 46 085 ,March
STP,E54000010,E54000010,Staffordshire  STP, 448 996 , 407 591 , 20 846 , 20 559 ,March
STP,E54000011,E54000011,Shropshire And Telford And Wrekin  STP, 220 544 , 202 721 , 9 614 , 8 209 ,March
STP,E54000012,E54000012,Derbyshire  STP, 500 257 , 447 933 , 18 877 , 33 447 ,March
STP,E54000013,E54000013,Lincolnshire  STP, 369 679 , 333 770 , 14 094 , 21 815 ,March
STP,E54000014,E54000014,Nottinghamshire  STP, 507 910 , 453 961 , 21 540 , 32 409 ,March
STP,E54000015,E54000015,"Leicester, Leicestershire And Rutland  STP", 543 404 , 485 509 , 26 256 , 31 639 ,March
STP,E54000016,E54000016,The Black Country  STP, 624 528 , 549 512 , 43 885 , 31 131 ,March
STP,E54000017,E54000017,Birmingham And Solihull  STP, 551 241 , 481 642 , 39 014 , 30 585 ,March
STP,E54000018,E54000018,Coventry And Warwickshire  STP, 348 586 , 319 206 , 17 221 , 12 159 ,March
STP,E54000019,E54000019,Herefordshire And Worcestershire  STP, 391 172 , 363 437 , 15 967 , 11 768 ,March
STP,E54000020,E54000020,Northamptonshire  STP, 348 443 , 312 312 , 13 635 , 22 496 ,March
STP,E54000021,E54000021,Cambridgeshire And Peterborough  STP, 466 988 , 421 441 , 20 223 , 25 324 ,March
STP,E54000022,E54000022,Norfolk And Waveney  STP, 533 730 , 481 500 , 19 408 , 32 822 ,March
STP,E54000023,E54000023,Suffolk And North East Essex  STP, 483 414 , 443 419 , 16 334 , 23 661 ,March
STP,E54000024,E54000024,"Milton Keynes, Bedfordshire And Luton  STP", 433 664 , 389 951 , 20 356 , 23 357 ,March
STP,E54000025,E54000025,Hertfordshire And West Essex  STP, 558 349 , 498 579 , 24 440 , 35 330 ,March
STP,E54000026,E54000026,Mid And South Essex  STP, 483 148 , 434 574 , 17 734 , 30 840 ,March
STP,E54000027,E54000027,North West London  STP, 920 880 , 814 833 , 59 890 , 46 157 ,March
STP,E54000028,E54000028,North Central London  STP, 487 433 , 435 939 , 32 858 , 18 636 ,March
STP,E54000029,E54000029,North East London  STP, 768 248 , 681 440 , 55 403 , 31 405 ,March
STP,E54000030,E54000030,South East London  STP, 541 109 , 481 459 , 36 868 , 22 782 ,March
STP,E54000031,E54000031,South West London  STP, 527 077 , 479 778 , 30 178 , 17 121 ,March
STP,E54000032,E54000032,Kent And Medway  STP, 540 990 , 493 055 , 22 593 , 25 342 ,March
STP,E54000033,E54000033,Sussex And East Surrey  STP, 864 341 , 785 204 , 32 547 , 46 590 ,March
STP,E54000034,E54000034,Frimley Health  STP, 298 442 , 274 369 , 13 213 , 10 860 ,March
STP,E54000035,E54000035,Surrey Heartlands  STP, 334 535 , 307 212 , 13 461 , 13 862 ,March
STP,E54000036,E54000036,Cornwall And The Isles Of Scilly  STP, 160 984 , 142 283 , 6 538 , 12 163 ,March
STP,E54000037,E54000037,Devon  STP, 655 020 , 596 254 , 25 096 , 33 670 ,March
STP,E54000038,E54000038,Somerset  STP, 235 708 , 214 884 , 11 008 , 9 816 ,March
STP,E54000039,E54000039,"Bristol, North Somerset And South Gloucestershire  STP", 452 699 , 412 283 , 22 473 , 17 943 ,March
STP,E54000040,E54000040,"Bath, Swindon And Wiltshire  STP", 470 076 , 422 209 , 16 541 , 31 326 ,March
STP,E54000041,E54000041,Dorset  STP, 379 052 , 340 046 , 14 561 , 24 445 ,March
STP,E54000042,E54000042,Hampshire And The Isle Of Wight  STP, 783 324 , 713 051 , 33 357 , 36 916 ,March
STP,E54000043,E54000043,Gloucestershire  STP, 272 852 , 246 837 , 10 847 , 15 168 ,March
STP,E54000044,E54000044,"Buckinghamshire, Oxfordshire And Berkshire West  STP", 698 643 , 648 526 , 27 195 , 22 922 ,March
STP,E54000048,E54000048,Lancashire And South Cumbria  STP, 703 467 , 637 395 , 35 810 , 30 262 ,March
STP,E54000049,E54000049,Cumbria And North East  STP, 1 531 742 , 1 375 346 , 73 677 , 82 719 ,March
CCG,00C,E38000042,NHS Darlington CCG, 49 827 , 43 285 , 2 598 , 3 944 ,March
CCG,00D,E38000047,"NHS Durham Dales, Easington and Sedgefield CCG", 170 969 , 152 021 , 8 001 , 10 947 ,March
CCG,00J,E38000116,NHS North Durham CCG, 136 834 , 122 180 , 5 910 , 8 744 ,March
CCG,00K,E38000075,NHS Hartlepool and Stockton-on-Tees CCG, 124 079 , 110 051 , 6 194 , 7 834 ,March
CCG,00L,E38000130,NHS Northumberland CCG, 169 039 , 152 884 , 6 477 , 9 678 ,March
CCG,00M,E38000162,NHS South Tees CCG, 150 067 , 133 389 , 7 450 , 9 228 ,March
CCG,00N,E38000163,NHS South Tyneside CCG, 62 544 , 56 457 , 3 001 , 3 086 ,March
CCG,00P,E38000176,NHS Sunderland CCG, 120 451 , 108 853 , 7 359 , 4 239 ,March
CCG,00Q,E38000014,NHS Blackburn with Darwen CCG, 62 483 , 55 171 , 4 743 , 2 569 ,March
CCG,00R,E38000015,NHS Blackpool CCG, 80 449 , 72 776 , 4 711 , 2 962 ,March
CCG,00T,E38000016,NHS Bolton CCG, 102 313 , 91 049 , 6 677 , 4 587 ,March
CCG,00X,E38000034,NHS Chorley and South Ribble CCG, 68 804 , 62 805 , 2 804 , 3 195 ,March
CCG,00Y,E38000135,NHS Oldham CCG, 105 326 , 95 516 , 6 525 , 3 285 ,March
CCG,01A,E38000050,NHS East Lancashire CCG, 148 919 , 133 559 , 8 682 , 6 678 ,March
CCG,01C,E38000056,NHS Eastern Cheshire CCG, 80 616 , 74 598 , 3 243 , 2 775 ,March
CCG,01D,E38000080,"NHS Heywood, Middleton and Rochdale CCG", 100 294 , 89 505 , 6 333 , 4 456 ,March
CCG,01E,E38000227,NHS Greater Preston CCG, 66 108 , 59 937 , 3 440 , 2 731 ,March
CCG,01F,E38000068,NHS Halton CCG, 59 154 , 51 377 , 3 756 , 4 021 ,March
CCG,01G,E38000143,NHS Salford CCG, 47 986 , 42 693 , 3 130 , 2 163 ,March
CCG,01H,E38000215,NHS North Cumbria CCG, 169 009 , 154 672 , 7 158 , 7 179 ,March
CCG,01J,E38000091,NHS Knowsley CCG, 74 936 , 65 537 , 5 398 , 4 001 ,March
CCG,01K,E38000228,NHS Morecambe Bay CCG, 149 294 , 137 516 , 6 638 , 5 140 ,March
CCG,01R,E38000151,NHS South Cheshire CCG, 79 355 , 70 464 , 5 629 , 3 262 ,March
CCG,01T,E38000161,NHS South Sefton CCG, 50 837 , 46 227 , 3 207 , 1 403 ,March
CCG,01V,E38000170,NHS Southport and Formby CCG, 52 994 , 48 808 , 2 182 , 2 004 ,March
CCG,01W,E38000174,NHS Stockport CCG, 122 588 , 111 159 , 6 656 , 4 773 ,March
CCG,01X,E38000172,NHS St Helens CCG, 74 433 , 66 396 , 4 228 , 3 809 ,March
CCG,01Y,E38000182,NHS Tameside and Glossop CCG, 110 490 , 99 903 , 6 875 , 3 712 ,March
CCG,02A,E38000187,NHS Trafford CCG, 82 658 , 74 733 , 4 226 , 3 699 ,March
CCG,02D,E38000189,NHS Vale Royal CCG, 42 909 , 38 473 , 2 092 , 2 344 ,March
CCG,02E,E38000194,NHS Warrington CCG, 83 389 , 75 656 , 3 214 , 4 519 ,March
CCG,02F,E38000196,NHS West Cheshire CCG, 109 874 , 99 967 , 5 342 , 4 565 ,March
CCG,02G,E38000200,NHS West Lancashire CCG, 46 271 , 42 022 , 2 020 , 2 229 ,March
CCG,02H,E38000205,NHS Wigan Borough CCG, 111 818 , 98 342 , 6 747 , 6 729 ,March
CCG,02M,E38000226,NHS Fylde and Wyre CCG, 81 139 , 73 609 , 2 772 , 4 758 ,March
CCG,02N,E38000001,"NHS Airedale, Wharfedale and Craven CCG", 89 744 , 79 330 , 2 988 , 7 426 ,March
CCG,02P,E38000006,NHS Barnsley CCG, 118 590 , 106 764 , 6 397 , 5 429 ,March
CCG,02Q,E38000008,NHS Bassetlaw CCG, 57 852 , 52 563 , 2 362 , 2 927 ,March
CCG,02R,E38000019,NHS Bradford Districts CCG, 179 238 , 159 244 , 6 426 , 13 568 ,March
CCG,02T,E38000025,NHS Calderdale CCG, 102 277 , 92 000 , 4 158 , 6 119 ,March
CCG,02W,E38000018,NHS Bradford City CCG, 70 000 , 61 703 , 4 415 , 3 882 ,March
CCG,02X,E38000044,NHS Doncaster CCG, 150 465 , 135 812 , 7 703 , 6 950 ,March
CCG,02Y,E38000052,NHS East Riding of Yorkshire CCG, 129 240 , 117 000 , 5 005 , 7 235 ,March
CCG,03A,E38000064,NHS Greater Huddersfield CCG, 105 873 , 96 374 , 4 480 , 5 019 ,March
CCG,03D,E38000069,"NHS Hambleton, Richmondshire and Whitby CCG", 68 726 , 62 951 , 2 465 , 3 310 ,March
CCG,03E,E38000073,NHS Harrogate and Rural District CCG, 75 011 , 69 379 , 2 451 , 3 181 ,March
CCG,03F,E38000085,NHS Hull CCG, 120 262 , 105 521 , 7 744 , 6 997 ,March
CCG,03H,E38000119,NHS North East Lincolnshire CCG, 93 405 , 83 660 , 4 373 , 5 372 ,March
CCG,03J,E38000121,NHS North Kirklees CCG, 87 561 , 78 241 , 4 154 , 5 166 ,March
CCG,03K,E38000122,NHS North Lincolnshire CCG, 87 780 , 78 310 , 2 592 , 6 878 ,March
CCG,03L,E38000141,NHS Rotherham CCG, 131 392 , 115 310 , 6 037 , 10 045 ,March
CCG,03M,E38000145,NHS Scarborough and Ryedale CCG, 64 657 , 57 164 , 2 693 , 4 800 ,March
CCG,03N,E38000146,NHS Sheffield CCG, 292 905 , 257 543 , 14 628 , 20 734 ,March
CCG,03Q,E38000188,NHS Vale of York CCG, 148 019 , 135 033 , 5 431 , 7 555 ,March
CCG,03R,E38000190,NHS Wakefield CCG, 196 067 , 176 074 , 7 433 , 12 560 ,March
CCG,03T,E38000099,NHS Lincolnshire East CCG, 122 222 , 110 691 , 5 041 , 6 490 ,March
CCG,03V,E38000037,NHS Corby CCG, 35 165 , 29 356 , 1 587 , 4 222 ,March
CCG,03W,E38000051,NHS East Leicestershire and Rutland CCG, 173 231 , 152 889 , 8 225 , 12 117 ,March
CCG,03X,E38000058,NHS Erewash CCG, 46 633 , 42 056 , 1 732 , 2 845 ,March
CCG,03Y,E38000071,NHS Hardwick CCG, 59 689 , 54 486 , 2 548 , 2 655 ,March
CCG,04C,E38000097,NHS Leicester City CCG, 178 490 , 158 417 , 10 894 , 9 179 ,March
CCG,04D,E38000100,NHS Lincolnshire West CCG, 93 050 , 83 645 , 3 640 , 5 765 ,March
CCG,04E,E38000103,NHS Mansfield and Ashfield CCG, 95 850 , 85 084 , 4 041 , 6 725 ,March
CCG,04F,E38000107,NHS Milton Keynes CCG, 128 241 , 116 678 , 5 566 , 5 997 ,March
CCG,04G,E38000108,NHS Nene CCG, 313 278 , 282 956 , 12 048 , 18 274 ,March
CCG,04H,E38000109,NHS Newark and Sherwood CCG, 64 359 , 59 206 , 2 321 , 2 832 ,March
CCG,04J,E38000115,NHS North Derbyshire CCG, 150 149 , 135 255 , 5 825 , 9 069 ,March
CCG,04K,E38000132,NHS Nottingham City CCG, 163 459 , 143 486 , 8 959 , 11 014 ,March
CCG,04L,E38000133,NHS Nottingham North and East CCG, 66 874 , 59 849 , 2 252 , 4 773 ,March
CCG,04M,E38000134,NHS Nottingham West CCG, 50 213 , 44 898 , 2 005 , 3 310 ,March
CCG,04N,E38000142,NHS Rushcliffe CCG, 67 155 , 61 438 , 1 962 , 3 755 ,March
CCG,04Q,E38000165,NHS South West Lincolnshire CCG, 64 933 , 58 846 , 2 363 , 3 724 ,March
CCG,04R,E38000169,NHS Southern Derbyshire CCG, 243 786 , 216 136 , 8 772 , 18 878 ,March
CCG,04V,E38000201,NHS West Leicestershire CCG, 191 683 , 174 203 , 7 137 , 10 343 ,March
CCG,04Y,E38000028,NHS Cannock Chase CCG, 55 209 , 49 390 , 2 413 , 3 406 ,March
CCG,05A,E38000038,NHS Coventry and Rugby CCG, 178 228 , 161 342 , 11 191 , 5 695 ,March
CCG,05C,E38000046,NHS Dudley CCG, 133 376 , 119 385 , 7 454 , 6 537 ,March
CCG,05D,E38000053,NHS East Staffordshire CCG, 48 852 , 44 546 , 1 566 , 2 740 ,March
CCG,05F,E38000078,NHS Herefordshire CCG, 95 062 , 88 279 , 3 990 , 2 793 ,March
CCG,05G,E38000126,NHS North Staffordshire CCG, 84 534 , 77 153 , 3 466 , 3 915 ,March
CCG,05H,E38000195,NHS Warwickshire North CCG, 27 698 , 25 578 , 1 181 , 939 ,March
CCG,05J,E38000139,NHS Redditch and Bromsgrove CCG, 83 788 , 78 598 , 3 358 , 1 832 ,March
CCG,05L,E38000144,NHS Sandwell and West Birmingham CCG, 256 736 , 222 363 , 20 201 , 14 172 ,March
CCG,05N,E38000147,NHS Shropshire CCG, 143 004 , 131 483 , 5 586 , 5 935 ,March
CCG,05Q,E38000153,NHS South East Staffordshire and Seisdon Peninsula CCG, 90 296 , 83 069 , 3 804 , 3 423 ,March
CCG,05R,E38000164,NHS South Warwickshire CCG, 142 660 , 132 286 , 4 849 , 5 525 ,March
CCG,05T,E38000166,NHS South Worcestershire CCG, 137 836 , 126 706 , 5 481 , 5 649 ,March
CCG,05V,E38000173,NHS Stafford and Surrounds CCG, 65 563 , 59 939 , 2 760 , 2 864 ,March
CCG,05W,E38000175,NHS Stoke on Trent CCG, 104 542 , 93 494 , 6 837 , 4 211 ,March
CCG,05X,E38000183,NHS Telford and Wrekin CCG, 77 540 , 71 238 , 4 028 , 2 274 ,March
CCG,05Y,E38000191,NHS Walsall CCG, 132 095 , 117 313 , 8 581 , 6 201 ,March
CCG,06A,E38000210,NHS Wolverhampton CCG, 102 321 , 90 451 , 7 649 , 4 221 ,March
CCG,06D,E38000211,NHS Wyre Forest CCG, 74 486 , 69 854 , 3 138 , 1 494 ,March
CCG,06F,E38000010,NHS Bedfordshire CCG, 212 666 , 190 671 , 9 035 , 12 960 ,March
CCG,06H,E38000026,NHS Cambridgeshire and Peterborough CCG, 466 988 , 421 441 , 20 223 , 25 324 ,March
CCG,06K,E38000049,NHS East and North Hertfordshire CCG, 221 214 , 194 263 , 8 590 , 18 361 ,March
CCG,06L,E38000086,NHS Ipswich and East Suffolk CCG, 199 687 , 181 777 , 6 386 , 11 524 ,March
CCG,06M,E38000063,NHS Great Yarmouth and Waveney CCG, 111 100 , 99 175 , 5 383 , 6 542 ,March
CCG,06N,E38000079,NHS Herts Valleys CCG, 220 709 , 198 877 , 10 607 , 11 225 ,March
CCG,06P,E38000102,NHS Luton CCG, 92 757 , 82 602 , 5 755 , 4 400 ,March
CCG,06Q,E38000106,NHS Mid Essex CCG, 164 690 , 149 379 , 5 670 , 9 641 ,March
CCG,06T,E38000117,NHS North East Essex CCG, 166 640 , 153 640 , 5 759 , 7 241 ,March
CCG,06V,E38000124,NHS North Norfolk CCG, 95 844 , 86 530 , 2 911 , 6 403 ,March
CCG,06W,E38000218,NHS Norwich CCG, 113 687 , 101 982 , 4 167 , 7 538 ,March
CCG,06Y,E38000219,NHS South Norfolk CCG, 112 094 , 103 185 , 3 510 , 5 399 ,March
CCG,07G,E38000185,NHS Thurrock CCG, 76 442 , 67 744 , 3 429 , 5 269 ,March
CCG,07H,E38000197,NHS West Essex CCG, 116 426 , 105 439 , 5 243 , 5 744 ,March
CCG,07J,E38000203,NHS West Norfolk CCG, 101 005 , 90 628 , 3 437 , 6 940 ,March
CCG,07K,E38000204,NHS West Suffolk CCG, 117 087 , 108 002 , 4 189 , 4 896 ,March
CCG,07L,E38000004,NHS Barking and Dagenham CCG, 68 086 , 58 341 , 5 985 , 3 760 ,March
CCG,07M,E38000005,NHS Barnet CCG, 114 295 , 103 540 , 5 848 , 4 907 ,March
CCG,07N,E38000011,NHS Bexley CCG, 24 371 , 21 689 , 1 423 , 1 259 ,March
CCG,07P,E38000020,NHS Brent CCG, 141 601 , 125 858 , 10 463 , 5 280 ,March
CCG,07Q,E38000023,NHS Bromley CCG, 109 881 , 97 921 , 4 892 , 7 068 ,March
CCG,07R,E38000027,NHS Camden CCG, 88 964 , 80 465 , 5 921 , 2 578 ,March
CCG,07T,E38000035,NHS City and Hackney CCG, 130 341 , 116 587 , 9 426 , 4 328 ,March
CCG,07V,E38000040,NHS Croydon CCG, 143 172 , 128 534 , 9 231 , 5 407 ,March
CCG,07W,E38000048,NHS Ealing CCG, 181 361 , 161 786 , 10 967 , 8 608 ,March
CCG,07X,E38000057,NHS Enfield CCG, 103 552 , 90 775 , 7 499 , 5 278 ,March
CCG,07Y,E38000084,NHS Hounslow CCG, 124 496 , 110 556 , 6 936 , 7 004 ,March
CCG,08A,E38000066,NHS Greenwich CCG, 29 239 , 26 630 , 1 839 , 770 ,March
CCG,08C,E38000070,NHS Hammersmith and Fulham CCG, 84 515 , 74 237 , 5 058 , 5 220 ,March
CCG,08D,E38000072,NHS Haringey CCG, 92 376 , 83 206 , 6 196 , 2 974 ,March
CCG,08E,E38000074,NHS Harrow CCG, 104 881 , 91 623 , 7 079 , 6 179 ,March
CCG,08F,E38000077,NHS Havering CCG, 78 105 , 70 413 , 3 889 , 3 803 ,March
CCG,08G,E38000082,NHS Hillingdon CCG, 103 748 , 92 837 , 6 878 , 4 033 ,March
CCG,08H,E38000088,NHS Islington CCG, 88 246 , 77 953 , 7 394 , 2 899 ,March
CCG,08J,E38000090,NHS Kingston CCG, 64 842 , 60 497 , 2 920 , 1 425 ,March
CCG,08K,E38000092,NHS Lambeth CCG, 143 793 , 127 927 , 10 157 , 5 709 ,March
CCG,08L,E38000098,NHS Lewisham CCG, 112 912 , 101 132 , 8 767 , 3 013 ,March
CCG,08M,E38000113,NHS Newham CCG, 137 789 , 118 833 , 12 400 , 6 556 ,March
CCG,08N,E38000138,NHS Redbridge CCG, 108 206 , 96 460 , 6 917 , 4 829 ,March
CCG,08P,E38000140,NHS Richmond CCG, 20 716 , 19 046 , 995 , 675 ,March
CCG,08Q,E38000171,NHS Southwark CCG, 120 913 , 106 160 , 9 790 , 4 963 ,March
CCG,08R,E38000105,NHS Merton CCG, 71 363 , 65 171 , 4 069 , 2 123 ,March
CCG,08T,E38000179,NHS Sutton CCG, 76 644 , 70 882 , 3 363 , 2 399 ,March
CCG,08V,E38000186,NHS Tower Hamlets CCG, 139 948 , 125 041 , 10 618 , 4 289 ,March
CCG,08W,E38000192,NHS Waltham Forest CCG, 105 773 , 95 765 , 6 168 , 3 840 ,March
CCG,08X,E38000193,NHS Wandsworth CCG, 150 340 , 135 648 , 9 600 , 5 092 ,March
CCG,08Y,E38000202,NHS West London CCG, 99 861 , 86 437 , 7 318 , 6 106 ,March
CCG,09A,E38000031,NHS Central London (Westminster) CCG, 80 417 , 71 499 , 5 191 , 3 727 ,March
CCG,09C,E38000002,NHS Ashford CCG, 72 929 , 68 029 , 2 303 , 2 597 ,March
CCG,09D,E38000021,NHS Brighton and Hove CCG, 118 095 , 105 682 , 5 675 , 6 738 ,March
CCG,09E,E38000029,NHS Canterbury and Coastal CCG, 112 863 , 102 682 , 4 621 , 5 560 ,March
CCG,09F,E38000055,"NHS Eastbourne, Hailsham and Seaford CCG", 102 190 , 93 388 , 3 860 , 4 942 ,March
CCG,09G,E38000213,NHS Coastal West Sussex CCG, 247 588 , 224 811 , 8 356 , 14 421 ,March
CCG,09H,E38000039,NHS Crawley CCG, 56 085 , 50 821 , 1 786 , 3 478 ,March
CCG,09J,E38000043,"NHS Dartford, Gravesham and Swanley CCG", 3 514 , 3 076 , 140 , 298 ,March
CCG,09L,E38000054,NHS East Surrey CCG, 77 383 , 71 406 , 3 317 , 2 660 ,March
CCG,09N,E38000214,NHS Guildford and Waverley CCG, 82 790 , 76 872 , 3 250 , 2 668 ,March
CCG,09P,E38000076,NHS Hastings and Rother CCG, 97 465 , 88 419 , 4 176 , 4 870 ,March
CCG,09W,E38000104,NHS Medway CCG, 83 162 , 74 048 , 3 753 , 5 361 ,March
CCG,09X,E38000083,NHS Horsham and Mid Sussex CCG, 92 110 , 83 273 , 3 092 , 5 745 ,March
CCG,09Y,E38000128,NHS North West Surrey CCG, 132 035 , 122 247 , 5 532 , 4 256 ,March
CCG,10A,E38000156,NHS South Kent Coast CCG, 46 160 , 41 652 , 1 955 , 2 553 ,March
CCG,10C,E38000178,NHS Surrey Heath CCG, 46 676 , 43 803 , 1 760 , 1 113 ,March
CCG,10D,E38000180,NHS Swale CCG, 43 470 , 39 025 , 2 346 , 2 099 ,March
CCG,10E,E38000184,NHS Thanet CCG, 59 731 , 54 104 , 2 459 , 3 168 ,March
CCG,10J,E38000120,NHS North Hampshire CCG, 99 484 , 93 859 , 3 256 , 2 369 ,March
CCG,10K,E38000059,NHS Fareham and Gosport CCG, 85 670 , 77 952 , 3 375 , 4 343 ,March
CCG,10L,E38000087,NHS Isle of Wight CCG, 75 663 , 63 178 , 5 051 , 7 434 ,March
CCG,10Q,E38000136,NHS Oxfordshire CCG, 320 931 , 296 533 , 13 725 , 10 673 ,March
CCG,10R,E38000137,NHS Portsmouth CCG, 90 367 , 81 179 , 4 253 , 4 935 ,March
CCG,10V,E38000154,NHS South Eastern Hampshire CCG, 88 434 , 79 771 , 3 733 , 4 930 ,March
CCG,10X,E38000167,NHS Southampton CCG, 116 375 , 106 036 , 6 215 , 4 124 ,March
CCG,11A,E38000198,NHS West Hampshire CCG, 227 331 , 211 076 , 7 474 , 8 781 ,March
CCG,11E,E38000009,NHS Bath and North East Somerset CCG, 97 437 , 87 698 , 4 129 , 5 610 ,March
CCG,11J,E38000045,NHS Dorset CCG, 379 052 , 340 046 , 14 561 , 24 445 ,March
CCG,11M,E38000062,NHS Gloucestershire CCG, 272 852 , 246 837 , 10 847 , 15 168 ,March
CCG,11N,E38000089,NHS Kernow CCG, 160 984 , 142 283 , 6 538 , 12 163 ,March
CCG,11X,E38000150,NHS Somerset CCG, 235 708 , 214 884 , 11 008 , 9 816 ,March
CCG,12D,E38000181,NHS Swindon CCG, 107 652 , 93 544 , 4 374 , 9 734 ,March
CCG,12F,E38000208,NHS Wirral CCG, 152 402 , 134 459 , 8 556 , 9 387 ,March
CCG,13T,E38000212,NHS Newcastle Gateshead CCG, 216 345 , 193 964 , 12 786 , 9 595 ,March
CCG,14L,E38000217,NHS Manchester CCG, 237 173 , 207 595 , 18 545 , 11 033 ,March
CCG,14Y,E38000223,NHS Buckinghamshire CCG, 213 184 , 199 199 , 7 149 , 6 836 ,March
CCG,15A,E38000221,NHS Berkshire West, 164 528 , 152 794 , 6 321 , 5 413 ,March
CCG,15C,E38000222,"NHS Bristol, North Somerset and South Gloucestershire CCG", 452 699 , 412 283 , 22 473 , 17 943 ,March
CCG,15D,E38000224,NHS East Berkshire CCG, 164 537 , 150 963 , 8 150 , 5 424 ,March
CCG,15E,E38000220,NHS Birmingham and Solihull CCG, 551 241 , 481 642 , 39 014 , 30 585 ,March
CCG,15F,E38000225,NHS Leeds CCG, 409 476 , 367 993 , 17 746 , 23 737 ,March
CCG,99A,E38000101,NHS Liverpool CCG, 215 725 , 192 162 , 15 147 , 8 416 ,March
CCG,99C,E38000127,NHS North Tyneside CCG, 93 852 , 84 639 , 4 278 , 4 935 ,March
CCG,99D,E38000157,NHS South Lincolnshire CCG, 89 474 , 80 588 , 3 050 , 5 836 ,March
CCG,99E,E38000007,NHS Basildon and Brentwood CCG, 107 318 , 95 767 , 4 046 , 7 505 ,March
CCG,99F,E38000030,NHS Castle Point and Rochford CCG, 67 159 , 60 378 , 2 034 , 4 747 ,March
CCG,99G,E38000168,NHS Southend CCG, 67 539 , 61 306 , 2 555 , 3 678 ,March
CCG,99H,E38000177,NHS Surrey Downs CCG, 119 710 , 108 093 , 4 679 , 6 938 ,March
CCG,99J,E38000199,NHS West Kent CCG, 119 161 , 110 439 , 5 016 , 3 706 ,March
CCG,99K,E38000081,NHS High Weald Lewes Havens CCG, 73 425 , 67 404 , 2 285 , 3 736 ,March
CCG,99M,E38000118,NHS North East Hampshire and Farnham CCG, 87 229 , 79 603 , 3 303 , 4 323 ,March
CCG,99N,E38000206,NHS Wiltshire CCG, 264 987 , 240 967 , 8 038 , 15 982 ,March
CCG,99P,E38000129,"NHS Northern, Eastern and Western Devon CCG", 478 087 , 433 208 , 18 593 , 26 286 ,March
