Type,NHS_area_code,ONS_code,Name,Count_gp_appointments,Attended,Did_not_attend,Unknown,Month
National,ENG,ENG,England,31 455 487,28 243 786,1 460 810,1 750 891,November
Region,Y56,E40000003,London,4 656 497,4 114 619,284 941,256 937,November
Region,Y58,E40000006,South West,3 453 863,3 126 848,134 358,192 657,November
Region,Y59,E40000005,South East,4 864 271,4 377 261,210 769,276 241,November
Region,Y60,E40000011,Midlands,6 068 504,5 464 381,279 213,324 910,November
Region,Y61,E40000007,East of England,3 616 008,3 257 308,136 658,222 042,November
Region,Y62,E40000010,North West,3 718 279,3 318 081,209 326,190 872,November
Region,Y63,E40000012,North East and Yorkshire,5 078 065,4 585 288,205 545,287 232,November
ICB,QE1,E54000048,NHS Lancashire and South Cumbria Integrated Care Board,887 078,799 485,45 043,42 550,November
ICB,QF7,E54000061,NHS South Yorkshire Integrated Care Board,827 673,742 731,35 050,49 892,November
ICB,QGH,E54000019,NHS Herefordshire and Worcestershire Integrated Care Board,483 025,443 363,19 607,20 055,November
ICB,QH8,E54000026,NHS Mid and South Essex Integrated Care Board,596 985,539 851,19 151,37 983,November
ICB,QHG,E54000024,"NHS Bedfordshire, Luton and Milton Keynes Integrated Care Board",514 164,456 669,24 349,33 146,November
ICB,QHL,E54000055,NHS Birmingham and Solihull Integrated Care Board,785 002,693 263,50 473,41 266,November
ICB,QHM,E54000050,NHS North East and North Cumbria Integrated Care Board,1 747 690,1 572 460,77 648,97 582,November
ICB,QJ2,E54000058,NHS Derby and Derbyshire Integrated Care Board,609 378,549 830,21 345,38 203,November
ICB,QJG,E54000023,NHS Suffolk and North East Essex Integrated Care Board,551 327,503 604,18 400,29 323,November
ICB,QJK,E54000037,NHS Devon Integrated Care Board,805 393,731 683,28 089,45 621,November
ICB,QJM,E54000013,NHS Lincolnshire Integrated Care Board,480 994,435 317,17 308,28 369,November
ICB,QK1,E54000015,"NHS Leicester, Leicestershire and Rutland Integrated Care Board",667 939,599 746,26 366,41 827,November
ICB,QKK,E54000030,NHS South East London Integrated Care Board,779 754,677 563,50 007,52 184,November
ICB,QKS,E54000032,NHS Kent and Medway Integrated Care Board,963 432,861 051,45 136,57 245,November
ICB,QM7,E54000025,NHS Hertfordshire and West Essex Integrated Care Board,726 599,653 744,29 353,43 502,November
ICB,QMF,E54000029,NHS North East London Integrated Care Board,1 052 683,922 870,73 460,56 353,November
ICB,QMJ,E54000028,NHS North Central London Integrated Care Board,716 137,638 161,43 771,34 205,November
ICB,QMM,E54000022,NHS Norfolk and Waveney Integrated Care Board,646 888,580 697,24 182,42 009,November
ICB,QNC,E54000010,NHS Staffordshire and Stoke-on-Trent Integrated Care Board,562 056,505 717,26 593,29 746,November
ICB,QNQ,E54000034,NHS Frimley Integrated Care Board,412 011,370 971,22 626,18 414,November
ICB,QNX,E54000053,NHS Sussex Integrated Care Board,976 800,878 361,37 142,61 297,November
ICB,QOC,E54000011,"NHS Shropshire, Telford and Wrekin Integrated Care Board",257 652,235 101,10 662,11 889,November
ICB,QOP,E54000057,NHS Greater Manchester Integrated Care Board,1 478 588,1 307 110,92 017,79 461,November
ICB,QOQ,E54000051,NHS Humber and North Yorkshire Integrated Care Board,993 089,904 037,34 096,54 956,November
ICB,QOX,E54000040,"NHS Bath and North East Somerset, Swindon and Wiltshire Integrated Care Board",567 937,516 788,17 857,33 292,November
ICB,QPM,E54000059,NHS Northamptonshire Integrated Care Board,410 171,375 550,13 998,20 623,November
ICB,QR1,E54000043,NHS Gloucestershire Integrated Care Board,398 761,362 664,13 977,22 120,November
ICB,QRL,E54000042,NHS Hampshire and the Isle of Wight Integrated Care Board,1 009 151,915 525,44 113,49 513,November
ICB,QRV,E54000027,NHS North West London Integrated Care Board,1 356 961,1 204 059,76 054,76 848,November
ICB,QSL,E54000038,NHS Somerset Integrated Care Board,319 195,282 646,15 972,20 577,November
ICB,QT1,E54000060,NHS Nottingham and Nottinghamshire Integrated Care Board,666 303,599 813,28 849,37 641,November
ICB,QT6,E54000036,NHS Cornwall and the Isles of Scilly Integrated Care Board,392 071,353 799,15 495,22 777,November
ICB,QU9,E54000044,"NHS Buckinghamshire, Oxfordshire and Berkshire West Integrated Care Board",932 799,850 766,40 611,41 422,November
ICB,QUA,E54000062,NHS Black Country Integrated Care Board,649 045,576 221,39 077,33 747,November
ICB,QUE,E54000056,NHS Cambridgeshire and Peterborough Integrated Care Board,580 045,522 743,21 223,36 079,November
ICB,QUY,E54000039,"NHS Bristol, North Somerset and South Gloucestershire Integrated Care Board",511 626,462 335,26 929,22 362,November
ICB,QVV,E54000041,NHS Dorset Integrated Care Board,458 880,416 933,16 039,25 908,November
ICB,QWE,E54000031,NHS South West London Integrated Care Board,750 962,671 966,41 649,37 347,November
ICB,QWO,E54000054,NHS West Yorkshire Integrated Care Board,1 509 613,1 366 060,58 751,84 802,November
ICB,QWU,E54000018,NHS Coventry and Warwickshire Integrated Care Board,496 939,450 460,24 935,21 544,November
ICB,QXU,E54000052,NHS Surrey Heartlands Integrated Care Board,570 078,500 587,21 141,48 350,November
ICB,QYG,E54000008,NHS Cheshire and Merseyside Integrated Care Board,1 352 613,1 211 486,72 266,68 861,November
Sub ICB Location,00L,E38000130,NHS North East and North Cumbria ICB - 00L,200 735,182 854,7 276,10 605,November
Sub ICB Location,00N,E38000163,NHS North East and North Cumbria ICB - 00N,69 556,61 995,3 180,4 381,November
Sub ICB Location,00P,E38000176,NHS North East and North Cumbria ICB - 00P,143 359,128 940,8 143,6 276,November
Sub ICB Location,00Q,E38000014,NHS Lancashire and South Cumbria ICB - 00Q,79 687,70 449,4 567,4 671,November
Sub ICB Location,00R,E38000015,NHS Lancashire and South Cumbria ICB - 00R,96 320,86 904,5 807,3 609,November
Sub ICB Location,00T,E38000016,NHS Greater Manchester ICB - 00T,171 728,151 263,11 670,8 795,November
Sub ICB Location,00V,E38000024,NHS Greater Manchester ICB - 00V,85 880,76 401,4 613,4 866,November
Sub ICB Location,00X,E38000034,NHS Lancashire and South Cumbria ICB - 00X,86 920,78 321,4 328,4 271,November
Sub ICB Location,00Y,E38000135,NHS Greater Manchester ICB - 00Y,120 260,108 461,7 062,4 737,November
Sub ICB Location,01A,E38000050,NHS Lancashire and South Cumbria ICB - 01A,184 985,163 627,10 411,10 947,November
Sub ICB Location,01D,E38000080,NHS Greater Manchester ICB - 01D,109 246,96 945,6 955,5 346,November
Sub ICB Location,01E,E38000227,NHS Lancashire and South Cumbria ICB - 01E,104 202,93 810,4 973,5 419,November
Sub ICB Location,01F,E38000068,NHS Cheshire and Merseyside ICB - 01F,60 373,52 673,3 603,4 097,November
Sub ICB Location,01G,E38000143,NHS Greater Manchester ICB - 01G,154 395,133 624,9 403,11 368,November
Sub ICB Location,01H,E38000215,NHS North East and North Cumbria ICB - 01H,196 305,177 285,7 748,11 272,November
Sub ICB Location,01J,E38000091,NHS Cheshire and Merseyside ICB - 01J,83 166,73 066,5 385,4 715,November
Sub ICB Location,01K,E38000228,NHS Lancashire and South Cumbria ICB - 01K,171 179,156 969,7 858,6 352,November
Sub ICB Location,01T,E38000161,NHS Cheshire and Merseyside ICB - 01T,56 302,50 320,2 784,3 198,November
Sub ICB Location,01V,E38000170,NHS Cheshire and Merseyside ICB - 01V,69 108,64 132,2 315,2 661,November
Sub ICB Location,01W,E38000174,NHS Greater Manchester ICB - 01W,170 938,155 390,8 528,7 020,November
Sub ICB Location,01X,E38000172,NHS Cheshire and Merseyside ICB - 01X,93 207,80 819,4 626,7 762,November
Sub ICB Location,01Y,E38000263,NHS Greater Manchester ICB - 01Y,103 993,90 171,7 493,6 329,November
Sub ICB Location,02A,E38000187,NHS Greater Manchester ICB - 02A,97 072,86 920,5 209,4 943,November
Sub ICB Location,02E,E38000194,NHS Cheshire and Merseyside ICB - 02E,106 475,97 378,3 941,5 156,November
Sub ICB Location,02G,E38000200,NHS Lancashire and South Cumbria ICB - 02G,58 561,53 344,2 596,2 621,November
Sub ICB Location,02H,E38000205,NHS Greater Manchester ICB - 02H,155 121,137 600,8 404,9 117,November
Sub ICB Location,02M,E38000226,NHS Lancashire and South Cumbria ICB - 02M,105 224,96 061,4 503,4 660,November
Sub ICB Location,02P,E38000006,NHS South Yorkshire ICB - 02P,142 407,125 818,5 797,10 792,November
Sub ICB Location,02Q,E38000008,NHS Nottingham and Nottinghamshire ICB - 02Q,79 757,73 503,2 531,3 723,November
Sub ICB Location,02T,E38000025,NHS West Yorkshire ICB - 02T,122 830,112 879,4 616,5 335,November
Sub ICB Location,02X,E38000044,NHS South Yorkshire ICB - 02X,177 966,160 404,8 395,9 167,November
Sub ICB Location,02Y,E38000052,NHS Humber and North Yorkshire ICB - 02Y,166 967,152 678,5 478,8 811,November
Sub ICB Location,03F,E38000085,NHS Humber and North Yorkshire ICB - 03F,132 874,117 671,7 222,7 981,November
Sub ICB Location,03H,E38000119,NHS Humber and North Yorkshire ICB - 03H,121 050,110 346,3 495,7 209,November
Sub ICB Location,03K,E38000122,NHS Humber and North Yorkshire ICB - 03K,109 480,98 744,3 360,7 376,November
Sub ICB Location,03L,E38000141,NHS South Yorkshire ICB - 03L,171 135,153 692,6 774,10 669,November
Sub ICB Location,03N,E38000146,NHS South Yorkshire ICB - 03N,336 165,302 817,14 084,19 264,November
Sub ICB Location,03Q,E38000188,NHS Humber and North Yorkshire ICB - 03Q,189 430,174 399,6 016,9 015,November
Sub ICB Location,03R,E38000190,NHS West Yorkshire ICB - 03R,233 357,211 941,8 655,12 761,November
Sub ICB Location,03W,E38000051,"NHS Leicester, Leicestershire and Rutland ICB - 03W",207 558,188 816,6 612,12 130,November
Sub ICB Location,04C,E38000097,"NHS Leicester, Leicestershire and Rutland ICB - 04C",228 661,200 788,11 239,16 634,November
Sub ICB Location,04V,E38000201,"NHS Leicester, Leicestershire and Rutland ICB - 04V",231 720,210 142,8 515,13 063,November
Sub ICB Location,04Y,E38000028,NHS Staffordshire and Stoke-on-Trent ICB - 04Y,70 016,62 754,3 267,3 995,November
Sub ICB Location,05D,E38000053,NHS Staffordshire and Stoke-on-Trent ICB - 05D,76 618,69 359,3 474,3 785,November
Sub ICB Location,05G,E38000126,NHS Staffordshire and Stoke-on-Trent ICB - 05G,108 109,98 414,3 980,5 715,November
Sub ICB Location,05Q,E38000153,NHS Staffordshire and Stoke-on-Trent ICB - 05Q,103 344,94 803,4 721,3 820,November
Sub ICB Location,05V,E38000173,NHS Staffordshire and Stoke-on-Trent ICB - 05V,73 506,67 295,3 257,2 954,November
Sub ICB Location,05W,E38000175,NHS Staffordshire and Stoke-on-Trent ICB - 05W,130 463,113 092,7 894,9 477,November
Sub ICB Location,06H,E38000260,NHS Cambridgeshire and Peterborough ICB - 06H,580 045,522 743,21 223,36 079,November
Sub ICB Location,06K,E38000049,NHS Hertfordshire and West Essex ICB - 06K,286 209,257 238,10 442,18 529,November
Sub ICB Location,06L,E38000086,NHS Suffolk and North East Essex ICB - 06L,212 504,193 244,6 488,12 772,November
Sub ICB Location,06N,E38000079,NHS Hertfordshire and West Essex ICB - 06N,294 282,262 998,13 516,17 768,November
Sub ICB Location,06Q,E38000106,NHS Mid and South Essex ICB - 06Q,185 534,168 061,6 205,11 268,November
Sub ICB Location,06T,E38000117,NHS Suffolk and North East Essex ICB - 06T,193 918,175 208,7 872,10 838,November
Sub ICB Location,07G,E38000185,NHS Mid and South Essex ICB - 07G,99 217,88 739,3 309,7 169,November
Sub ICB Location,07H,E38000197,NHS Hertfordshire and West Essex ICB - 07H,146 108,133 508,5 395,7 205,November
Sub ICB Location,07K,E38000204,NHS Suffolk and North East Essex ICB - 07K,144 905,135 152,4 040,5 713,November
Sub ICB Location,09D,E38000021,NHS Sussex ICB - 09D,150 920,134 881,6 537,9 502,November
Sub ICB Location,10Q,E38000136,"NHS Buckinghamshire, Oxfordshire and Berkshire West ICB - 10Q",400 313,366 039,18 097,16 177,November
Sub ICB Location,10R,E38000137,NHS Hampshire and Isle Of Wight ICB - 10R,98 237,89 898,4 113,4 226,November
Sub ICB Location,11J,E38000045,NHS Dorset ICB - 11J,458 880,416 933,16 039,25 908,November
Sub ICB Location,11M,E38000062,NHS Gloucestershire ICB - 11M,398 761,362 664,13 977,22 120,November
Sub ICB Location,11N,E38000089,NHS Cornwall and The Isles Of Scilly ICB - 11N,392 071,353 799,15 495,22 777,November
Sub ICB Location,11X,E38000150,NHS Somerset ICB - 11X,319 195,282 646,15 972,20 577,November
Sub ICB Location,12F,E38000208,NHS Cheshire and Merseyside ICB - 12F,213 718,191 135,11 623,10 960,November
Sub ICB Location,13T,E38000212,NHS North East and North Cumbria ICB - 13T,262 607,236 000,14 215,12 392,November
Sub ICB Location,14L,E38000217,NHS Greater Manchester ICB - 14L,309 955,270 335,22 680,16 940,November
Sub ICB Location,14Y,E38000223,"NHS Buckinghamshire, Oxfordshire and Berkshire West ICB - 14Y",264 458,241 814,11 247,11 397,November
Sub ICB Location,15A,E38000221,"NHS Buckinghamshire, Oxfordshire and Berkshire West ICB - 15A",268 028,242 913,11 267,13 848,November
Sub ICB Location,15C,E38000222,"NHS Bristol, North Somerset and South Gloucestershire ICB - 15C",511 626,462 335,26 929,22 362,November
Sub ICB Location,15E,E38000258,NHS Birmingham and Solihull ICB - 15E,785 002,693 263,50 473,41 266,November
Sub ICB Location,15F,E38000225,NHS West Yorkshire ICB - 15F,438 590,394 472,20 714,23 404,November
Sub ICB Location,15M,E38000261,NHS Derby and Derbyshire ICB - 15M,609 378,549 830,21 345,38 203,November
Sub ICB Location,15N,E38000230,NHS Devon ICB - 15N,805 393,731 683,28 089,45 621,November
Sub ICB Location,16C,E38000247,NHS North East and North Cumbria ICB - 16C,379 970,338 159,17 664,24 147,November
Sub ICB Location,18C,E38000236,NHS Herefordshire and Worcestershire ICB - 18C,483 025,443 363,19 607,20 055,November
Sub ICB Location,26A,E38000239,NHS Norfolk and Waveney ICB - 26A,646 888,580 697,24 182,42 009,November
Sub ICB Location,27D,E38000233,NHS Cheshire and Merseyside ICB - 27D,393 815,356 483,19 505,17 827,November
Sub ICB Location,36J,E38000232,NHS West Yorkshire ICB - 36J,433 075,390 976,15 235,26 864,November
Sub ICB Location,36L,E38000245,NHS South West London ICB - 36L,750 962,671 966,41 649,37 347,November
Sub ICB Location,42D,E38000241,NHS Humber and North Yorkshire ICB - 42D,273 288,250 199,8 525,14 564,November
Sub ICB Location,52R,E38000243,NHS Nottingham and Nottinghamshire ICB - 52R,586 546,526 310,26 318,33 918,November
Sub ICB Location,70F,E38000248,NHS Sussex ICB - 70F,497 163,454 806,15 587,26 770,November
Sub ICB Location,71E,E38000238,NHS Lincolnshire ICB - 71E,480 994,435 317,17 308,28 369,November
Sub ICB Location,72Q,E38000244,NHS South East London ICB - 72Q,779 754,677 563,50 007,52 184,November
Sub ICB Location,78H,E38000262,NHS Northamptonshire ICB - 78H,410 171,375 550,13 998,20 623,November
Sub ICB Location,84H,E38000234,NHS North East and North Cumbria ICB - 84H,380 052,343 534,14 390,22 128,November
Sub ICB Location,91Q,E38000237,NHS Kent and Medway ICB - 91Q,963 432,861 051,45 136,57 245,November
Sub ICB Location,92A,E38000246,NHS Surrey Heartlands ICB - 92A,570 078,500 587,21 141,48 350,November
Sub ICB Location,92G,E38000231,"NHS Bath and North East Somerset, Swindon and Wiltshire ICB - 92G",567 937,516 788,17 857,33 292,November
Sub ICB Location,93C,E38000240,NHS North Central London ICB - 93C,716 137,638 161,43 771,34 205,November
Sub ICB Location,97R,E38000235,NHS Sussex ICB - 97R,328 717,288 674,15 018,25 025,November
Sub ICB Location,99A,E38000101,NHS Cheshire and Merseyside ICB - 99A,276 449,245 480,18 484,12 485,November
Sub ICB Location,99C,E38000127,NHS North East and North Cumbria ICB - 99C,115 106,103 693,5 032,6 381,November
Sub ICB Location,99E,E38000007,NHS Mid and South Essex ICB - 99E,146 395,133 086,3 724,9 585,November
Sub ICB Location,99F,E38000030,NHS Mid and South Essex ICB - 99F,84 654,76 600,2 441,5 613,November
Sub ICB Location,99G,E38000168,NHS Mid and South Essex ICB - 99G,81 185,73 365,3 472,4 348,November
Sub ICB Location,A3A8R,E38000255,NHS North East London ICB - A3A8R,1 052 683,922 870,73 460,56 353,November
Sub ICB Location,B2M3M,E38000251,NHS Coventry and Warwickshire ICB - B2M3M,496 939,450 460,24 935,21 544,November
Sub ICB Location,D2P2L,E38000259,NHS Black Country ICB - D2P2L,649 045,576 221,39 077,33 747,November
Sub ICB Location,D4U1Y,E38000252,NHS Frimley ICB - D4U1Y,412 011,370 971,22 626,18 414,November
Sub ICB Location,D9Y0V,E38000253,NHS Hampshire and Isle Of Wight ICB - D9Y0V,910 914,825 627,40 000,45 287,November
Sub ICB Location,M1J4Y,E38000249,"NHS Bedfordshire, Luton and Milton Keynes ICB - M1J4Y",514 164,456 669,24 349,33 146,November
Sub ICB Location,M2L0M,E38000257,"NHS Shropshire, Telford and Wrekin ICB - M2L0M",257 652,235 101,10 662,11 889,November
Sub ICB Location,W2U3Z,E38000256,NHS North West London ICB - W2U3Z,1 356 961,1 204 059,76 054,76 848,November
Sub ICB Location,X2C4Y,E38000254,NHS West Yorkshire ICB - X2C4Y,281 761,255 792,9 531,16 438,November
