Type,NHS_area_code,ONS_code,Name,Count_gp_appointments,Attended,Did_not_attend,Unknown,Month
National,ENG,ENG,England,24 149 972,21 841 287,1 086 108,1 222 577,April
Region,Y56,E40000003,London,3 499 992,3 138 326,202 529,159 137,April
Region,Y58,E40000006,South West,2 676 614,2 438 782,100 250,137 582,April
Region,Y59,E40000005,South East,3 705 597,3 378 778,162 114,164 705,April
Region,Y60,E40000011,Midlands,4 680 948,4 238 665,206 796,235 487,April
Region,Y61,E40000007,East of England,2 783 715,2 522 488,101 288,159 939,April
Region,Y62,E40000010,North West,2 853 559,2 555 643,157 884,140 032,April
Region,Y63,E40000012,North East and Yorkshire,3 949 547,3 568 605,155 247,225 695,April
ICB,QE1,E54000048,NHS Lancashire and South Cumbria Integrated Care Board,682 214,616 684,32 788,32 742,April
ICB,QF7,E54000061,NHS South Yorkshire Integrated Care Board,638 477,569 800,27 082,41 595,April
ICB,QGH,E54000019,NHS Herefordshire and Worcestershire Integrated Care Board,383 992,356 026,14 702,13 264,April
ICB,QH8,E54000026,NHS Mid and South Essex Integrated Care Board,455 709,413 221,14 064,28 424,April
ICB,QHG,E54000024,"NHS Bedfordshire, Luton and Milton Keynes Integrated Care Board",391 151,349 301,17 155,24 695,April
ICB,QHL,E54000055,NHS Birmingham and Solihull Integrated Care Board,600 129,531 802,37 981,30 346,April
ICB,QHM,E54000050,NHS North East and North Cumbria Integrated Care Board,1 371 771,1 237 241,59 836,74 694,April
ICB,QJ2,E54000058,NHS Derby and Derbyshire Integrated Care Board,471 753,428 111,15 952,27 690,April
ICB,QJG,E54000023,NHS Suffolk and North East Essex Integrated Care Board,435 516,401 417,13 539,20 560,April
ICB,QJK,E54000037,NHS Devon Integrated Care Board,624 193,568 360,22 862,32 971,April
ICB,QJM,E54000013,NHS Lincolnshire Integrated Care Board,366 055,335 070,12 100,18 885,April
ICB,QK1,E54000015,"NHS Leicester, Leicestershire and Rutland Integrated Care Board",521 148,468 952,20 126,32 070,April
ICB,QKK,E54000030,NHS South East London Integrated Care Board,604 347,543 531,35 685,25 131,April
ICB,QKS,E54000032,NHS Kent and Medway Integrated Care Board,767 260,691 761,35 616,39 883,April
ICB,QM7,E54000025,NHS Hertfordshire and West Essex Integrated Care Board,564 727,511 650,21 750,31 327,April
ICB,QMF,E54000029,NHS North East London Integrated Care Board,768 353,681 016,50 232,37 105,April
ICB,QMJ,E54000028,NHS North Central London Integrated Care Board,537 308,483 928,32 280,21 100,April
ICB,QMM,E54000022,NHS Norfolk and Waveney Integrated Care Board,509 078,460 463,19 415,29 200,April
ICB,QNC,E54000010,NHS Staffordshire and Stoke-on-Trent Integrated Care Board,423 026,382 609,19 047,21 370,April
ICB,QNQ,E54000034,NHS Frimley Integrated Care Board,310 980,280 680,19 197,11 103,April
ICB,QNX,E54000053,NHS Sussex Integrated Care Board,740 179,674 549,26 592,39 038,April
ICB,QOC,E54000011,"NHS Shropshire, Telford and Wrekin Integrated Care Board",207 626,191 664,8 608,7 354,April
ICB,QOP,E54000057,NHS Greater Manchester Integrated Care Board,1 122 848,995 713,69 721,57 414,April
ICB,QOQ,E54000051,NHS Humber and North Yorkshire Integrated Care Board,769 196,700 741,25 232,43 223,April
ICB,QOX,E54000040,"NHS Bath and North East Somerset, Swindon and Wiltshire Integrated Care Board",437 562,399 514,13 160,24 888,April
ICB,QPM,E54000059,NHS Northamptonshire Integrated Care Board,319 843,293 546,10 291,16 006,April
ICB,QR1,E54000043,NHS Gloucestershire Integrated Care Board,305 205,278 144,10 467,16 594,April
ICB,QRL,E54000042,NHS Hampshire and the Isle of Wight Integrated Care Board,765 355,698 079,33 981,33 295,April
ICB,QRV,E54000027,NHS North West London Integrated Care Board,1 023 552,916 267,53 136,54 149,April
ICB,QSL,E54000038,NHS Somerset Integrated Care Board,251 003,227 546,10 957,12 500,April
ICB,QT1,E54000060,NHS Nottingham and Nottinghamshire Integrated Care Board,513 098,462 334,21 076,29 688,April
ICB,QT6,E54000036,NHS Cornwall and the Isles of Scilly Integrated Care Board,299 747,271 503,11 422,16 822,April
ICB,QU9,E54000044,"NHS Buckinghamshire, Oxfordshire and Berkshire West Integrated Care Board",723 925,667 606,30 064,26 255,April
ICB,QUA,E54000062,NHS Black Country Integrated Care Board,489 551,435 385,29 660,24 506,April
ICB,QUE,E54000056,NHS Cambridgeshire and Peterborough Integrated Care Board,427 534,386 436,15 365,25 733,April
ICB,QUY,E54000039,"NHS Bristol, North Somerset and South Gloucestershire Integrated Care Board",397 003,362 249,19 842,14 912,April
ICB,QVV,E54000041,NHS Dorset Integrated Care Board,361 901,331 466,11 540,18 895,April
ICB,QWE,E54000031,NHS South West London Integrated Care Board,566 432,513 584,31 196,21 652,April
ICB,QWO,E54000054,NHS West Yorkshire Integrated Care Board,1 170 103,1 060 823,43 097,66 183,April
ICB,QWU,E54000018,NHS Coventry and Warwickshire Integrated Care Board,384 727,353 166,17 253,14 308,April
ICB,QXU,E54000052,NHS Surrey Heartlands Integrated Care Board,397 898,366 103,16 664,15 131,April
ICB,QYG,E54000008,NHS Cheshire and Merseyside Integrated Care Board,1 048 497,943 246,55 375,49 876,April
Sub ICB Location,00L,E38000130,NHS North East and North Cumbria ICB - 00L,156 835,143 783,5 667,7 385,April
Sub ICB Location,00N,E38000163,NHS North East and North Cumbria ICB - 00N,54 620,49 407,2 046,3 167,April
Sub ICB Location,00P,E38000176,NHS North East and North Cumbria ICB - 00P,107 480,97 185,5 275,5 020,April
Sub ICB Location,00Q,E38000014,NHS Lancashire and South Cumbria ICB - 00Q,58 257,52 109,3 260,2 888,April
Sub ICB Location,00R,E38000015,NHS Lancashire and South Cumbria ICB - 00R,76 613,69 366,4 271,2 976,April
Sub ICB Location,00T,E38000016,NHS Greater Manchester ICB - 00T,127 785,112 802,8 851,6 132,April
Sub ICB Location,00V,E38000024,NHS Greater Manchester ICB - 00V,68 473,61 743,3 641,3 089,April
Sub ICB Location,00X,E38000034,NHS Lancashire and South Cumbria ICB - 00X,68 184,62 291,2 938,2 955,April
Sub ICB Location,00Y,E38000135,NHS Greater Manchester ICB - 00Y,89 248,80 143,5 372,3 733,April
Sub ICB Location,01A,E38000050,NHS Lancashire and South Cumbria ICB - 01A,135 569,120 856,7 481,7 232,April
Sub ICB Location,01D,E38000080,NHS Greater Manchester ICB - 01D,78 346,70 554,4 560,3 232,April
Sub ICB Location,01E,E38000227,NHS Lancashire and South Cumbria ICB - 01E,79 155,70 372,4 104,4 679,April
Sub ICB Location,01F,E38000068,NHS Cheshire and Merseyside ICB - 01F,46 035,40 685,2 803,2 547,April
Sub ICB Location,01G,E38000143,NHS Greater Manchester ICB - 01G,116 961,101 689,7 693,7 579,April
Sub ICB Location,01H,E38000215,NHS North East and North Cumbria ICB - 01H,160 466,145 728,6 427,8 311,April
Sub ICB Location,01J,E38000091,NHS Cheshire and Merseyside ICB - 01J,63 765,56 663,4 256,2 846,April
Sub ICB Location,01K,E38000228,NHS Lancashire and South Cumbria ICB - 01K,136 409,126 118,5 657,4 634,April
Sub ICB Location,01T,E38000161,NHS Cheshire and Merseyside ICB - 01T,46 139,42 357,1 991,1 791,April
Sub ICB Location,01V,E38000170,NHS Cheshire and Merseyside ICB - 01V,51 355,47 650,1 544,2 161,April
Sub ICB Location,01W,E38000174,NHS Greater Manchester ICB - 01W,135 264,123 589,6 767,4 908,April
Sub ICB Location,01X,E38000172,NHS Cheshire and Merseyside ICB - 01X,69 555,60 909,3 686,4 960,April
Sub ICB Location,01Y,E38000263,NHS Greater Manchester ICB - 01Y,82 846,71 648,5 759,5 439,April
Sub ICB Location,02A,E38000187,NHS Greater Manchester ICB - 02A,72 140,63 988,4 251,3 901,April
Sub ICB Location,02E,E38000194,NHS Cheshire and Merseyside ICB - 02E,84 856,77 452,3 007,4 397,April
Sub ICB Location,02G,E38000200,NHS Lancashire and South Cumbria ICB - 02G,45 128,40 631,1 756,2 741,April
Sub ICB Location,02H,E38000205,NHS Greater Manchester ICB - 02H,115 792,102 414,6 659,6 719,April
Sub ICB Location,02M,E38000226,NHS Lancashire and South Cumbria ICB - 02M,82 899,74 941,3 321,4 637,April
Sub ICB Location,02P,E38000006,NHS South Yorkshire ICB - 02P,114 962,99 186,4 609,11 167,April
Sub ICB Location,02Q,E38000008,NHS Nottingham and Nottinghamshire ICB - 02Q,60 175,55 156,2 192,2 827,April
Sub ICB Location,02T,E38000025,NHS West Yorkshire ICB - 02T,96 356,87 987,3 476,4 893,April
Sub ICB Location,02X,E38000044,NHS South Yorkshire ICB - 02X,134 814,121 236,6 104,7 474,April
Sub ICB Location,02Y,E38000052,NHS Humber and North Yorkshire ICB - 02Y,123 999,114 651,3 965,5 383,April
Sub ICB Location,03F,E38000085,NHS Humber and North Yorkshire ICB - 03F,104 184,91 395,5 285,7 504,April
Sub ICB Location,03H,E38000119,NHS Humber and North Yorkshire ICB - 03H,93 025,83 863,2 735,6 427,April
Sub ICB Location,03K,E38000122,NHS Humber and North Yorkshire ICB - 03K,84 378,75 816,2 547,6 015,April
Sub ICB Location,03L,E38000141,NHS South Yorkshire ICB - 03L,130 144,116 932,5 710,7 502,April
Sub ICB Location,03N,E38000146,NHS South Yorkshire ICB - 03N,258 557,232 446,10 659,15 452,April
Sub ICB Location,03Q,E38000188,NHS Humber and North Yorkshire ICB - 03Q,146 991,136 176,4 326,6 489,April
Sub ICB Location,03R,E38000190,NHS West Yorkshire ICB - 03R,180 099,164 607,6 221,9 271,April
Sub ICB Location,03W,E38000051,"NHS Leicester, Leicestershire and Rutland ICB - 03W",163 405,148 729,5 554,9 122,April
Sub ICB Location,04C,E38000097,"NHS Leicester, Leicestershire and Rutland ICB - 04C",176 607,156 076,8 187,12 344,April
Sub ICB Location,04V,E38000201,"NHS Leicester, Leicestershire and Rutland ICB - 04V",181 136,164 147,6 385,10 604,April
Sub ICB Location,04Y,E38000028,NHS Staffordshire and Stoke-on-Trent ICB - 04Y,53 022,48 055,2 328,2 639,April
Sub ICB Location,05D,E38000053,NHS Staffordshire and Stoke-on-Trent ICB - 05D,57 470,51 020,2 371,4 079,April
Sub ICB Location,05G,E38000126,NHS Staffordshire and Stoke-on-Trent ICB - 05G,80 448,73 499,2 924,4 025,April
Sub ICB Location,05Q,E38000153,NHS Staffordshire and Stoke-on-Trent ICB - 05Q,80 813,74 953,3 628,2 232,April
Sub ICB Location,05V,E38000173,NHS Staffordshire and Stoke-on-Trent ICB - 05V,57 677,52 662,2 586,2 429,April
Sub ICB Location,05W,E38000175,NHS Staffordshire and Stoke-on-Trent ICB - 05W,93 596,82 420,5 210,5 966,April
Sub ICB Location,06H,E38000260,NHS Cambridgeshire and Peterborough ICB - 06H,427 534,386 436,15 365,25 733,April
Sub ICB Location,06K,E38000049,NHS Hertfordshire and West Essex ICB - 06K,224 122,201 952,7 050,15 120,April
Sub ICB Location,06L,E38000086,NHS Suffolk and North East Essex ICB - 06L,168 059,154 622,4 559,8 878,April
Sub ICB Location,06N,E38000079,NHS Hertfordshire and West Essex ICB - 06N,223 199,202 178,9 318,11 703,April
Sub ICB Location,06Q,E38000106,NHS Mid and South Essex ICB - 06Q,145 964,133 440,4 082,8 442,April
Sub ICB Location,06T,E38000117,NHS Suffolk and North East Essex ICB - 06T,151 646,138 636,5 871,7 139,April
Sub ICB Location,07G,E38000185,NHS Mid and South Essex ICB - 07G,72 068,64 451,2 134,5 483,April
Sub ICB Location,07H,E38000197,NHS Hertfordshire and West Essex ICB - 07H,117 406,107 520,5 382,4 504,April
Sub ICB Location,07K,E38000204,NHS Suffolk and North East Essex ICB - 07K,115 811,108 159,3 109,4 543,April
Sub ICB Location,09D,E38000021,NHS Sussex ICB - 09D,117 441,105 021,4 752,7 668,April
Sub ICB Location,10Q,E38000136,"NHS Buckinghamshire, Oxfordshire and Berkshire West ICB - 10Q",314 621,289 398,13 601,11 622,April
Sub ICB Location,10R,E38000137,NHS Hampshire and Isle Of Wight ICB - 10R,75 668,69 231,3 114,3 323,April
Sub ICB Location,11J,E38000045,NHS Dorset ICB - 11J,361 901,331 466,11 540,18 895,April
Sub ICB Location,11M,E38000062,NHS Gloucestershire ICB - 11M,305 205,278 144,10 467,16 594,April
Sub ICB Location,11N,E38000089,NHS Cornwall and The Isles Of Scilly ICB - 11N,299 747,271 503,11 422,16 822,April
Sub ICB Location,11X,E38000150,NHS Somerset ICB - 11X,251 003,227 546,10 957,12 500,April
Sub ICB Location,12F,E38000208,NHS Cheshire and Merseyside ICB - 12F,170 567,153 609,9 377,7 581,April
Sub ICB Location,13T,E38000212,NHS North East and North Cumbria ICB - 13T,211 127,190 029,11 462,9 636,April
Sub ICB Location,14L,E38000217,NHS Greater Manchester ICB - 14L,235 993,207 143,16 168,12 682,April
Sub ICB Location,14Y,E38000223,"NHS Buckinghamshire, Oxfordshire and Berkshire West ICB - 14Y",203 976,189 533,7 977,6 466,April
Sub ICB Location,15A,E38000221,"NHS Buckinghamshire, Oxfordshire and Berkshire West ICB - 15A",205 328,188 675,8 486,8 167,April
Sub ICB Location,15C,E38000222,"NHS Bristol, North Somerset and South Gloucestershire ICB - 15C",397 003,362 249,19 842,14 912,April
Sub ICB Location,15E,E38000258,NHS Birmingham and Solihull ICB - 15E,600 129,531 802,37 981,30 346,April
Sub ICB Location,15F,E38000225,NHS West Yorkshire ICB - 15F,353 123,319 748,15 087,18 288,April
Sub ICB Location,15M,E38000261,NHS Derby and Derbyshire ICB - 15M,471 753,428 111,15 952,27 690,April
Sub ICB Location,15N,E38000230,NHS Devon ICB - 15N,624 193,568 360,22 862,32 971,April
Sub ICB Location,16C,E38000247,NHS North East and North Cumbria ICB - 16C,297 529,265 265,14 453,17 811,April
Sub ICB Location,18C,E38000236,NHS Herefordshire and Worcestershire ICB - 18C,383 992,356 026,14 702,13 264,April
Sub ICB Location,26A,E38000239,NHS Norfolk and Waveney ICB - 26A,509 078,460 463,19 415,29 200,April
Sub ICB Location,27D,E38000233,NHS Cheshire and Merseyside ICB - 27D,305 691,275 568,15 369,14 754,April
Sub ICB Location,36J,E38000232,NHS West Yorkshire ICB - 36J,327 695,294 801,10 876,22 018,April
Sub ICB Location,36L,E38000245,NHS South West London ICB - 36L,566 432,513 584,31 196,21 652,April
Sub ICB Location,42D,E38000241,NHS Humber and North Yorkshire ICB - 42D,216 619,198 840,6 374,11 405,April
Sub ICB Location,52R,E38000243,NHS Nottingham and Nottinghamshire ICB - 52R,452 923,407 178,18 884,26 861,April
Sub ICB Location,70F,E38000248,NHS Sussex ICB - 70F,378 674,347 951,11 665,19 058,April
Sub ICB Location,71E,E38000238,NHS Lincolnshire ICB - 71E,366 055,335 070,12 100,18 885,April
Sub ICB Location,72Q,E38000244,NHS South East London ICB - 72Q,604 347,543 531,35 685,25 131,April
Sub ICB Location,78H,E38000262,NHS Northamptonshire ICB - 78H,319 843,293 546,10 291,16 006,April
Sub ICB Location,84H,E38000234,NHS North East and North Cumbria ICB - 84H,296 023,266 425,10 535,19 063,April
Sub ICB Location,91Q,E38000237,NHS Kent and Medway ICB - 91Q,767 260,691 761,35 616,39 883,April
Sub ICB Location,92A,E38000246,NHS Surrey Heartlands ICB - 92A,397 898,366 103,16 664,15 131,April
Sub ICB Location,92G,E38000231,"NHS Bath and North East Somerset, Swindon and Wiltshire ICB - 92G",437 562,399 514,13 160,24 888,April
Sub ICB Location,93C,E38000240,NHS North Central London ICB - 93C,537 308,483 928,32 280,21 100,April
Sub ICB Location,97R,E38000235,NHS Sussex ICB - 97R,244 064,221 577,10 175,12 312,April
Sub ICB Location,99A,E38000101,NHS Cheshire and Merseyside ICB - 99A,210 534,188 353,13 342,8 839,April
Sub ICB Location,99C,E38000127,NHS North East and North Cumbria ICB - 99C,87 691,79 419,3 971,4 301,April
Sub ICB Location,99E,E38000007,NHS Mid and South Essex ICB - 99E,106 632,96 882,2 684,7 066,April
Sub ICB Location,99F,E38000030,NHS Mid and South Essex ICB - 99F,68 247,61 544,2 638,4 065,April
Sub ICB Location,99G,E38000168,NHS Mid and South Essex ICB - 99G,62 798,56 904,2 526,3 368,April
Sub ICB Location,A3A8R,E38000255,NHS North East London ICB - A3A8R,768 353,681 016,50 232,37 105,April
Sub ICB Location,B2M3M,E38000251,NHS Coventry and Warwickshire ICB - B2M3M,384 727,353 166,17 253,14 308,April
Sub ICB Location,D2P2L,E38000259,NHS Black Country ICB - D2P2L,489 551,435 385,29 660,24 506,April
Sub ICB Location,D4U1Y,E38000252,NHS Frimley ICB - D4U1Y,310 980,280 680,19 197,11 103,April
Sub ICB Location,D9Y0V,E38000253,NHS Hampshire and Isle Of Wight ICB - D9Y0V,689 687,628 848,30 867,29 972,April
Sub ICB Location,M1J4Y,E38000249,"NHS Bedfordshire, Luton and Milton Keynes ICB - M1J4Y",391 151,349 301,17 155,24 695,April
Sub ICB Location,M2L0M,E38000257,"NHS Shropshire, Telford and Wrekin ICB - M2L0M",207 626,191 664,8 608,7 354,April
Sub ICB Location,W2U3Z,E38000256,NHS North West London ICB - W2U3Z,1 023 552,916 267,53 136,54 149,April
Sub ICB Location,X2C4Y,E38000254,NHS West Yorkshire ICB - X2C4Y,212 830,193 680,7 437,11 713,April
