Type,NHS_area_code,ONS_code,Name,Count_gp_appointments,Attended,Did_not_attend,Unknown,Month
National,ENG,ENG,England,31 418 946,28 502 175,1 449 001,1 467 770,March
Region,Y56,E40000003,London,4 603 470,4 119 738,282 833,200 899,March
Region,Y58,E40000006,South West,3 423 472,3 141 464,125 130,156 878,March
Region,Y59,E40000005,South East,4 814 589,4 399 204,210 008,205 377,March
Region,Y60,E40000011,Midlands,6 094 678,5 539 259,277 522,277 897,March
Region,Y61,E40000007,East of England,3 611 499,3 298 385,130 382,182 732,March
Region,Y62,E40000010,North West,3 777 295,3 377 547,218 209,181 539,March
Region,Y63,E40000012,North East and Yorkshire,5 093 943,4 626 578,204 917,262 448,March
ICB,QE1,E54000048,NHS Lancashire and South Cumbria Integrated Care Board,915 524,827 896,45 599,42 029,March
ICB,QF7,E54000061,NHS South Yorkshire Integrated Care Board,818 266,734 097,35 771,48 398,March
ICB,QGH,E54000019,NHS Herefordshire and Worcestershire Integrated Care Board,502 070,465 906,19 451,16 713,March
ICB,QH8,E54000026,NHS Mid and South Essex Integrated Care Board,587 830,538 112,17 488,32 230,March
ICB,QHG,E54000024,"NHS Bedfordshire, Luton and Milton Keynes Integrated Care Board",508 718,459 808,22 365,26 545,March
ICB,QHL,E54000055,NHS Birmingham and Solihull Integrated Care Board,794 260,704 315,53 036,36 909,March
ICB,QHM,E54000050,NHS North East and North Cumbria Integrated Care Board,1 772 087,1 605 669,78 688,87 730,March
ICB,QJ2,E54000058,NHS Derby and Derbyshire Integrated Care Board,614 968,562 022,21 016,31 930,March
ICB,QJG,E54000023,NHS Suffolk and North East Essex Integrated Care Board,565 182,523 086,18 578,23 518,March
ICB,QJK,E54000037,NHS Devon Integrated Care Board,816 361,748 569,28 740,39 052,March
ICB,QJM,E54000013,NHS Lincolnshire Integrated Care Board,466 555,430 792,15 189,20 574,March
ICB,QK1,E54000015,"NHS Leicester, Leicestershire and Rutland Integrated Care Board",666 861,606 698,26 098,34 065,March
ICB,QKK,E54000030,NHS South East London Integrated Care Board,780 785,697 973,50 701,32 111,March
ICB,QKS,E54000032,NHS Kent and Medway Integrated Care Board,985 803,888 251,46 235,51 317,March
ICB,QM7,E54000025,NHS Hertfordshire and West Essex Integrated Care Board,740 878,677 290,27 028,36 560,March
ICB,QMF,E54000029,NHS North East London Integrated Care Board,1 023 280,903 540,70 882,48 858,March
ICB,QMJ,E54000028,NHS North Central London Integrated Care Board,706 475,635 098,44 804,26 573,March
ICB,QMM,E54000022,NHS Norfolk and Waveney Integrated Care Board,654 656,595 724,24 743,34 189,March
ICB,QNC,E54000010,NHS Staffordshire and Stoke-on-Trent Integrated Care Board,557 712,505 310,25 926,26 476,March
ICB,QNQ,E54000034,NHS Frimley Integrated Care Board,408 356,373 577,22 147,12 632,March
ICB,QNX,E54000053,NHS Sussex Integrated Care Board,972 784,890 917,35 279,46 588,March
ICB,QOC,E54000011,"NHS Shropshire, Telford and Wrekin Integrated Care Board",265 824,243 606,11 147,11 071,March
ICB,QOP,E54000057,NHS Greater Manchester Integrated Care Board,1 498 211,1 326 167,97 128,74 916,March
ICB,QOQ,E54000051,NHS Humber and North Yorkshire Integrated Care Board,987 952,904 016,33 137,50 799,March
ICB,QOX,E54000040,"NHS Bath and North East Somerset, Swindon and Wiltshire Integrated Care Board",565 295,522 560,16 772,25 963,March
ICB,QPM,E54000059,NHS Northamptonshire Integrated Care Board,417 902,386 360,13 366,18 176,March
ICB,QR1,E54000043,NHS Gloucestershire Integrated Care Board,395 686,363 440,13 556,18 690,March
ICB,QRL,E54000042,NHS Hampshire and the Isle of Wight Integrated Care Board,990 958,906 346,44 810,39 802,March
ICB,QRV,E54000027,NHS North West London Integrated Care Board,1 340 368,1 201 262,72 441,66 665,March
ICB,QSL,E54000038,NHS Somerset Integrated Care Board,281 958,255 013,12 492,14 453,March
ICB,QT1,E54000060,NHS Nottingham and Nottinghamshire Integrated Care Board,663 959,603 459,27 534,32 966,March
ICB,QT6,E54000036,NHS Cornwall and the Isles of Scilly Integrated Care Board,387 612,352 888,14 317,20 407,March
ICB,QU9,E54000044,"NHS Buckinghamshire, Oxfordshire and Berkshire West Integrated Care Board",938 474,865 814,38 319,34 341,March
ICB,QUA,E54000062,NHS Black Country Integrated Care Board,646 719,574 968,41 248,30 503,March
ICB,QUE,E54000056,NHS Cambridgeshire and Peterborough Integrated Care Board,554 235,504 365,20 180,29 690,March
ICB,QUY,E54000039,"NHS Bristol, North Somerset and South Gloucestershire Integrated Care Board",512 723,469 880,24 442,18 401,March
ICB,QVV,E54000041,NHS Dorset Integrated Care Board,463 837,429 114,14 811,19 912,March
ICB,QWE,E54000031,NHS South West London Integrated Care Board,752 562,681 865,44 005,26 692,March
ICB,QWO,E54000054,NHS West Yorkshire Integrated Care Board,1 515 638,1 382 796,57 321,75 521,March
ICB,QWU,E54000018,NHS Coventry and Warwickshire Integrated Care Board,497 848,455 823,23 511,18 514,March
ICB,QXU,E54000052,NHS Surrey Heartlands Integrated Care Board,518 214,474 299,23 218,20 697,March
ICB,QYG,E54000008,NHS Cheshire and Merseyside Integrated Care Board,1 363 560,1 223 484,75 482,64 594,March
Sub ICB Location,00L,E38000130,NHS North East and North Cumbria ICB - 00L,197 333,182 110,7 076,8 147,March
Sub ICB Location,00N,E38000163,NHS North East and North Cumbria ICB - 00N,75 583,67 878,3 492,4 213,March
Sub ICB Location,00P,E38000176,NHS North East and North Cumbria ICB - 00P,139 046,125 449,7 244,6 353,March
Sub ICB Location,00Q,E38000014,NHS Lancashire and South Cumbria ICB - 00Q,81 631,72 525,4 816,4 290,March
Sub ICB Location,00R,E38000015,NHS Lancashire and South Cumbria ICB - 00R,99 891,91 016,5 708,3 167,March
Sub ICB Location,00T,E38000016,NHS Greater Manchester ICB - 00T,171 561,151 502,12 231,7 828,March
Sub ICB Location,00V,E38000024,NHS Greater Manchester ICB - 00V,90 092,80 830,4 939,4 323,March
Sub ICB Location,00X,E38000034,NHS Lancashire and South Cumbria ICB - 00X,89 600,81 017,4 062,4 521,March
Sub ICB Location,00Y,E38000135,NHS Greater Manchester ICB - 00Y,119 579,107 130,7 581,4 868,March
Sub ICB Location,01A,E38000050,NHS Lancashire and South Cumbria ICB - 01A,179 951,160 027,10 429,9 495,March
Sub ICB Location,01D,E38000080,NHS Greater Manchester ICB - 01D,108 227,97 121,7 365,3 741,March
Sub ICB Location,01E,E38000227,NHS Lancashire and South Cumbria ICB - 01E,111 081,99 140,5 956,5 985,March
Sub ICB Location,01F,E38000068,NHS Cheshire and Merseyside ICB - 01F,64 126,57 023,3 841,3 262,March
Sub ICB Location,01G,E38000143,NHS Greater Manchester ICB - 01G,155 688,135 275,10 592,9 821,March
Sub ICB Location,01H,E38000215,NHS North East and North Cumbria ICB - 01H,208 257,189 184,8 169,10 904,March
Sub ICB Location,01J,E38000091,NHS Cheshire and Merseyside ICB - 01J,82 606,73 230,5 535,3 841,March
Sub ICB Location,01K,E38000228,NHS Lancashire and South Cumbria ICB - 01K,184 733,170 577,8 019,6 137,March
Sub ICB Location,01T,E38000161,NHS Cheshire and Merseyside ICB - 01T,57 786,52 996,2 760,2 030,March
Sub ICB Location,01V,E38000170,NHS Cheshire and Merseyside ICB - 01V,67 756,62 067,2 387,3 302,March
Sub ICB Location,01W,E38000174,NHS Greater Manchester ICB - 01W,174 295,159 077,8 419,6 799,March
Sub ICB Location,01X,E38000172,NHS Cheshire and Merseyside ICB - 01X,93 974,82 386,5 436,6 152,March
Sub ICB Location,01Y,E38000263,NHS Greater Manchester ICB - 01Y,112 562,97 797,7 836,6 929,March
Sub ICB Location,02A,E38000187,NHS Greater Manchester ICB - 02A,98 122,87 752,5 740,4 630,March
Sub ICB Location,02E,E38000194,NHS Cheshire and Merseyside ICB - 02E,112 111,102 215,4 203,5 693,March
Sub ICB Location,02G,E38000200,NHS Lancashire and South Cumbria ICB - 02G,59 527,53 980,2 375,3 172,March
Sub ICB Location,02H,E38000205,NHS Greater Manchester ICB - 02H,152 823,135 445,9 391,7 987,March
Sub ICB Location,02M,E38000226,NHS Lancashire and South Cumbria ICB - 02M,109 110,99 614,4 234,5 262,March
Sub ICB Location,02P,E38000006,NHS South Yorkshire ICB - 02P,138 932,122 063,5 885,10 984,March
Sub ICB Location,02Q,E38000008,NHS Nottingham and Nottinghamshire ICB - 02Q,75 263,69 516,2 779,2 968,March
Sub ICB Location,02T,E38000025,NHS West Yorkshire ICB - 02T,123 715,114 624,4 366,4 725,March
Sub ICB Location,02X,E38000044,NHS South Yorkshire ICB - 02X,178 317,160 814,8 132,9 371,March
Sub ICB Location,02Y,E38000052,NHS Humber and North Yorkshire ICB - 02Y,157 488,146 373,5 104,6 011,March
Sub ICB Location,03F,E38000085,NHS Humber and North Yorkshire ICB - 03F,139 838,124 202,7 298,8 338,March
Sub ICB Location,03H,E38000119,NHS Humber and North Yorkshire ICB - 03H,120 279,109 327,3 663,7 289,March
Sub ICB Location,03K,E38000122,NHS Humber and North Yorkshire ICB - 03K,108 638,98 398,3 341,6 899,March
Sub ICB Location,03L,E38000141,NHS South Yorkshire ICB - 03L,170 844,153 455,7 253,10 136,March
Sub ICB Location,03N,E38000146,NHS South Yorkshire ICB - 03N,330 173,297 765,14 501,17 907,March
Sub ICB Location,03Q,E38000188,NHS Humber and North Yorkshire ICB - 03Q,189 255,174 169,5 868,9 218,March
Sub ICB Location,03R,E38000190,NHS West Yorkshire ICB - 03R,238 172,217 584,8 467,12 121,March
Sub ICB Location,03W,E38000051,"NHS Leicester, Leicestershire and Rutland ICB - 03W",208 200,191 585,7 509,9 106,March
Sub ICB Location,04C,E38000097,"NHS Leicester, Leicestershire and Rutland ICB - 04C",231 867,206 760,10 638,14 469,March
Sub ICB Location,04V,E38000201,"NHS Leicester, Leicestershire and Rutland ICB - 04V",226 794,208 353,7 951,10 490,March
Sub ICB Location,04Y,E38000028,NHS Staffordshire and Stoke-on-Trent ICB - 04Y,68 819,62 497,3 135,3 187,March
Sub ICB Location,05D,E38000053,NHS Staffordshire and Stoke-on-Trent ICB - 05D,74 853,66 966,3 161,4 726,March
Sub ICB Location,05G,E38000126,NHS Staffordshire and Stoke-on-Trent ICB - 05G,103 615,95 569,4 023,4 023,March
Sub ICB Location,05Q,E38000153,NHS Staffordshire and Stoke-on-Trent ICB - 05Q,110 964,101 736,4 684,4 544,March
Sub ICB Location,05V,E38000173,NHS Staffordshire and Stoke-on-Trent ICB - 05V,75 924,69 402,3 421,3 101,March
Sub ICB Location,05W,E38000175,NHS Staffordshire and Stoke-on-Trent ICB - 05W,123 537,109 140,7 502,6 895,March
Sub ICB Location,06H,E38000260,NHS Cambridgeshire and Peterborough ICB - 06H,554 235,504 365,20 180,29 690,March
Sub ICB Location,06K,E38000049,NHS Hertfordshire and West Essex ICB - 06K,285 772,259 829,9 135,16 808,March
Sub ICB Location,06L,E38000086,NHS Suffolk and North East Essex ICB - 06L,213 554,197 623,5 744,10 187,March
Sub ICB Location,06N,E38000079,NHS Hertfordshire and West Essex ICB - 06N,302 134,274 961,12 796,14 377,March
Sub ICB Location,06Q,E38000106,NHS Mid and South Essex ICB - 06Q,190 750,176 364,5 361,9 025,March
Sub ICB Location,06T,E38000117,NHS Suffolk and North East Essex ICB - 06T,201 942,184 726,8 789,8 427,March
Sub ICB Location,07G,E38000185,NHS Mid and South Essex ICB - 07G,87 811,79 006,2 693,6 112,March
Sub ICB Location,07H,E38000197,NHS Hertfordshire and West Essex ICB - 07H,152 972,142 500,5 097,5 375,March
Sub ICB Location,07K,E38000204,NHS Suffolk and North East Essex ICB - 07K,149 686,140 737,4 045,4 904,March
Sub ICB Location,09D,E38000021,NHS Sussex ICB - 09D,152 893,137 356,6 583,8 954,March
Sub ICB Location,10Q,E38000136,"NHS Buckinghamshire, Oxfordshire and Berkshire West ICB - 10Q",403 538,371 356,16 345,15 837,March
Sub ICB Location,10R,E38000137,NHS Hampshire and Isle Of Wight ICB - 10R,101 736,93 931,4 123,3 682,March
Sub ICB Location,11J,E38000045,NHS Dorset ICB - 11J,463 837,429 114,14 811,19 912,March
Sub ICB Location,11M,E38000062,NHS Gloucestershire ICB - 11M,395 686,363 440,13 556,18 690,March
Sub ICB Location,11N,E38000089,NHS Cornwall and The Isles Of Scilly ICB - 11N,387 612,352 888,14 317,20 407,March
Sub ICB Location,11X,E38000150,NHS Somerset ICB - 11X,281 958,255 013,12 492,14 453,March
Sub ICB Location,12F,E38000208,NHS Cheshire and Merseyside ICB - 12F,216 622,194 852,12 240,9 530,March
Sub ICB Location,13T,E38000212,NHS North East and North Cumbria ICB - 13T,270 345,243 363,14 430,12 552,March
Sub ICB Location,14L,E38000217,NHS Greater Manchester ICB - 14L,315 262,274 238,23 034,17 990,March
Sub ICB Location,14Y,E38000223,"NHS Buckinghamshire, Oxfordshire and Berkshire West ICB - 14Y",273 394,253 634,11 113,8 647,March
Sub ICB Location,15A,E38000221,"NHS Buckinghamshire, Oxfordshire and Berkshire West ICB - 15A",261 542,240 824,10 861,9 857,March
Sub ICB Location,15C,E38000222,"NHS Bristol, North Somerset and South Gloucestershire ICB - 15C",512 723,469 880,24 442,18 401,March
Sub ICB Location,15E,E38000258,NHS Birmingham and Solihull ICB - 15E,794 260,704 315,53 036,36 909,March
Sub ICB Location,15F,E38000225,NHS West Yorkshire ICB - 15F,456 566,415 882,20 118,20 566,March
Sub ICB Location,15M,E38000261,NHS Derby and Derbyshire ICB - 15M,614 968,562 022,21 016,31 930,March
Sub ICB Location,15N,E38000230,NHS Devon ICB - 15N,816 361,748 569,28 740,39 052,March
Sub ICB Location,16C,E38000247,NHS North East and North Cumbria ICB - 16C,393 439,354 599,19 162,19 678,March
Sub ICB Location,18C,E38000236,NHS Herefordshire and Worcestershire ICB - 18C,502 070,465 906,19 451,16 713,March
Sub ICB Location,26A,E38000239,NHS Norfolk and Waveney ICB - 26A,654 656,595 724,24 743,34 189,March
Sub ICB Location,27D,E38000233,NHS Cheshire and Merseyside ICB - 27D,390 131,351 421,20 853,17 857,March
Sub ICB Location,36J,E38000232,NHS West Yorkshire ICB - 36J,423 540,384 616,14 454,24 470,March
Sub ICB Location,36L,E38000245,NHS South West London ICB - 36L,752 562,681 865,44 005,26 692,March
Sub ICB Location,42D,E38000241,NHS Humber and North Yorkshire ICB - 42D,272 454,251 547,7 863,13 044,March
Sub ICB Location,52R,E38000243,NHS Nottingham and Nottinghamshire ICB - 52R,588 696,533 943,24 755,29 998,March
Sub ICB Location,70F,E38000248,NHS Sussex ICB - 70F,493 890,456 397,14 965,22 528,March
Sub ICB Location,71E,E38000238,NHS Lincolnshire ICB - 71E,466 555,430 792,15 189,20 574,March
Sub ICB Location,72Q,E38000244,NHS South East London ICB - 72Q,780 785,697 973,50 701,32 111,March
Sub ICB Location,78H,E38000262,NHS Northamptonshire ICB - 78H,417 902,386 360,13 366,18 176,March
Sub ICB Location,84H,E38000234,NHS North East and North Cumbria ICB - 84H,373 915,339 357,13 729,20 829,March
Sub ICB Location,91Q,E38000237,NHS Kent and Medway ICB - 91Q,985 803,888 251,46 235,51 317,March
Sub ICB Location,92A,E38000246,NHS Surrey Heartlands ICB - 92A,518 214,474 299,23 218,20 697,March
Sub ICB Location,92G,E38000231,"NHS Bath and North East Somerset, Swindon and Wiltshire ICB - 92G",565 295,522 560,16 772,25 963,March
Sub ICB Location,93C,E38000240,NHS North Central London ICB - 93C,706 475,635 098,44 804,26 573,March
Sub ICB Location,97R,E38000235,NHS Sussex ICB - 97R,326 001,297 164,13 731,15 106,March
Sub ICB Location,99A,E38000101,NHS Cheshire and Merseyside ICB - 99A,278 448,247 294,18 227,12 927,March
Sub ICB Location,99C,E38000127,NHS North East and North Cumbria ICB - 99C,114 169,103 729,5 386,5 054,March
Sub ICB Location,99E,E38000007,NHS Mid and South Essex ICB - 99E,141 620,129 208,3 664,8 748,March
Sub ICB Location,99F,E38000030,NHS Mid and South Essex ICB - 99F,86 305,79 560,2 435,4 310,March
Sub ICB Location,99G,E38000168,NHS Mid and South Essex ICB - 99G,81 344,73 974,3 335,4 035,March
Sub ICB Location,A3A8R,E38000255,NHS North East London ICB - A3A8R,1 023 280,903 540,70 882,48 858,March
Sub ICB Location,B2M3M,E38000251,NHS Coventry and Warwickshire ICB - B2M3M,497 848,455 823,23 511,18 514,March
Sub ICB Location,D2P2L,E38000259,NHS Black Country ICB - D2P2L,646 719,574 968,41 248,30 503,March
Sub ICB Location,D4U1Y,E38000252,NHS Frimley ICB - D4U1Y,408 356,373 577,22 147,12 632,March
Sub ICB Location,D9Y0V,E38000253,NHS Hampshire and Isle Of Wight ICB - D9Y0V,889 222,812 415,40 687,36 120,March
Sub ICB Location,M1J4Y,E38000249,"NHS Bedfordshire, Luton and Milton Keynes ICB - M1J4Y",508 718,459 808,22 365,26 545,March
Sub ICB Location,M2L0M,E38000257,"NHS Shropshire, Telford and Wrekin ICB - M2L0M",265 824,243 606,11 147,11 071,March
Sub ICB Location,W2U3Z,E38000256,NHS North West London ICB - W2U3Z,1 340 368,1 201 262,72 441,66 665,March
Sub ICB Location,X2C4Y,E38000254,NHS West Yorkshire ICB - X2C4Y,273 645,250 090,9 916,13 639,March
