Type,NHS_area_code,ONS_code,Name,Count_gp_appointments,Attended,Did_not_attend,Unknown,Month
National,ENG,ENG,England,27 257 347,24 978 733,1 227 888,1 050 726,February
Region,Y56,E40000003,London,3 990 553,3 586 472,241 626,162 455,February
Region,Y58,E40000006,South West,2 983 051,2 770 618,105 112,107 321,February
Region,Y59,E40000005,South East,4 196 347,3 850 757,178 579,167 011,February
Region,Y60,E40000011,Midlands,5 317 008,4 888 220,236 162,192 626,February
Region,Y61,E40000007,East of England,3 096 607,2 875 141,111 410,110 056,February
Region,Y62,E40000010,North West,3 295 128,2 961 755,182 126,151 247,February
Region,Y63,E40000012,North East and Yorkshire,4 378 653,4 045 770,172 873,160 010,February
ICB,QE1,E54000048,NHS Lancashire and South Cumbria Integrated Care Board,792 709,719 006,38 204,35 499,February
ICB,QF7,E54000061,NHS South Yorkshire Integrated Care Board,708 062,648 550,29 298,30 214,February
ICB,QGH,E54000019,NHS Herefordshire and Worcestershire Integrated Care Board,441 168,409 603,17 082,14 483,February
ICB,QH8,E54000026,NHS Mid and South Essex Integrated Care Board,498 148,463 692,15 228,19 228,February
ICB,QHG,E54000024,"NHS Bedfordshire, Luton and Milton Keynes Integrated Care Board",434 629,401 754,18 686,14 189,February
ICB,QHL,E54000055,NHS Birmingham and Solihull Integrated Care Board,699 690,628 017,44 446,27 227,February
ICB,QHM,E54000050,NHS North East and North Cumbria Integrated Care Board,1 526 881,1 401 945,66 971,57 965,February
ICB,QJ2,E54000058,NHS Derby and Derbyshire Integrated Care Board,536 546,498 466,17 973,20 107,February
ICB,QJG,E54000023,NHS Suffolk and North East Essex Integrated Care Board,482 729,451 144,15 886,15 699,February
ICB,QJK,E54000037,NHS Devon Integrated Care Board,701 281,651 559,24 405,25 317,February
ICB,QJM,E54000013,NHS Lincolnshire Integrated Care Board,400 891,376 261,12 905,11 725,February
ICB,QK1,E54000015,"NHS Leicester, Leicestershire and Rutland Integrated Care Board",570 033,529 683,21 723,18 627,February
ICB,QKK,E54000030,NHS South East London Integrated Care Board,694 631,620 609,43 968,30 054,February
ICB,QKS,E54000032,NHS Kent and Medway Integrated Care Board,865 149,780 698,39 467,44 984,February
ICB,QM7,E54000025,NHS Hertfordshire and West Essex Integrated Care Board,645 225,596 950,23 764,24 511,February
ICB,QMF,E54000029,NHS North East London Integrated Care Board,884 447,783 711,60 920,39 816,February
ICB,QMJ,E54000028,NHS North Central London Integrated Care Board,620 268,557 811,38 594,23 863,February
ICB,QMM,E54000022,NHS Norfolk and Waveney Integrated Care Board,558 867,519 046,21 147,18 674,February
ICB,QNC,E54000010,NHS Staffordshire and Stoke-on-Trent Integrated Care Board,485 869,441 494,22 158,22 217,February
ICB,QNQ,E54000034,NHS Frimley Integrated Care Board,352 318,321 437,19 952,10 929,February
ICB,QNX,E54000053,NHS Sussex Integrated Care Board,837 422,776 096,29 335,31 991,February
ICB,QOC,E54000011,"NHS Shropshire, Telford and Wrekin Integrated Care Board",237 721,219 178,9 498,9 045,February
ICB,QOP,E54000057,NHS Greater Manchester Integrated Care Board,1 298 174,1 156 036,79 900,62 238,February
ICB,QOQ,E54000051,NHS Humber and North Yorkshire Integrated Care Board,846 391,788 813,28 504,29 074,February
ICB,QOX,E54000040,"NHS Bath and North East Somerset, Swindon and Wiltshire Integrated Care Board",479 752,451 870,14 063,13 819,February
ICB,QPM,E54000059,NHS Northamptonshire Integrated Care Board,360 697,338 797,11 383,10 517,February
ICB,QR1,E54000043,NHS Gloucestershire Integrated Care Board,339 045,316 185,11 169,11 691,February
ICB,QRL,E54000042,NHS Hampshire and the Isle of Wight Integrated Care Board,862 765,794 502,37 966,30 297,February
ICB,QRV,E54000027,NHS North West London Integrated Care Board,1 140 000,1 034 600,60 719,44 681,February
ICB,QSL,E54000038,NHS Somerset Integrated Care Board,285 500,260 473,11 147,13 880,February
ICB,QT1,E54000060,NHS Nottingham and Nottinghamshire Integrated Care Board,573 605,532 159,22 806,18 640,February
ICB,QT6,E54000036,NHS Cornwall and the Isles of Scilly Integrated Care Board,332 112,305 894,11 767,14 451,February
ICB,QU9,E54000044,"NHS Buckinghamshire, Oxfordshire and Berkshire West Integrated Care Board",823 465,761 047,32 814,29 604,February
ICB,QUA,E54000062,NHS Black Country Integrated Care Board,567 561,508 773,35 376,23 412,February
ICB,QUE,E54000056,NHS Cambridgeshire and Peterborough Integrated Care Board,477 009,442 555,16 699,17 755,February
ICB,QUY,E54000039,"NHS Bristol, North Somerset and South Gloucestershire Integrated Care Board",454 709,417 995,20 434,16 280,February
ICB,QVV,E54000041,NHS Dorset Integrated Care Board,390 652,366 642,12 127,11 883,February
ICB,QWE,E54000031,NHS South West London Integrated Care Board,651 207,589 741,37 425,24 041,February
ICB,QWO,E54000054,NHS West Yorkshire Integrated Care Board,1 297 319,1 206 462,48 100,42 757,February
ICB,QWU,E54000018,NHS Coventry and Warwickshire Integrated Care Board,443 227,405 789,20 812,16 626,February
ICB,QXU,E54000052,NHS Surrey Heartlands Integrated Care Board,455 228,416 977,19 045,19 206,February
ICB,QYG,E54000008,NHS Cheshire and Merseyside Integrated Care Board,1 204 245,1 086 713,64 022,53 510,February
Sub ICB Location,00L,E38000130,NHS North East and North Cumbria ICB - 00L,171 984,161 267,5 815,4 902,February
Sub ICB Location,00N,E38000163,NHS North East and North Cumbria ICB - 00N,64 413,57 901,2 847,3 665,February
Sub ICB Location,00P,E38000176,NHS North East and North Cumbria ICB - 00P,122 261,110 575,6 429,5 257,February
Sub ICB Location,00Q,E38000014,NHS Lancashire and South Cumbria ICB - 00Q,71 364,63 690,4 036,3 638,February
Sub ICB Location,00R,E38000015,NHS Lancashire and South Cumbria ICB - 00R,85 649,78 550,4 743,2 356,February
Sub ICB Location,00T,E38000016,NHS Greater Manchester ICB - 00T,148 636,132 865,10 224,5 547,February
Sub ICB Location,00V,E38000024,NHS Greater Manchester ICB - 00V,77 007,69 495,3 817,3 695,February
Sub ICB Location,00X,E38000034,NHS Lancashire and South Cumbria ICB - 00X,76 351,69 106,3 360,3 885,February
Sub ICB Location,00Y,E38000135,NHS Greater Manchester ICB - 00Y,105 362,94 337,6 576,4 449,February
Sub ICB Location,01A,E38000050,NHS Lancashire and South Cumbria ICB - 01A,155 411,138 984,8 530,7 897,February
Sub ICB Location,01D,E38000080,NHS Greater Manchester ICB - 01D,93 272,84 384,5 477,3 411,February
Sub ICB Location,01E,E38000227,NHS Lancashire and South Cumbria ICB - 01E,97 907,87 505,5 089,5 313,February
Sub ICB Location,01F,E38000068,NHS Cheshire and Merseyside ICB - 01F,56 659,50 442,3 231,2 986,February
Sub ICB Location,01G,E38000143,NHS Greater Manchester ICB - 01G,133 830,117 127,8 432,8 271,February
Sub ICB Location,01H,E38000215,NHS North East and North Cumbria ICB - 01H,179 595,164 000,6 998,8 597,February
Sub ICB Location,01J,E38000091,NHS Cheshire and Merseyside ICB - 01J,71 491,63 639,4 814,3 038,February
Sub ICB Location,01K,E38000228,NHS Lancashire and South Cumbria ICB - 01K,160 483,148 513,6 725,5 245,February
Sub ICB Location,01T,E38000161,NHS Cheshire and Merseyside ICB - 01T,54 600,50 441,2 314,1 845,February
Sub ICB Location,01V,E38000170,NHS Cheshire and Merseyside ICB - 01V,58 417,53 549,2 122,2 746,February
Sub ICB Location,01W,E38000174,NHS Greater Manchester ICB - 01W,149 858,137 230,6 821,5 807,February
Sub ICB Location,01X,E38000172,NHS Cheshire and Merseyside ICB - 01X,80 653,71 280,4 405,4 968,February
Sub ICB Location,01Y,E38000263,NHS Greater Manchester ICB - 01Y,93 753,82 029,6 215,5 509,February
Sub ICB Location,02A,E38000187,NHS Greater Manchester ICB - 02A,86 639,77 709,5 135,3 795,February
Sub ICB Location,02E,E38000194,NHS Cheshire and Merseyside ICB - 02E,97 251,90 495,3 472,3 284,February
Sub ICB Location,02G,E38000200,NHS Lancashire and South Cumbria ICB - 02G,50 389,45 893,2 070,2 426,February
Sub ICB Location,02H,E38000205,NHS Greater Manchester ICB - 02H,132 093,118 183,7 722,6 188,February
Sub ICB Location,02M,E38000226,NHS Lancashire and South Cumbria ICB - 02M,95 155,86 765,3 651,4 739,February
Sub ICB Location,02P,E38000006,NHS South Yorkshire ICB - 02P,122 989,109 326,4 882,8 781,February
Sub ICB Location,02Q,E38000008,NHS Nottingham and Nottinghamshire ICB - 02Q,65 157,60 952,2 273,1 932,February
Sub ICB Location,02T,E38000025,NHS West Yorkshire ICB - 02T,108 104,101 694,3 692,2 718,February
Sub ICB Location,02X,E38000044,NHS South Yorkshire ICB - 02X,152 627,139 812,6 930,5 885,February
Sub ICB Location,02Y,E38000052,NHS Humber and North Yorkshire ICB - 02Y,137 800,129 292,4 483,4 025,February
Sub ICB Location,03F,E38000085,NHS Humber and North Yorkshire ICB - 03F,116 429,105 774,6 343,4 312,February
Sub ICB Location,03H,E38000119,NHS Humber and North Yorkshire ICB - 03H,104 455,96 088,3 181,5 186,February
Sub ICB Location,03K,E38000122,NHS Humber and North Yorkshire ICB - 03K,92 945,85 810,2 898,4 237,February
Sub ICB Location,03L,E38000141,NHS South Yorkshire ICB - 03L,145 489,134 434,5 809,5 246,February
Sub ICB Location,03N,E38000146,NHS South Yorkshire ICB - 03N,286 957,264 978,11 677,10 302,February
Sub ICB Location,03Q,E38000188,NHS Humber and North Yorkshire ICB - 03Q,162 086,152 803,4 827,4 456,February
Sub ICB Location,03R,E38000190,NHS West Yorkshire ICB - 03R,200 210,187 560,6 456,6 194,February
Sub ICB Location,03W,E38000051,"NHS Leicester, Leicestershire and Rutland ICB - 03W",176 960,165 454,6 131,5 375,February
Sub ICB Location,04C,E38000097,"NHS Leicester, Leicestershire and Rutland ICB - 04C",196 526,179 644,9 106,7 776,February
Sub ICB Location,04V,E38000201,"NHS Leicester, Leicestershire and Rutland ICB - 04V",196 547,184 585,6 486,5 476,February
Sub ICB Location,04Y,E38000028,NHS Staffordshire and Stoke-on-Trent ICB - 04Y,59 496,54 061,2 752,2 683,February
Sub ICB Location,05D,E38000053,NHS Staffordshire and Stoke-on-Trent ICB - 05D,64 500,57 609,2 820,4 071,February
Sub ICB Location,05G,E38000126,NHS Staffordshire and Stoke-on-Trent ICB - 05G,92 456,85 137,3 686,3 633,February
Sub ICB Location,05Q,E38000153,NHS Staffordshire and Stoke-on-Trent ICB - 05Q,96 876,90 321,3 940,2 615,February
Sub ICB Location,05V,E38000173,NHS Staffordshire and Stoke-on-Trent ICB - 05V,65 980,60 755,2 615,2 610,February
Sub ICB Location,05W,E38000175,NHS Staffordshire and Stoke-on-Trent ICB - 05W,106 561,93 611,6 345,6 605,February
Sub ICB Location,06H,E38000260,NHS Cambridgeshire and Peterborough ICB - 06H,477 009,442 555,16 699,17 755,February
Sub ICB Location,06K,E38000049,NHS Hertfordshire and West Essex ICB - 06K,249 320,232 257,7 869,9 194,February
Sub ICB Location,06L,E38000086,NHS Suffolk and North East Essex ICB - 06L,188 023,176 814,4 974,6 235,February
Sub ICB Location,06N,E38000079,NHS Hertfordshire and West Essex ICB - 06N,260 362,237 090,11 478,11 794,February
Sub ICB Location,06Q,E38000106,NHS Mid and South Essex ICB - 06Q,162 543,152 755,4 722,5 066,February
Sub ICB Location,06T,E38000117,NHS Suffolk and North East Essex ICB - 06T,170 461,156 319,7 594,6 548,February
Sub ICB Location,07G,E38000185,NHS Mid and South Essex ICB - 07G,76 011,70 045,2 505,3 461,February
Sub ICB Location,07H,E38000197,NHS Hertfordshire and West Essex ICB - 07H,135 543,127 603,4 417,3 523,February
Sub ICB Location,07K,E38000204,NHS Suffolk and North East Essex ICB - 07K,124 245,118 011,3 318,2 916,February
Sub ICB Location,09D,E38000021,NHS Sussex ICB - 09D,129 945,119 460,5 435,5 050,February
Sub ICB Location,10Q,E38000136,"NHS Buckinghamshire, Oxfordshire and Berkshire West ICB - 10Q",357 461,330 043,13 978,13 440,February
Sub ICB Location,10R,E38000137,NHS Hampshire and Isle Of Wight ICB - 10R,86 038,80 145,3 549,2 344,February
Sub ICB Location,11J,E38000045,NHS Dorset ICB - 11J,390 652,366 642,12 127,11 883,February
Sub ICB Location,11M,E38000062,NHS Gloucestershire ICB - 11M,339 045,316 185,11 169,11 691,February
Sub ICB Location,11N,E38000089,NHS Cornwall and The Isles Of Scilly ICB - 11N,332 112,305 894,11 767,14 451,February
Sub ICB Location,11X,E38000150,NHS Somerset ICB - 11X,285 500,260 473,11 147,13 880,February
Sub ICB Location,12F,E38000208,NHS Cheshire and Merseyside ICB - 12F,191 589,172 839,10 590,8 160,February
Sub ICB Location,13T,E38000212,NHS North East and North Cumbria ICB - 13T,232 192,210 180,12 555,9 457,February
Sub ICB Location,14L,E38000217,NHS Greater Manchester ICB - 14L,277 724,242 677,19 481,15 566,February
Sub ICB Location,14Y,E38000223,"NHS Buckinghamshire, Oxfordshire and Berkshire West ICB - 14Y",235 061,218 327,9 458,7 276,February
Sub ICB Location,15A,E38000221,"NHS Buckinghamshire, Oxfordshire and Berkshire West ICB - 15A",230 943,212 677,9 378,8 888,February
Sub ICB Location,15C,E38000222,"NHS Bristol, North Somerset and South Gloucestershire ICB - 15C",454 709,417 995,20 434,16 280,February
Sub ICB Location,15E,E38000258,NHS Birmingham and Solihull ICB - 15E,699 690,628 017,44 446,27 227,February
Sub ICB Location,15F,E38000225,NHS West Yorkshire ICB - 15F,391 630,361 861,17 544,12 225,February
Sub ICB Location,15M,E38000261,NHS Derby and Derbyshire ICB - 15M,536 546,498 466,17 973,20 107,February
Sub ICB Location,15N,E38000230,NHS Devon ICB - 15N,701 281,651 559,24 405,25 317,February
Sub ICB Location,16C,E38000247,NHS North East and North Cumbria ICB - 16C,337 600,308 990,16 476,12 134,February
Sub ICB Location,18C,E38000236,NHS Herefordshire and Worcestershire ICB - 18C,441 168,409 603,17 082,14 483,February
Sub ICB Location,26A,E38000239,NHS Norfolk and Waveney ICB - 26A,558 867,519 046,21 147,18 674,February
Sub ICB Location,27D,E38000233,NHS Cheshire and Merseyside ICB - 27D,347 907,313 791,17 675,16 441,February
Sub ICB Location,36J,E38000232,NHS West Yorkshire ICB - 36J,364 669,338 701,12 108,13 860,February
Sub ICB Location,36L,E38000245,NHS South West London ICB - 36L,651 207,589 741,37 425,24 041,February
Sub ICB Location,42D,E38000241,NHS Humber and North Yorkshire ICB - 42D,232 676,219 046,6 772,6 858,February
Sub ICB Location,52R,E38000243,NHS Nottingham and Nottinghamshire ICB - 52R,508 448,471 207,20 533,16 708,February
Sub ICB Location,70F,E38000248,NHS Sussex ICB - 70F,424 352,397 938,12 424,13 990,February
Sub ICB Location,71E,E38000238,NHS Lincolnshire ICB - 71E,400 891,376 261,12 905,11 725,February
Sub ICB Location,72Q,E38000244,NHS South East London ICB - 72Q,694 631,620 609,43 968,30 054,February
Sub ICB Location,78H,E38000262,NHS Northamptonshire ICB - 78H,360 697,338 797,11 383,10 517,February
Sub ICB Location,84H,E38000234,NHS North East and North Cumbria ICB - 84H,322 037,299 901,11 651,10 485,February
Sub ICB Location,91Q,E38000237,NHS Kent and Medway ICB - 91Q,865 149,780 698,39 467,44 984,February
Sub ICB Location,92A,E38000246,NHS Surrey Heartlands ICB - 92A,455 228,416 977,19 045,19 206,February
Sub ICB Location,92G,E38000231,"NHS Bath and North East Somerset, Swindon and Wiltshire ICB - 92G",479 752,451 870,14 063,13 819,February
Sub ICB Location,93C,E38000240,NHS North Central London ICB - 93C,620 268,557 811,38 594,23 863,February
Sub ICB Location,97R,E38000235,NHS Sussex ICB - 97R,283 125,258 698,11 476,12 951,February
Sub ICB Location,99A,E38000101,NHS Cheshire and Merseyside ICB - 99A,245 678,220 237,15 399,10 042,February
Sub ICB Location,99C,E38000127,NHS North East and North Cumbria ICB - 99C,96 799,89 131,4 200,3 468,February
Sub ICB Location,99E,E38000007,NHS Mid and South Essex ICB - 99E,118 395,109 666,3 053,5 676,February
Sub ICB Location,99F,E38000030,NHS Mid and South Essex ICB - 99F,72 769,67 860,2 038,2 871,February
Sub ICB Location,99G,E38000168,NHS Mid and South Essex ICB - 99G,68 430,63 366,2 910,2 154,February
Sub ICB Location,A3A8R,E38000255,NHS North East London ICB - A3A8R,884 447,783 711,60 920,39 816,February
Sub ICB Location,B2M3M,E38000251,NHS Coventry and Warwickshire ICB - B2M3M,443 227,405 789,20 812,16 626,February
Sub ICB Location,D2P2L,E38000259,NHS Black Country ICB - D2P2L,567 561,508 773,35 376,23 412,February
Sub ICB Location,D4U1Y,E38000252,NHS Frimley ICB - D4U1Y,352 318,321 437,19 952,10 929,February
Sub ICB Location,D9Y0V,E38000253,NHS Hampshire and Isle Of Wight ICB - D9Y0V,776 727,714 357,34 417,27 953,February
Sub ICB Location,M1J4Y,E38000249,"NHS Bedfordshire, Luton and Milton Keynes ICB - M1J4Y",434 629,401 754,18 686,14 189,February
Sub ICB Location,M2L0M,E38000257,"NHS Shropshire, Telford and Wrekin ICB - M2L0M",237 721,219 178,9 498,9 045,February
Sub ICB Location,W2U3Z,E38000256,NHS North West London ICB - W2U3Z,1 140 000,1 034 600,60 719,44 681,February
Sub ICB Location,X2C4Y,E38000254,NHS West Yorkshire ICB - X2C4Y,232 706,216 646,8 300,7 760,February
