﻿;;;;;;;;;;;;;;;;;;;;;;;;;;;;;;;
;;;;;;;;;;;;;;;;;;;;;;;;;;;;;;;
;;;;;;;;;;;;;;;;;;;;;;;;;;;;;;;
;;;;;;;;;;;;;;;;;;;;;;;;;;;;;;;
;;;;;;;;;;;;;;;;;;;;;;;;;;;;;;;
Return to Contents;;;;;;;;;;;;;;;;;;;;;;;;;;;;;;;
_;;;;;;;;;;;;;;;;;;;;;;;;;;;;;;;
Table 3a: Appointments by Status, at National, Regional, ICB and sub ICB level, England, November 2023;;;;;;;;;;;;;;;;;;;;;;;;;;;;;;;
;;;;Count of Open GP Practices;Count of Included GP Practices;Count of Appointments;;"Count of Appointments by 
Appointment Status";;;;;;;;;;;;;;;;;;;;;;;
Type;NHS Area Code;ONS Code;Name;;;Total;;Attended;DNA;Unknown1;;;;;;;;;;;;;;;;;;;;;
Type;NHS Area Code;ONS Code;Name;Open Active Practices;Included Practices;Total;_;Attended;DNA;Unknown;;;;;;;;;;;;;;;;;;;;;
National;ENG;ENG;England;6 355;6 278;31 455 487;;28 243 786;1 460 810;1 750 891;;;;;;;;;;;;;;;;;;;;;
Region;Y56;E40000003;London;1 169;1 147;4 656 497;;4 114 619;284 941;256 937;;;;;;;;;;;;;;;;;;;;;
Region;Y58;E40000006;South West;540;535;3 453 863;;3 126 848;134 358;192 657;;;;;;;;;;;;;;;;;;;;;
Region;Y59;E40000005;South East;804;799;4 864 271;;4 377 261;210 769;276 241;;;;;;;;;;;;;;;;;;;;;
Region;Y60;E40000011;Midlands;1 273;1 262;6 068 504;;5 464 381;279 213;324 910;;;;;;;;;;;;;;;;;;;;;
Region;Y61;E40000007;East of England;658;645;3 616 008;;3 257 308;136 658;222 042;;;;;;;;;;;;;;;;;;;;;
Region;Y62;E40000010;North West;959;947;3 718 279;;3 318 081;209 326;190 872;;;;;;;;;;;;;;;;;;;;;
Region;Y63;E40000012;North East and Yorkshire;952;943;5 078 065;;4 585 288;205 545;287 232;;;;;;;;;;;;;;;;;;;;;
ICB;QE1;E54000048;NHS Lancashire and South Cumbria Integrated Care Board;197;196;887 078;;799 485;45 043;42 550;;;;;;;;;;;;;;;;;;;;;
ICB;QF7;E54000061;NHS South Yorkshire Integrated Care Board;170;170;827 673;;742 731;35 050;49 892;;;;;;;;;;;;;;;;;;;;;
ICB;QGH;E54000019;NHS Herefordshire and Worcestershire Integrated Care Board;79;79;483 025;;443 363;19 607;20 055;;;;;;;;;;;;;;;;;;;;;
ICB;QH8;E54000026;NHS Mid and South Essex Integrated Care Board;148;145;596 985;;539 851;19 151;37 983;;;;;;;;;;;;;;;;;;;;;
ICB;QHG;E54000024;NHS Bedfordshire, Luton and Milton Keynes Integrated Care Board;92;90;514 164;;456 669;24 349;33 146;;;;;;;;;;;;;;;;;;;;;
ICB;QHL;E54000055;NHS Birmingham and Solihull Integrated Care Board;184;181;785 002;;693 263;50 473;41 266;;;;;;;;;;;;;;;;;;;;;
ICB;QHM;E54000050;NHS North East and North Cumbria Integrated Care Board;347;345;1 747 690;;1 572 460;77 648;97 582;;;;;;;;;;;;;;;;;;;;;
ICB;QJ2;E54000058;NHS Derby and Derbyshire Integrated Care Board;113;113;609 378;;549 830;21 345;38 203;;;;;;;;;;;;;;;;;;;;;
ICB;QJG;E54000023;NHS Suffolk and North East Essex Integrated Care Board;93;91;551 327;;503 604;18 400;29 323;;;;;;;;;;;;;;;;;;;;;
ICB;QJK;E54000037;NHS Devon Integrated Care Board;120;118;805 393;;731 683;28 089;45 621;;;;;;;;;;;;;;;;;;;;;
ICB;QJM;E54000013;NHS Lincolnshire Integrated Care Board;81;81;480 994;;435 317;17 308;28 369;;;;;;;;;;;;;;;;;;;;;
ICB;QK1;E54000015;NHS Leicester, Leicestershire and Rutland Integrated Care Board;129;127;667 939;;599 746;26 366;41 827;;;;;;;;;;;;;;;;;;;;;
ICB;QKK;E54000030;NHS South East London Integrated Care Board;197;192;779 754;;677 563;50 007;52 184;;;;;;;;;;;;;;;;;;;;;
ICB;QKS;E54000032;NHS Kent and Medway Integrated Care Board;183;183;963 432;;861 051;45 136;57 245;;;;;;;;;;;;;;;;;;;;;
ICB;QM7;E54000025;NHS Hertfordshire and West Essex Integrated Care Board;131;129;726 599;;653 744;29 353;43 502;;;;;;;;;;;;;;;;;;;;;
ICB;QMF;E54000029;NHS North East London Integrated Care Board;271;265;1 052 683;;922 870;73 460;56 353;;;;;;;;;;;;;;;;;;;;;
ICB;QMJ;E54000028;NHS North Central London Integrated Care Board;181;176;716 137;;638 161;43 771;34 205;;;;;;;;;;;;;;;;;;;;;
ICB;QMM;E54000022;NHS Norfolk and Waveney Integrated Care Board;106;104;646 888;;580 697;24 182;42 009;;;;;;;;;;;;;;;;;;;;;
ICB;QNC;E54000010;NHS Staffordshire and Stoke-on-Trent Integrated Care Board;143;142;562 056;;505 717;26 593;29 746;;;;;;;;;;;;;;;;;;;;;
ICB;QNQ;E54000034;NHS Frimley Integrated Care Board;69;68;412 011;;370 971;22 626;18 414;;;;;;;;;;;;;;;;;;;;;
ICB;QNX;E54000053;NHS Sussex Integrated Care Board;156;156;976 800;;878 361;37 142;61 297;;;;;;;;;;;;;;;;;;;;;
ICB;QOC;E54000011;NHS Shropshire, Telford and Wrekin Integrated Care Board;52;51;257 652;;235 101;10 662;11 889;;;;;;;;;;;;;;;;;;;;;
ICB;QOP;E54000057;NHS Greater Manchester Integrated Care Board;413;408;1 478 588;;1 307 110;92 017;79 461;;;;;;;;;;;;;;;;;;;;;
ICB;QOQ;E54000051;NHS Humber and North Yorkshire Integrated Care Board;167;164;993 089;;904 037;34 096;54 956;;;;;;;;;;;;;;;;;;;;;
ICB;QOX;E54000040;NHS Bath and North East Somerset, Swindon and Wiltshire Integrated Care Board;88;87;567 937;;516 788;17 857;33 292;;;;;;;;;;;;;;;;;;;;;
ICB;QPM;E54000059;NHS Northamptonshire Integrated Care Board;68;67;410 171;;375 550;13 998;20 623;;;;;;;;;;;;;;;;;;;;;
ICB;QR1;E54000043;NHS Gloucestershire Integrated Care Board;68;66;398 761;;362 664;13 977;22 120;;;;;;;;;;;;;;;;;;;;;
ICB;QRL;E54000042;NHS Hampshire and the Isle of Wight Integrated Care Board;137;134;1 009 151;;915 525;44 113;49 513;;;;;;;;;;;;;;;;;;;;;
ICB;QRV;E54000027;NHS North West London Integrated Care Board;345;343;1 356 961;;1 204 059;76 054;76 848;;;;;;;;;;;;;;;;;;;;;
ICB;QSL;E54000038;NHS Somerset Integrated Care Board;62;62;319 195;;282 646;15 972;20 577;;;;;;;;;;;;;;;;;;;;;
ICB;QT1;E54000060;NHS Nottingham and Nottinghamshire Integrated Care Board;130;128;666 303;;599 813;28 849;37 641;;;;;;;;;;;;;;;;;;;;;
ICB;QT6;E54000036;NHS Cornwall and the Isles of Scilly Integrated Care Board;55;55;392 071;;353 799;15 495;22 777;;;;;;;;;;;;;;;;;;;;;
ICB;QU9;E54000044;NHS Buckinghamshire, Oxfordshire and Berkshire West Integrated Care Board;157;156;932 799;;850 766;40 611;41 422;;;;;;;;;;;;;;;;;;;;;
ICB;QUA;E54000062;NHS Black Country Integrated Care Board;174;173;649 045;;576 221;39 077;33 747;;;;;;;;;;;;;;;;;;;;;
ICB;QUE;E54000056;NHS Cambridgeshire and Peterborough Integrated Care Board;88;86;580 045;;522 743;21 223;36 079;;;;;;;;;;;;;;;;;;;;;
ICB;QUY;E54000039;NHS Bristol, North Somerset and South Gloucestershire Integrated Care Board;77;77;511 626;;462 335;26 929;22 362;;;;;;;;;;;;;;;;;;;;;
ICB;QVV;E54000041;NHS Dorset Integrated Care Board;70;70;458 880;;416 933;16 039;25 908;;;;;;;;;;;;;;;;;;;;;
ICB;QWE;E54000031;NHS South West London Integrated Care Board;175;171;750 962;;671 966;41 649;37 347;;;;;;;;;;;;;;;;;;;;;
ICB;QWO;E54000054;NHS West Yorkshire Integrated Care Board;268;264;1 509 613;;1 366 060;58 751;84 802;;;;;;;;;;;;;;;;;;;;;
ICB;QWU;E54000018;NHS Coventry and Warwickshire Integrated Care Board;120;120;496 939;;450 460;24 935;21 544;;;;;;;;;;;;;;;;;;;;;
ICB;QXU;E54000052;NHS Surrey Heartlands Integrated Care Board;102;102;570 078;;500 587;21 141;48 350;;;;;;;;;;;;;;;;;;;;;
ICB;QYG;E54000008;NHS Cheshire and Merseyside Integrated Care Board;349;343;1 352 613;;1 211 486;72 266;68 861;;;;;;;;;;;;;;;;;;;;;
Sub ICB Location;00L;E38000130;NHS North East and North Cumbria ICB - 00L;36;36;200 735;;182 854;7 276;10 605;;;;;;;;;;;;;;;;;;;;;
Sub ICB Location;00N;E38000163;NHS North East and North Cumbria ICB - 00N;21;21;69 556;;61 995;3 180;4 381;;;;;;;;;;;;;;;;;;;;;
Sub ICB Location;00P;E38000176;NHS North East and North Cumbria ICB - 00P;39;38;143 359;;128 940;8 143;6 276;;;;;;;;;;;;;;;;;;;;;
Sub ICB Location;00Q;E38000014;NHS Lancashire and South Cumbria ICB - 00Q;22;22;79 687;;70 449;4 567;4 671;;;;;;;;;;;;;;;;;;;;;
Sub ICB Location;00R;E38000015;NHS Lancashire and South Cumbria ICB - 00R;17;16;96 320;;86 904;5 807;3 609;;;;;;;;;;;;;;;;;;;;;
Sub ICB Location;00T;E38000016;NHS Greater Manchester ICB - 00T;49;49;171 728;;151 263;11 670;8 795;;;;;;;;;;;;;;;;;;;;;
Sub ICB Location;00V;E38000024;NHS Greater Manchester ICB - 00V;25;25;85 880;;76 401;4 613;4 866;;;;;;;;;;;;;;;;;;;;;
Sub ICB Location;00X;E38000034;NHS Lancashire and South Cumbria ICB - 00X;25;25;86 920;;78 321;4 328;4 271;;;;;;;;;;;;;;;;;;;;;
Sub ICB Location;00Y;E38000135;NHS Greater Manchester ICB - 00Y;34;34;120 260;;108 461;7 062;4 737;;;;;;;;;;;;;;;;;;;;;
Sub ICB Location;01A;E38000050;NHS Lancashire and South Cumbria ICB - 01A;47;47;184 985;;163 627;10 411;10 947;;;;;;;;;;;;;;;;;;;;;
Sub ICB Location;01D;E38000080;NHS Greater Manchester ICB - 01D;37;35;109 246;;96 945;6 955;5 346;;;;;;;;;;;;;;;;;;;;;
Sub ICB Location;01E;E38000227;NHS Lancashire and South Cumbria ICB - 01E;22;22;104 202;;93 810;4 973;5 419;;;;;;;;;;;;;;;;;;;;;
Sub ICB Location;01F;E38000068;NHS Cheshire and Merseyside ICB - 01F;14;14;60 373;;52 673;3 603;4 097;;;;;;;;;;;;;;;;;;;;;
Sub ICB Location;01G;E38000143;NHS Greater Manchester ICB - 01G;37;37;154 395;;133 624;9 403;11 368;;;;;;;;;;;;;;;;;;;;;
Sub ICB Location;01H;E38000215;NHS North East and North Cumbria ICB - 01H;34;34;196 305;;177 285;7 748;11 272;;;;;;;;;;;;;;;;;;;;;
Sub ICB Location;01J;E38000091;NHS Cheshire and Merseyside ICB - 01J;24;24;83 166;;73 066;5 385;4 715;;;;;;;;;;;;;;;;;;;;;
Sub ICB Location;01K;E38000228;NHS Lancashire and South Cumbria ICB - 01K;31;31;171 179;;156 969;7 858;6 352;;;;;;;;;;;;;;;;;;;;;
Sub ICB Location;01T;E38000161;NHS Cheshire and Merseyside ICB - 01T;30;28;56 302;;50 320;2 784;3 198;;;;;;;;;;;;;;;;;;;;;
Sub ICB Location;01V;E38000170;NHS Cheshire and Merseyside ICB - 01V;15;15;69 108;;64 132;2 315;2 661;;;;;;;;;;;;;;;;;;;;;
Sub ICB Location;01W;E38000174;NHS Greater Manchester ICB - 01W;33;33;170 938;;155 390;8 528;7 020;;;;;;;;;;;;;;;;;;;;;
Sub ICB Location;01X;E38000172;NHS Cheshire and Merseyside ICB - 01X;31;31;93 207;;80 819;4 626;7 762;;;;;;;;;;;;;;;;;;;;;
Sub ICB Location;01Y;E38000263;NHS Greater Manchester ICB - 01Y;31;31;103 993;;90 171;7 493;6 329;;;;;;;;;;;;;;;;;;;;;
Sub ICB Location;02A;E38000187;NHS Greater Manchester ICB - 02A;26;26;97 072;;86 920;5 209;4 943;;;;;;;;;;;;;;;;;;;;;
Sub ICB Location;02E;E38000194;NHS Cheshire and Merseyside ICB - 02E;26;26;106 475;;97 378;3 941;5 156;;;;;;;;;;;;;;;;;;;;;
Sub ICB Location;02G;E38000200;NHS Lancashire and South Cumbria ICB - 02G;15;15;58 561;;53 344;2 596;2 621;;;;;;;;;;;;;;;;;;;;;
Sub ICB Location;02H;E38000205;NHS Greater Manchester ICB - 02H;58;56;155 121;;137 600;8 404;9 117;;;;;;;;;;;;;;;;;;;;;
Sub ICB Location;02M;E38000226;NHS Lancashire and South Cumbria ICB - 02M;18;18;105 224;;96 061;4 503;4 660;;;;;;;;;;;;;;;;;;;;;
Sub ICB Location;02P;E38000006;NHS South Yorkshire ICB - 02P;31;31;142 407;;125 818;5 797;10 792;;;;;;;;;;;;;;;;;;;;;
Sub ICB Location;02Q;E38000008;NHS Nottingham and Nottinghamshire ICB - 02Q;10;9;79 757;;73 503;2 531;3 723;;;;;;;;;;;;;;;;;;;;;
Sub ICB Location;02T;E38000025;NHS West Yorkshire ICB - 02T;21;20;122 830;;112 879;4 616;5 335;;;;;;;;;;;;;;;;;;;;;
Sub ICB Location;02X;E38000044;NHS South Yorkshire ICB - 02X;37;37;177 966;;160 404;8 395;9 167;;;;;;;;;;;;;;;;;;;;;
Sub ICB Location;02Y;E38000052;NHS Humber and North Yorkshire ICB - 02Y;24;23;166 967;;152 678;5 478;8 811;;;;;;;;;;;;;;;;;;;;;
Sub ICB Location;03F;E38000085;NHS Humber and North Yorkshire ICB - 03F;29;28;132 874;;117 671;7 222;7 981;;;;;;;;;;;;;;;;;;;;;
Sub ICB Location;03H;E38000119;NHS Humber and North Yorkshire ICB - 03H;19;19;121 050;;110 346;3 495;7 209;;;;;;;;;;;;;;;;;;;;;
Sub ICB Location;03K;E38000122;NHS Humber and North Yorkshire ICB - 03K;19;19;109 480;;98 744;3 360;7 376;;;;;;;;;;;;;;;;;;;;;
Sub ICB Location;03L;E38000141;NHS South Yorkshire ICB - 03L;28;28;171 135;;153 692;6 774;10 669;;;;;;;;;;;;;;;;;;;;;
Sub ICB Location;03N;E38000146;NHS South Yorkshire ICB - 03N;74;74;336 165;;302 817;14 084;19 264;;;;;;;;;;;;;;;;;;;;;
Sub ICB Location;03Q;E38000188;NHS Humber and North Yorkshire ICB - 03Q;26;25;189 430;;174 399;6 016;9 015;;;;;;;;;;;;;;;;;;;;;
Sub ICB Location;03R;E38000190;NHS West Yorkshire ICB - 03R;34;34;233 357;;211 941;8 655;12 761;;;;;;;;;;;;;;;;;;;;;
Sub ICB Location;03W;E38000051;NHS Leicester, Leicestershire and Rutland ICB - 03W;32;30;207 558;;188 816;6 612;12 130;;;;;;;;;;;;;;;;;;;;;
Sub ICB Location;04C;E38000097;NHS Leicester, Leicestershire and Rutland ICB - 04C;51;51;228 661;;200 788;11 239;16 634;;;;;;;;;;;;;;;;;;;;;
Sub ICB Location;04V;E38000201;NHS Leicester, Leicestershire and Rutland ICB - 04V;46;46;231 720;;210 142;8 515;13 063;;;;;;;;;;;;;;;;;;;;;
Sub ICB Location;04Y;E38000028;NHS Staffordshire and Stoke-on-Trent ICB - 04Y;23;22;70 016;;62 754;3 267;3 995;;;;;;;;;;;;;;;;;;;;;
Sub ICB Location;05D;E38000053;NHS Staffordshire and Stoke-on-Trent ICB - 05D;18;18;76 618;;69 359;3 474;3 785;;;;;;;;;;;;;;;;;;;;;
Sub ICB Location;05G;E38000126;NHS Staffordshire and Stoke-on-Trent ICB - 05G;30;30;108 109;;98 414;3 980;5 715;;;;;;;;;;;;;;;;;;;;;
Sub ICB Location;05Q;E38000153;NHS Staffordshire and Stoke-on-Trent ICB - 05Q;22;22;103 344;;94 803;4 721;3 820;;;;;;;;;;;;;;;;;;;;;
Sub ICB Location;05V;E38000173;NHS Staffordshire and Stoke-on-Trent ICB - 05V;14;14;73 506;;67 295;3 257;2 954;;;;;;;;;;;;;;;;;;;;;
Sub ICB Location;05W;E38000175;NHS Staffordshire and Stoke-on-Trent ICB - 05W;36;36;130 463;;113 092;7 894;9 477;;;;;;;;;;;;;;;;;;;;;
Sub ICB Location;06H;E38000260;NHS Cambridgeshire and Peterborough ICB - 06H;88;86;580 045;;522 743;21 223;36 079;;;;;;;;;;;;;;;;;;;;;
Sub ICB Location;06K;E38000049;NHS Hertfordshire and West Essex ICB - 06K;50;48;286 209;;257 238;10 442;18 529;;;;;;;;;;;;;;;;;;;;;
Sub ICB Location;06L;E38000086;NHS Suffolk and North East Essex ICB - 06L;35;34;212 504;;193 244;6 488;12 772;;;;;;;;;;;;;;;;;;;;;
Sub ICB Location;06N;E38000079;NHS Hertfordshire and West Essex ICB - 06N;51;51;294 282;;262 998;13 516;17 768;;;;;;;;;;;;;;;;;;;;;
Sub ICB Location;06Q;E38000106;NHS Mid and South Essex ICB - 06Q;39;37;185 534;;168 061;6 205;11 268;;;;;;;;;;;;;;;;;;;;;
Sub ICB Location;06T;E38000117;NHS Suffolk and North East Essex ICB - 06T;33;32;193 918;;175 208;7 872;10 838;;;;;;;;;;;;;;;;;;;;;
Sub ICB Location;07G;E38000185;NHS Mid and South Essex ICB - 07G;26;26;99 217;;88 739;3 309;7 169;;;;;;;;;;;;;;;;;;;;;
Sub ICB Location;07H;E38000197;NHS Hertfordshire and West Essex ICB - 07H;30;30;146 108;;133 508;5 395;7 205;;;;;;;;;;;;;;;;;;;;;
Sub ICB Location;07K;E38000204;NHS Suffolk and North East Essex ICB - 07K;25;25;144 905;;135 152;4 040;5 713;;;;;;;;;;;;;;;;;;;;;
Sub ICB Location;09D;E38000021;NHS Sussex ICB - 09D;31;31;150 920;;134 881;6 537;9 502;;;;;;;;;;;;;;;;;;;;;
Sub ICB Location;10Q;E38000136;NHS Buckinghamshire, Oxfordshire and Berkshire West ICB - 10Q;66;66;400 313;;366 039;18 097;16 177;;;;;;;;;;;;;;;;;;;;;
Sub ICB Location;10R;E38000137;NHS Hampshire and Isle Of Wight ICB - 10R;11;10;98 237;;89 898;4 113;4 226;;;;;;;;;;;;;;;;;;;;;
Sub ICB Location;11J;E38000045;NHS Dorset ICB - 11J;70;70;458 880;;416 933;16 039;25 908;;;;;;;;;;;;;;;;;;;;;
Sub ICB Location;11M;E38000062;NHS Gloucestershire ICB - 11M;68;66;398 761;;362 664;13 977;22 120;;;;;;;;;;;;;;;;;;;;;
Sub ICB Location;11N;E38000089;NHS Cornwall and The Isles Of Scilly ICB - 11N;55;55;392 071;;353 799;15 495;22 777;;;;;;;;;;;;;;;;;;;;;
Sub ICB Location;11X;E38000150;NHS Somerset ICB - 11X;62;62;319 195;;282 646;15 972;20 577;;;;;;;;;;;;;;;;;;;;;
Sub ICB Location;12F;E38000208;NHS Cheshire and Merseyside ICB - 12F;45;44;213 718;;191 135;11 623;10 960;;;;;;;;;;;;;;;;;;;;;
Sub ICB Location;13T;E38000212;NHS North East and North Cumbria ICB - 13T;54;54;262 607;;236 000;14 215;12 392;;;;;;;;;;;;;;;;;;;;;
Sub ICB Location;14L;E38000217;NHS Greater Manchester ICB - 14L;83;82;309 955;;270 335;22 680;16 940;;;;;;;;;;;;;;;;;;;;;
Sub ICB Location;14Y;E38000223;NHS Buckinghamshire, Oxfordshire and Berkshire West ICB - 14Y;47;47;264 458;;241 814;11 247;11 397;;;;;;;;;;;;;;;;;;;;;
Sub ICB Location;15A;E38000221;NHS Buckinghamshire, Oxfordshire and Berkshire West ICB - 15A;44;43;268 028;;242 913;11 267;13 848;;;;;;;;;;;;;;;;;;;;;
Sub ICB Location;15C;E38000222;NHS Bristol, North Somerset and South Gloucestershire ICB - 15C;77;77;511 626;;462 335;26 929;22 362;;;;;;;;;;;;;;;;;;;;;
Sub ICB Location;15E;E38000258;NHS Birmingham and Solihull ICB - 15E;184;181;785 002;;693 263;50 473;41 266;;;;;;;;;;;;;;;;;;;;;
Sub ICB Location;15F;E38000225;NHS West Yorkshire ICB - 15F;89;87;438 590;;394 472;20 714;23 404;;;;;;;;;;;;;;;;;;;;;
Sub ICB Location;15M;E38000261;NHS Derby and Derbyshire ICB - 15M;113;113;609 378;;549 830;21 345;38 203;;;;;;;;;;;;;;;;;;;;;
Sub ICB Location;15N;E38000230;NHS Devon ICB - 15N;120;118;805 393;;731 683;28 089;45 621;;;;;;;;;;;;;;;;;;;;;
Sub ICB Location;16C;E38000247;NHS North East and North Cumbria ICB - 16C;78;77;379 970;;338 159;17 664;24 147;;;;;;;;;;;;;;;;;;;;;
Sub ICB Location;18C;E38000236;NHS Herefordshire and Worcestershire ICB - 18C;79;79;483 025;;443 363;19 607;20 055;;;;;;;;;;;;;;;;;;;;;
Sub ICB Location;26A;E38000239;NHS Norfolk and Waveney ICB - 26A;106;104;646 888;;580 697;24 182;42 009;;;;;;;;;;;;;;;;;;;;;
Sub ICB Location;27D;E38000233;NHS Cheshire and Merseyside ICB - 27D;79;78;393 815;;356 483;19 505;17 827;;;;;;;;;;;;;;;;;;;;;
Sub ICB Location;36J;E38000232;NHS West Yorkshire ICB - 36J;59;59;433 075;;390 976;15 235;26 864;;;;;;;;;;;;;;;;;;;;;
Sub ICB Location;36L;E38000245;NHS South West London ICB - 36L;175;171;750 962;;671 966;41 649;37 347;;;;;;;;;;;;;;;;;;;;;
Sub ICB Location;42D;E38000241;NHS Humber and North Yorkshire ICB - 42D;50;50;273 288;;250 199;8 525;14 564;;;;;;;;;;;;;;;;;;;;;
Sub ICB Location;52R;E38000243;NHS Nottingham and Nottinghamshire ICB - 52R;120;119;586 546;;526 310;26 318;33 918;;;;;;;;;;;;;;;;;;;;;
Sub ICB Location;70F;E38000248;NHS Sussex ICB - 70F;75;75;497 163;;454 806;15 587;26 770;;;;;;;;;;;;;;;;;;;;;
Sub ICB Location;71E;E38000238;NHS Lincolnshire ICB - 71E;81;81;480 994;;435 317;17 308;28 369;;;;;;;;;;;;;;;;;;;;;
Sub ICB Location;72Q;E38000244;NHS South East London ICB - 72Q;197;192;779 754;;677 563;50 007;52 184;;;;;;;;;;;;;;;;;;;;;
Sub ICB Location;78H;E38000262;NHS Northamptonshire ICB - 78H;68;67;410 171;;375 550;13 998;20 623;;;;;;;;;;;;;;;;;;;;;
Sub ICB Location;84H;E38000234;NHS North East and North Cumbria ICB - 84H;61;61;380 052;;343 534;14 390;22 128;;;;;;;;;;;;;;;;;;;;;
Sub ICB Location;91Q;E38000237;NHS Kent and Medway ICB - 91Q;183;183;963 432;;861 051;45 136;57 245;;;;;;;;;;;;;;;;;;;;;
Sub ICB Location;92A;E38000246;NHS Surrey Heartlands ICB - 92A;102;102;570 078;;500 587;21 141;48 350;;;;;;;;;;;;;;;;;;;;;
Sub ICB Location;92G;E38000231;NHS Bath and North East Somerset, Swindon and Wiltshire ICB - 92G;88;87;567 937;;516 788;17 857;33 292;;;;;;;;;;;;;;;;;;;;;
Sub ICB Location;93C;E38000240;NHS North Central London ICB - 93C;181;176;716 137;;638 161;43 771;34 205;;;;;;;;;;;;;;;;;;;;;
Sub ICB Location;97R;E38000235;NHS Sussex ICB - 97R;50;50;328 717;;288 674;15 018;25 025;;;;;;;;;;;;;;;;;;;;;
Sub ICB Location;99A;E38000101;NHS Cheshire and Merseyside ICB - 99A;85;83;276 449;;245 480;18 484;12 485;;;;;;;;;;;;;;;;;;;;;
Sub ICB Location;99C;E38000127;NHS North East and North Cumbria ICB - 99C;24;24;115 106;;103 693;5 032;6 381;;;;;;;;;;;;;;;;;;;;;
Sub ICB Location;99E;E38000007;NHS Mid and South Essex ICB - 99E;35;35;146 395;;133 086;3 724;9 585;;;;;;;;;;;;;;;;;;;;;
Sub ICB Location;99F;E38000030;NHS Mid and South Essex ICB - 99F;23;23;84 654;;76 600;2 441;5 613;;;;;;;;;;;;;;;;;;;;;
Sub ICB Location;99G;E38000168;NHS Mid and South Essex ICB - 99G;25;24;81 185;;73 365;3 472;4 348;;;;;;;;;;;;;;;;;;;;;
Sub ICB Location;A3A8R;E38000255;NHS North East London ICB - A3A8R;271;265;1 052 683;;922 870;73 460;56 353;;;;;;;;;;;;;;;;;;;;;
Sub ICB Location;B2M3M;E38000251;NHS Coventry and Warwickshire ICB - B2M3M;120;120;496 939;;450 460;24 935;21 544;;;;;;;;;;;;;;;;;;;;;
Sub ICB Location;D2P2L;E38000259;NHS Black Country ICB - D2P2L;174;173;649 045;;576 221;39 077;33 747;;;;;;;;;;;;;;;;;;;;;
Sub ICB Location;D4U1Y;E38000252;NHS Frimley ICB - D4U1Y;69;68;412 011;;370 971;22 626;18 414;;;;;;;;;;;;;;;;;;;;;
Sub ICB Location;D9Y0V;E38000253;NHS Hampshire and Isle Of Wight ICB - D9Y0V;126;124;910 914;;825 627;40 000;45 287;;;;;;;;;;;;;;;;;;;;;
Sub ICB Location;M1J4Y;E38000249;NHS Bedfordshire, Luton and Milton Keynes ICB - M1J4Y;92;90;514 164;;456 669;24 349;33 146;;;;;;;;;;;;;;;;;;;;;
Sub ICB Location;M2L0M;E38000257;NHS Shropshire, Telford and Wrekin ICB - M2L0M;52;51;257 652;;235 101;10 662;11 889;;;;;;;;;;;;;;;;;;;;;
Sub ICB Location;W2U3Z;E38000256;NHS North West London ICB - W2U3Z;345;343;1 356 961;;1 204 059;76 054;76 848;;;;;;;;;;;;;;;;;;;;;
Sub ICB Location;X2C4Y;E38000254;NHS West Yorkshire ICB - X2C4Y;65;64;281 761;;255 792;9 531;16 438;;;;;;;;;;;;;;;;;;;;;
;;;;;;;;;;;;;;;;;;;;;;;;;;;;;;;
Notes:;;;;;;;;;;;;;;;;;;;;;;;;;;;;;;;
1;"At the time of the appointment a ‘Booked’ status will usually be changed to either ‘Attended’ or ‘DNA’. In some cases (4-7% of monthly appointments), the final status of an appointment remains as ‘Booked’. It is not known from the data whether these appointments were actually attended or not. From a sample audit these were found to be consultations where the status has not been updated to say if patients had attended or not. 
For this reason, these appointments are reported as ""Unknown"" status";;;;;;;;;;;;;;;;;;;;;;;;;;;;;;
2;This table contains activity recorded in GP practice appointment systems. Where PCN activity is recorded in the GP practice appointment system it will be included.;;;;;;;;;;;;;;;;;;;;;;;;;;;;;;
Copyright © 2023 NHS England;;;;;;;;;;;;;;;;;;;;;;;;;;;;;;;