Type,NHS_area_code,ONS_code,Name,Count_gp_appointments,Attended,Did_not_attend,Unknown,Month
Type,NHS Area Code,ONS Code,Name,Total,Attended,DNA,Unknown,November
National,ENG,ENG,England,26 448 308,23 615 026,1 395 675,1 437 607,November
Region,Y56,E40000003,London,3 615 275,3 207 501,243 304,164 470,November
Region,Y58,E40000006,South West,3 040 748,2 719 977,146 632,174 139,November
Region,Y59,E40000005,South East,3 967 229,3 592 662,179 201,195 366,November
Region,Y60,E40000008,Midlands,5 153 509,4 592 169,279 682,281 658,November
Region,Y61,E40000007,East of England,3 121 359,2 788 745,141 093,191 521,November
Region,Y62,E40000010,North West,3 118 650,2 773 505,187 629,157 516,November
Region,Y63,E40000009,North East and Yorkshire,4 431 538,3 940 467,218 134,272 937,November
Regional Local Office,Q71,E39000018,NHS England London,3 615 275,3 207 501,243 304,164 470,November
Regional Local Office,Q72,E39000048,NHS England North East and Yorkshire (Yorkshire and Humber),2 816 127,2 500 191,134 684,181 252,November
Regional Local Office,Q74,E39000047,NHS England North East and Yorkshire (Cumbria and North East),1 615 411,1 440 276,83 450,91 685,November
Regional Local Office,Q75,E39000026,NHS England North West (Cheshire and Merseyside),1 147 299,1 022 161,67 746,57 392,November
Regional Local Office,Q76,E39000032,NHS England Midlands (North Midlands),1 785 791,1 592 771,86 419,106 601,November
Regional Local Office,Q77,E39000033,NHS England Midlands (West Midlands),2 049 948,1 823 764,131 453,94 731,November
Regional Local Office,Q78,E39000045,NHS England Midlands (Central Midlands),1 317 770,1 175 634,61 810,80 326,November
Regional Local Office,Q79,E39000046,NHS England East of England (East),3 121 359,2 788 745,141 093,191 521,November
Regional Local Office,Q83,E39000037,NHS England North West (Greater Manchester),1 220 398,1 075 437,80 371,64 590,November
Regional Local Office,Q84,E39000040,NHS England North West (Lancashire and South Cumbria),750 953,675 907,39 512,35 534,November
Regional Local Office,Q85,E39000044,NHS England South West (South West South),1 745 411,1 557 960,86 376,101 075,November
Regional Local Office,Q86,E39000043,NHS England South West (South West North),1 295 337,1 162 017,60 256,73 064,November
Regional Local Office,Q87,E39000041,"NHS England South East (Hampshire, Isle of Wight and Thames Valley)",1 944 290,1 773 353,86 995,83 942,November
Regional Local Office,Q88,E39000042,"NHS England South East (Kent, Surrey and Sussex)",2 022 939,1 819 309,92 206,111 424,November
STP,E54000005,E54000005,West Yorkshire And Harrogate (Health And Care Partnership)  STP,1 370 155,1 220 668,62 997,86 490,November
STP,E54000006,E54000006,"Humber, Coast And Vale  STP",658 002,586 346,29 841,41 815,November
STP,E54000007,E54000007,Greater Manchester Health And Social Care Partnership  STP,1 220 398,1 075 437,80 371,64 590,November
STP,E54000008,E54000008,Cheshire And Merseyside  STP,1 147 299,1 022 161,67 746,57 392,November
STP,E54000009,E54000009,South Yorkshire And Bassetlaw  STP,787 970,693 177,41 846,52 947,November
STP,E54000010,E54000010,Staffordshire And Stoke On Trent  STP,481 305,428 813,25 639,26 853,November
STP,E54000011,E54000011,Shropshire And Telford And Wrekin  STP,247 059,225 941,11 778,9 340,November
STP,E54000012,E54000012,Joined Up Care Derbyshire  STP,530 114,471 369,23 013,35 732,November
STP,E54000013,E54000013,Lincolnshire  STP,387 662,347 141,17 365,23 156,November
STP,E54000014,E54000014,Nottingham And Nottinghamshire Health And Care  STP,527 313,466 648,25 989,34 676,November
STP,E54000015,E54000015,"Leicester, Leicestershire And Rutland  STP",562 391,505 107,28 553,28 731,November
STP,E54000016,E54000016,The Black Country And West Birmingham  STP,635 532,555 261,47 637,32 634,November
STP,E54000017,E54000017,Birmingham And Solihull  STP,569 817,497 334,43 196,29 287,November
STP,E54000018,E54000018,Coventry And Warwickshire  STP,436 241,395 431,22 812,17 998,November
STP,E54000019,E54000019,Herefordshire And Worcestershire  STP,408 358,375 738,17 808,14 812,November
STP,E54000020,E54000020,Northamptonshire  STP,367 717,323 386,15 892,28 439,November
STP,E54000021,E54000021,Cambridgeshire And Peterborough  STP,481 156,431 013,23 356,26 787,November
STP,E54000022,E54000022,Norfolk And Waveney Health And Care Partnership  STP,562 411,503 889,23 887,34 635,November
STP,E54000023,E54000023,Suffolk And North East Essex  STP,502 205,454 998,19 194,28 013,November
STP,E54000024,E54000024,"Bedfordshire, Luton And Milton Keynes  STP",449 713,399 649,22 991,27 073,November
STP,E54000025,E54000025,Hertfordshire And West Essex  STP,621 146,548 493,31 075,41 578,November
STP,E54000026,E54000026,Mid And South Essex  STP,504 728,450 703,20 590,33 435,November
STP,E54000027,E54000027,North West London Health And Care Partnership  STP,971 942,862 827,61 191,47 924,November
STP,E54000028,E54000028,North London Partners In Health And Care  STP,520 428,463 576,35 859,20 993,November
STP,E54000029,E54000029,East London Health And Care Partnership  STP,819 513,722 413,62 318,34 782,November
STP,E54000030,E54000030,Our Healthier South East London  STP,692 341,607 742,47 936,36 663,November
STP,E54000031,E54000031,South West London Health And Care Partnership  STP,611 051,550 943,36 000,24 108,November
STP,E54000032,E54000032,Kent And Medway  STP,761 707,679 538,37 263,44 906,November
STP,E54000033,E54000033,Sussex And East Surrey  STP,899 954,810 485,39 359,50 110,November
STP,E54000034,E54000034,Frimley Health  STP,321 640,293 564,14 719,13 357,November
STP,E54000035,E54000035,Surrey Heartlands  STP,361 278,329 286,15 584,16 408,November
STP,E54000036,E54000036,Cornwall And The Isles Of Scilly  STP,353 073,308 626,25 246,19 201,November
STP,E54000037,E54000037,Devon  STP,724 082,649 771,31 306,43 005,November
STP,E54000038,E54000038,Somerset  STP,260 748,234 305,13 101,13 342,November
STP,E54000039,E54000039,"Bristol, North Somerset And South Gloucestershire  STP",474 081,430 305,26 109,17 667,November
STP,E54000040,E54000040,"Bath And North East Somerset, Swindon And Wiltshire  STP",496 846,442 289,19 767,34 790,November
STP,E54000041,E54000041,Dorset  STP,407 508,365 258,16 723,25 527,November
STP,E54000042,E54000042,Hampshire And The Isle Of Wight  STP,827 188,749 577,38 299,39 312,November
STP,E54000043,E54000043,Gloucestershire  STP,324 410,289 423,14 380,20 607,November
STP,E54000044,E54000044,"Buckinghamshire, Oxfordshire And Berkshire West  STP",795 462,730 212,33 977,31 273,November
STP,E54000048,E54000048,Healthier Lancashire And South Cumbria  STP,750 953,675 907,39 512,35 534,November
STP,E54000049,E54000049,Cumbria And North East  STP,1 615 411,1 440 276,83 450,91 685,November
CCG,00C,E38000042,NHS Darlington CCG,52 378,45 366,3 123,3 889,November
CCG,00D,E38000047,"NHS Durham Dales, Easington and Sedgefield CCG",175 564,154 513,8 856,12 195,November
CCG,00J,E38000116,NHS North Durham CCG,143 517,128 955,6 348,8 214,November
CCG,00K,E38000075,NHS Hartlepool and Stockton-on-Tees CCG,135 755,118 599,7 651,9 505,November
CCG,00L,E38000130,NHS Northumberland CCG,172 127,154 549,7 147,10 431,November
CCG,00M,E38000162,NHS South Tees CCG,156 773,138 170,8 474,10 129,November
CCG,00N,E38000163,NHS South Tyneside CCG,66 343,60 114,3 528,2 701,November
CCG,00P,E38000176,NHS Sunderland CCG,134 331,121 415,8 429,4 487,November
CCG,00Q,E38000014,NHS Blackburn with Darwen CCG,66 077,58 444,4 353,3 280,November
CCG,00R,E38000015,NHS Blackpool CCG,85 606,76 579,5 073,3 954,November
CCG,00T,E38000016,NHS Bolton CCG,153 902,132 948,10 868,10 086,November
CCG,00V,E38000024,NHS Bury CCG,10 181,8 942,352,887,November
CCG,00X,E38000034,NHS Chorley and South Ribble CCG,74 162,66 768,3 569,3 825,November
CCG,00Y,E38000135,NHS Oldham CCG,110 632,99 757,7 037,3 838,November
CCG,01A,E38000050,NHS East Lancashire CCG,159 712,141 469,9 460,8 783,November
CCG,01C,E38000056,NHS Eastern Cheshire CCG,84 992,76 818,4 105,4 069,November
CCG,01D,E38000080,"NHS Heywood, Middleton and Rochdale CCG",105 072,93 146,7 118,4 808,November
CCG,01E,E38000227,NHS Greater Preston CCG,75 704,67 330,4 464,3 910,November
CCG,01F,E38000068,NHS Halton CCG,60 821,52 622,3 913,4 286,November
CCG,01G,E38000143,NHS Salford CCG,131 712,110 137,10 107,11 468,November
CCG,01H,E38000215,NHS North Cumbria CCG,180 795,164 816,7 941,8 038,November
CCG,01J,E38000091,NHS Knowsley CCG,74 963,65 696,5 621,3 646,November
CCG,01K,E38000228,NHS Morecambe Bay CCG,155 677,142 989,7 263,5 425,November
CCG,01R,E38000151,NHS South Cheshire CCG,85 942,77 439,4 424,4 079,November
CCG,01T,E38000161,NHS South Sefton CCG,54 081,48 970,3 732,1 379,November
CCG,01V,E38000170,NHS Southport and Formby CCG,54 350,49 563,2 353,2 434,November
CCG,01W,E38000174,NHS Stockport CCG,132 298,118 424,7 725,6 149,November
CCG,01X,E38000172,NHS St Helens CCG,79 271,69 363,4 766,5 142,November
CCG,01Y,E38000182,NHS Tameside and Glossop CCG,107 281,95 989,6 757,4 535,November
CCG,02A,E38000187,NHS Trafford CCG,83 692,75 688,4 463,3 541,November
CCG,02D,E38000189,NHS Vale Royal CCG,45 193,39 865,2 521,2 807,November
CCG,02E,E38000194,NHS Warrington CCG,92 079,83 690,4 117,4 272,November
CCG,02F,E38000196,NHS West Cheshire CCG,117 029,105 074,6 244,5 711,November
CCG,02G,E38000200,NHS West Lancashire CCG,48 356,43 218,2 246,2 892,November
CCG,02H,E38000205,NHS Wigan Borough CCG,135 223,120 472,6 955,7 796,November
CCG,02M,E38000226,NHS Fylde and Wyre CCG,85 659,79 110,3 084,3 465,November
CCG,02N,E38000001,"NHS Airedale, Wharfedale and Craven CCG",96 013,84 827,3 550,7 636,November
CCG,02P,E38000006,NHS Barnsley CCG,126 806,113 174,6 458,7 174,November
CCG,02Q,E38000008,NHS Bassetlaw CCG,62 327,56 240,2 785,3 302,November
CCG,02R,E38000019,NHS Bradford Districts CCG,174 563,154 519,7 170,12 874,November
CCG,02T,E38000025,NHS Calderdale CCG,105 750,93 960,4 625,7 165,November
CCG,02W,E38000018,NHS Bradford City CCG,77 112,67 373,5 063,4 676,November
CCG,02X,E38000044,NHS Doncaster CCG,156 863,140 156,8 517,8 190,November
CCG,02Y,E38000052,NHS East Riding of Yorkshire CCG,139 602,126 260,5 413,7 929,November
CCG,03A,E38000064,NHS Greater Huddersfield CCG,112 128,100 554,5 189,6 385,November
CCG,03D,E38000069,"NHS Hambleton, Richmondshire and Whitby CCG",71 581,64 597,2 747,4 237,November
CCG,03E,E38000073,NHS Harrogate and Rural District CCG,82 525,75 655,2 990,3 880,November
CCG,03F,E38000085,NHS Hull CCG,119 680,105 472,8 232,5 976,November
CCG,03H,E38000119,NHS North East Lincolnshire CCG,90 769,80 578,4 065,6 126,November
CCG,03J,E38000121,NHS North Kirklees CCG,90 733,80 699,4 906,5 128,November
CCG,03K,E38000122,NHS North Lincolnshire CCG,91 992,82 681,3 098,6 213,November
CCG,03L,E38000141,NHS Rotherham CCG,136 082,118 143,6 835,11 104,November
CCG,03M,E38000145,NHS Scarborough and Ryedale CCG,64 882,56 161,3 056,5 665,November
CCG,03N,E38000146,NHS Sheffield CCG,305 892,265 464,17 251,23 177,November
CCG,03Q,E38000188,NHS Vale of York CCG,151 077,135 194,5 977,9 906,November
CCG,03R,E38000190,NHS Wakefield CCG,205 705,183 196,8 720,13 789,November
CCG,03T,E38000099,NHS Lincolnshire East CCG,125 250,112 439,5 773,7 038,November
CCG,03V,E38000037,NHS Corby CCG,36 779,29 809,1 655,5 315,November
CCG,03W,E38000051,NHS East Leicestershire and Rutland CCG,177 330,159 539,7 901,9 890,November
CCG,04C,E38000097,NHS Leicester City CCG,185 208,163 928,12 001,9 279,November
CCG,04D,E38000100,NHS Lincolnshire West CCG,102 604,90 919,5 044,6 641,November
CCG,04E,E38000103,NHS Mansfield and Ashfield CCG,101 228,89 067,4 769,7 392,November
CCG,04F,E38000107,NHS Milton Keynes CCG,132 404,118 326,6 323,7 755,November
CCG,04G,E38000108,NHS Nene CCG,330 938,293 577,14 237,23 124,November
CCG,04H,E38000109,NHS Newark and Sherwood CCG,66 568,59 945,2 781,3 842,November
CCG,04K,E38000132,NHS Nottingham City CCG,169 630,147 137,10 528,11 965,November
CCG,04L,E38000133,NHS Nottingham North and East CCG,67 764,59 969,3 184,4 611,November
CCG,04M,E38000134,NHS Nottingham West CCG,55 754,49 921,2 567,3 266,November
CCG,04N,E38000142,NHS Rushcliffe CCG,66 369,60 609,2 160,3 600,November
CCG,04Q,E38000165,NHS South West  Lincolnshire CCG,67 456,60 354,2 829,4 273,November
CCG,04V,E38000201,NHS West Leicestershire CCG,199 853,181 640,8 651,9 562,November
CCG,04Y,E38000028,NHS Cannock Chase CCG,58 988,52 821,2 785,3 382,November
CCG,05A,E38000038,NHS Coventry and Rugby CCG,207 697,186 344,13 062,8 291,November
CCG,05C,E38000046,NHS Dudley CCG,139 669,123 716,8 490,7 463,November
CCG,05D,E38000053,NHS East Staffordshire CCG,62 754,56 084,2 805,3 865,November
CCG,05F,E38000078,NHS Herefordshire CCG,98 512,91 113,4 247,3 152,November
CCG,05G,E38000126,NHS North Staffordshire CCG,88 875,81 069,3 653,4 153,November
CCG,05H,E38000195,NHS Warwickshire North CCG,78 730,71 776,3 683,3 271,November
CCG,05J,E38000139,NHS Redditch and Bromsgrove CCG,85 204,79 060,3 916,2 228,November
CCG,05L,E38000144,NHS Sandwell and West Birmingham CCG,250 988,215 919,21 048,14 021,November
CCG,05N,E38000147,NHS Shropshire CCG,162 509,149 156,7 107,6 246,November
CCG,05Q,E38000153,NHS South East Staffordshire and Seisdon Peninsula CCG,89 794,78 630,4 443,6 721,November
CCG,05R,E38000164,NHS South Warwickshire CCG,149 814,137 311,6 067,6 436,November
CCG,05T,E38000166,NHS South Worcestershire CCG,150 694,136 826,6 393,7 475,November
CCG,05V,E38000173,NHS Stafford and Surrounds CCG,70 307,62 947,3 958,3 402,November
CCG,05W,E38000175,NHS Stoke on Trent CCG,110 587,97 262,7 995,5 330,November
CCG,05X,E38000183,NHS Telford and Wrekin CCG,84 550,76 785,4 671,3 094,November
CCG,05Y,E38000191,NHS Walsall CCG,135 391,119 963,9 380,6 048,November
CCG,06A,E38000210,NHS Wolverhampton CCG,109 484,95 663,8 719,5 102,November
CCG,06D,E38000211,NHS Wyre Forest CCG,73 948,68 739,3 252,1 957,November
CCG,06F,E38000010,NHS Bedfordshire CCG,223 838,198 406,10 038,15 394,November
CCG,06H,E38000026,NHS Cambridgeshire and Peterborough CCG,481 156,431 013,23 356,26 787,November
CCG,06K,E38000049,NHS East and North Hertfordshire CCG,237 331,206 626,10 412,20 293,November
CCG,06L,E38000086,NHS Ipswich and East Suffolk CCG,210 923,189 768,7 394,13 761,November
CCG,06M,E38000063,NHS Great Yarmouth and Waveney CCG,118 663,105 125,6 872,6 666,November
CCG,06N,E38000079,NHS Herts Valley CCG,257 545,229 182,14 373,13 990,November
CCG,06P,E38000102,NHS Luton CCG,93 471,82 917,6 630,3 924,November
CCG,06Q,E38000106,NHS Mid Essex CCG,171 183,152 502,6 377,12 304,November
CCG,06T,E38000117,NHS North East Essex CCG,169 033,153 471,7 341,8 221,November
CCG,06V,E38000124,NHS North Norfolk CCG,94 538,83 079,3 771,7 688,November
CCG,06W,E38000218,NHS Norwich CCG,122 194,109 502,5 154,7 538,November
CCG,06Y,E38000219,NHS South Norfolk CCG,118 413,108 032,3 835,6 546,November
CCG,07G,E38000185,NHS Thurrock CCG,79 286,71 317,3 652,4 317,November
CCG,07H,E38000197,NHS West Essex CCG,126 270,112 685,6 290,7 295,November
CCG,07J,E38000203,NHS West Norfolk CCG,108 603,98 151,4 255,6 197,November
CCG,07K,E38000204,NHS West Suffolk CCG,122 249,111 759,4 459,6 031,November
CCG,07L,E38000004,NHS Barking and Dagenham CCG,82 296,70 501,6 939,4 856,November
CCG,07M,E38000005,NHS Barnet CCG,116 797,104 780,6 373,5 644,November
CCG,07N,E38000011,NHS Bexley CCG,82 838,73 345,3 903,5 590,November
CCG,07P,E38000020,NHS Brent CCG,150 366,133 840,11 147,5 379,November
CCG,07Q,E38000023,NHS Bromley CCG,115 181,101 529,5 601,8 051,November
CCG,07R,E38000027,NHS Camden CCG,93 491,84 420,6 345,2 726,November
CCG,07T,E38000035,NHS City and Hackney CCG,131 861,117 441,9 785,4 635,November
CCG,07V,E38000040,NHS Croydon CCG,152 485,136 874,9 808,5 803,November
CCG,07W,E38000048,NHS Ealing CCG,186 129,168 109,10 091,7 929,November
CCG,07X,E38000057,NHS Enfield CCG,108 131,94 522,7 864,5 745,November
CCG,07Y,E38000084,NHS Hounslow CCG,132 980,118 179,7 742,7 059,November
CCG,08A,E38000066,NHS Greenwich CCG,107 357,91 498,7 338,8 521,November
CCG,08C,E38000070,NHS Hammersmith and Fulham CCG,86 468,75 027,5 819,5 622,November
CCG,08D,E38000072,NHS Haringey CCG,107 880,96 435,7 529,3 916,November
CCG,08E,E38000074,NHS Harrow CCG,102 397,90 192,5 865,6 340,November
CCG,08F,E38000077,NHS Havering CCG,89 264,79 196,4 784,5 284,November
CCG,08G,E38000082,NHS Hillingdon CCG,115 623,103 880,7 192,4 551,November
CCG,08H,E38000088,NHS Islington CCG,94 129,83 419,7 748,2 962,November
CCG,08J,E38000090,NHS Kingston CCG,77 109,71 539,3 580,1 990,November
CCG,08K,E38000092,NHS Lambeth CCG,145 271,128 386,11 347,5 538,November
CCG,08L,E38000098,NHS Lewisham CCG,117 541,104 483,9 253,3 805,November
CCG,08M,E38000113,NHS Newham CCG,144 779,125 287,13 571,5 921,November
CCG,08N,E38000138,NHS Redbridge CCG,117 946,104 396,7 445,6 105,November
CCG,08P,E38000140,NHS Richmond CCG,71 398,61 212,3 648,6 538,November
CCG,08Q,E38000171,NHS Southwark CCG,124 153,108 501,10 494,5 158,November
CCG,08R,E38000105,NHS Merton CCG,74 827,68 158,4 636,2 033,November
CCG,08T,E38000179,NHS Sutton CCG,78 373,72 033,3 625,2 715,November
CCG,08V,E38000186,NHS Tower Hamlets CCG,146 054,129 410,12 630,4 014,November
CCG,08W,E38000192,NHS Waltham Forest CCG,107 313,96 182,7 164,3 967,November
CCG,08X,E38000193,NHS Wandsworth CCG,156 859,141 127,10 703,5 029,November
CCG,08Y,E38000202,NHS West London CCG,113 863,99 468,7 515,6 880,November
CCG,09A,E38000031,NHS Central London (Westminster) CCG,84 116,74 132,5 820,4 164,November
CCG,09C,E38000002,NHS Ashford CCG,74 033,69 527,2 867,1 639,November
CCG,09D,E38000021,NHS Brighton and Hove CCG,124 683,110 553,6 512,7 618,November
CCG,09E,E38000029,NHS Canterbury and Coastal CCG,122 591,109 960,5 245,7 386,November
CCG,09F,E38000055,"NHS Eastbourne, Hailsham and Seaford CCG",107 777,97 979,4 728,5 070,November
CCG,09G,E38000213,NHS Coastal West Sussex CCG,255 478,231 060,10 241,14 177,November
CCG,09H,E38000039,NHS Crawley CCG,55 244,49 433,1 990,3 821,November
CCG,09J,E38000043,"NHS Dartford, Gravesham and Swanley CCG",61 527,53 215,3 112,5 200,November
CCG,09L,E38000054,NHS East Surrey CCG,80 395,74 197,3 666,2 532,November
CCG,09N,E38000214,NHS Guildford and Waverley CCG,93 955,86 282,4 039,3 634,November
CCG,09P,E38000076,NHS Hastings and Rother CCG,102 341,91 950,5 305,5 086,November
CCG,09W,E38000104,NHS Medway CCG,102 960,90 874,5 746,6 340,November
CCG,09X,E38000083,NHS Horsham and Mid Sussex CCG,96 045,84 588,4 096,7 361,November
CCG,09Y,E38000128,NHS North West Surrey CCG,140 907,128 874,6 506,5 527,November
CCG,10A,E38000156,NHS South Kent Coast CCG,88 681,79 828,4 153,4 700,November
CCG,10C,E38000178,NHS Surrey Heath CCG,50 380,47 065,1 918,1 397,November
CCG,10D,E38000180,NHS Swale CCG,48 761,43 589,2 704,2 468,November
CCG,10E,E38000184,NHS Thanet CCG,61 029,54 755,2 821,3 453,November
CCG,10J,E38000120,NHS North Hampshire CCG,111 697,104 382,3 961,3 354,November
CCG,10K,E38000059,NHS Fareham and Gosport CCG,92 216,85 024,4 057,3 135,November
CCG,10L,E38000087,NHS Isle of Wight CCG,78 327,65 933,5 458,6 936,November
CCG,10Q,E38000136,NHS Oxfordshire CCG,340 458,311 618,16 008,12 832,November
CCG,10R,E38000137,NHS Portsmouth CCG,89 273,80 333,4 449,4 491,November
CCG,10V,E38000154,NHS South Eastern Hampshire CCG,94 607,85 160,4 069,5 378,November
CCG,10X,E38000167,NHS Southampton CCG,117 531,106 057,6 673,4 801,November
CCG,11A,E38000198,NHS West Hampshire CCG,243 537,222 688,9 632,11 217,November
CCG,11E,E38000009,NHS Bath and North East Somerset CCG,104 134,93 022,4 662,6 450,November
CCG,11J,E38000045,NHS Dorset CCG,407 508,365 258,16 723,25 527,November
CCG,11M,E38000062,NHS Gloucestershire CCG,324 410,289 423,14 380,20 607,November
CCG,11N,E38000089,NHS Kernow CCG,353 073,308 626,25 246,19 201,November
CCG,11X,E38000150,NHS Somerset CCG,260 748,234 305,13 101,13 342,November
CCG,12D,E38000181,NHS Swindon CCG,113 562,96 563,5 602,11 397,November
CCG,12F,E38000208,NHS Wirral CCG,166 210,145 569,10 272,10 369,November
CCG,13T,E38000212,NHS Newcastle Gateshead CCG,226 158,200 870,14 046,11 242,November
CCG,14L,E38000217,NHS Manchester CCG,250 405,219 934,18 989,11 482,November
CCG,14Y,E38000223,NHS Buckinghamshire CCG,227 394,211 696,8 203,7 495,November
CCG,15A,E38000221,NHS Berkshire West,227 610,206 898,9 766,10 946,November
CCG,15C,E38000222,"NHS Bristol, North Somerset and South Gloucestershire CCG",474 081,430 305,26 109,17 667,November
CCG,15D,E38000224,NHS East Berkshire CCG,180 677,162 952,8 972,8 753,November
CCG,15E,E38000220,NHS Birmingham and Solihull CCG,569 817,497 334,43 196,29 287,November
CCG,15F,E38000225,NHS Leeds CCG,425 626,379 885,20 784,24 957,November
CCG,15M,E38000229,NHS Derby and Derbyshire CCG,530 114,471 369,23 013,35 732,November
CCG,15N,E38000230,NHS Devon CCG,724 082,649 771,31 306,43 005,November
CCG,99A,E38000101,NHS Liverpool CCG,232 368,207 492,15 678,9 198,November
CCG,99C,E38000127,NHS North Tyneside CCG,100 089,88 312,5 160,6 617,November
CCG,99D,E38000157,NHS South Lincolnshire CCG,92 352,83 429,3 719,5 204,November
CCG,99E,E38000007,NHS Basildon and Brentwood CCG,110 858,97 942,4 691,8 225,November
CCG,99F,E38000030,NHS Castle Point and Rochford CCG,70 792,64 214,2 345,4 233,November
CCG,99G,E38000168,NHS Southend CCG,72 609,64 728,3 525,4 356,November
CCG,99H,E38000177,NHS Surrey Downs CCG,126 416,114 130,5 039,7 247,November
CCG,99J,E38000199,NHS West Kent CCG,202 125,177 790,10 615,13 720,November
CCG,99K,E38000081,NHS High Weald Lewes Havens CCG,77 991,70 725,2 821,4 445,November
CCG,99M,E38000118,NHS North East Hampshire and Farnham CCG,90 583,83 547,3 829,3 207,November
CCG,99N,E38000206,NHS Wiltshire CCG,279 150,252 704,9 503,16 943,November
