﻿;;;;;;;;;;
;;;;;;;;;;
;;;;;;;;;;
;;;;;;;;;;
;;;;;;;;;;
Return to Contents;;;;;;;;;;
_;;;;;;;;;;
Table 3a: Appointments by Status, at National, Regional, Sub-Regional, STP and CCG level, England, November 2019;;;;;;;;;;
;;;;Count of Open GP Practices1;Count of Included GP Practices;Count of Appointments;;"Count of Appointments by 
Appointment Status";;
Type;NHS Area Code;ONS Code;Name;;;Total;;Attended;DNA;Unknown2
Type;NHS Area Code;ONS Code;Name;Open Active Practices;Included Practices;Total;_;Attended;DNA;Unknown
National;ENG;ENG;England;6 837;6 538;26 448 308;;23 615 026;1 395 675;1 437 607
Region;Y56;E40000003;London;1 258;1 172;3 615 275;;3 207 501;243 304;164 470
Region;Y58;E40000006;South West;579;559;3 040 748;;2 719 977;146 632;174 139
Region;Y59;E40000005;South East;888;837;3 967 229;;3 592 662;179 201;195 366
Region;Y60;E40000008;Midlands;1 334;1 303;5 153 509;;4 592 169;279 682;281 658
Region;Y61;E40000007;East of England;698;679;3 121 359;;2 788 745;141 093;191 521
Region;Y62;E40000010;North West;1 036;960;3 118 650;;2 773 505;187 629;157 516
Region;Y63;E40000009;North East and Yorkshire;1 044;1 028;4 431 538;;3 940 467;218 134;272 937
Regional Local Office;Q71;E39000018;NHS England London;1 258;1 172;3 615 275;;3 207 501;243 304;164 470
Regional Local Office;Q72;E39000048;NHS England North East and Yorkshire (Yorkshire and Humber);649;641;2 816 127;;2 500 191;134 684;181 252
Regional Local Office;Q74;E39000047;NHS England North East and Yorkshire (Cumbria and North East);395;387;1 615 411;;1 440 276;83 450;91 685
Regional Local Office;Q75;E39000026;NHS England North West (Cheshire and Merseyside);367;354;1 147 299;;1 022 161;67 746;57 392
Regional Local Office;Q76;E39000032;NHS England Midlands (North Midlands);453;447;1 785 791;;1 592 771;86 419;106 601
Regional Local Office;Q77;E39000033;NHS England Midlands (West Midlands);588;570;2 049 948;;1 823 764;131 453;94 731
Regional Local Office;Q78;E39000045;NHS England Midlands (Central Midlands);293;286;1 317 770;;1 175 634;61 810;80 326
Regional Local Office;Q79;E39000046;NHS England East of England (East);698;679;3 121 359;;2 788 745;141 093;191 521
Regional Local Office;Q83;E39000037;NHS England North West (Greater Manchester);456;406;1 220 398;;1 075 437;80 371;64 590
Regional Local Office;Q84;E39000040;NHS England North West (Lancashire and South Cumbria);213;200;750 953;;675 907;39 512;35 534
Regional Local Office;Q85;E39000044;NHS England South West (South West South);331;320;1 745 411;;1 557 960;86 376;101 075
Regional Local Office;Q86;E39000043;NHS England South West (South West North);248;239;1 295 337;;1 162 017;60 256;73 064
Regional Local Office;Q87;E39000041;NHS England South East (Hampshire, Isle of Wight and Thames Valley);394;373;1 944 290;;1 773 353;86 995;83 942
Regional Local Office;Q88;E39000042;NHS England South East (Kent, Surrey and Sussex);494;464;2 022 939;;1 819 309;92 206;111 424
STP;E54000005;E54000005;West Yorkshire And Harrogate (Health And Care Partnership)  STP;312;308;1 370 155;;1 220 668;62 997;86 490
STP;E54000006;E54000006;Humber, Coast And Vale  STP;146;142;658 002;;586 346;29 841;41 815
STP;E54000007;E54000007;Greater Manchester Health And Social Care Partnership  STP;456;406;1 220 398;;1 075 437;80 371;64 590
STP;E54000008;E54000008;Cheshire And Merseyside  STP;367;354;1 147 299;;1 022 161;67 746;57 392
STP;E54000009;E54000009;South Yorkshire And Bassetlaw  STP;191;191;787 970;;693 177;41 846;52 947
STP;E54000010;E54000010;Staffordshire And Stoke On Trent  STP;152;149;481 305;;428 813;25 639;26 853
STP;E54000011;E54000011;Shropshire And Telford And Wrekin  STP;54;54;247 059;;225 941;11 778;9 340
STP;E54000012;E54000012;Joined Up Care Derbyshire  STP;115;114;530 114;;471 369;23 013;35 732
STP;E54000013;E54000013;Lincolnshire  STP;86;85;387 662;;347 141;17 365;23 156
STP;E54000014;E54000014;Nottingham And Nottinghamshire Health And Care  STP;132;130;527 313;;466 648;25 989;34 676
STP;E54000015;E54000015;Leicester, Leicestershire And Rutland  STP;135;132;562 391;;505 107;28 553;28 731
STP;E54000016;E54000016;The Black Country And West Birmingham  STP;215;210;635 532;;555 261;47 637;32 634
STP;E54000017;E54000017;Birmingham And Solihull  STP;165;157;569 817;;497 334;43 196;29 287
STP;E54000018;E54000018;Coventry And Warwickshire  STP;125;123;436 241;;395 431;22 812;17 998
STP;E54000019;E54000019;Herefordshire And Worcestershire  STP;83;80;408 358;;375 738;17 808;14 812
STP;E54000020;E54000020;Northamptonshire  STP;72;69;367 717;;323 386;15 892;28 439
STP;E54000021;E54000021;Cambridgeshire And Peterborough  STP;88;87;481 156;;431 013;23 356;26 787
STP;E54000022;E54000022;Norfolk And Waveney Health And Care Partnership  STP;105;103;562 411;;503 889;23 887;34 635
STP;E54000023;E54000023;Suffolk And North East Essex  STP;100;96;502 205;;454 998;19 194;28 013
STP;E54000024;E54000024;Bedfordshire, Luton And Milton Keynes  STP;100;99;449 713;;399 649;22 991;27 073
STP;E54000025;E54000025;Hertfordshire And West Essex  STP;147;142;621 146;;548 493;31 075;41 578
STP;E54000026;E54000026;Mid And South Essex  STP;158;152;504 728;;450 703;20 590;33 435
STP;E54000027;E54000027;North West London Health And Care Partnership  STP;361;354;971 942;;862 827;61 191;47 924
STP;E54000028;E54000028;North London Partners In Health And Care  STP;209;172;520 428;;463 576;35 859;20 993
STP;E54000029;E54000029;East London Health And Care Partnership  STP;284;271;819 513;;722 413;62 318;34 782
STP;E54000030;E54000030;Our Healthier South East London  STP;219;203;692 341;;607 742;47 936;36 663
STP;E54000031;E54000031;South West London Health And Care Partnership  STP;185;172;611 051;;550 943;36 000;24 108
STP;E54000032;E54000032;Kent And Medway  STP;210;186;761 707;;679 538;37 263;44 906
STP;E54000033;E54000033;Sussex And East Surrey  STP;194;191;899 954;;810 485;39 359;50 110
STP;E54000034;E54000034;Frimley Health  STP;74;67;321 640;;293 564;14 719;13 357
STP;E54000035;E54000035;Surrey Heartlands  STP;90;87;361 278;;329 286;15 584;16 408
STP;E54000036;E54000036;Cornwall And The Isles Of Scilly  STP;59;57;353 073;;308 626;25 246;19 201
STP;E54000037;E54000037;Devon  STP;127;123;724 082;;649 771;31 306;43 005
STP;E54000038;E54000038;Somerset  STP;65;60;260 748;;234 305;13 101;13 342
STP;E54000039;E54000039;Bristol, North Somerset And South Gloucestershire  STP;80;76;474 081;;430 305;26 109;17 667
STP;E54000040;E54000040;Bath And North East Somerset, Swindon And Wiltshire  STP;93;92;496 846;;442 289;19 767;34 790
STP;E54000041;E54000041;Dorset  STP;80;80;407 508;;365 258;16 723;25 527
STP;E54000042;E54000042;Hampshire And The Isle Of Wight  STP;156;151;827 188;;749 577;38 299;39 312
STP;E54000043;E54000043;Gloucestershire  STP;75;71;324 410;;289 423;14 380;20 607
STP;E54000044;E54000044;Buckinghamshire, Oxfordshire And Berkshire West  STP;164;155;795 462;;730 212;33 977;31 273
STP;E54000048;E54000048;Healthier Lancashire And South Cumbria  STP;213;200;750 953;;675 907;39 512;35 534
STP;E54000049;E54000049;Cumbria And North East  STP;395;387;1 615 411;;1 440 276;83 450;91 685
CCG;00C;E38000042;NHS Darlington CCG;11;11;52 378;;45 366;3 123;3 889
CCG;00D;E38000047;NHS Durham Dales, Easington and Sedgefield CCG;34;34;175 564;;154 513;8 856;12 195
CCG;00J;E38000116;NHS North Durham CCG;30;30;143 517;;128 955;6 348;8 214
CCG;00K;E38000075;NHS Hartlepool and Stockton-on-Tees CCG;32;32;135 755;;118 599;7 651;9 505
CCG;00L;E38000130;NHS Northumberland CCG;41;40;172 127;;154 549;7 147;10 431
CCG;00M;E38000162;NHS South Tees CCG;38;35;156 773;;138 170;8 474;10 129
CCG;00N;E38000163;NHS South Tyneside CCG;21;21;66 343;;60 114;3 528;2 701
CCG;00P;E38000176;NHS Sunderland CCG;40;39;134 331;;121 415;8 429;4 487
CCG;00Q;E38000014;NHS Blackburn with Darwen CCG;23;22;66 077;;58 444;4 353;3 280
CCG;00R;E38000015;NHS Blackpool CCG;19;17;85 606;;76 579;5 073;3 954
CCG;00T;E38000016;NHS Bolton CCG;49;48;153 902;;132 948;10 868;10 086
CCG;00V;E38000024;NHS Bury CCG;26;3;10 181;;8 942;352;887
CCG;00X;E38000034;NHS Chorley and South Ribble CCG;30;27;74 162;;66 768;3 569;3 825
CCG;00Y;E38000135;NHS Oldham CCG;43;41;110 632;;99 757;7 037;3 838
CCG;01A;E38000050;NHS East Lancashire CCG;49;47;159 712;;141 469;9 460;8 783
CCG;01C;E38000056;NHS Eastern Cheshire CCG;21;19;84 992;;76 818;4 105;4 069
CCG;01D;E38000080;NHS Heywood, Middleton and Rochdale CCG;41;36;105 072;;93 146;7 118;4 808
CCG;01E;E38000227;NHS Greater Preston CCG;23;22;75 704;;67 330;4 464;3 910
CCG;01F;E38000068;NHS Halton CCG;14;14;60 821;;52 622;3 913;4 286
CCG;01G;E38000143;NHS Salford CCG;44;40;131 712;;110 137;10 107;11 468
CCG;01H;E38000215;NHS North Cumbria CCG;39;39;180 795;;164 816;7 941;8 038
CCG;01J;E38000091;NHS Knowsley CCG;25;25;74 963;;65 696;5 621;3 646
CCG;01K;E38000228;NHS Morecambe Bay CCG;35;33;155 677;;142 989;7 263;5 425
CCG;01R;E38000151;NHS South Cheshire CCG;17;17;85 942;;77 439;4 424;4 079
CCG;01T;E38000161;NHS South Sefton CCG;31;29;54 081;;48 970;3 732;1 379
CCG;01V;E38000170;NHS Southport and Formby CCG;17;17;54 350;;49 563;2 353;2 434
CCG;01W;E38000174;NHS Stockport CCG;37;34;132 298;;118 424;7 725;6 149
CCG;01X;E38000172;NHS St Helens CCG;34;34;79 271;;69 363;4 766;5 142
CCG;01Y;E38000182;NHS Tameside and Glossop CCG;37;37;107 281;;95 989;6 757;4 535
CCG;02A;E38000187;NHS Trafford CCG;31;28;83 692;;75 688;4 463;3 541
CCG;02D;E38000189;NHS Vale Royal CCG;12;12;45 193;;39 865;2 521;2 807
CCG;02E;E38000194;NHS Warrington CCG;26;26;92 079;;83 690;4 117;4 272
CCG;02F;E38000196;NHS West Cheshire CCG;33;28;117 029;;105 074;6 244;5 711
CCG;02G;E38000200;NHS West Lancashire CCG;15;14;48 356;;43 218;2 246;2 892
CCG;02H;E38000205;NHS Wigan Borough CCG;61;59;135 223;;120 472;6 955;7 796
CCG;02M;E38000226;NHS Fylde and Wyre CCG;19;18;85 659;;79 110;3 084;3 465
CCG;02N;E38000001;NHS Airedale, Wharfedale and Craven CCG;16;16;96 013;;84 827;3 550;7 636
CCG;02P;E38000006;NHS Barnsley CCG;33;33;126 806;;113 174;6 458;7 174
CCG;02Q;E38000008;NHS Bassetlaw CCG;9;9;62 327;;56 240;2 785;3 302
CCG;02R;E38000019;NHS Bradford Districts CCG;31;31;174 563;;154 519;7 170;12 874
CCG;02T;E38000025;NHS Calderdale CCG;26;25;105 750;;93 960;4 625;7 165
CCG;02W;E38000018;NHS Bradford City CCG;25;25;77 112;;67 373;5 063;4 676
CCG;02X;E38000044;NHS Doncaster CCG;40;40;156 863;;140 156;8 517;8 190
CCG;02Y;E38000052;NHS East Riding of Yorkshire CCG;30;28;139 602;;126 260;5 413;7 929
CCG;03A;E38000064;NHS Greater Huddersfield CCG;37;37;112 128;;100 554;5 189;6 385
CCG;03D;E38000069;NHS Hambleton, Richmondshire and Whitby CCG;22;21;71 581;;64 597;2 747;4 237
CCG;03E;E38000073;NHS Harrogate and Rural District CCG;17;17;82 525;;75 655;2 990;3 880
CCG;03F;E38000085;NHS Hull CCG;33;33;119 680;;105 472;8 232;5 976
CCG;03H;E38000119;NHS North East Lincolnshire CCG;26;25;90 769;;80 578;4 065;6 126
CCG;03J;E38000121;NHS North Kirklees CCG;28;27;90 733;;80 699;4 906;5 128
CCG;03K;E38000122;NHS North Lincolnshire CCG;19;19;91 992;;82 681;3 098;6 213
CCG;03L;E38000141;NHS Rotherham CCG;30;30;136 082;;118 143;6 835;11 104
CCG;03M;E38000145;NHS Scarborough and Ryedale CCG;12;12;64 882;;56 161;3 056;5 665
CCG;03N;E38000146;NHS Sheffield CCG;79;79;305 892;;265 464;17 251;23 177
CCG;03Q;E38000188;NHS Vale of York CCG;26;25;151 077;;135 194;5 977;9 906
CCG;03R;E38000190;NHS Wakefield CCG;37;35;205 705;;183 196;8 720;13 789
CCG;03T;E38000099;NHS Lincolnshire East CCG;26;26;125 250;;112 439;5 773;7 038
CCG;03V;E38000037;NHS Corby CCG;6;5;36 779;;29 809;1 655;5 315
CCG;03W;E38000051;NHS East Leicestershire and Rutland CCG;31;29;177 330;;159 539;7 901;9 890
CCG;04C;E38000097;NHS Leicester City CCG;57;57;185 208;;163 928;12 001;9 279
CCG;04D;E38000100;NHS Lincolnshire West CCG;30;29;102 604;;90 919;5 044;6 641
CCG;04E;E38000103;NHS Mansfield and Ashfield CCG;26;26;101 228;;89 067;4 769;7 392
CCG;04F;E38000107;NHS Milton Keynes CCG;26;26;132 404;;118 326;6 323;7 755
CCG;04G;E38000108;NHS Nene CCG;66;64;330 938;;293 577;14 237;23 124
CCG;04H;E38000109;NHS Newark and Sherwood CCG;14;14;66 568;;59 945;2 781;3 842
CCG;04K;E38000132;NHS Nottingham City CCG;51;49;169 630;;147 137;10 528;11 965
CCG;04L;E38000133;NHS Nottingham North and East CCG;17;17;67 764;;59 969;3 184;4 611
CCG;04M;E38000134;NHS Nottingham West CCG;12;12;55 754;;49 921;2 567;3 266
CCG;04N;E38000142;NHS Rushcliffe CCG;12;12;66 369;;60 609;2 160;3 600
CCG;04Q;E38000165;NHS South West  Lincolnshire CCG;17;17;67 456;;60 354;2 829;4 273
CCG;04V;E38000201;NHS West Leicestershire CCG;47;46;199 853;;181 640;8 651;9 562
CCG;04Y;E38000028;NHS Cannock Chase CCG;24;23;58 988;;52 821;2 785;3 382
CCG;05A;E38000038;NHS Coventry and Rugby CCG;66;65;207 697;;186 344;13 062;8 291
CCG;05C;E38000046;NHS Dudley CCG;43;43;139 669;;123 716;8 490;7 463
CCG;05D;E38000053;NHS East Staffordshire CCG;18;17;62 754;;56 084;2 805;3 865
CCG;05F;E38000078;NHS Herefordshire CCG;20;20;98 512;;91 113;4 247;3 152
CCG;05G;E38000126;NHS North Staffordshire CCG;30;30;88 875;;81 069;3 653;4 153
CCG;05H;E38000195;NHS Warwickshire North CCG;26;25;78 730;;71 776;3 683;3 271
CCG;05J;E38000139;NHS Redditch and Bromsgrove CCG;21;21;85 204;;79 060;3 916;2 228
CCG;05L;E38000144;NHS Sandwell and West Birmingham CCG;81;79;250 988;;215 919;21 048;14 021
CCG;05N;E38000147;NHS Shropshire CCG;41;41;162 509;;149 156;7 107;6 246
CCG;05Q;E38000153;NHS South East Staffordshire and Seisdon Peninsula CCG;26;25;89 794;;78 630;4 443;6 721
CCG;05R;E38000164;NHS South Warwickshire CCG;33;33;149 814;;137 311;6 067;6 436
CCG;05T;E38000166;NHS South Worcestershire CCG;31;28;150 694;;136 826;6 393;7 475
CCG;05V;E38000173;NHS Stafford and Surrounds CCG;14;14;70 307;;62 947;3 958;3 402
CCG;05W;E38000175;NHS Stoke on Trent CCG;40;40;110 587;;97 262;7 995;5 330
CCG;05X;E38000183;NHS Telford and Wrekin CCG;13;13;84 550;;76 785;4 671;3 094
CCG;05Y;E38000191;NHS Walsall CCG;52;50;135 391;;119 963;9 380;6 048
CCG;06A;E38000210;NHS Wolverhampton CCG;39;38;109 484;;95 663;8 719;5 102
CCG;06D;E38000211;NHS Wyre Forest CCG;11;11;73 948;;68 739;3 252;1 957
CCG;06F;E38000010;NHS Bedfordshire CCG;48;47;223 838;;198 406;10 038;15 394
CCG;06H;E38000026;NHS Cambridgeshire and Peterborough CCG;88;87;481 156;;431 013;23 356;26 787
CCG;06K;E38000049;NHS East and North Hertfordshire CCG;57;53;237 331;;206 626;10 412;20 293
CCG;06L;E38000086;NHS Ipswich and East Suffolk CCG;41;40;210 923;;189 768;7 394;13 761
CCG;06M;E38000063;NHS Great Yarmouth and Waveney CCG;19;19;118 663;;105 125;6 872;6 666
CCG;06N;E38000079;NHS Herts Valley CCG;58;57;257 545;;229 182;14 373;13 990
CCG;06P;E38000102;NHS Luton CCG;26;26;93 471;;82 917;6 630;3 924
CCG;06Q;E38000106;NHS Mid Essex CCG;44;41;171 183;;152 502;6 377;12 304
CCG;06T;E38000117;NHS North East Essex CCG;35;32;169 033;;153 471;7 341;8 221
CCG;06V;E38000124;NHS North Norfolk CCG;19;18;94 538;;83 079;3 771;7 688
CCG;06W;E38000218;NHS Norwich CCG;22;22;122 194;;109 502;5 154;7 538
CCG;06Y;E38000219;NHS South Norfolk CCG;24;23;118 413;;108 032;3 835;6 546
CCG;07G;E38000185;NHS Thurrock CCG;28;27;79 286;;71 317;3 652;4 317
CCG;07H;E38000197;NHS West Essex CCG;32;32;126 270;;112 685;6 290;7 295
CCG;07J;E38000203;NHS West Norfolk CCG;21;21;108 603;;98 151;4 255;6 197
CCG;07K;E38000204;NHS West Suffolk CCG;24;24;122 249;;111 759;4 459;6 031
CCG;07L;E38000004;NHS Barking and Dagenham CCG;34;32;82 296;;70 501;6 939;4 856
CCG;07M;E38000005;NHS Barnet CCG;54;43;116 797;;104 780;6 373;5 644
CCG;07N;E38000011;NHS Bexley CCG;23;19;82 838;;73 345;3 903;5 590
CCG;07P;E38000020;NHS Brent CCG;55;54;150 366;;133 840;11 147;5 379
CCG;07Q;E38000023;NHS Bromley CCG;45;43;115 181;;101 529;5 601;8 051
CCG;07R;E38000027;NHS Camden CCG;36;32;93 491;;84 420;6 345;2 726
CCG;07T;E38000035;NHS City and Hackney CCG;40;38;131 861;;117 441;9 785;4 635
CCG;07V;E38000040;NHS Croydon CCG;51;48;152 485;;136 874;9 808;5 803
CCG;07W;E38000048;NHS Ealing CCG;76;74;186 129;;168 109;10 091;7 929
CCG;07X;E38000057;NHS Enfield CCG;47;32;108 131;;94 522;7 864;5 745
CCG;07Y;E38000084;NHS Hounslow CCG;46;46;132 980;;118 179;7 742;7 059
CCG;08A;E38000066;NHS Greenwich CCG;35;33;107 357;;91 498;7 338;8 521
CCG;08C;E38000070;NHS Hammersmith and Fulham CCG;30;28;86 468;;75 027;5 819;5 622
CCG;08D;E38000072;NHS Haringey CCG;38;36;107 880;;96 435;7 529;3 916
CCG;08E;E38000074;NHS Harrow CCG;33;32;102 397;;90 192;5 865;6 340
CCG;08F;E38000077;NHS Havering CCG;42;39;89 264;;79 196;4 784;5 284
CCG;08G;E38000082;NHS Hillingdon CCG;45;45;115 623;;103 880;7 192;4 551
CCG;08H;E38000088;NHS Islington CCG;34;29;94 129;;83 419;7 748;2 962
CCG;08J;E38000090;NHS Kingston CCG;21;21;77 109;;71 539;3 580;1 990
CCG;08K;E38000092;NHS Lambeth CCG;46;38;145 271;;128 386;11 347;5 538
CCG;08L;E38000098;NHS Lewisham CCG;35;35;117 541;;104 483;9 253;3 805
CCG;08M;E38000113;NHS Newham CCG;51;48;144 779;;125 287;13 571;5 921
CCG;08N;E38000138;NHS Redbridge CCG;42;41;117 946;;104 396;7 445;6 105
CCG;08P;E38000140;NHS Richmond CCG;26;21;71 398;;61 212;3 648;6 538
CCG;08Q;E38000171;NHS Southwark CCG;35;35;124 153;;108 501;10 494;5 158
CCG;08R;E38000105;NHS Merton CCG;22;21;74 827;;68 158;4 636;2 033
CCG;08T;E38000179;NHS Sutton CCG;23;22;78 373;;72 033;3 625;2 715
CCG;08V;E38000186;NHS Tower Hamlets CCG;35;34;146 054;;129 410;12 630;4 014
CCG;08W;E38000192;NHS Waltham Forest CCG;40;39;107 313;;96 182;7 164;3 967
CCG;08X;E38000193;NHS Wandsworth CCG;42;39;156 859;;141 127;10 703;5 029
CCG;08Y;E38000202;NHS West London CCG;42;42;113 863;;99 468;7 515;6 880
CCG;09A;E38000031;NHS Central London (Westminster) CCG;34;33;84 116;;74 132;5 820;4 164
CCG;09C;E38000002;NHS Ashford CCG;11;11;74 033;;69 527;2 867;1 639
CCG;09D;E38000021;NHS Brighton and Hove CCG;35;34;124 683;;110 553;6 512;7 618
CCG;09E;E38000029;NHS Canterbury and Coastal CCG;14;14;122 591;;109 960;5 245;7 386
CCG;09F;E38000055;NHS Eastbourne, Hailsham and Seaford CCG;20;20;107 777;;97 979;4 728;5 070
CCG;09G;E38000213;NHS Coastal West Sussex CCG;46;46;255 478;;231 060;10 241;14 177
CCG;09H;E38000039;NHS Crawley CCG;12;12;55 244;;49 433;1 990;3 821
CCG;09J;E38000043;NHS Dartford, Gravesham and Swanley CCG;29;16;61 527;;53 215;3 112;5 200
CCG;09L;E38000054;NHS East Surrey CCG;16;16;80 395;;74 197;3 666;2 532
CCG;09N;E38000214;NHS Guildford and Waverley CCG;21;20;93 955;;86 282;4 039;3 634
CCG;09P;E38000076;NHS Hastings and Rother CCG;23;23;102 341;;91 950;5 305;5 086
CCG;09W;E38000104;NHS Medway CCG;44;44;102 960;;90 874;5 746;6 340
CCG;09X;E38000083;NHS Horsham and Mid Sussex CCG;23;22;96 045;;84 588;4 096;7 361
CCG;09Y;E38000128;NHS North West Surrey CCG;39;37;140 907;;128 874;6 506;5 527
CCG;10A;E38000156;NHS South Kent Coast CCG;28;26;88 681;;79 828;4 153;4 700
CCG;10C;E38000178;NHS Surrey Heath CCG;7;7;50 380;;47 065;1 918;1 397
CCG;10D;E38000180;NHS Swale CCG;16;16;48 761;;43 589;2 704;2 468
CCG;10E;E38000184;NHS Thanet CCG;14;13;61 029;;54 755;2 821;3 453
CCG;10J;E38000120;NHS North Hampshire CCG;15;15;111 697;;104 382;3 961;3 354
CCG;10K;E38000059;NHS Fareham and Gosport CCG;17;17;92 216;;85 024;4 057;3 135
CCG;10L;E38000087;NHS Isle of Wight CCG;15;15;78 327;;65 933;5 458;6 936
CCG;10Q;E38000136;NHS Oxfordshire CCG;68;65;340 458;;311 618;16 008;12 832
CCG;10R;E38000137;NHS Portsmouth CCG;15;15;89 273;;80 333;4 449;4 491
CCG;10V;E38000154;NHS South Eastern Hampshire CCG;20;19;94 607;;85 160;4 069;5 378
CCG;10X;E38000167;NHS Southampton CCG;26;26;117 531;;106 057;6 673;4 801
CCG;11A;E38000198;NHS West Hampshire CCG;48;44;243 537;;222 688;9 632;11 217
CCG;11E;E38000009;NHS Bath and North East Somerset CCG;24;24;104 134;;93 022;4 662;6 450
CCG;11J;E38000045;NHS Dorset CCG;80;80;407 508;;365 258;16 723;25 527
CCG;11M;E38000062;NHS Gloucestershire CCG;75;71;324 410;;289 423;14 380;20 607
CCG;11N;E38000089;NHS Kernow CCG;59;57;353 073;;308 626;25 246;19 201
CCG;11X;E38000150;NHS Somerset CCG;65;60;260 748;;234 305;13 101;13 342
CCG;12D;E38000181;NHS Swindon CCG;22;22;113 562;;96 563;5 602;11 397
CCG;12F;E38000208;NHS Wirral CCG;49;47;166 210;;145 569;10 272;10 369
CCG;13T;E38000212;NHS Newcastle Gateshead CCG;61;59;226 158;;200 870;14 046;11 242
CCG;14L;E38000217;NHS Manchester CCG;87;80;250 405;;219 934;18 989;11 482
CCG;14Y;E38000223;NHS Buckinghamshire CCG;50;46;227 394;;211 696;8 203;7 495
CCG;15A;E38000221;NHS Berkshire West;46;44;227 610;;206 898;9 766;10 946
CCG;15C;E38000222;NHS Bristol, North Somerset and South Gloucestershire CCG;80;76;474 081;;430 305;26 109;17 667
CCG;15D;E38000224;NHS East Berkshire CCG;47;42;180 677;;162 952;8 972;8 753
CCG;15E;E38000220;NHS Birmingham and Solihull CCG;165;157;569 817;;497 334;43 196;29 287
CCG;15F;E38000225;NHS Leeds CCG;95;95;425 626;;379 885;20 784;24 957
CCG;15M;E38000229;NHS Derby and Derbyshire CCG;115;114;530 114;;471 369;23 013;35 732
CCG;15N;E38000230;NHS Devon CCG;127;123;724 082;;649 771;31 306;43 005
CCG;99A;E38000101;NHS Liverpool CCG;88;86;232 368;;207 492;15 678;9 198
CCG;99C;E38000127;NHS North Tyneside CCG;26;26;100 089;;88 312;5 160;6 617
CCG;99D;E38000157;NHS South Lincolnshire CCG;13;13;92 352;;83 429;3 719;5 204
CCG;99E;E38000007;NHS Basildon and Brentwood CCG;35;35;110 858;;97 942;4 691;8 225
CCG;99F;E38000030;NHS Castle Point and Rochford CCG;23;22;70 792;;64 214;2 345;4 233
CCG;99G;E38000168;NHS Southend CCG;28;27;72 609;;64 728;3 525;4 356
CCG;99H;E38000177;NHS Surrey Downs CCG;30;30;126 416;;114 130;5 039;7 247
CCG;99J;E38000199;NHS West Kent CCG;54;46;202 125;;177 790;10 615;13 720
CCG;99K;E38000081;NHS High Weald Lewes Havens CCG;19;18;77 991;;70 725;2 821;4 445
CCG;99M;E38000118;NHS North East Hampshire and Farnham CCG;20;18;90 583;;83 547;3 829;3 207
CCG;99N;E38000206;NHS Wiltshire CCG;47;46;279 150;;252 704;9 503;16 943
;;;;;;;;;;
Source: NHS Digital;;;;;;;;;;
;;;;;;;;;;
Notes:;;;;;;;;;;
1;CCGs are only included if there is data for more than one practice within the CCG, therefore the total count of open GP practices by CCG may not equal the national total;;;;;;;;;
2;"At the time of the appointment a ‘Booked’ status will usually be changed to either ‘Attended’ or ‘DNA’. In some cases (4-7% of monthly appointments), the final status of an appointment remains as ‘Booked’. It is not known from the data whether these appointments were actually attended or not. From a sample audit these were found to be consultations where the status has not been updated to say if patients had attended or not. 
For this reason, these appointments are reported as ""Unknown"" status";;;;;;;;;
_;;;;;;;;;;
Copyright © 2019 Health and Social Care Information Centre. The Health and Social Care Information Centre is a non-departmental body created by statute, also known as NHS Digital.;;;;;;;;;;
;;;;;;;;;;
;;;;;;;;;;
;;;;;;;;;;
;;;;;;;;;;
;;;;;;;;;;
;;;;;;;;;;
;;;;;;;;;;
;;;;;;;;;;
;;;;;;;;;;
;;;;;;;;;;
;;;;;;;;;;
;;;;;;;;;;
;;;;;;;;;;
;;;;;;;;;;
;;;;;;;;;;
;;;;;;;;;;
;;;;;;;;;;
;;;;;;;;;;
;;;;;;;;;;
;;;;;;;;;;
;;;;;;;;;;
;;;;;;;;;;
;;;;;;;;;;
;;;;;;;;;;
;;;;;;;;;;
;;;;;;;;;;
;;;;;;;;;;
;;;;;;;;;;
;;;;;;;;;;
;;;;;;;;;;
;;;;;;;;;;
;;;;;;;;;;
;;;;;;;;;;
;;;;;;;;;;
;;;;;;;;;;
;;;;;;;;;;
;;;;;;;;;;
;;;;;;;;;;
;;;;;;;;;;
;;;;;;;;;;
;;;;;;;;;;
;;;;;;;;;;
;;;;;;;;;;
;;;;;;;;;;
;;;;;;;;;;
;;;;;;;;;;
;;;;;;;;;;
;;;;;;;;;;
;;;;;;;;;;
;;;;;;;;;;
;;;;;;;;;;
;;;;;;;;;;
;;;;;;;;;;
;;;;;;;;;;
;;;;;;;;;;
;;;;;;;;;;
;;;;;;;;;;
;;;;;;;;;;
;;;;;;;;;;
;;;;;;;;;;
;;;;;;;;;;
;;;;;;;;;;
;;;;;;;;;;
;;;;;;;;;;
;;;;;;;;;;
;;;;;;;;;;
;;;;;;;;;;
;;;;;;;;;;
;;;;;;;;;;
;;;;;;;;;;
;;;;;;;;;;
;;;;;;;;;;
;;;;;;;;;;
;;;;;;;;;;
;;;;;;;;;;
;;;;;;;;;;
;;;;;;;;;;
;;;;;;;;;;
;;;;;;;;;;
;;;;;;;;;;
;;;;;;;;;;
;;;;;;;;;;
;;;;;;;;;;
;;;;;;;;;;
;;;;;;;;;;
;;;;;;;;;;
;;;;;;;;;;
;;;;;;;;;;
;;;;;;;;;;
;;;;;;;;;;
;;;;;;;;;;
;;;;;;;;;;
;;;;;;;;;;
;;;;;;;;;;
;;;;;;;;;;
;;;;;;;;;;
;;;;;;;;;;
;;;;;;;;;;
;;;;;;;;;;
;;;;;;;;;;
;;;;;;;;;;
;;;;;;;;;;
;;;;;;;;;;
;;;;;;;;;;
;;;;;;;;;;
;;;;;;;;;;
;;;;;;;;;;
;;;;;;;;;;
;;;;;;;;;;
;;;;;;;;;;
;;;;;;;;;;
;;;;;;;;;;
;;;;;;;;;;
;;;;;;;;;;
;;;;;;;;;;
;;;;;;;;;;
;;;;;;;;;;
;;;;;;;;;;
;;;;;;;;;;
;;;;;;;;;;
;;;;;;;;;;
;;;;;;;;;;
;;;;;;;;;;
;;;;;;;;;;
;;;;;;;;;;
;;;;;;;;;;
;;;;;;;;;;
;;;;;;;;;;
;;;;;;;;;;
;;;;;;;;;;
;;;;;;;;;;
;;;;;;;;;;
;;;;;;;;;;
;;;;;;;;;;
;;;;;;;;;;
;;;;;;;;;;
;;;;;;;;;;
;;;;;;;;;;
;;;;;;;;;;
;;;;;;;;;;
;;;;;;;;;;
;;;;;;;;;;
;;;;;;;;;;
;;;;;;;;;;
;;;;;;;;;;
;;;;;;;;;;
;;;;;;;;;;
;;;;;;;;;;
;;;;;;;;;;
;;;;;;;;;;
;;;;;;;;;;
;;;;;;;;;;
;;;;;;;;;;
;;;;;;;;;;
;;;;;;;;;;
;;;;;;;;;;
;;;;;;;;;;
;;;;;;;;;;
;;;;;;;;;;
;;;;;;;;;;
;;;;;;;;;;
;;;;;;;;;;
;;;;;;;;;;
;;;;;;;;;;
;;;;;;;;;;
;;;;;;;;;;
;;;;;;;;;;
;;;;;;;;;;
;;;;;;;;;;
;;;;;;;;;;
;;;;;;;;;;
;;;;;;;;;;
;;;;;;;;;;
;;;;;;;;;;
;;;;;;;;;;
;;;;;;;;;;
;;;;;;;;;;
;;;;;;;;;;
;;;;;;;;;;
;;;;;;;;;;
;;;;;;;;;;
;;;;;;;;;;
;;;;;;;;;;
;;;;;;;;;;
;;;;;;;;;;
;;;;;;;;;;
;;;;;;;;;;
;;;;;;;;;;
;;;;;;;;;;
;;;;;;;;;;
;;;;;;;;;;
;;;;;;;;;;
;;;;;;;;;;
;;;;;;;;;;
;;;;;;;;;;
;;;;;;;;;;
;;;;;;;;;;
;;;;;;;;;;
;;;;;;;;;;
;;;;;;;;;;
;;;;;;;;;;
;;;;;;;;;;
;;;;;;;;;;
;;;;;;;;;;
;;;;;;;;;;
;;;;;;;;;;
;;;;;;;;;;
;;;;;;;;;;
;;;;;;;;;;
;;;;;;;;;;
;;;;;;;;;;
;;;;;;;;;;
;;;;;;;;;;
;;;;;;;;;;
;;;;;;;;;;
;;;;;;;;;;
;;;;;;;;;;
;;;;;;;;;;
;;;;;;;;;;
;;;;;;;;;;
;;;;;;;;;;
;;;;;;;;;;
;;;;;;;;;;
;;;;;;;;;;
;;;;;;;;;;
;;;;;;;;;;
;;;;;;;;;;
;;;;;;;;;;
;;;;;;;;;;
;;;;;;;;;;
;;;;;;;;;;
;;;;;;;;;;
;;;;;;;;;;
;;;;;;;;;;
;;;;;;;;;;
;;;;;;;;;;
;;;;;;;;;;
;;;;;;;;;;
;;;;;;;;;;
;;;;;;;;;;
;;;;;;;;;;
;;;;;;;;;;
;;;;;;;;;;
;;;;;;;;;;
;;;;;;;;;;
;;;;;;;;;;
;;;;;;;;;;
;;;;;;;;;;
;;;;;;;;;;
;;;;;;;;;;
;;;;;;;;;;
;;;;;;;;;;
;;;;;;;;;;
;;;;;;;;;;
;;;;;;;;;;
;;;;;;;;;;
;;;;;;;;;;
;;;;;;;;;;
;;;;;;;;;;
;;;;;;;;;;
;;;;;;;;;;
;;;;;;;;;;
;;;;;;;;;;
;;;;;;;;;;
;;;;;;;;;;
;;;;;;;;;;
;;;;;;;;;;
;;;;;;;;;;
;;;;;;;;;;
;;;;;;;;;;
;;;;;;;;;;
;;;;;;;;;;
;;;;;;;;;;
;;;;;;;;;;
;;;;;;;;;;
;;;;;;;;;;
;;;;;;;;;;
;;;;;;;;;;
;;;;;;;;;;
;;;;;;;;;;
;;;;;;;;;;
;;;;;;;;;;
;;;;;;;;;;
;;;;;;;;;;
;;;;;;;;;;
;;;;;;;;;;
;;;;;;;;;;
;;;;;;;;;;
;;;;;;;;;;
;;;;;;;;;;
;;;;;;;;;;
;;;;;;;;;;
;;;;;;;;;;
;;;;;;;;;;
;;;;;;;;;;
;;;;;;;;;;
;;;;;;;;;;
;;;;;;;;;;
;;;;;;;;;;
;;;;;;;;;;
;;;;;;;;;;
;;;;;;;;;;
;;;;;;;;;;
;;;;;;;;;;
;;;;;;;;;;
;;;;;;;;;;
;;;;;;;;;;
;;;;;;;;;;
;;;;;;;;;;
;;;;;;;;;;
;;;;;;;;;;
;;;;;;;;;;
;;;;;;;;;;
;;;;;;;;;;
;;;;;;;;;;
;;;;;;;;;;
;;;;;;;;;;
;;;;;;;;;;
;;;;;;;;;;
;;;;;;;;;;
;;;;;;;;;;
;;;;;;;;;;
;;;;;;;;;;
;;;;;;;;;;
;;;;;;;;;;
;;;;;;;;;;
;;;;;;;;;;
;;;;;;;;;;
;;;;;;;;;;
;;;;;;;;;;
;;;;;;;;;;
;;;;;;;;;;
;;;;;;;;;;
;;;;;;;;;;
;;;;;;;;;;
;;;;;;;;;;
;;;;;;;;;;
;;;;;;;;;;
;;;;;;;;;;
;;;;;;;;;;
;;;;;;;;;;
;;;;;;;;;;
;;;;;;;;;;
;;;;;;;;;;
;;;;;;;;;;
;;;;;;;;;;
;;;;;;;;;;
;;;;;;;;;;
;;;;;;;;;;
;;;;;;;;;;
;;;;;;;;;;
;;;;;;;;;;
;;;;;;;;;;
;;;;;;;;;;
;;;;;;;;;;
;;;;;;;;;;
;;;;;;;;;;
;;;;;;;;;;
;;;;;;;;;;
;;;;;;;;;;
;;;;;;;;;;
;;;;;;;;;;
;;;;;;;;;;
;;;;;;;;;;
;;;;;;;;;;
;;;;;;;;;;
;;;;;;;;;;
;;;;;;;;;;
;;;;;;;;;;
;;;;;;;;;;
;;;;;;;;;;
;;;;;;;;;;
;;;;;;;;;;
;;;;;;;;;;
;;;;;;;;;;
;;;;;;;;;;
;;;;;;;;;;
;;;;;;;;;;
;;;;;;;;;;
;;;;;;;;;;
;;;;;;;;;;
;;;;;;;;;;
;;;;;;;;;;
;;;;;;;;;;
;;;;;;;;;;
;;;;;;;;;;
;;;;;;;;;;
;;;;;;;;;;
;;;;;;;;;;
;;;;;;;;;;
;;;;;;;;;;
;;;;;;;;;;
;;;;;;;;;;
;;;;;;;;;;
;;;;;;;;;;
;;;;;;;;;;
;;;;;;;;;;
;;;;;;;;;;
;;;;;;;;;;
;;;;;;;;;;
;;;;;;;;;;
;;;;;;;;;;
;;;;;;;;;;
;;;;;;;;;;
;;;;;;;;;;
;;;;;;;;;;
;;;;;;;;;;
;;;;;;;;;;
;;;;;;;;;;
;;;;;;;;;;
;;;;;;;;;;
;;;;;;;;;;
;;;;;;;;;;
;;;;;;;;;;
;;;;;;;;;;
;;;;;;;;;;
;;;;;;;;;;
;;;;;;;;;;
;;;;;;;;;;
;;;;;;;;;;
;;;;;;;;;;
;;;;;;;;;;
;;;;;;;;;;
;;;;;;;;;;
;;;;;;;;;;
;;;;;;;;;;
;;;;;;;;;;
;;;;;;;;;;
;;;;;;;;;;
;;;;;;;;;;
;;;;;;;;;;
;;;;;;;;;;
;;;;;;;;;;
;;;;;;;;;;
;;;;;;;;;;
;;;;;;;;;;
;;;;;;;;;;
;;;;;;;;;;
;;;;;;;;;;
;;;;;;;;;;
;;;;;;;;;;
;;;;;;;;;;
;;;;;;;;;;
;;;;;;;;;;
;;;;;;;;;;
;;;;;;;;;;
;;;;;;;;;;
;;;;;;;;;;
;;;;;;;;;;
;;;;;;;;;;
;;;;;;;;;;
;;;;;;;;;;
;;;;;;;;;;
;;;;;;;;;;
;;;;;;;;;;
;;;;;;;;;;
;;;;;;;;;;
;;;;;;;;;;
;;;;;;;;;;
;;;;;;;;;;
;;;;;;;;;;
;;;;;;;;;;
;;;;;;;;;;
;;;;;;;;;;
;;;;;;;;;;
;;;;;;;;;;
;;;;;;;;;;
;;;;;;;;;;
;;;;;;;;;;
;;;;;;;;;;
;;;;;;;;;;
;;;;;;;;;;
;;;;;;;;;;
;;;;;;;;;;
;;;;;;;;;;
;;;;;;;;;;
;;;;;;;;;;
;;;;;;;;;;
;;;;;;;;;;
;;;;;;;;;;
;;;;;;;;;;
;;;;;;;;;;
;;;;;;;;;;
;;;;;;;;;;
;;;;;;;;;;
;;;;;;;;;;
;;;;;;;;;;
;;;;;;;;;;
;;;;;;;;;;
;;;;;;;;;;
;;;;;;;;;;
;;;;;;;;;;
;;;;;;;;;;
;;;;;;;;;;
;;;;;;;;;;
;;;;;;;;;;
;;;;;;;;;;
;;;;;;;;;;
;;;;;;;;;;
;;;;;;;;;;
;;;;;;;;;;
;;;;;;;;;;
;;;;;;;;;;
;;;;;;;;;;
;;;;;;;;;;
;;;;;;;;;;
;;;;;;;;;;
;;;;;;;;;;
;;;;;;;;;;
;;;;;;;;;;
;;;;;;;;;;
;;;;;;;;;;
;;;;;;;;;;
;;;;;;;;;;
;;;;;;;;;;
;;;;;;;;;;
;;;;;;;;;;
;;;;;;;;;;
;;;;;;;;;;
;;;;;;;;;;
;;;;;;;;;;
;;;;;;;;;;
;;;;;;;;;;
;;;;;;;;;;
;;;;;;;;;;
;;;;;;;;;;
;;;;;;;;;;
;;;;;;;;;;
;;;;;;;;;;
;;;;;;;;;;
;;;;;;;;;;
;;;;;;;;;;
;;;;;;;;;;
;;;;;;;;;;
;;;;;;;;;;
;;;;;;;;;;
;;;;;;;;;;
;;;;;;;;;;
;;;;;;;;;;
;;;;;;;;;;
;;;;;;;;;;
;;;;;;;;;;
;;;;;;;;;;
;;;;;;;;;;
;;;;;;;;;;
;;;;;;;;;;
;;;;;;;;;;
;;;;;;;;;;
;;;;;;;;;;
;;;;;;;;;;
;;;;;;;;;;
;;;;;;;;;;
;;;;;;;;;;
;;;;;;;;;;
;;;;;;;;;;
;;;;;;;;;;
;;;;;;;;;;
;;;;;;;;;;
;;;;;;;;;;
;;;;;;;;;;
;;;;;;;;;;
;;;;;;;;;;
;;;;;;;;;;
;;;;;;;;;;
;;;;;;;;;;
;;;;;;;;;;