﻿;;;;;;;;;;
;;;;;;;;;;
;;;;;;;;;;
;;;;;;;;;;
;;;;;;;;;;
Return to Contents;;;;;;;;;;
_;;;;;;;;;;
Table 3a: Appointments by Status, at National, Regional, Sub-Regional, STP and CCG level, England, July 2019;;;;;;;;;;
;;;;Count of Open GP Practices1;Count of Included GP Practices;Count of Appointments;;"Count of Appointments by 
Appointment Status";;
Type;NHS Area Code;ONS Code;Name;;;Total;;Attended;DNA;Unknown2
Type;NHS Area Code;ONS Code;Name;Open Active Practices;Included Practices;Total;_;Attended;DNA;Unknown
National;ENG;ENG;England;6 904;6 574;25 914 015;;23 342 326;1 330 050;1 241 639
Region;Y56;E40000003;London;1 267;1 179;3 583 310;;3 192 989;244 975;145 346
Region;Y58;E40000006;South West;588;562;2 938 539;;2 660 362;134 653;143 524
Region;Y59;E40000005;South East;904;842;3 869 345;;3 529 094;165 599;174 652
Region;Y60;E40000008;Midlands;1 343;1 307;5 038 790;;4 540 452;257 334;241 004
Region;Y61;E40000007;East of England;705;684;3 057 926;;2 767 680;131 573;158 673
Region;Y62;E40000010;North West;1 046;965;3 040 786;;2 712 494;185 037;143 255
Region;Y63;E40000009;North East and Yorkshire;1 051;1 035;4 385 319;;3 939 255;210 879;235 185
Regional Local Office;Q71;E39000018;NHS England London;1 267;1 179;3 583 310;;3 192 989;244 975;145 346
Regional Local Office;Q72;E39000048;NHS England North East and Yorkshire (Yorkshire and Humber);653;645;2 792 711;;2 507 725;130 212;154 774
Regional Local Office;Q74;E39000047;NHS England North East and Yorkshire (Cumbria and North East);398;390;1 592 608;;1 431 530;80 667;80 411
Regional Local Office;Q75;E39000026;NHS England North West (Cheshire and Merseyside);370;357;1 128 797;;1 006 574;65 481;56 742
Regional Local Office;Q76;E39000032;NHS England Midlands (North Midlands);457;447;1 727 927;;1 562 961;75 824;89 142
Regional Local Office;Q77;E39000033;NHS England Midlands (West Midlands);593;572;2 029 436;;1 820 161;125 146;84 129
Regional Local Office;Q78;E39000045;NHS England Midlands (Central Midlands);293;288;1 281 427;;1 157 330;56 364;67 733
Regional Local Office;Q79;E39000046;NHS England East of England (East);705;684;3 057 926;;2 767 680;131 573;158 673
Regional Local Office;Q83;E39000037;NHS England North West (Greater Manchester);461;405;1 180 799;;1 043 595;78 661;58 543
Regional Local Office;Q84;E39000040;NHS England North West (Lancashire and South Cumbria);215;203;731 190;;662 325;40 895;27 970
Regional Local Office;Q85;E39000044;NHS England South West (South West South);335;321;1 697 819;;1 533 454;80 565;83 800
Regional Local Office;Q86;E39000043;NHS England South West (South West North);253;241;1 240 720;;1 126 908;54 088;59 724
Regional Local Office;Q87;E39000041;NHS England South East (Hampshire, Isle of Wight and Thames Valley);403;377;1 887 132;;1 725 601;81 191;80 340
Regional Local Office;Q88;E39000042;NHS England South East (Kent, Surrey and Sussex);501;465;1 982 213;;1 803 493;84 408;94 312
STP;E54000005;E54000005;West Yorkshire And Harrogate (Health And Care Partnership)  STP;314;311;1 355 231;;1 221 389;59 896;73 946
STP;E54000006;E54000006;Humber, Coast And Vale  STP;148;143;658 517;;593 612;30 348;34 557
STP;E54000007;E54000007;Greater Manchester Health And Social Care Partnership  STP;461;405;1 180 799;;1 043 595;78 661;58 543
STP;E54000008;E54000008;Cheshire And Merseyside  STP;370;357;1 128 797;;1 006 574;65 481;56 742
STP;E54000009;E54000009;South Yorkshire And Bassetlaw  STP;191;191;778 963;;692 724;39 968;46 271
STP;E54000010;E54000010;Staffordshire And Stoke On Trent  STP;153;150;469 281;;427 540;22 067;19 674
STP;E54000011;E54000011;Shropshire And Telford And Wrekin  STP;54;54;230 661;;210 079;10 260;10 322
STP;E54000012;E54000012;Joined Up Care Derbyshire  STP;115;114;518 848;;467 072;20 896;30 880
STP;E54000013;E54000013;Lincolnshire  STP;86;85;384 646;;347 391;15 978;21 277
STP;E54000014;E54000014;Nottingham And Nottinghamshire Health And Care  STP;135;129;509 137;;458 270;22 601;28 266
STP;E54000015;E54000015;Leicester, Leicestershire And Rutland  STP;136;134;539 474;;489 133;26 451;23 890
STP;E54000016;E54000016;The Black Country And West Birmingham  STP;217;210;634 415;;558 500;46 080;29 835
STP;E54000017;E54000017;Birmingham And Solihull  STP;168;160;562 831;;495 035;41 073;26 723
STP;E54000018;E54000018;Coventry And Warwickshire  STP;125;123;433 367;;395 747;21 629;15 991
STP;E54000019;E54000019;Herefordshire And Worcestershire  STP;83;79;398 823;;370 879;16 364;11 580
STP;E54000020;E54000020;Northamptonshire  STP;71;69;357 307;;320 806;13 935;22 566
STP;E54000021;E54000021;Cambridgeshire And Peterborough  STP;88;87;471 027;;427 982;21 853;21 192
STP;E54000022;E54000022;Norfolk And Waveney Health And Care Partnership  STP;106;104;543 616;;493 788;21 932;27 896
STP;E54000023;E54000023;Suffolk And North East Essex  STP;100;96;497 075;;455 197;17 965;23 913
STP;E54000024;E54000024;Bedfordshire, Luton And Milton Keynes  STP;102;100;443 986;;400 848;21 717;21 421
STP;E54000025;E54000025;Hertfordshire And West Essex  STP;147;142;604 645;;539 923;28 808;35 914
STP;E54000026;E54000026;Mid And South Essex  STP;162;155;497 577;;449 942;19 298;28 337
STP;E54000027;E54000027;North West London Health And Care Partnership  STP;362;356;959 409;;851 941;65 135;42 333
STP;E54000028;E54000028;North London Partners In Health And Care  STP;209;172;508 393;;455 331;35 279;17 783
STP;E54000029;E54000029;East London Health And Care Partnership  STP;287;273;829 615;;737 221;60 938;31 456
STP;E54000030;E54000030;Our Healthier South East London  STP;222;201;668 948;;590 128;47 909;30 911
STP;E54000031;E54000031;South West London Health And Care Partnership  STP;187;177;616 945;;558 368;35 714;22 863
STP;E54000032;E54000032;Kent And Medway  STP;214;185;743 379;;670 131;34 797;38 451
STP;E54000033;E54000033;Sussex And East Surrey  STP;196;191;892 713;;814 365;35 547;42 801
STP;E54000034;E54000034;Frimley Health  STP;74;67;316 169;;292 697;14 096;9 376
STP;E54000035;E54000035;Surrey Heartlands  STP;91;89;346 121;;318 997;14 064;13 060
STP;E54000036;E54000036;Cornwall And The Isles Of Scilly  STP;59;57;353 847;;311 871;24 429;17 547
STP;E54000037;E54000037;Devon  STP;128;124;699 539;;638 185;28 015;33 339
STP;E54000038;E54000038;Somerset  STP;65;59;247 960;;226 267;12 332;9 361
STP;E54000039;E54000039;Bristol, North Somerset And South Gloucestershire  STP;83;78;457 987;;419 891;23 726;14 370
STP;E54000040;E54000040;Bath And North East Somerset, Swindon And Wiltshire  STP;95;93;475 265;;430 569;17 962;26 734
STP;E54000041;E54000041;Dorset  STP;83;81;396 473;;357 131;15 789;23 553
STP;E54000042;E54000042;Hampshire And The Isle Of Wight  STP;160;152;801 394;;730 520;35 674;35 200
STP;E54000043;E54000043;Gloucestershire  STP;75;70;307 468;;276 448;12 400;18 620
STP;E54000044;E54000044;Buckinghamshire, Oxfordshire And Berkshire West  STP;169;158;769 569;;702 384;31 421;35 764
STP;E54000048;E54000048;Healthier Lancashire And South Cumbria  STP;215;203;731 190;;662 325;40 895;27 970
STP;E54000049;E54000049;Cumbria And North East  STP;398;390;1 592 608;;1 431 530;80 667;80 411
CCG;00C;E38000042;NHS Darlington CCG;11;11;51 244;;45 122;2 844;3 278
CCG;00D;E38000047;NHS Durham Dales, Easington and Sedgefield CCG;35;35;172 420;;153 676;8 519;10 225
CCG;00J;E38000116;NHS North Durham CCG;30;30;138 692;;124 786;6 336;7 570
CCG;00K;E38000075;NHS Hartlepool and Stockton-on-Tees CCG;32;32;131 698;;115 715;6 944;9 039
CCG;00L;E38000130;NHS Northumberland CCG;41;40;176 510;;160 711;7 043;8 756
CCG;00M;E38000162;NHS South Tees CCG;38;35;157 070;;140 041;8 244;8 785
CCG;00N;E38000163;NHS South Tyneside CCG;21;21;66 143;;60 249;3 482;2 412
CCG;00P;E38000176;NHS Sunderland CCG;41;40;126 452;;113 997;7 907;4 548
CCG;00Q;E38000014;NHS Blackburn with Darwen CCG;23;22;63 706;;55 653;5 318;2 735
CCG;00R;E38000015;NHS Blackpool CCG;19;18;85 494;;78 184;5 068;2 242
CCG;00T;E38000016;NHS Bolton CCG;49;48;145 146;;126 183;9 972;8 991
CCG;00V;E38000024;NHS Bury CCG;26;3;10 079;;8 800;616;663
CCG;00X;E38000034;NHS Chorley and South Ribble CCG;30;27;70 598;;64 225;3 051;3 322
CCG;00Y;E38000135;NHS Oldham CCG;43;41;108 754;;98 367;7 101;3 286
CCG;01A;E38000050;NHS East Lancashire CCG;51;49;154 110;;134 881;11 434;7 795
CCG;01C;E38000056;NHS Eastern Cheshire CCG;21;19;83 298;;75 725;3 781;3 792
CCG;01D;E38000080;NHS Heywood, Middleton and Rochdale CCG;41;36;102 490;;91 872;6 700;3 918
CCG;01E;E38000227;NHS Greater Preston CCG;23;22;68 655;;61 859;3 792;3 004
CCG;01F;E38000068;NHS Halton CCG;14;14;60 517;;51 872;3 972;4 673
CCG;01G;E38000143;NHS Salford CCG;45;38;127 322;;107 013;9 738;10 571
CCG;01H;E38000215;NHS North Cumbria CCG;39;39;178 490;;163 868;7 729;6 893
CCG;01J;E38000091;NHS Knowsley CCG;25;25;75 078;;65 242;5 554;4 282
CCG;01K;E38000228;NHS Morecambe Bay CCG;35;33;153 571;;142 040;6 955;4 576
CCG;01R;E38000151;NHS South Cheshire CCG;17;17;81 857;;71 907;4 139;5 811
CCG;01T;E38000161;NHS South Sefton CCG;31;29;53 257;;48 559;3 289;1 409
CCG;01V;E38000170;NHS Southport and Formby CCG;17;17;54 371;;49 422;2 363;2 586
CCG;01W;E38000174;NHS Stockport CCG;38;35;127 922;;115 331;7 070;5 521
CCG;01X;E38000172;NHS St Helens CCG;34;34;82 769;;73 972;5 139;3 658
CCG;01Y;E38000182;NHS Tameside and Glossop CCG;37;37;108 670;;97 654;6 902;4 114
CCG;02A;E38000187;NHS Trafford CCG;32;28;82 915;;74 856;4 433;3 626
CCG;02D;E38000189;NHS Vale Royal CCG;12;12;44 439;;39 697;2 421;2 321
CCG;02E;E38000194;NHS Warrington CCG;26;26;86 236;;78 461;3 704;4 071
CCG;02F;E38000196;NHS West Cheshire CCG;35;30;116 477;;106 898;5 834;3 745
CCG;02G;E38000200;NHS West Lancashire CCG;15;14;47 554;;43 695;2 189;1 670
CCG;02H;E38000205;NHS Wigan Borough CCG;61;59;128 975;;114 431;7 379;7 165
CCG;02M;E38000226;NHS Fylde and Wyre CCG;19;18;87 502;;81 788;3 088;2 626
CCG;02N;E38000001;NHS Airedale, Wharfedale and Craven CCG;16;16;91 093;;81 800;3 052;6 241
CCG;02P;E38000006;NHS Barnsley CCG;33;33;128 107;;115 272;6 452;6 383
CCG;02Q;E38000008;NHS Bassetlaw CCG;9;9;61 374;;55 642;2 847;2 885
CCG;02R;E38000019;NHS Bradford Districts CCG;32;32;177 752;;159 352;7 292;11 108
CCG;02T;E38000025;NHS Calderdale CCG;26;25;105 299;;95 313;4 417;5 569
CCG;02W;E38000018;NHS Bradford City CCG;25;25;81 722;;71 951;5 301;4 470
CCG;02X;E38000044;NHS Doncaster CCG;40;40;157 032;;141 883;8 281;6 868
CCG;02Y;E38000052;NHS East Riding of Yorkshire CCG;30;28;132 698;;120 962;5 375;6 361
CCG;03A;E38000064;NHS Greater Huddersfield CCG;37;37;109 424;;98 845;4 987;5 592
CCG;03D;E38000069;NHS Hambleton, Richmondshire and Whitby CCG;22;21;72 757;;66 570;2 676;3 511
CCG;03E;E38000073;NHS Harrogate and Rural District CCG;17;17;79 822;;73 725;2 933;3 164
CCG;03F;E38000085;NHS Hull CCG;35;34;120 976;;106 986;8 478;5 512
CCG;03H;E38000119;NHS North East Lincolnshire CCG;26;25;96 667;;87 686;4 423;4 558
CCG;03J;E38000121;NHS North Kirklees CCG;28;27;93 354;;84 195;4 698;4 461
CCG;03K;E38000122;NHS North Lincolnshire CCG;19;19;92 115;;82 880;3 069;6 166
CCG;03L;E38000141;NHS Rotherham CCG;30;30;133 262;;117 081;6 549;9 632
CCG;03M;E38000145;NHS Scarborough and Ryedale CCG;12;12;66 939;;59 548;2 872;4 519
CCG;03N;E38000146;NHS Sheffield CCG;79;79;299 188;;262 846;15 839;20 503
CCG;03Q;E38000188;NHS Vale of York CCG;26;25;149 122;;135 550;6 131;7 441
CCG;03R;E38000190;NHS Wakefield CCG;37;36;199 542;;180 685;7 963;10 894
CCG;03T;E38000099;NHS Lincolnshire East CCG;26;26;126 853;;114 801;6 021;6 031
CCG;03V;E38000037;NHS Corby CCG;5;5;40 085;;32 699;1 523;5 863
CCG;03W;E38000051;NHS East Leicestershire and Rutland CCG;31;30;170 555;;155 709;6 849;7 997
CCG;04C;E38000097;NHS Leicester City CCG;57;57;179 159;;159 464;11 827;7 868
CCG;04D;E38000100;NHS Lincolnshire West CCG;30;29;99 808;;90 356;4 253;5 199
CCG;04E;E38000103;NHS Mansfield and Ashfield CCG;26;26;101 131;;90 516;4 164;6 451
CCG;04F;E38000107;NHS Milton Keynes CCG;27;27;131 998;;119 223;6 242;6 533
CCG;04G;E38000108;NHS Nene CCG;66;64;317 222;;288 107;12 412;16 703
CCG;04H;E38000109;NHS Newark and Sherwood CCG;14;14;66 658;;61 413;2 622;2 623
CCG;04K;E38000132;NHS Nottingham City CCG;54;49;155 045;;136 148;9 182;9 715
CCG;04L;E38000133;NHS Nottingham North and East CCG;17;16;62 531;;56 352;2 374;3 805
CCG;04M;E38000134;NHS Nottingham West CCG;12;12;59 024;;53 851;2 094;3 079
CCG;04N;E38000142;NHS Rushcliffe CCG;12;12;64 748;;59 990;2 165;2 593
CCG;04Q;E38000165;NHS South West  Lincolnshire CCG;17;17;65 638;;58 722;2 333;4 583
CCG;04V;E38000201;NHS West Leicestershire CCG;48;47;189 760;;173 960;7 775;8 025
CCG;04Y;E38000028;NHS Cannock Chase CCG;24;23;57 566;;51 799;2 603;3 164
CCG;05A;E38000038;NHS Coventry and Rugby CCG;66;65;207 507;;187 959;12 556;6 992
CCG;05C;E38000046;NHS Dudley CCG;43;43;134 811;;121 203;7 718;5 890
CCG;05D;E38000053;NHS East Staffordshire CCG;18;17;60 643;;55 309;2 140;3 194
CCG;05F;E38000078;NHS Herefordshire CCG;20;20;96 731;;90 502;3 796;2 433
CCG;05G;E38000126;NHS North Staffordshire CCG;30;30;84 321;;77 749;3 295;3 277
CCG;05H;E38000195;NHS Warwickshire North CCG;26;25;79 761;;71 721;4 047;3 993
CCG;05J;E38000139;NHS Redditch and Bromsgrove CCG;21;21;84 854;;78 718;3 580;2 556
CCG;05L;E38000144;NHS Sandwell and West Birmingham CCG;82;78;253 255;;219 885;20 728;12 642
CCG;05N;E38000147;NHS Shropshire CCG;41;41;151 363;;137 497;6 186;7 680
CCG;05Q;E38000153;NHS South East Staffordshire and Seisdon Peninsula CCG;26;25;93 442;;86 535;4 042;2 865
CCG;05R;E38000164;NHS South Warwickshire CCG;33;33;146 099;;136 067;5 026;5 006
CCG;05T;E38000166;NHS South Worcestershire CCG;31;27;141 530;;130 545;5 835;5 150
CCG;05V;E38000173;NHS Stafford and Surrounds CCG;14;14;67 382;;62 157;2 811;2 414
CCG;05W;E38000175;NHS Stoke on Trent CCG;41;41;105 927;;93 991;7 176;4 760
CCG;05X;E38000183;NHS Telford and Wrekin CCG;13;13;79 298;;72 582;4 074;2 642
CCG;05Y;E38000191;NHS Walsall CCG;52;50;138 023;;122 535;9 295;6 193
CCG;06A;E38000210;NHS Wolverhampton CCG;40;39;108 326;;94 877;8 339;5 110
CCG;06D;E38000211;NHS Wyre Forest CCG;11;11;75 708;;71 114;3 153;1 441
CCG;06F;E38000010;NHS Bedfordshire CCG;48;47;216 436;;196 257;8 900;11 279
CCG;06H;E38000026;NHS Cambridgeshire and Peterborough CCG;88;87;471 027;;427 982;21 853;21 192
CCG;06K;E38000049;NHS East and North Hertfordshire CCG;57;52;227 609;;200 678;9 561;17 370
CCG;06L;E38000086;NHS Ipswich and East Suffolk CCG;41;40;204 518;;185 678;6 786;12 054
CCG;06M;E38000063;NHS Great Yarmouth and Waveney CCG;19;19;113 678;;102 067;6 112;5 499
CCG;06N;E38000079;NHS Herts Valley CCG;58;58;254 738;;229 204;13 496;12 038
CCG;06P;E38000102;NHS Luton CCG;27;26;95 552;;85 368;6 575;3 609
CCG;06Q;E38000106;NHS Mid Essex CCG;45;41;170 784;;155 451;6 120;9 213
CCG;06T;E38000117;NHS North East Essex CCG;35;32;173 850;;160 024;7 036;6 790
CCG;06V;E38000124;NHS North Norfolk CCG;19;19;98 296;;89 272;3 708;5 316
CCG;06W;E38000218;NHS Norwich CCG;23;22;114 204;;102 940;4 530;6 734
CCG;06Y;E38000219;NHS South Norfolk CCG;24;23;112 423;;103 562;3 841;5 020
CCG;07G;E38000185;NHS Thurrock CCG;28;28;82 622;;74 419;4 064;4 139
CCG;07H;E38000197;NHS West Essex CCG;32;32;122 298;;110 041;5 751;6 506
CCG;07J;E38000203;NHS West Norfolk CCG;21;21;105 015;;95 947;3 741;5 327
CCG;07K;E38000204;NHS West Suffolk CCG;24;24;118 707;;109 495;4 143;5 069
CCG;07L;E38000004;NHS Barking and Dagenham CCG;34;32;80 929;;70 006;6 139;4 784
CCG;07M;E38000005;NHS Barnet CCG;54;43;115 572;;105 326;5 687;4 559
CCG;07N;E38000011;NHS Bexley CCG;23;15;65 569;;56 310;3 909;5 350
CCG;07P;E38000020;NHS Brent CCG;56;56;153 243;;135 702;11 868;5 673
CCG;07Q;E38000023;NHS Bromley CCG;45;43;110 513;;99 232;5 250;6 031
CCG;07R;E38000027;NHS Camden CCG;36;32;89 285;;79 962;6 651;2 672
CCG;07T;E38000035;NHS City and Hackney CCG;42;39;133 285;;119 342;10 273;3 670
CCG;07V;E38000040;NHS Croydon CCG;52;48;152 839;;137 520;9 543;5 776
CCG;07W;E38000048;NHS Ealing CCG;76;74;183 952;;164 481;12 086;7 385
CCG;07X;E38000057;NHS Enfield CCG;47;32;107 397;;94 977;7 513;4 907
CCG;07Y;E38000084;NHS Hounslow CCG;46;46;129 303;;114 564;7 859;6 880
CCG;08A;E38000066;NHS Greenwich CCG;35;33;105 271;;90 198;7 346;7 727
CCG;08C;E38000070;NHS Hammersmith and Fulham CCG;30;28;84 316;;74 448;5 228;4 640
CCG;08D;E38000072;NHS Haringey CCG;38;37;103 354;;92 460;7 631;3 263
CCG;08E;E38000074;NHS Harrow CCG;33;32;103 966;;91 939;6 614;5 413
CCG;08F;E38000077;NHS Havering CCG;42;39;90 301;;80 604;5 008;4 689
CCG;08G;E38000082;NHS Hillingdon CCG;45;45;113 950;;102 633;7 605;3 712
CCG;08H;E38000088;NHS Islington CCG;34;28;92 785;;82 606;7 797;2 382
CCG;08J;E38000090;NHS Kingston CCG;21;21;76 518;;71 556;3 629;1 333
CCG;08K;E38000092;NHS Lambeth CCG;46;38;147 191;;131 456;11 177;4 558
CCG;08L;E38000098;NHS Lewisham CCG;36;36;115 587;;103 313;9 202;3 072
CCG;08M;E38000113;NHS Newham CCG;52;48;144 027;;125 706;12 984;5 337
CCG;08N;E38000138;NHS Redbridge CCG;42;42;122 194;;108 758;7 442;5 994
CCG;08P;E38000140;NHS Richmond CCG;27;24;79 112;;67 855;4 257;7 000
CCG;08Q;E38000171;NHS Southwark CCG;37;36;124 817;;109 619;11 025;4 173
CCG;08R;E38000105;NHS Merton CCG;22;21;74 150;;67 945;4 459;1 746
CCG;08T;E38000179;NHS Sutton CCG;23;23;79 235;;73 191;3 680;2 364
CCG;08V;E38000186;NHS Tower Hamlets CCG;35;34;149 719;;133 449;12 249;4 021
CCG;08W;E38000192;NHS Waltham Forest CCG;40;39;109 160;;99 356;6 843;2 961
CCG;08X;E38000193;NHS Wandsworth CCG;42;40;155 091;;140 301;10 146;4 644
CCG;08Y;E38000202;NHS West London CCG;42;42;109 563;;95 662;8 346;5 555
CCG;09A;E38000031;NHS Central London (Westminster) CCG;34;33;81 116;;72 512;5 529;3 075
CCG;09C;E38000002;NHS Ashford CCG;11;11;76 709;;72 234;2 678;1 797
CCG;09D;E38000021;NHS Brighton and Hove CCG;35;33;122 103;;109 104;5 785;7 214
CCG;09E;E38000029;NHS Canterbury and Coastal CCG;14;14;118 830;;109 268;5 136;4 426
CCG;09F;E38000055;NHS Eastbourne, Hailsham and Seaford CCG;20;20;108 262;;99 490;4 388;4 384
CCG;09G;E38000213;NHS Coastal West Sussex CCG;47;46;254 570;;233 355;8 930;12 285
CCG;09H;E38000039;NHS Crawley CCG;12;12;58 028;;52 543;2 084;3 401
CCG;09J;E38000043;NHS Dartford, Gravesham and Swanley CCG;30;17;57 142;;49 348;3 111;4 683
CCG;09L;E38000054;NHS East Surrey CCG;17;17;79 468;;73 422;3 891;2 155
CCG;09N;E38000214;NHS Guildford and Waverley CCG;21;21;90 208;;84 081;3 457;2 670
CCG;09P;E38000076;NHS Hastings and Rother CCG;23;23;100 798;;91 899;4 509;4 390
CCG;09W;E38000104;NHS Medway CCG;45;45;101 415;;91 008;4 939;5 468
CCG;09X;E38000083;NHS Horsham and Mid Sussex CCG;23;22;94 280;;85 698;3 411;5 171
CCG;09Y;E38000128;NHS North West Surrey CCG;40;38;134 550;;124 034;5 771;4 745
CCG;10A;E38000156;NHS South Kent Coast CCG;28;21;75 945;;68 059;3 404;4 482
CCG;10C;E38000178;NHS Surrey Heath CCG;7;7;49 204;;46 125;1 943;1 136
CCG;10D;E38000180;NHS Swale CCG;17;17;46 779;;42 051;2 665;2 063
CCG;10E;E38000184;NHS Thanet CCG;14;13;61 779;;55 790;2 706;3 283
CCG;10J;E38000120;NHS North Hampshire CCG;15;14;103 902;;97 146;3 772;2 984
CCG;10K;E38000059;NHS Fareham and Gosport CCG;17;17;90 239;;83 522;3 662;3 055
CCG;10L;E38000087;NHS Isle of Wight CCG;16;16;78 023;;66 502;5 866;5 655
CCG;10Q;E38000136;NHS Oxfordshire CCG;70;67;330 011;;304 751;14 073;11 187
CCG;10R;E38000137;NHS Portsmouth CCG;16;15;90 274;;81 283;4 462;4 529
CCG;10V;E38000154;NHS South Eastern Hampshire CCG;20;19;92 287;;84 049;3 827;4 411
CCG;10X;E38000167;NHS Southampton CCG;27;27;116 915;;105 988;6 181;4 746
CCG;11A;E38000198;NHS West Hampshire CCG;49;44;229 754;;212 030;7 904;9 820
CCG;11E;E38000009;NHS Bath and North East Somerset CCG;24;23;96 039;;86 255;4 194;5 590
CCG;11J;E38000045;NHS Dorset CCG;83;81;396 473;;357 131;15 789;23 553
CCG;11M;E38000062;NHS Gloucestershire CCG;75;70;307 468;;276 448;12 400;18 620
CCG;11N;E38000089;NHS Kernow CCG;59;57;353 847;;311 871;24 429;17 547
CCG;11X;E38000150;NHS Somerset CCG;65;59;247 960;;226 267;12 332;9 361
CCG;12D;E38000181;NHS Swindon CCG;23;23;111 457;;98 208;4 921;8 328
CCG;12F;E38000208;NHS Wirral CCG;50;48;166 808;;145 529;9 593;11 686
CCG;13T;E38000212;NHS Newcastle Gateshead CCG;61;59;222 756;;198 871;13 906;9 979
CCG;14L;E38000217;NHS Manchester CCG;89;80;238 526;;209 088;18 750;10 688
CCG;14Y;E38000223;NHS Buckinghamshire CCG;50;45;215 835;;202 035;7 393;6 407
CCG;15A;E38000221;NHS Berkshire West;49;46;223 723;;195 598;9 955;18 170
CCG;15C;E38000222;NHS Bristol, North Somerset and South Gloucestershire CCG;83;78;457 987;;419 891;23 726;14 370
CCG;15D;E38000224;NHS East Berkshire CCG;47;42;176 207;;162 086;8 472;5 649
CCG;15E;E38000220;NHS Birmingham and Solihull CCG;168;160;562 831;;495 035;41 073;26 723
CCG;15F;E38000225;NHS Leeds CCG;96;96;417 223;;375 523;19 253;22 447
CCG;15M;E38000229;NHS Derby and Derbyshire CCG;115;114;518 848;;467 072;20 896;30 880
CCG;15N;E38000230;NHS Devon CCG;128;124;699 539;;638 185;28 015;33 339
CCG;99A;E38000101;NHS Liverpool CCG;88;86;223 690;;199 290;15 692;8 708
CCG;99C;E38000127;NHS North Tyneside CCG;27;27;98 376;;87 924;5 037;5 415
CCG;99D;E38000157;NHS South Lincolnshire CCG;13;13;92 347;;83 512;3 371;5 464
CCG;99E;E38000007;NHS Basildon and Brentwood CCG;37;37;106 293;;95 805;4 149;6 339
CCG;99F;E38000030;NHS Castle Point and Rochford CCG;23;22;68 583;;62 122;2 224;4 237
CCG;99G;E38000168;NHS Southend CCG;29;27;69 295;;62 145;2 741;4 409
CCG;99H;E38000177;NHS Surrey Downs CCG;30;30;121 363;;110 882;4 836;5 645
CCG;99J;E38000199;NHS West Kent CCG;55;47;204 780;;182 373;10 158;12 249
CCG;99K;E38000081;NHS High Weald Lewes Havens CCG;19;18;75 204;;68 854;2 549;3 801
CCG;99M;E38000118;NHS North East Hampshire and Farnham CCG;20;18;90 758;;84 486;3 681;2 591
CCG;99N;E38000206;NHS Wiltshire CCG;48;47;267 769;;246 106;8 847;12 816
;;;;;;;;;;
Source: NHS Digital;;;;;;;;;;
;;;;;;;;;;
Notes:;;;;;;;;;;
1;CCGs are only included if there is data for more than one practice within the CCG, therefore the total count of open GP practices by CCG may not equal the national total;;;;;;;;;
2;"At the time of the appointment a ‘Booked’ status will usually be changed to either ‘Attended’ or ‘DNA’. In some cases (4-7% of monthly appointments), the final status of an appointment remains as ‘Booked’. It is not known from the data whether these appointments were actually attended or not. From a sample audit these were found to be consultations where the status has not been updated to say if patients had attended or not. 
For this reason, these appointments are reported as ""Unknown"" status";;;;;;;;;
_;;;;;;;;;;
Copyright © 2019 Health and Social Care Information Centre. The Health and Social Care Information Centre is a non-departmental body created by statute, also known as NHS Digital.;;;;;;;;;;
;;;;;;;;;;
;;;;;;;;;;
;;;;;;;;;;
;;;;;;;;;;
;;;;;;;;;;
;;;;;;;;;;
;;;;;;;;;;
;;;;;;;;;;
;;;;;;;;;;
;;;;;;;;;;
;;;;;;;;;;
;;;;;;;;;;
;;;;;;;;;;
;;;;;;;;;;
;;;;;;;;;;
;;;;;;;;;;
;;;;;;;;;;
;;;;;;;;;;
;;;;;;;;;;
;;;;;;;;;;
;;;;;;;;;;
;;;;;;;;;;
;;;;;;;;;;
;;;;;;;;;;
;;;;;;;;;;
;;;;;;;;;;
;;;;;;;;;;
;;;;;;;;;;
;;;;;;;;;;
;;;;;;;;;;
;;;;;;;;;;
;;;;;;;;;;
;;;;;;;;;;
;;;;;;;;;;
;;;;;;;;;;
;;;;;;;;;;
;;;;;;;;;;
;;;;;;;;;;
;;;;;;;;;;
;;;;;;;;;;
;;;;;;;;;;
;;;;;;;;;;
;;;;;;;;;;
;;;;;;;;;;
;;;;;;;;;;
;;;;;;;;;;
;;;;;;;;;;
;;;;;;;;;;
;;;;;;;;;;
;;;;;;;;;;
;;;;;;;;;;
;;;;;;;;;;
;;;;;;;;;;
;;;;;;;;;;
;;;;;;;;;;
;;;;;;;;;;
;;;;;;;;;;
;;;;;;;;;;
;;;;;;;;;;
;;;;;;;;;;
;;;;;;;;;;
;;;;;;;;;;
;;;;;;;;;;
;;;;;;;;;;
;;;;;;;;;;
;;;;;;;;;;
;;;;;;;;;;
;;;;;;;;;;
;;;;;;;;;;
;;;;;;;;;;
;;;;;;;;;;
;;;;;;;;;;
;;;;;;;;;;
;;;;;;;;;;
;;;;;;;;;;
;;;;;;;;;;
;;;;;;;;;;
;;;;;;;;;;
;;;;;;;;;;
;;;;;;;;;;
;;;;;;;;;;
;;;;;;;;;;
;;;;;;;;;;
;;;;;;;;;;
;;;;;;;;;;
;;;;;;;;;;
;;;;;;;;;;
;;;;;;;;;;
;;;;;;;;;;
;;;;;;;;;;
;;;;;;;;;;
;;;;;;;;;;
;;;;;;;;;;
;;;;;;;;;;
;;;;;;;;;;
;;;;;;;;;;
;;;;;;;;;;
;;;;;;;;;;
;;;;;;;;;;
;;;;;;;;;;
;;;;;;;;;;
;;;;;;;;;;
;;;;;;;;;;
;;;;;;;;;;
;;;;;;;;;;
;;;;;;;;;;
;;;;;;;;;;
;;;;;;;;;;
;;;;;;;;;;
;;;;;;;;;;
;;;;;;;;;;
;;;;;;;;;;
;;;;;;;;;;
;;;;;;;;;;
;;;;;;;;;;
;;;;;;;;;;
;;;;;;;;;;
;;;;;;;;;;
;;;;;;;;;;
;;;;;;;;;;
;;;;;;;;;;
;;;;;;;;;;
;;;;;;;;;;
;;;;;;;;;;
;;;;;;;;;;
;;;;;;;;;;
;;;;;;;;;;
;;;;;;;;;;
;;;;;;;;;;
;;;;;;;;;;
;;;;;;;;;;
;;;;;;;;;;
;;;;;;;;;;
;;;;;;;;;;
;;;;;;;;;;
;;;;;;;;;;
;;;;;;;;;;
;;;;;;;;;;
;;;;;;;;;;
;;;;;;;;;;
;;;;;;;;;;
;;;;;;;;;;
;;;;;;;;;;
;;;;;;;;;;
;;;;;;;;;;
;;;;;;;;;;
;;;;;;;;;;
;;;;;;;;;;
;;;;;;;;;;
;;;;;;;;;;
;;;;;;;;;;
;;;;;;;;;;
;;;;;;;;;;
;;;;;;;;;;
;;;;;;;;;;
;;;;;;;;;;
;;;;;;;;;;
;;;;;;;;;;
;;;;;;;;;;
;;;;;;;;;;
;;;;;;;;;;
;;;;;;;;;;
;;;;;;;;;;
;;;;;;;;;;
;;;;;;;;;;
;;;;;;;;;;
;;;;;;;;;;
;;;;;;;;;;
;;;;;;;;;;
;;;;;;;;;;
;;;;;;;;;;
;;;;;;;;;;
;;;;;;;;;;
;;;;;;;;;;
;;;;;;;;;;
;;;;;;;;;;
;;;;;;;;;;
;;;;;;;;;;
;;;;;;;;;;
;;;;;;;;;;
;;;;;;;;;;
;;;;;;;;;;
;;;;;;;;;;
;;;;;;;;;;
;;;;;;;;;;
;;;;;;;;;;
;;;;;;;;;;
;;;;;;;;;;
;;;;;;;;;;
;;;;;;;;;;
;;;;;;;;;;
;;;;;;;;;;
;;;;;;;;;;
;;;;;;;;;;
;;;;;;;;;;
;;;;;;;;;;
;;;;;;;;;;
;;;;;;;;;;
;;;;;;;;;;
;;;;;;;;;;
;;;;;;;;;;
;;;;;;;;;;
;;;;;;;;;;
;;;;;;;;;;
;;;;;;;;;;
;;;;;;;;;;
;;;;;;;;;;
;;;;;;;;;;
;;;;;;;;;;
;;;;;;;;;;
;;;;;;;;;;
;;;;;;;;;;
;;;;;;;;;;
;;;;;;;;;;
;;;;;;;;;;
;;;;;;;;;;
;;;;;;;;;;
;;;;;;;;;;
;;;;;;;;;;
;;;;;;;;;;
;;;;;;;;;;
;;;;;;;;;;
;;;;;;;;;;
;;;;;;;;;;
;;;;;;;;;;
;;;;;;;;;;
;;;;;;;;;;
;;;;;;;;;;
;;;;;;;;;;
;;;;;;;;;;
;;;;;;;;;;
;;;;;;;;;;
;;;;;;;;;;
;;;;;;;;;;
;;;;;;;;;;
;;;;;;;;;;
;;;;;;;;;;
;;;;;;;;;;
;;;;;;;;;;
;;;;;;;;;;
;;;;;;;;;;
;;;;;;;;;;
;;;;;;;;;;
;;;;;;;;;;
;;;;;;;;;;
;;;;;;;;;;
;;;;;;;;;;
;;;;;;;;;;
;;;;;;;;;;
;;;;;;;;;;
;;;;;;;;;;
;;;;;;;;;;
;;;;;;;;;;
;;;;;;;;;;
;;;;;;;;;;
;;;;;;;;;;
;;;;;;;;;;
;;;;;;;;;;
;;;;;;;;;;
;;;;;;;;;;
;;;;;;;;;;
;;;;;;;;;;
;;;;;;;;;;
;;;;;;;;;;
;;;;;;;;;;
;;;;;;;;;;
;;;;;;;;;;
;;;;;;;;;;
;;;;;;;;;;
;;;;;;;;;;
;;;;;;;;;;
;;;;;;;;;;
;;;;;;;;;;
;;;;;;;;;;
;;;;;;;;;;
;;;;;;;;;;
;;;;;;;;;;
;;;;;;;;;;
;;;;;;;;;;
;;;;;;;;;;
;;;;;;;;;;
;;;;;;;;;;
;;;;;;;;;;
;;;;;;;;;;
;;;;;;;;;;
;;;;;;;;;;
;;;;;;;;;;
;;;;;;;;;;
;;;;;;;;;;
;;;;;;;;;;
;;;;;;;;;;
;;;;;;;;;;
;;;;;;;;;;
;;;;;;;;;;
;;;;;;;;;;
;;;;;;;;;;
;;;;;;;;;;
;;;;;;;;;;
;;;;;;;;;;
;;;;;;;;;;
;;;;;;;;;;
;;;;;;;;;;
;;;;;;;;;;
;;;;;;;;;;
;;;;;;;;;;
;;;;;;;;;;
;;;;;;;;;;
;;;;;;;;;;
;;;;;;;;;;
;;;;;;;;;;
;;;;;;;;;;
;;;;;;;;;;
;;;;;;;;;;
;;;;;;;;;;
;;;;;;;;;;
;;;;;;;;;;
;;;;;;;;;;
;;;;;;;;;;
;;;;;;;;;;
;;;;;;;;;;
;;;;;;;;;;
;;;;;;;;;;
;;;;;;;;;;
;;;;;;;;;;
;;;;;;;;;;
;;;;;;;;;;
;;;;;;;;;;
;;;;;;;;;;
;;;;;;;;;;
;;;;;;;;;;
;;;;;;;;;;
;;;;;;;;;;
;;;;;;;;;;
;;;;;;;;;;
;;;;;;;;;;
;;;;;;;;;;
;;;;;;;;;;
;;;;;;;;;;
;;;;;;;;;;
;;;;;;;;;;
;;;;;;;;;;
;;;;;;;;;;
;;;;;;;;;;
;;;;;;;;;;
;;;;;;;;;;
;;;;;;;;;;
;;;;;;;;;;
;;;;;;;;;;
;;;;;;;;;;
;;;;;;;;;;
;;;;;;;;;;
;;;;;;;;;;
;;;;;;;;;;
;;;;;;;;;;
;;;;;;;;;;
;;;;;;;;;;
;;;;;;;;;;
;;;;;;;;;;
;;;;;;;;;;
;;;;;;;;;;
;;;;;;;;;;
;;;;;;;;;;
;;;;;;;;;;
;;;;;;;;;;
;;;;;;;;;;
;;;;;;;;;;
;;;;;;;;;;
;;;;;;;;;;
;;;;;;;;;;
;;;;;;;;;;
;;;;;;;;;;
;;;;;;;;;;
;;;;;;;;;;
;;;;;;;;;;
;;;;;;;;;;
;;;;;;;;;;
;;;;;;;;;;
;;;;;;;;;;
;;;;;;;;;;
;;;;;;;;;;
;;;;;;;;;;
;;;;;;;;;;
;;;;;;;;;;
;;;;;;;;;;
;;;;;;;;;;
;;;;;;;;;;
;;;;;;;;;;
;;;;;;;;;;
;;;;;;;;;;
;;;;;;;;;;
;;;;;;;;;;
;;;;;;;;;;
;;;;;;;;;;
;;;;;;;;;;
;;;;;;;;;;
;;;;;;;;;;
;;;;;;;;;;
;;;;;;;;;;
;;;;;;;;;;
;;;;;;;;;;
;;;;;;;;;;
;;;;;;;;;;
;;;;;;;;;;
;;;;;;;;;;
;;;;;;;;;;
;;;;;;;;;;
;;;;;;;;;;
;;;;;;;;;;
;;;;;;;;;;
;;;;;;;;;;
;;;;;;;;;;
;;;;;;;;;;
;;;;;;;;;;
;;;;;;;;;;
;;;;;;;;;;
;;;;;;;;;;
;;;;;;;;;;
;;;;;;;;;;
;;;;;;;;;;
;;;;;;;;;;
;;;;;;;;;;
;;;;;;;;;;
;;;;;;;;;;
;;;;;;;;;;
;;;;;;;;;;
;;;;;;;;;;
;;;;;;;;;;
;;;;;;;;;;
;;;;;;;;;;
;;;;;;;;;;
;;;;;;;;;;
;;;;;;;;;;
;;;;;;;;;;
;;;;;;;;;;
;;;;;;;;;;
;;;;;;;;;;
;;;;;;;;;;
;;;;;;;;;;
;;;;;;;;;;
;;;;;;;;;;
;;;;;;;;;;
;;;;;;;;;;
;;;;;;;;;;
;;;;;;;;;;
;;;;;;;;;;
;;;;;;;;;;
;;;;;;;;;;
;;;;;;;;;;
;;;;;;;;;;
;;;;;;;;;;
;;;;;;;;;;
;;;;;;;;;;
;;;;;;;;;;
;;;;;;;;;;
;;;;;;;;;;
;;;;;;;;;;
;;;;;;;;;;
;;;;;;;;;;
;;;;;;;;;;
;;;;;;;;;;
;;;;;;;;;;
;;;;;;;;;;
;;;;;;;;;;
;;;;;;;;;;
;;;;;;;;;;
;;;;;;;;;;
;;;;;;;;;;
;;;;;;;;;;
;;;;;;;;;;
;;;;;;;;;;
;;;;;;;;;;
;;;;;;;;;;
;;;;;;;;;;
;;;;;;;;;;
;;;;;;;;;;
;;;;;;;;;;
;;;;;;;;;;
;;;;;;;;;;
;;;;;;;;;;
;;;;;;;;;;
;;;;;;;;;;
;;;;;;;;;;
;;;;;;;;;;
;;;;;;;;;;
;;;;;;;;;;
;;;;;;;;;;
;;;;;;;;;;
;;;;;;;;;;
;;;;;;;;;;
;;;;;;;;;;
;;;;;;;;;;
;;;;;;;;;;
;;;;;;;;;;
;;;;;;;;;;
;;;;;;;;;;
;;;;;;;;;;
;;;;;;;;;;
;;;;;;;;;;
;;;;;;;;;;
;;;;;;;;;;
;;;;;;;;;;
;;;;;;;;;;
;;;;;;;;;;
;;;;;;;;;;
;;;;;;;;;;
;;;;;;;;;;
;;;;;;;;;;
;;;;;;;;;;
;;;;;;;;;;
;;;;;;;;;;
;;;;;;;;;;
;;;;;;;;;;
;;;;;;;;;;
;;;;;;;;;;
;;;;;;;;;;
;;;;;;;;;;
;;;;;;;;;;
;;;;;;;;;;
;;;;;;;;;;
;;;;;;;;;;
;;;;;;;;;;
;;;;;;;;;;
;;;;;;;;;;
;;;;;;;;;;
;;;;;;;;;;
;;;;;;;;;;
;;;;;;;;;;
;;;;;;;;;;
;;;;;;;;;;
;;;;;;;;;;
;;;;;;;;;;
;;;;;;;;;;
;;;;;;;;;;
;;;;;;;;;;
;;;;;;;;;;
;;;;;;;;;;
;;;;;;;;;;
;;;;;;;;;;
;;;;;;;;;;
;;;;;;;;;;
;;;;;;;;;;
;;;;;;;;;;
;;;;;;;;;;
;;;;;;;;;;
;;;;;;;;;;
;;;;;;;;;;
;;;;;;;;;;
;;;;;;;;;;
;;;;;;;;;;
;;;;;;;;;;
;;;;;;;;;;
;;;;;;;;;;
;;;;;;;;;;
;;;;;;;;;;
;;;;;;;;;;
;;;;;;;;;;
;;;;;;;;;;
;;;;;;;;;;
;;;;;;;;;;
;;;;;;;;;;
;;;;;;;;;;
;;;;;;;;;;
;;;;;;;;;;
;;;;;;;;;;
;;;;;;;;;;
;;;;;;;;;;