Type,NHS_area_code,ONS_code,Name,Count_gp_appointments,Attended,Did_not_attend,Unknown,Month
National,ENG,ENG,England, 25 457 205 , 22 681 001 , 1 213 132 , 1 563 072 ,January
Region,Y54,E40000001,North Of England, 7 437 130 , 6 589 762 , 368 001 , 479 367 ,January
Region,Y55,E40000002,Midlands and East of England, 8 210 086 , 7 272 866 , 369 835 , 567 385 ,January
Region,Y56,E40000003,London, 3 316 302 , 2 950 518 , 217 123 , 148 661 ,January
Region,Y58,E40000006,South West, 2 779 612 , 2 476 402 , 111 774 , 191 436 ,January
Region,Y59,E40000005,South East, 3 714 075 , 3 391 453 , 146 399 , 176 223 ,January
Sub-Region,Q71,E39000018,NHS England London, 3 316 302 , 2 950 518 , 217 123 , 148 661 ,January
Sub-Region,Q75,E39000026,NHS England North (Cheshire and Merseyside), 1 151 723 , 1 030 347 , 65 815 , 55 561 ,January
Sub-Region,Q72,E39000029,NHS England North (Yorkshire and Humber), 2 934 870 , 2 573 446 , 124 763 , 236 661 ,January
Sub-Region,Q78,E39000030,NHS England Midlands and East (Central Midlands), 2 239 791 , 1 964 697 , 97 006 , 178 088 ,January
Sub-Region,Q79,E39000031,NHS England Midlands and East (East), 2 190 152 , 1 941 484 , 79 289 , 169 379 ,January
Sub-Region,Q76,E39000032,NHS England Midlands and East (North Midlands), 1 774 642 , 1 578 838 , 74 850 , 120 954 ,January
Sub-Region,Q77,E39000033,NHS England Midlands and East (West Midlands), 2 005 501 , 1 787 847 , 118 690 , 98 964 ,January
Sub-Region,Q83,E39000037,NHS England North (Greater Manchester), 1 052 276 , 935 291 , 66 792 , 50 193 ,January
Sub-Region,Q74,E39000039,NHS England North (Cumbria and North East), 1 566 113 , 1 385 941 , 73 201 , 106 971 ,January
Sub-Region,Q84,E39000040,NHS England North (Lancashire and South Cumbria), 732 148 , 664 737 , 37 430 , 29 981 ,January
Sub-Region,Q87,E39000041,"NHS England South East (Hampshire, Isle of Wight and Thames Valley)", 1 853 824 , 1 698 750 , 74 694 , 80 380 ,January
Sub-Region,Q88,E39000042,"NHS England South East (Kent, Surrey and Sussex)", 1 860 251 , 1 692 703 , 71 705 , 95 843 ,January
Sub-Region,Q86,E39000043,NHS England South West (South West North), 1 272 540 , 1 139 896 , 52 477 , 80 167 ,January
Sub-Region,Q85,E39000044,NHS England South West (South West South), 1 507 072 , 1 336 506 , 59 297 , 111 269 ,January
STP,E54000005,E54000005,West Yorkshire STP, 1 382 881 , 1 211 569 , 55 573 , 115 739 ,January
STP,E54000006,E54000006,"Humber, Coast and Vale STP", 678 679 , 597 575 , 28 717 , 52 387 ,January
STP,E54000007,E54000007,Greater Manchester STP, 1 052 276 , 935 291 , 66 792 , 50 193 ,January
STP,E54000008,E54000008,Cheshire and Merseyside STP, 1 151 723 , 1 030 347 , 65 815 , 55 561 ,January
STP,E54000009,E54000009,South Yorkshire and Bassetlaw STP, 800 716 , 698 972 , 38 083 , 63 661 ,January
STP,E54000010,E54000010,Staffordshire STP, 479 897 , 436 809 , 22 603 , 20 485 ,January
STP,E54000011,E54000011,Shropshire and Telford and Wrekin STP, 236 001 , 217 276 , 10 243 , 8 482 ,January
STP,E54000012,E54000012,Derbyshire STP, 531 279 , 464 652 , 19 459 , 47 168 ,January
STP,E54000013,E54000013,Lincolnshire STP, 393 600 , 348 060 , 14 392 , 31 148 ,January
STP,E54000014,E54000014,Nottinghamshire STP, 527 465 , 460 101 , 22 545 , 44 819 ,January
STP,E54000015,E54000015,"Leicester, Leicestershire and Rutland STP", 558 421 , 489 258 , 26 772 , 42 391 ,January
STP,E54000016,E54000016,The Black Country STP, 652 595 , 569 324 , 43 955 , 39 316 ,January
STP,E54000017,E54000017,Birmingham and Solihull STP, 572 564 , 497 530 , 40 355 , 34 679 ,January
STP,E54000018,E54000018,Coventry and Warwickshire STP, 359 395 , 329 996 , 17 294 , 12 105 ,January
STP,E54000019,E54000019,Herefordshire and Worcestershire STP, 420 947 , 390 997 , 17 086 , 12 864 ,January
STP,E54000020,E54000020,Northamptonshire STP, 362 337 , 317 503 , 13 727 , 31 107 ,January
STP,E54000021,E54000021,Cambridgeshire and Peterborough STP, 489 574 , 434 007 , 20 109 , 35 458 ,January
STP,E54000022,E54000022,Norfolk and Waveney STP, 563 039 , 495 853 , 20 189 , 46 997 ,January
STP,E54000023,E54000023,Suffolk and North East Essex STP, 510 220 , 459 743 , 16 726 , 33 751 ,January
STP,E54000024,E54000024,"Milton Keynes, Bedfordshire and Luton STP", 455 249 , 396 897 , 21 423 , 36 929 ,January
STP,E54000025,E54000025,Hertfordshire and West Essex STP, 591 798 , 521 127 , 25 761 , 44 910 ,January
STP,E54000026,E54000026,Mid and South Essex STP, 505 705 , 443 733 , 17 196 , 44 776 ,January
STP,E54000027,E54000027,North West London STP, 939 516 , 818 195 , 59 990 , 61 331 ,January
STP,E54000028,E54000028,North Central London STP, 510 294 , 454 977 , 34 240 , 21 077 ,January
STP,E54000029,E54000029,North East London STP, 792 336 , 706 533 , 57 111 , 28 692 ,January
STP,E54000030,E54000030,South East London STP, 547 541 , 490 320 , 36 955 , 20 266 ,January
STP,E54000031,E54000031,South West London STP, 526 615 , 480 493 , 28 827 , 17 295 ,January
STP,E54000032,E54000032,Kent and Medway STP, 576 089 , 527 733 , 23 825 , 24 531 ,January
STP,E54000033,E54000033,Sussex and East Surrey STP, 925 853 , 834 885 , 33 539 , 57 429 ,January
STP,E54000034,E54000034,Frimley Health STP, 319 659 , 296 273 , 13 259 , 10 127 ,January
STP,E54000035,E54000035,Surrey Heartlands STP, 358 309 , 330 085 , 14 341 , 13 883 ,January
STP,E54000036,E54000036,Cornwall and The Isles of Scilly STP, 169 633 , 147 136 , 6 764 , 15 733 ,January
STP,E54000037,E54000037,Devon STP, 692 405 , 617 061 , 26 214 , 49 130 ,January
STP,E54000038,E54000038,Somerset STP, 245 722 , 225 281 , 10 910 , 9 531 ,January
STP,E54000039,E54000039,"Bristol, North Somerset and South Gloucestershire STP", 494 440 , 453 756 , 24 014 , 16 670 ,January
STP,E54000040,E54000040,"Bath, Swindon and Wiltshire STP", 489 976 , 431 287 , 17 123 , 41 566 ,January
STP,E54000041,E54000041,Dorset STP, 399 312 , 347 028 , 15 409 , 36 875 ,January
STP,E54000042,E54000042,Hampshire and The Isle of Wight STP, 812 617 , 733 596 , 33 951 , 45 070 ,January
STP,E54000043,E54000043,Gloucestershire STP, 288 124 , 254 853 , 11 340 , 21 931 ,January
STP,E54000044,E54000044,"Buckinghamshire, Oxfordshire and Berkshire West STP", 721 548 , 668 881 , 27 484 , 25 183 ,January
STP,E54000048,E54000048,Lancashire and South Cumbria STP, 732 148 , 664 737 , 37 430 , 29 981 ,January
STP,E54000049,E54000049,Cumbria and North East STP, 1 638 707 , 1 451 271 , 75 591 , 111 845 ,January
CCG,00C,E38000042,NHS Darlington CCG, 52 621 , 45 160 , 2 604 , 4 857 ,January
CCG,00D,E38000047,"NHS Durham Dales, Easington and Sedgefield CCG", 181 131 , 156 537 , 7 895 , 16 699 ,January
CCG,00J,E38000116,NHS North Durham CCG, 146 271 , 130 159 , 5 781 , 10 331 ,January
CCG,00K,E38000075,NHS Hartlepool and Stockton-on-Tees CCG, 135 363 , 117 188 , 6 306 , 11 869 ,January
CCG,00L,E38000130,NHS Northumberland CCG, 179 589 , 159 551 , 6 665 , 13 373 ,January
CCG,00M,E38000162,NHS South Tees CCG, 158 805 , 138 725 , 8 104 , 11 976 ,January
CCG,00N,E38000163,NHS South Tyneside CCG, 69 832 , 63 929 , 3 380 , 2 523 ,January
CCG,00P,E38000176,NHS Sunderland CCG, 129 975 , 116 117 , 7 266 , 6 592 ,January
CCG,00Q,E38000014,NHS Blackburn with Darwen CCG, 69 552 , 61 562 , 5 177 , 2 813 ,January
CCG,00R,E38000015,NHS Blackpool CCG, 75 740 , 69 263 , 4 431 , 2 046 ,January
CCG,00T,E38000016,NHS Bolton CCG, 104 572 , 91 681 , 6 857 , 6 034 ,January
CCG,00X,E38000034,NHS Chorley and South Ribble CCG, 67 200 , 61 174 , 2 911 , 3 115 ,January
CCG,00Y,E38000135,NHS Oldham CCG, 104 926 , 93 956 , 6 507 , 4 463 ,January
CCG,01A,E38000050,NHS East Lancashire CCG, 149 563 , 133 042 , 8 883 , 7 638 ,January
CCG,01C,E38000056,NHS Eastern Cheshire CCG, 87 525 , 81 106 , 3 292 , 3 127 ,January
CCG,01D,E38000080,"NHS Heywood, Middleton and Rochdale CCG", 105 090 , 93 181 , 6 525 , 5 384 ,January
CCG,01E,E38000227,NHS Greater Preston CCG, 69 497 , 62 763 , 3 569 , 3 165 ,January
CCG,01F,E38000068,NHS Halton CCG, 65 852 , 57 460 , 4 143 , 4 249 ,January
CCG,01G,E38000143,NHS Salford CCG, 50 323 , 44 284 , 3 184 , 2 855 ,January
CCG,01H,E38000215,NHS North Cumbria CCG, 179 827 , 164 389 , 7 394 , 8 044 ,January
CCG,01J,E38000091,NHS Knowsley CCG, 78 635 , 68 347 , 5 618 , 4 670 ,January
CCG,01K,E38000228,NHS Morecambe Bay CCG, 162 282 , 150 552 , 7 142 , 4 588 ,January
CCG,01R,E38000151,NHS South Cheshire CCG, 86 523 , 76 939 , 5 854 , 3 730 ,January
CCG,01T,E38000161,NHS South Sefton CCG, 54 464 , 49 799 , 3 249 , 1 416 ,January
CCG,01V,E38000170,NHS Southport and Formby CCG, 54 902 , 49 747 , 2 405 , 2 750 ,January
CCG,01W,E38000174,NHS Stockport CCG, 122 954 , 111 836 , 6 710 , 4 408 ,January
CCG,01X,E38000172,NHS St Helens CCG, 77 041 , 68 186 , 4 421 , 4 434 ,January
CCG,01Y,E38000182,NHS Tameside and Glossop CCG, 119 097 , 108 357 , 7 084 , 3 656 ,January
CCG,02A,E38000187,NHS Trafford CCG, 79 927 , 71 712 , 4 284 , 3 931 ,January
CCG,02D,E38000189,NHS Vale Royal CCG, 46 669 , 42 227 , 2 125 , 2 317 ,January
CCG,02E,E38000194,NHS Warrington CCG, 90 223 , 80 345 , 3 607 , 6 271 ,January
CCG,02F,E38000196,NHS West Cheshire CCG, 121 053 , 111 555 , 5 497 , 4 001 ,January
CCG,02G,E38000200,NHS West Lancashire CCG, 48 401 , 43 259 , 2 088 , 3 054 ,January
CCG,02H,E38000205,NHS Wigan Borough CCG, 118 055 , 102 189 , 7 166 , 8 700 ,January
CCG,02M,E38000226,NHS Fylde and Wyre CCG, 89 913 , 83 122 , 3 229 , 3 562 ,January
CCG,02N,E38000001,"NHS Airedale, Wharfedale and Craven CCG", 93 076 , 80 309 , 3 107 , 9 660 ,January
CCG,02P,E38000006,NHS Barnsley CCG, 126 760 , 111 991 , 6 425 , 8 344 ,January
CCG,02Q,E38000008,NHS Bassetlaw CCG, 61 484 , 53 988 , 2 655 , 4 841 ,January
CCG,02R,E38000019,NHS Bradford Districts CCG, 186 648 , 161 064 , 6 669 , 18 915 ,January
CCG,02T,E38000025,NHS Calderdale CCG, 108 319 , 94 559 , 4 395 , 9 365 ,January
CCG,02W,E38000018,NHS Bradford City CCG, 72 179 , 61 678 , 4 408 , 6 093 ,January
CCG,02X,E38000044,NHS Doncaster CCG, 165 430 , 147 806 , 7 854 , 9 770 ,January
CCG,02Y,E38000052,NHS East Riding of Yorkshire CCG, 139 200 , 125 565 , 4 919 , 8 716 ,January
CCG,03A,E38000064,NHS Greater Huddersfield CCG, 112 605 , 99 823 , 4 663 , 8 119 ,January
CCG,03D,E38000069,"NHS Hambleton, Richmondshire and Whitby CCG", 72 594 , 65 330 , 2 390 , 4 874 ,January
CCG,03E,E38000073,NHS Harrogate and Rural District CCG, 79 557 , 71 583 , 2 660 , 5 314 ,January
CCG,03F,E38000085,NHS Hull CCG, 123 712 , 105 963 , 8 204 , 9 545 ,January
CCG,03H,E38000119,NHS North East Lincolnshire CCG, 99 438 , 87 593 , 4 413 , 7 432 ,January
CCG,03J,E38000121,NHS North Kirklees CCG, 97 517 , 84 552 , 4 528 , 8 437 ,January
CCG,03K,E38000122,NHS North Lincolnshire CCG, 91 814 , 80 330 , 2 868 , 8 616 ,January
CCG,03L,E38000141,NHS Rotherham CCG, 139 553 , 119 915 , 6 043 , 13 595 ,January
CCG,03M,E38000145,NHS Scarborough and Ryedale CCG, 68 267 , 58 423 , 2 803 , 7 041 ,January
CCG,03N,E38000146,NHS Sheffield CCG, 307 489 , 265 272 , 15 106 , 27 111 ,January
CCG,03Q,E38000188,NHS Vale of York CCG, 156 248 , 139 701 , 5 510 , 11 037 ,January
CCG,03R,E38000190,NHS Wakefield CCG, 210 655 , 184 569 , 7 489 , 18 597 ,January
CCG,03T,E38000099,NHS Lincolnshire East CCG, 131 106 , 115 193 , 5 225 , 10 688 ,January
CCG,03V,E38000037,NHS Corby CCG, 33 391 , 27 120 , 1 614 , 4 657 ,January
CCG,03W,E38000051,NHS East Leicestershire and Rutland CCG, 176 480 , 155 004 , 8 432 , 13 044 ,January
CCG,03X,E38000058,NHS Erewash CCG, 49 814 , 43 874 , 1 741 , 4 199 ,January
CCG,03Y,E38000071,NHS Hardwick CCG, 62 853 , 55 843 , 2 510 , 4 500 ,January
CCG,04C,E38000097,NHS Leicester City CCG, 183 488 , 158 947 , 10 805 , 13 736 ,January
CCG,04D,E38000100,NHS Lincolnshire West CCG, 100 053 , 87 686 , 3 730 , 8 637 ,January
CCG,04E,E38000103,NHS Mansfield and Ashfield CCG, 100 004 , 86 587 , 4 203 , 9 214 ,January
CCG,04F,E38000107,NHS Milton Keynes CCG, 133 306 , 116 656 , 5 827 , 10 823 ,January
CCG,04G,E38000108,NHS Nene CCG, 328 946 , 290 383 , 12 113 , 26 450 ,January
CCG,04H,E38000109,NHS Newark and Sherwood CCG, 66 728 , 59 761 , 2 376 , 4 591 ,January
CCG,04J,E38000115,NHS North Derbyshire CCG, 160 063 , 141 061 , 6 019 , 12 983 ,January
CCG,04K,E38000132,NHS Nottingham City CCG, 167 662 , 145 256 , 8 938 , 13 468 ,January
CCG,04L,E38000133,NHS Nottingham North and East CCG, 69 079 , 59 847 , 2 432 , 6 800 ,January
CCG,04M,E38000134,NHS Nottingham West CCG, 54 163 , 47 406 , 2 459 , 4 298 ,January
CCG,04N,E38000142,NHS Rushcliffe CCG, 69 829 , 61 244 , 2 137 , 6 448 ,January
CCG,04Q,E38000165,NHS South West Lincolnshire CCG, 67 768 , 60 082 , 2 329 , 5 357 ,January
CCG,04R,E38000169,NHS Southern Derbyshire CCG, 258 549 , 223 874 , 9 189 , 25 486 ,January
CCG,04V,E38000201,NHS West Leicestershire CCG, 198 453 , 175 307 , 7 535 , 15 611 ,January
CCG,04Y,E38000028,NHS Cannock Chase CCG, 58 799 , 53 273 , 2 573 , 2 953 ,January
CCG,05A,E38000038,NHS Coventry and Rugby CCG, 183 823 , 166 317 , 11 466 , 6 040 ,January
CCG,05C,E38000046,NHS Dudley CCG, 140 617 , 125 029 , 7 787 , 7 801 ,January
CCG,05D,E38000053,NHS East Staffordshire CCG, 48 146 , 44 122 , 1 520 , 2 504 ,January
CCG,05F,E38000078,NHS Herefordshire CCG, 102 049 , 94 759 , 4 371 , 2 919 ,January
CCG,05G,E38000126,NHS North Staffordshire CCG, 90 326 , 82 372 , 3 602 , 4 352 ,January
CCG,05H,E38000195,NHS Warwickshire North CCG, 29 857 , 27 697 , 1 162 , 998 ,January
CCG,05J,E38000139,NHS Redditch and Bromsgrove CCG, 89 409 , 83 972 , 3 597 , 1 840 ,January
CCG,05L,E38000144,NHS Sandwell and West Birmingham CCG, 261 304 , 223 411 , 18 794 , 19 099 ,January
CCG,05N,E38000147,NHS Shropshire CCG, 149 621 , 138 283 , 5 538 , 5 800 ,January
CCG,05Q,E38000153,NHS South East Staffordshire and Seisdon Peninsula CCG, 99 681 , 92 133 , 4 431 , 3 117 ,January
CCG,05R,E38000164,NHS South Warwickshire CCG, 145 715 , 135 982 , 4 666 , 5 067 ,January
CCG,05T,E38000166,NHS South Worcestershire CCG, 148 787 , 137 731 , 5 761 , 5 295 ,January
CCG,05V,E38000173,NHS Stafford and Surrounds CCG, 71 094 , 65 773 , 2 858 , 2 463 ,January
CCG,05W,E38000175,NHS Stoke on Trent CCG, 111 851 , 99 136 , 7 619 , 5 096 ,January
CCG,05X,E38000183,NHS Telford and Wrekin CCG, 86 380 , 78 993 , 4 705 , 2 682 ,January
CCG,05Y,E38000191,NHS Walsall CCG, 140 343 , 123 692 , 9 283 , 7 368 ,January
CCG,06A,E38000210,NHS Wolverhampton CCG, 110 331 , 97 192 , 8 091 , 5 048 ,January
CCG,06D,E38000211,NHS Wyre Forest CCG, 80 702 , 74 535 , 3 357 , 2 810 ,January
CCG,06F,E38000010,NHS Bedfordshire CCG, 225 111 , 196 427 , 9 391 , 19 293 ,January
CCG,06H,E38000026,NHS Cambridgeshire and Peterborough CCG, 489 574 , 434 007 , 20 109 , 35 458 ,January
CCG,06K,E38000049,NHS East and North Hertfordshire CCG, 232 513 , 198 864 , 9 027 , 24 622 ,January
CCG,06L,E38000086,NHS Ipswich and East Suffolk CCG, 212 976 , 189 270 , 7 030 , 16 676 ,January
CCG,06M,E38000063,NHS Great Yarmouth and Waveney CCG, 119 543 , 105 370 , 5 698 , 8 475 ,January
CCG,06N,E38000079,NHS Herts Valleys CCG, 237 671 , 214 115 , 11 665 , 11 891 ,January
CCG,06P,E38000102,NHS Luton CCG, 96 832 , 83 814 , 6 205 , 6 813 ,January
CCG,06Q,E38000106,NHS Mid Essex CCG, 175 368 , 155 137 , 5 888 , 14 343 ,January
CCG,06T,E38000117,NHS North East Essex CCG, 172 722 , 156 977 , 5 597 , 10 148 ,January
CCG,06V,E38000124,NHS North Norfolk CCG, 99 613 , 88 054 , 3 104 , 8 455 ,January
CCG,06W,E38000218,NHS Norwich CCG, 118 645 , 102 912 , 4 158 , 11 575 ,January
CCG,06Y,E38000219,NHS South Norfolk CCG, 117 294 , 104 691 , 3 427 , 9 176 ,January
CCG,07G,E38000185,NHS Thurrock CCG, 75 031 , 65 331 , 2 792 , 6 908 ,January
CCG,07H,E38000197,NHS West Essex CCG, 121 614 , 108 148 , 5 069 , 8 397 ,January
CCG,07J,E38000203,NHS West Norfolk CCG, 107 944 , 94 826 , 3 802 , 9 316 ,January
CCG,07K,E38000204,NHS West Suffolk CCG, 124 522 , 113 496 , 4 099 , 6 927 ,January
CCG,07L,E38000004,NHS Barking and Dagenham CCG, 69 018 , 59 848 , 5 963 , 3 207 ,January
CCG,07M,E38000005,NHS Barnet CCG, 119 615 , 108 084 , 6 049 , 5 482 ,January
CCG,07N,E38000011,NHS Bexley CCG, 21 730 , 19 532 , 1 037 , 1 161 ,January
CCG,07P,E38000020,NHS Brent CCG, 147 878 , 131 616 , 10 534 , 5 728 ,January
CCG,07Q,E38000023,NHS Bromley CCG, 108 791 , 97 654 , 4 714 , 6 423 ,January
CCG,07R,E38000027,NHS Camden CCG, 92 607 , 83 979 , 6 193 , 2 435 ,January
CCG,07T,E38000035,NHS City and Hackney CCG, 136 421 , 121 627 , 10 056 , 4 738 ,January
CCG,07V,E38000040,NHS Croydon CCG, 142 226 , 128 208 , 8 675 , 5 343 ,January
CCG,07W,E38000048,NHS Ealing CCG, 185 673 , 161 076 , 11 359 , 13 238 ,January
CCG,07X,E38000057,NHS Enfield CCG, 109 348 , 95 772 , 7 501 , 6 075 ,January
CCG,07Y,E38000084,NHS Hounslow CCG, 129 562 , 111 795 , 6 883 , 10 884 ,January
CCG,08A,E38000066,NHS Greenwich CCG, 31 488 , 28 316 , 2 052 , 1 120 ,January
CCG,08C,E38000070,NHS Hammersmith and Fulham CCG, 86 054 , 73 356 , 5 256 , 7 442 ,January
CCG,08D,E38000072,NHS Haringey CCG, 97 587 , 86 236 , 6 994 , 4 357 ,January
CCG,08E,E38000074,NHS Harrow CCG, 104 576 , 92 196 , 7 082 , 5 298 ,January
CCG,08F,E38000077,NHS Havering CCG, 81 772 , 74 777 , 3 968 , 3 027 ,January
CCG,08G,E38000082,NHS Hillingdon CCG, 106 032 , 95 555 , 6 588 , 3 889 ,January
CCG,08H,E38000088,NHS Islington CCG, 91 137 , 80 906 , 7 503 , 2 728 ,January
CCG,08J,E38000090,NHS Kingston CCG, 68 577 , 63 985 , 2 935 , 1 657 ,January
CCG,08K,E38000092,NHS Lambeth CCG, 147 685 , 132 426 , 10 374 , 4 885 ,January
CCG,08L,E38000098,NHS Lewisham CCG, 120 657 , 108 882 , 9 112 , 2 663 ,January
CCG,08M,E38000113,NHS Newham CCG, 143 263 , 126 437 , 12 309 , 4 517 ,January
CCG,08N,E38000138,NHS Redbridge CCG, 110 289 , 98 033 , 6 936 , 5 320 ,January
CCG,08P,E38000140,NHS Richmond CCG, 12 278 , 11 110 , 604 , 564 ,January
CCG,08Q,E38000171,NHS Southwark CCG, 117 190 , 103 510 , 9 666 , 4 014 ,January
CCG,08R,E38000105,NHS Merton CCG, 74 542 , 68 249 , 4 042 , 2 251 ,January
CCG,08T,E38000179,NHS Sutton CCG, 75 886 , 70 352 , 3 210 , 2 324 ,January
CCG,08V,E38000186,NHS Tower Hamlets CCG, 148 678 , 133 258 , 11 862 , 3 558 ,January
CCG,08W,E38000192,NHS Waltham Forest CCG, 102 895 , 92 553 , 6 017 , 4 325 ,January
CCG,08X,E38000193,NHS Wandsworth CCG, 153 106 , 138 589 , 9 361 , 5 156 ,January
CCG,08Y,E38000202,NHS West London CCG, 98 163 , 82 427 , 6 742 , 8 994 ,January
CCG,09A,E38000031,NHS Central London (Westminster) CCG, 81 578 , 70 174 , 5 546 , 5 858 ,January
CCG,09C,E38000002,NHS Ashford CCG, 78 853 , 74 515 , 2 486 , 1 852 ,January
CCG,09D,E38000021,NHS Brighton and Hove CCG, 123 227 , 108 474 , 5 360 , 9 393 ,January
CCG,09E,E38000029,NHS Canterbury and Coastal CCG, 119 279 , 109 367 , 4 887 , 5 025 ,January
CCG,09F,E38000055,"NHS Eastbourne, Hailsham and Seaford CCG", 110 842 , 102 212 , 4 246 , 4 384 ,January
CCG,09G,E38000213,NHS Coastal West Sussex CCG, 266 584 , 238 734 , 8 625 , 19 225 ,January
CCG,09H,E38000039,NHS Crawley CCG, 60 767 , 53 813 , 1 740 , 5 214 ,January
CCG,09J,E38000043,"NHS Dartford, Gravesham and Swanley CCG", 3 811 , 3 257 , 185 , 369 ,January
CCG,09L,E38000054,NHS East Surrey CCG, 83 357 , 76 639 , 3 672 , 3 046 ,January
CCG,09N,E38000214,NHS Guildford and Waverley CCG, 88 872 , 82 267 , 3 566 , 3 039 ,January
CCG,09P,E38000076,NHS Hastings and Rother CCG, 104 374 , 95 949 , 4 304 , 4 121 ,January
CCG,09W,E38000104,NHS Medway CCG, 88 982 , 80 344 , 3 944 , 4 694 ,January
CCG,09X,E38000083,NHS Horsham and Mid Sussex CCG, 97 502 , 87 790 , 3 332 , 6 380 ,January
CCG,09Y,E38000128,NHS North West Surrey CCG, 142 142 , 132 089 , 5 916 , 4 137 ,January
CCG,10A,E38000156,NHS South Kent Coast CCG, 48 022 , 43 916 , 1 810 , 2 296 ,January
CCG,10C,E38000178,NHS Surrey Heath CCG, 50 199 , 46 973 , 1 815 , 1 411 ,January
CCG,10D,E38000180,NHS Swale CCG, 46 708 , 42 220 , 2 431 , 2 057 ,January
CCG,10E,E38000184,NHS Thanet CCG, 62 612 , 55 869 , 2 488 , 4 255 ,January
CCG,10J,E38000120,NHS North Hampshire CCG, 106 666 , 99 780 , 3 873 , 3 013 ,January
CCG,10K,E38000059,NHS Fareham and Gosport CCG, 87 981 , 79 992 , 3 246 , 4 743 ,January
CCG,10L,E38000087,NHS Isle of Wight CCG, 78 709 , 64 815 , 5 128 , 8 766 ,January
CCG,10Q,E38000136,NHS Oxfordshire CCG, 341 856 , 316 153 , 13 837 , 11 866 ,January
CCG,10R,E38000137,NHS Portsmouth CCG, 94 643 , 83 427 , 4 136 , 7 080 ,January
CCG,10V,E38000154,NHS South Eastern Hampshire CCG, 94 710 , 85 557 , 3 969 , 5 184 ,January
CCG,10X,E38000167,NHS Southampton CCG, 122 531 , 110 049 , 6 388 , 6 094 ,January
CCG,11A,E38000198,NHS West Hampshire CCG, 227 377 , 209 976 , 7 211 , 10 190 ,January
CCG,11E,E38000009,NHS Bath and North East Somerset CCG, 103 189 , 91 019 , 4 207 , 7 963 ,January
CCG,11J,E38000045,NHS Dorset CCG, 399 312 , 347 028 , 15 409 , 36 875 ,January
CCG,11M,E38000062,NHS Gloucestershire CCG, 288 124 , 254 853 , 11 340 , 21 931 ,January
CCG,11N,E38000089,NHS Kernow CCG, 169 633 , 147 136 , 6 764 , 15 733 ,January
CCG,11X,E38000150,NHS Somerset CCG, 245 722 , 225 281 , 10 910 , 9 531 ,January
CCG,12D,E38000181,NHS Swindon CCG, 113 883 , 97 665 , 4 428 , 11 790 ,January
CCG,12F,E38000208,NHS Wirral CCG, 162 975 , 144 324 , 8 872 , 9 779 ,January
CCG,13T,E38000212,NHS Newcastle Gateshead CCG, 233 198 , 206 815 , 13 327 , 13 056 ,January
CCG,14L,E38000217,NHS Manchester CCG, 247 332 , 218 095 , 18 475 , 10 762 ,January
CCG,14Y,E38000223,NHS Buckinghamshire CCG, 205 727 , 191 563 , 7 081 , 7 083 ,January
CCG,15A,E38000221,NHS Berkshire West, 173 965 , 161 165 , 6 566 , 6 234 ,January
CCG,15C,E38000222,"NHS Bristol, North Somerset and South Gloucestershire CCG", 494 440 , 453 756 , 24 014 , 16 670 ,January
CCG,15D,E38000224,NHS East Berkshire CCG, 176 938 , 162 820 , 8 106 , 6 012 ,January
CCG,15E,E38000220,NHS Birmingham and Solihull CCG, 572 564 , 497 530 , 40 355 , 34 679 ,January
CCG,15F,E38000225,NHS Leeds CCG, 422 325 , 373 432 , 17 654 , 31 239 ,January
CCG,99A,E38000101,NHS Liverpool CCG, 225 861 , 200 312 , 16 732 , 8 817 ,January
CCG,99C,E38000127,NHS North Tyneside CCG, 99 501 , 87 371 , 4 479 , 7 651 ,January
CCG,99D,E38000157,NHS South Lincolnshire CCG, 94 673 , 85 099 , 3 108 , 6 466 ,January
CCG,99E,E38000007,NHS Basildon and Brentwood CCG, 114 629 , 99 483 , 4 032 , 11 114 ,January
CCG,99F,E38000030,NHS Castle Point and Rochford CCG, 69 512 , 61 503 , 1 921 , 6 088 ,January
CCG,99G,E38000168,NHS Southend CCG, 71 165 , 62 279 , 2 563 , 6 323 ,January
CCG,99H,E38000177,NHS Surrey Downs CCG, 127 295 , 115 729 , 4 859 , 6 707 ,January
CCG,99J,E38000199,NHS West Kent CCG, 127 822 , 118 245 , 5 594 , 3 983 ,January
CCG,99K,E38000081,NHS High Weald Lewes Havens CCG, 79 200 , 71 274 , 2 260 , 5 666 ,January
CCG,99M,E38000118,NHS North East Hampshire and Farnham CCG, 92 522 , 86 480 , 3 338 , 2 704 ,January
CCG,99N,E38000206,NHS Wiltshire CCG, 272 904 , 242 603 , 8 488 , 21 813 ,January
CCG,99P,E38000129,"NHS Northern, Eastern and Western Devon CCG", 509 590 , 450 707 , 19 426 , 39 457 ,January
CCG,99Q,E38000152,NHS South Devon and Torbay CCG, 182 815 , 166 354 , 6 788 , 9 673 ,January
