﻿;;;;;;;;;;
;;;;;;;;;;
;;;;;;;;;;
;;;;;;;;;;
;;;;;;;;;;
Return to Contents;;;;;;;;;;
_;;;;;;;;;;
Table 3a: Appointments by Status, at National, Regional, Sub-Regional, STP and CCG level, England, September 2019;;;;;;;;;;
;;;;Count of Open GP Practices1;Count of Included GP Practices;Count of Appointments;;"Count of Appointments by 
Appointment Status";;
Type;NHS Area Code;ONS Code;Name;;;Total;;Attended;DNA;Unknown2
Type;NHS Area Code;ONS Code;Name;Open Active Practices;Included Practices;Total;_;Attended;DNA;Unknown
National;ENG;ENG;England;6 868;6 566;25 424 754;;22 775 587;1 286 045;1 363 122
Region;Y56;E40000003;London;1 260;1 177;3 448 631;;3 067 573;226 922;154 136
Region;Y58;E40000006;South West;585;563;2 881 206;;2 591 464;134 296;155 446
Region;Y59;E40000005;South East;897;843;3 790 018;;3 429 630;165 422;194 966
Region;Y60;E40000008;Midlands;1 340;1 307;5 008 313;;4 477 178;259 266;271 869
Region;Y61;E40000007;East of England;698;681;2 992 952;;2 683 260;129 330;180 362
Region;Y62;E40000010;North West;1 041;964;3 008 902;;2 684 132;173 112;151 658
Region;Y63;E40000009;North East and Yorkshire;1 047;1 031;4 294 732;;3 842 350;197 697;254 685
Regional Local Office;Q71;E39000018;NHS England London;1 260;1 177;3 448 631;;3 067 573;226 922;154 136
Regional Local Office;Q72;E39000048;NHS England North East and Yorkshire (Yorkshire and Humber);650;642;2 734 700;;2 445 286;123 159;166 255
Regional Local Office;Q74;E39000047;NHS England North East and Yorkshire (Cumbria and North East);397;389;1 560 032;;1 397 064;74 538;88 430
Regional Local Office;Q75;E39000026;NHS England North West (Cheshire and Merseyside);369;355;1 105 837;;984 576;64 215;57 046
Regional Local Office;Q76;E39000032;NHS England Midlands (North Midlands);455;448;1 729 077;;1 549 451;77 712;101 914
Regional Local Office;Q77;E39000033;NHS England Midlands (West Midlands);592;571;1 987 059;;1 767 327;125 232;94 500
Regional Local Office;Q78;E39000045;NHS England Midlands (Central Midlands);293;288;1 292 177;;1 160 400;56 322;75 455
Regional Local Office;Q79;E39000046;NHS England East of England (East);698;681;2 992 952;;2 683 260;129 330;180 362
Regional Local Office;Q83;E39000037;NHS England North West (Greater Manchester);457;407;1 168 931;;1 034 057;73 308;61 566
Regional Local Office;Q84;E39000040;NHS England North West (Lancashire and South Cumbria);215;202;734 134;;665 499;35 589;33 046
Regional Local Office;Q85;E39000044;NHS England South West (South West South);332;321;1 675 494;;1 502 972;80 237;92 285
Regional Local Office;Q86;E39000043;NHS England South West (South West North);253;242;1 205 712;;1 088 492;54 059;63 161
Regional Local Office;Q87;E39000041;NHS England South East (Hampshire, Isle of Wight and Thames Valley);399;376;1 839 034;;1 679 209;79 548;80 277
Regional Local Office;Q88;E39000042;NHS England South East (Kent, Surrey and Sussex);498;467;1 950 984;;1 750 421;85 874;114 689
STP;E54000005;E54000005;West Yorkshire And Harrogate (Health And Care Partnership)  STP;313;309;1 314 189;;1 179 911;56 125;78 153
STP;E54000006;E54000006;Humber, Coast And Vale  STP;146;142;649 093;;582 740;28 259;38 094
STP;E54000007;E54000007;Greater Manchester Health And Social Care Partnership  STP;457;407;1 168 931;;1 034 057;73 308;61 566
STP;E54000008;E54000008;Cheshire And Merseyside  STP;369;355;1 105 837;;984 576;64 215;57 046
STP;E54000009;E54000009;South Yorkshire And Bassetlaw  STP;191;191;771 418;;682 635;38 775;50 008
STP;E54000010;E54000010;Staffordshire And Stoke On Trent  STP;153;150;479 452;;430 471;23 884;25 097
STP;E54000011;E54000011;Shropshire And Telford And Wrekin  STP;54;54;226 227;;206 343;10 922;8 962
STP;E54000012;E54000012;Joined Up Care Derbyshire  STP;115;114;511 128;;455 492;20 798;34 838
STP;E54000013;E54000013;Lincolnshire  STP;86;85;385 307;;346 495;15 616;23 196
STP;E54000014;E54000014;Nottingham And Nottinghamshire Health And Care  STP;133;130;512 270;;457 145;22 108;33 017
STP;E54000015;E54000015;Leicester, Leicestershire And Rutland  STP;136;134;557 160;;502 622;26 866;27 672
STP;E54000016;E54000016;The Black Country And West Birmingham  STP;216;210;611 516;;537 312;44 982;29 222
STP;E54000017;E54000017;Birmingham And Solihull  STP;168;159;553 624;;483 451;39 482;30 691
STP;E54000018;E54000018;Coventry And Warwickshire  STP;125;123;433 952;;389 311;24 469;20 172
STP;E54000019;E54000019;Herefordshire And Worcestershire  STP;83;79;387 967;;357 253;16 299;14 415
STP;E54000020;E54000020;Northamptonshire  STP;71;69;349 710;;311 283;13 840;24 587
STP;E54000021;E54000021;Cambridgeshire And Peterborough  STP;88;87;456 616;;410 134;20 850;25 632
STP;E54000022;E54000022;Norfolk And Waveney Health And Care Partnership  STP;105;103;526 196;;472 081;21 162;32 953
STP;E54000023;E54000023;Suffolk And North East Essex  STP;100;96;489 268;;444 787;18 020;26 461
STP;E54000024;E54000024;Bedfordshire, Luton And Milton Keynes  STP;100;100;428 227;;384 846;20 435;22 946
STP;E54000025;E54000025;Hertfordshire And West Essex  STP;147;142;605 047;;535 684;29 961;39 402
STP;E54000026;E54000026;Mid And South Essex  STP;158;153;487 598;;435 728;18 902;32 968
STP;E54000027;E54000027;North West London Health And Care Partnership  STP;361;355;930 803;;827 893;59 123;43 787
STP;E54000028;E54000028;North London Partners In Health And Care  STP;209;173;488 553;;435 846;32 584;20 123
STP;E54000029;E54000029;East London Health And Care Partnership  STP;285;273;793 565;;705 300;55 981;32 284
STP;E54000030;E54000030;Our Healthier South East London  STP;219;202;650 997;;573 247;45 241;32 509
STP;E54000031;E54000031;South West London Health And Care Partnership  STP;186;174;584 713;;525 287;33 993;25 433
STP;E54000032;E54000032;Kent And Medway  STP;212;188;723 665;;643 018;32 539;48 108
STP;E54000033;E54000033;Sussex And East Surrey  STP;195;191;886 726;;796 131;39 336;51 259
STP;E54000034;E54000034;Frimley Health  STP;74;67;302 814;;275 971;13 725;13 118
STP;E54000035;E54000035;Surrey Heartlands  STP;91;88;340 593;;311 272;13 999;15 322
STP;E54000036;E54000036;Cornwall And The Isles Of Scilly  STP;59;57;344 280;;301 689;24 165;18 426
STP;E54000037;E54000037;Devon  STP;127;123;689 832;;624 438;28 474;36 920
STP;E54000038;E54000038;Somerset  STP;65;60;249 176;;225 542;12 161;11 473
STP;E54000039;E54000039;Bristol, North Somerset And South Gloucestershire  STP;83;78;441 454;;399 866;23 359;18 229
STP;E54000040;E54000040;Bath And North East Somerset, Swindon And Wiltshire  STP;95;94;469 551;;424 153;17 340;28 058
STP;E54000041;E54000041;Dorset  STP;81;81;392 206;;351 303;15 437;25 466
STP;E54000042;E54000042;Hampshire And The Isle Of Wight  STP;158;151;783 860;;709 128;34 877;39 855
STP;E54000043;E54000043;Gloucestershire  STP;75;70;294 707;;264 473;13 360;16 874
STP;E54000044;E54000044;Buckinghamshire, Oxfordshire And Berkshire West  STP;167;158;752 360;;694 110;30 946;27 304
STP;E54000048;E54000048;Healthier Lancashire And South Cumbria  STP;215;202;734 134;;665 499;35 589;33 046
STP;E54000049;E54000049;Cumbria And North East  STP;397;389;1 560 032;;1 397 064;74 538;88 430
CCG;00C;E38000042;NHS Darlington CCG;11;11;51 706;;45 856;2 670;3 180
CCG;00D;E38000047;NHS Durham Dales, Easington and Sedgefield CCG;35;35;167 908;;149 693;8 036;10 179
CCG;00J;E38000116;NHS North Durham CCG;30;30;132 800;;118 453;5 762;8 585
CCG;00K;E38000075;NHS Hartlepool and Stockton-on-Tees CCG;32;32;133 971;;117 364;6 437;10 170
CCG;00L;E38000130;NHS Northumberland CCG;41;40;172 882;;155 430;6 562;10 890
CCG;00M;E38000162;NHS South Tees CCG;38;35;158 125;;140 502;7 973;9 650
CCG;00N;E38000163;NHS South Tyneside CCG;21;21;66 379;;60 259;3 279;2 841
CCG;00P;E38000176;NHS Sunderland CCG;41;40;124 405;;112 978;6 948;4 479
CCG;00Q;E38000014;NHS Blackburn with Darwen CCG;23;22;62 176;;56 358;3 839;1 979
CCG;00R;E38000015;NHS Blackpool CCG;19;18;85 633;;77 215;4 722;3 696
CCG;00T;E38000016;NHS Bolton CCG;49;48;143 430;;125 909;9 428;8 093
CCG;00V;E38000024;NHS Bury CCG;26;3;9 468;;8 136;371;961
CCG;00X;E38000034;NHS Chorley and South Ribble CCG;30;27;71 715;;64 968;3 379;3 368
CCG;00Y;E38000135;NHS Oldham CCG;43;41;105 572;;95 090;6 253;4 229
CCG;01A;E38000050;NHS East Lancashire CCG;51;48;158 512;;142 603;8 434;7 475
CCG;01C;E38000056;NHS Eastern Cheshire CCG;21;19;80 286;;73 714;3 369;3 203
CCG;01D;E38000080;NHS Heywood, Middleton and Rochdale CCG;41;36;100 282;;88 841;5 865;5 576
CCG;01E;E38000227;NHS Greater Preston CCG;23;22;69 794;;61 824;3 545;4 425
CCG;01F;E38000068;NHS Halton CCG;14;14;58 882;;50 731;3 956;4 195
CCG;01G;E38000143;NHS Salford CCG;44;40;132 114;;112 767;10 089;9 258
CCG;01H;E38000215;NHS North Cumbria CCG;39;39;170 935;;157 064;6 876;6 995
CCG;01J;E38000091;NHS Knowsley CCG;25;25;71 799;;63 408;4 743;3 648
CCG;01K;E38000228;NHS Morecambe Bay CCG;35;33;152 629;;140 356;6 797;5 476
CCG;01R;E38000151;NHS South Cheshire CCG;17;17;87 006;;77 320;4 306;5 380
CCG;01T;E38000161;NHS South Sefton CCG;31;29;52 440;;47 366;3 539;1 535
CCG;01V;E38000170;NHS Southport and Formby CCG;17;17;54 095;;47 618;2 808;3 669
CCG;01W;E38000174;NHS Stockport CCG;37;34;129 682;;116 045;7 236;6 401
CCG;01X;E38000172;NHS St Helens CCG;34;34;81 353;;72 044;5 348;3 961
CCG;01Y;E38000182;NHS Tameside and Glossop CCG;37;37;101 456;;91 228;6 012;4 216
CCG;02A;E38000187;NHS Trafford CCG;31;28;79 712;;71 514;4 226;3 972
CCG;02D;E38000189;NHS Vale Royal CCG;12;12;47 083;;41 477;2 665;2 941
CCG;02E;E38000194;NHS Warrington CCG;26;26;87 369;;79 548;3 688;4 133
CCG;02F;E38000196;NHS West Cheshire CCG;34;28;111 549;;101 613;5 701;4 235
CCG;02G;E38000200;NHS West Lancashire CCG;15;14;48 697;;43 121;2 009;3 567
CCG;02H;E38000205;NHS Wigan Borough CCG;61;59;133 918;;118 896;6 686;8 336
CCG;02M;E38000226;NHS Fylde and Wyre CCG;19;18;84 978;;79 054;2 864;3 060
CCG;02N;E38000001;NHS Airedale, Wharfedale and Craven CCG;16;16;90 268;;81 360;3 107;5 801
CCG;02P;E38000006;NHS Barnsley CCG;33;33;125 649;;112 399;5 943;7 307
CCG;02Q;E38000008;NHS Bassetlaw CCG;9;9;64 761;;59 142;2 840;2 779
CCG;02R;E38000019;NHS Bradford Districts CCG;32;32;166 787;;148 440;6 375;11 972
CCG;02T;E38000025;NHS Calderdale CCG;26;25;104 506;;93 776;3 990;6 740
CCG;02W;E38000018;NHS Bradford City CCG;25;25;76 921;;67 746;5 011;4 164
CCG;02X;E38000044;NHS Doncaster CCG;40;40;156 712;;140 331;7 900;8 481
CCG;02Y;E38000052;NHS East Riding of Yorkshire CCG;30;28;134 324;;120 168;5 127;9 029
CCG;03A;E38000064;NHS Greater Huddersfield CCG;37;37;109 468;;98 106;4 934;6 428
CCG;03D;E38000069;NHS Hambleton, Richmondshire and Whitby CCG;22;21;69 418;;62 404;2 490;4 524
CCG;03E;E38000073;NHS Harrogate and Rural District CCG;17;17;75 736;;69 805;2 524;3 407
CCG;03F;E38000085;NHS Hull CCG;33;33;118 457;;104 753;7 956;5 748
CCG;03H;E38000119;NHS North East Lincolnshire CCG;26;25;91 576;;82 351;4 121;5 104
CCG;03J;E38000121;NHS North Kirklees CCG;28;27;93 032;;83 921;4 506;4 605
CCG;03K;E38000122;NHS North Lincolnshire CCG;19;19;91 012;;81 701;2 676;6 635
CCG;03L;E38000141;NHS Rotherham CCG;30;30;132 295;;116 053;7 192;9 050
CCG;03M;E38000145;NHS Scarborough and Ryedale CCG;12;12;66 862;;59 632;2 660;4 570
CCG;03N;E38000146;NHS Sheffield CCG;79;79;292 001;;254 710;14 900;22 391
CCG;03Q;E38000188;NHS Vale of York CCG;26;25;146 862;;134 135;5 719;7 008
CCG;03R;E38000190;NHS Wakefield CCG;37;35;194 565;;174 072;7 853;12 640
CCG;03T;E38000099;NHS Lincolnshire East CCG;26;26;122 777;;110 553;5 226;6 998
CCG;03V;E38000037;NHS Corby CCG;5;5;36 938;;30 278;1 528;5 132
CCG;03W;E38000051;NHS East Leicestershire and Rutland CCG;31;29;176 159;;160 437;7 164;8 558
CCG;04C;E38000097;NHS Leicester City CCG;57;57;182 877;;162 318;11 261;9 298
CCG;04D;E38000100;NHS Lincolnshire West CCG;30;29;99 518;;89 436;4 157;5 925
CCG;04E;E38000103;NHS Mansfield and Ashfield CCG;26;26;100 144;;89 173;4 203;6 768
CCG;04F;E38000107;NHS Milton Keynes CCG;27;27;123 094;;111 821;5 761;5 512
CCG;04G;E38000108;NHS Nene CCG;66;64;312 772;;281 005;12 312;19 455
CCG;04H;E38000109;NHS Newark and Sherwood CCG;14;14;68 602;;62 379;2 617;3 606
CCG;04K;E38000132;NHS Nottingham City CCG;52;50;154 196;;134 178;8 810;11 208
CCG;04L;E38000133;NHS Nottingham North and East CCG;17;16;65 829;;59 121;2 540;4 168
CCG;04M;E38000134;NHS Nottingham West CCG;12;12;56 271;;50 822;1 985;3 464
CCG;04N;E38000142;NHS Rushcliffe CCG;12;12;67 228;;61 472;1 953;3 803
CCG;04Q;E38000165;NHS South West  Lincolnshire CCG;17;17;72 023;;64 748;3 009;4 266
CCG;04V;E38000201;NHS West Leicestershire CCG;48;48;198 124;;179 867;8 441;9 816
CCG;04Y;E38000028;NHS Cannock Chase CCG;24;23;61 962;;55 559;2 902;3 501
CCG;05A;E38000038;NHS Coventry and Rugby CCG;66;65;201 445;;180 476;13 589;7 380
CCG;05C;E38000046;NHS Dudley CCG;43;43;131 069;;117 562;7 967;5 540
CCG;05D;E38000053;NHS East Staffordshire CCG;18;17;60 310;;54 907;2 278;3 125
CCG;05F;E38000078;NHS Herefordshire CCG;20;20;93 118;;86 696;3 582;2 840
CCG;05G;E38000126;NHS North Staffordshire CCG;30;30;87 120;;79 613;3 155;4 352
CCG;05H;E38000195;NHS Warwickshire North CCG;26;25;80 702;;70 876;3 640;6 186
CCG;05J;E38000139;NHS Redditch and Bromsgrove CCG;21;21;84 081;;77 199;4 334;2 548
CCG;05L;E38000144;NHS Sandwell and West Birmingham CCG;81;78;241 509;;208 303;19 937;13 269
CCG;05N;E38000147;NHS Shropshire CCG;41;41;147 609;;135 883;5 819;5 907
CCG;05Q;E38000153;NHS South East Staffordshire and Seisdon Peninsula CCG;26;25;92 536;;83 897;4 013;4 626
CCG;05R;E38000164;NHS South Warwickshire CCG;33;33;151 805;;137 959;7 240;6 606
CCG;05T;E38000166;NHS South Worcestershire CCG;31;27;137 873;;125 667;5 389;6 817
CCG;05V;E38000173;NHS Stafford and Surrounds CCG;14;14;70 797;;62 805;4 156;3 836
CCG;05W;E38000175;NHS Stoke on Trent CCG;41;41;106 727;;93 690;7 380;5 657
CCG;05X;E38000183;NHS Telford and Wrekin CCG;13;13;78 618;;70 460;5 103;3 055
CCG;05Y;E38000191;NHS Walsall CCG;52;50;136 199;;120 543;9 428;6 228
CCG;06A;E38000210;NHS Wolverhampton CCG;40;39;102 739;;90 904;7 650;4 185
CCG;06D;E38000211;NHS Wyre Forest CCG;11;11;72 895;;67 691;2 994;2 210
CCG;06F;E38000010;NHS Bedfordshire CCG;47;47;213 625;;191 592;8 504;13 529
CCG;06H;E38000026;NHS Cambridgeshire and Peterborough CCG;88;87;456 616;;410 134;20 850;25 632
CCG;06K;E38000049;NHS East and North Hertfordshire CCG;57;53;229 696;;200 911;9 877;18 908
CCG;06L;E38000086;NHS Ipswich and East Suffolk CCG;41;40;201 238;;182 734;6 376;12 128
CCG;06M;E38000063;NHS Great Yarmouth and Waveney CCG;19;19;112 969;;100 317;6 352;6 300
CCG;06N;E38000079;NHS Herts Valley CCG;58;57;252 961;;226 629;13 949;12 383
CCG;06P;E38000102;NHS Luton CCG;26;26;91 508;;81 433;6 170;3 905
CCG;06Q;E38000106;NHS Mid Essex CCG;44;41;168 898;;150 416;6 741;11 741
CCG;06T;E38000117;NHS North East Essex CCG;35;32;172 076;;156 397;7 600;8 079
CCG;06V;E38000124;NHS North Norfolk CCG;19;18;88 496;;78 834;3 905;5 757
CCG;06W;E38000218;NHS Norwich CCG;22;22;115 148;;103 665;4 301;7 182
CCG;06Y;E38000219;NHS South Norfolk CCG;24;23;108 609;;98 990;3 175;6 444
CCG;07G;E38000185;NHS Thurrock CCG;28;28;78 003;;70 018;3 433;4 552
CCG;07H;E38000197;NHS West Essex CCG;32;32;122 390;;108 144;6 135;8 111
CCG;07J;E38000203;NHS West Norfolk CCG;21;21;100 974;;90 275;3 429;7 270
CCG;07K;E38000204;NHS West Suffolk CCG;24;24;115 954;;105 656;4 044;6 254
CCG;07L;E38000004;NHS Barking and Dagenham CCG;34;32;75 077;;64 445;5 497;5 135
CCG;07M;E38000005;NHS Barnet CCG;54;43;110 397;;99 383;5 394;5 620
CCG;07N;E38000011;NHS Bexley CCG;23;17;69 500;;60 319;3 967;5 214
CCG;07P;E38000020;NHS Brent CCG;55;55;145 650;;129 878;10 547;5 225
CCG;07Q;E38000023;NHS Bromley CCG;45;44;108 775;;97 268;4 920;6 587
CCG;07R;E38000027;NHS Camden CCG;36;32;86 671;;77 778;5 739;3 154
CCG;07T;E38000035;NHS City and Hackney CCG;41;39;125 640;;112 189;9 281;4 170
CCG;07V;E38000040;NHS Croydon CCG;51;48;143 537;;128 467;9 515;5 555
CCG;07W;E38000048;NHS Ealing CCG;76;74;180 110;;161 389;11 108;7 613
CCG;07X;E38000057;NHS Enfield CCG;47;32;106 652;;94 510;7 471;4 671
CCG;07Y;E38000084;NHS Hounslow CCG;46;46;124 057;;109 903;7 141;7 013
CCG;08A;E38000066;NHS Greenwich CCG;35;33;99 606;;85 537;6 905;7 164
CCG;08C;E38000070;NHS Hammersmith and Fulham CCG;30;28;81 018;;71 106;4 938;4 974
CCG;08D;E38000072;NHS Haringey CCG;38;37;97 044;;86 798;6 709;3 537
CCG;08E;E38000074;NHS Harrow CCG;33;32;103 122;;92 696;5 996;4 430
CCG;08F;E38000077;NHS Havering CCG;42;39;90 825;;81 203;4 452;5 170
CCG;08G;E38000082;NHS Hillingdon CCG;45;45;111 881;;100 179;7 218;4 484
CCG;08H;E38000088;NHS Islington CCG;34;29;87 789;;77 377;7 271;3 141
CCG;08J;E38000090;NHS Kingston CCG;21;21;73 992;;68 389;3 295;2 308
CCG;08K;E38000092;NHS Lambeth CCG;46;38;140 901;;125 325;10 237;5 339
CCG;08L;E38000098;NHS Lewisham CCG;35;35;111 794;;99 035;9 136;3 623
CCG;08M;E38000113;NHS Newham CCG;51;48;137 481;;120 466;11 879;5 136
CCG;08N;E38000138;NHS Redbridge CCG;42;42;116 740;;103 782;7 205;5 753
CCG;08P;E38000140;NHS Richmond CCG;27;23;74 701;;64 590;3 790;6 321
CCG;08Q;E38000171;NHS Southwark CCG;35;35;120 421;;105 763;10 076;4 582
CCG;08R;E38000105;NHS Merton CCG;22;21;70 207;;63 839;4 140;2 228
CCG;08T;E38000179;NHS Sutton CCG;23;22;74 233;;67 095;3 798;3 340
CCG;08V;E38000186;NHS Tower Hamlets CCG;35;34;140 798;;126 543;11 064;3 191
CCG;08W;E38000192;NHS Waltham Forest CCG;40;39;107 004;;96 672;6 603;3 729
CCG;08X;E38000193;NHS Wandsworth CCG;42;39;148 043;;132 907;9 455;5 681
CCG;08Y;E38000202;NHS West London CCG;42;42;108 627;;94 991;7 099;6 537
CCG;09A;E38000031;NHS Central London (Westminster) CCG;34;33;76 338;;67 751;5 076;3 511
CCG;09C;E38000002;NHS Ashford CCG;11;11;68 351;;62 786;2 513;3 052
CCG;09D;E38000021;NHS Brighton and Hove CCG;35;33;113 463;;100 586;5 826;7 051
CCG;09E;E38000029;NHS Canterbury and Coastal CCG;14;14;117 522;;104 851;4 311;8 360
CCG;09F;E38000055;NHS Eastbourne, Hailsham and Seaford CCG;20;20;107 183;;96 482;5 166;5 535
CCG;09G;E38000213;NHS Coastal West Sussex CCG;46;46;266 251;;238 980;11 621;15 650
CCG;09H;E38000039;NHS Crawley CCG;12;12;58 519;;51 821;1 960;4 738
CCG;09J;E38000043;NHS Dartford, Gravesham and Swanley CCG;29;17;59 066;;51 188;3 603;4 275
CCG;09L;E38000054;NHS East Surrey CCG;17;17;76 522;;70 952;3 556;2 014
CCG;09N;E38000214;NHS Guildford and Waverley CCG;21;21;88 531;;81 038;3 709;3 784
CCG;09P;E38000076;NHS Hastings and Rother CCG;23;23;98 880;;86 930;5 047;6 903
CCG;09W;E38000104;NHS Medway CCG;45;45;97 454;;86 839;4 757;5 858
CCG;09X;E38000083;NHS Horsham and Mid Sussex CCG;23;22;92 985;;83 047;3 777;6 161
CCG;09Y;E38000128;NHS North West Surrey CCG;40;37;131 255;;120 123;5 454;5 678
CCG;10A;E38000156;NHS South Kent Coast CCG;28;24;74 165;;65 110;3 299;5 756
CCG;10C;E38000178;NHS Surrey Heath CCG;7;7;45 500;;41 008;1 578;2 914
CCG;10D;E38000180;NHS Swale CCG;16;16;44 789;;40 453;2 375;1 961
CCG;10E;E38000184;NHS Thanet CCG;14;13;62 827;;56 808;2 517;3 502
CCG;10J;E38000120;NHS North Hampshire CCG;15;14;96 352;;89 719;3 484;3 149
CCG;10K;E38000059;NHS Fareham and Gosport CCG;17;17;89 691;;82 002;3 380;4 309
CCG;10L;E38000087;NHS Isle of Wight CCG;16;16;75 750;;64 055;5 245;6 450
CCG;10Q;E38000136;NHS Oxfordshire CCG;70;67;320 425;;295 406;14 645;10 374
CCG;10R;E38000137;NHS Portsmouth CCG;15;15;85 582;;77 123;3 806;4 653
CCG;10V;E38000154;NHS South Eastern Hampshire CCG;20;19;95 535;;85 239;4 093;6 203
CCG;10X;E38000167;NHS Southampton CCG;27;27;111 308;;100 981;5 863;4 464
CCG;11A;E38000198;NHS West Hampshire CCG;48;43;229 642;;210 009;9 006;10 627
CCG;11E;E38000009;NHS Bath and North East Somerset CCG;24;24;98 269;;88 962;4 078;5 229
CCG;11J;E38000045;NHS Dorset CCG;81;81;392 206;;351 303;15 437;25 466
CCG;11M;E38000062;NHS Gloucestershire CCG;75;70;294 707;;264 473;13 360;16 874
CCG;11N;E38000089;NHS Kernow CCG;59;57;344 280;;301 689;24 165;18 426
CCG;11X;E38000150;NHS Somerset CCG;65;60;249 176;;225 542;12 161;11 473
CCG;12D;E38000181;NHS Swindon CCG;23;23;109 023;;94 787;5 049;9 187
CCG;12F;E38000208;NHS Wirral CCG;50;48;164 160;;144 651;8 891;10 618
CCG;13T;E38000212;NHS Newcastle Gateshead CCG;61;59;212 778;;188 569;12 608;11 601
CCG;14L;E38000217;NHS Manchester CCG;88;81;233 297;;205 631;17 142;10 524
CCG;14Y;E38000223;NHS Buckinghamshire CCG;50;46;216 963;;202 104;7 610;7 249
CCG;15A;E38000221;NHS Berkshire West;47;45;214 972;;196 600;8 691;9 681
CCG;15C;E38000222;NHS Bristol, North Somerset and South Gloucestershire CCG;83;78;441 454;;399 866;23 359;18 229
CCG;15D;E38000224;NHS East Berkshire CCG;47;42;169 524;;154 504;8 152;6 868
CCG;15E;E38000220;NHS Birmingham and Solihull CCG;168;159;553 624;;483 451;39 482;30 691
CCG;15F;E38000225;NHS Leeds CCG;95;95;402 906;;362 685;17 825;22 396
CCG;15M;E38000229;NHS Derby and Derbyshire CCG;115;114;511 128;;455 492;20 798;34 838
CCG;15N;E38000230;NHS Devon CCG;127;123;689 832;;624 438;28 474;36 920
CCG;99A;E38000101;NHS Liverpool CCG;88;86;209 815;;185 086;15 201;9 528
CCG;99C;E38000127;NHS North Tyneside CCG;26;26;98 725;;88 492;4 897;5 336
CCG;99D;E38000157;NHS South Lincolnshire CCG;13;13;90 989;;81 758;3 224;6 007
CCG;99E;E38000007;NHS Basildon and Brentwood CCG;35;35;104 409;;92 670;3 920;7 819
CCG;99F;E38000030;NHS Castle Point and Rochford CCG;23;22;65 611;;58 879;1 957;4 775
CCG;99G;E38000168;NHS Southend CCG;28;27;70 677;;63 745;2 851;4 081
CCG;99H;E38000177;NHS Surrey Downs CCG;30;30;120 807;;110 111;4 836;5 860
CCG;99J;E38000199;NHS West Kent CCG;55;48;199 491;;174 983;9 164;15 344
CCG;99K;E38000081;NHS High Weald Lewes Havens CCG;19;18;72 923;;67 333;2 383;3 207
CCG;99M;E38000118;NHS North East Hampshire and Farnham CCG;20;18;87 790;;80 459;3 995;3 336
CCG;99N;E38000206;NHS Wiltshire CCG;48;47;262 259;;240 404;8 213;13 642
;;;;;;;;;;
Source: NHS Digital;;;;;;;;;;
;;;;;;;;;;
Notes:;;;;;;;;;;
1;CCGs are only included if there is data for more than one practice within the CCG, therefore the total count of open GP practices by CCG may not equal the national total;;;;;;;;;
2;"At the time of the appointment a ‘Booked’ status will usually be changed to either ‘Attended’ or ‘DNA’. In some cases (4-7% of monthly appointments), the final status of an appointment remains as ‘Booked’. It is not known from the data whether these appointments were actually attended or not. From a sample audit these were found to be consultations where the status has not been updated to say if patients had attended or not. 
For this reason, these appointments are reported as ""Unknown"" status";;;;;;;;;
_;;;;;;;;;;
Copyright © 2019 Health and Social Care Information Centre. The Health and Social Care Information Centre is a non-departmental body created by statute, also known as NHS Digital.;;;;;;;;;;
;;;;;;;;;;
;;;;;;;;;;
;;;;;;;;;;
;;;;;;;;;;
;;;;;;;;;;
;;;;;;;;;;
;;;;;;;;;;
;;;;;;;;;;
;;;;;;;;;;
;;;;;;;;;;
;;;;;;;;;;
;;;;;;;;;;
;;;;;;;;;;
;;;;;;;;;;
;;;;;;;;;;
;;;;;;;;;;
;;;;;;;;;;
;;;;;;;;;;
;;;;;;;;;;
;;;;;;;;;;
;;;;;;;;;;
;;;;;;;;;;
;;;;;;;;;;
;;;;;;;;;;
;;;;;;;;;;
;;;;;;;;;;
;;;;;;;;;;
;;;;;;;;;;
;;;;;;;;;;
;;;;;;;;;;
;;;;;;;;;;
;;;;;;;;;;
;;;;;;;;;;
;;;;;;;;;;
;;;;;;;;;;
;;;;;;;;;;
;;;;;;;;;;
;;;;;;;;;;
;;;;;;;;;;
;;;;;;;;;;
;;;;;;;;;;
;;;;;;;;;;
;;;;;;;;;;
;;;;;;;;;;
;;;;;;;;;;
;;;;;;;;;;
;;;;;;;;;;
;;;;;;;;;;
;;;;;;;;;;
;;;;;;;;;;
;;;;;;;;;;
;;;;;;;;;;
;;;;;;;;;;
;;;;;;;;;;
;;;;;;;;;;
;;;;;;;;;;
;;;;;;;;;;
;;;;;;;;;;
;;;;;;;;;;
;;;;;;;;;;
;;;;;;;;;;
;;;;;;;;;;
;;;;;;;;;;
;;;;;;;;;;
;;;;;;;;;;
;;;;;;;;;;
;;;;;;;;;;
;;;;;;;;;;
;;;;;;;;;;
;;;;;;;;;;
;;;;;;;;;;
;;;;;;;;;;
;;;;;;;;;;
;;;;;;;;;;
;;;;;;;;;;
;;;;;;;;;;
;;;;;;;;;;
;;;;;;;;;;
;;;;;;;;;;
;;;;;;;;;;
;;;;;;;;;;
;;;;;;;;;;
;;;;;;;;;;
;;;;;;;;;;
;;;;;;;;;;
;;;;;;;;;;
;;;;;;;;;;
;;;;;;;;;;
;;;;;;;;;;
;;;;;;;;;;
;;;;;;;;;;
;;;;;;;;;;
;;;;;;;;;;
;;;;;;;;;;
;;;;;;;;;;
;;;;;;;;;;
;;;;;;;;;;
;;;;;;;;;;
;;;;;;;;;;
;;;;;;;;;;
;;;;;;;;;;
;;;;;;;;;;
;;;;;;;;;;
;;;;;;;;;;
;;;;;;;;;;
;;;;;;;;;;
;;;;;;;;;;
;;;;;;;;;;
;;;;;;;;;;
;;;;;;;;;;
;;;;;;;;;;
;;;;;;;;;;
;;;;;;;;;;
;;;;;;;;;;
;;;;;;;;;;
;;;;;;;;;;
;;;;;;;;;;
;;;;;;;;;;
;;;;;;;;;;
;;;;;;;;;;
;;;;;;;;;;
;;;;;;;;;;
;;;;;;;;;;
;;;;;;;;;;
;;;;;;;;;;
;;;;;;;;;;
;;;;;;;;;;
;;;;;;;;;;
;;;;;;;;;;
;;;;;;;;;;
;;;;;;;;;;
;;;;;;;;;;
;;;;;;;;;;
;;;;;;;;;;
;;;;;;;;;;
;;;;;;;;;;
;;;;;;;;;;
;;;;;;;;;;
;;;;;;;;;;
;;;;;;;;;;
;;;;;;;;;;
;;;;;;;;;;
;;;;;;;;;;
;;;;;;;;;;
;;;;;;;;;;
;;;;;;;;;;
;;;;;;;;;;
;;;;;;;;;;
;;;;;;;;;;
;;;;;;;;;;
;;;;;;;;;;
;;;;;;;;;;
;;;;;;;;;;
;;;;;;;;;;
;;;;;;;;;;
;;;;;;;;;;
;;;;;;;;;;
;;;;;;;;;;
;;;;;;;;;;
;;;;;;;;;;
;;;;;;;;;;
;;;;;;;;;;
;;;;;;;;;;
;;;;;;;;;;
;;;;;;;;;;
;;;;;;;;;;
;;;;;;;;;;
;;;;;;;;;;
;;;;;;;;;;
;;;;;;;;;;
;;;;;;;;;;
;;;;;;;;;;
;;;;;;;;;;
;;;;;;;;;;
;;;;;;;;;;
;;;;;;;;;;
;;;;;;;;;;
;;;;;;;;;;
;;;;;;;;;;
;;;;;;;;;;
;;;;;;;;;;
;;;;;;;;;;
;;;;;;;;;;
;;;;;;;;;;
;;;;;;;;;;
;;;;;;;;;;
;;;;;;;;;;
;;;;;;;;;;
;;;;;;;;;;
;;;;;;;;;;
;;;;;;;;;;
;;;;;;;;;;
;;;;;;;;;;
;;;;;;;;;;
;;;;;;;;;;
;;;;;;;;;;
;;;;;;;;;;
;;;;;;;;;;
;;;;;;;;;;
;;;;;;;;;;
;;;;;;;;;;
;;;;;;;;;;
;;;;;;;;;;
;;;;;;;;;;
;;;;;;;;;;
;;;;;;;;;;
;;;;;;;;;;
;;;;;;;;;;
;;;;;;;;;;
;;;;;;;;;;
;;;;;;;;;;
;;;;;;;;;;
;;;;;;;;;;
;;;;;;;;;;
;;;;;;;;;;
;;;;;;;;;;
;;;;;;;;;;
;;;;;;;;;;
;;;;;;;;;;
;;;;;;;;;;
;;;;;;;;;;
;;;;;;;;;;
;;;;;;;;;;
;;;;;;;;;;
;;;;;;;;;;
;;;;;;;;;;
;;;;;;;;;;
;;;;;;;;;;
;;;;;;;;;;
;;;;;;;;;;
;;;;;;;;;;
;;;;;;;;;;
;;;;;;;;;;
;;;;;;;;;;
;;;;;;;;;;
;;;;;;;;;;
;;;;;;;;;;
;;;;;;;;;;
;;;;;;;;;;
;;;;;;;;;;
;;;;;;;;;;
;;;;;;;;;;
;;;;;;;;;;
;;;;;;;;;;
;;;;;;;;;;
;;;;;;;;;;
;;;;;;;;;;
;;;;;;;;;;
;;;;;;;;;;
;;;;;;;;;;
;;;;;;;;;;
;;;;;;;;;;
;;;;;;;;;;
;;;;;;;;;;
;;;;;;;;;;
;;;;;;;;;;
;;;;;;;;;;
;;;;;;;;;;
;;;;;;;;;;
;;;;;;;;;;
;;;;;;;;;;
;;;;;;;;;;
;;;;;;;;;;
;;;;;;;;;;
;;;;;;;;;;
;;;;;;;;;;
;;;;;;;;;;
;;;;;;;;;;
;;;;;;;;;;
;;;;;;;;;;
;;;;;;;;;;
;;;;;;;;;;
;;;;;;;;;;
;;;;;;;;;;
;;;;;;;;;;
;;;;;;;;;;
;;;;;;;;;;
;;;;;;;;;;
;;;;;;;;;;
;;;;;;;;;;
;;;;;;;;;;
;;;;;;;;;;
;;;;;;;;;;
;;;;;;;;;;
;;;;;;;;;;
;;;;;;;;;;
;;;;;;;;;;
;;;;;;;;;;
;;;;;;;;;;
;;;;;;;;;;
;;;;;;;;;;
;;;;;;;;;;
;;;;;;;;;;
;;;;;;;;;;
;;;;;;;;;;
;;;;;;;;;;
;;;;;;;;;;
;;;;;;;;;;
;;;;;;;;;;
;;;;;;;;;;
;;;;;;;;;;
;;;;;;;;;;
;;;;;;;;;;
;;;;;;;;;;
;;;;;;;;;;
;;;;;;;;;;
;;;;;;;;;;
;;;;;;;;;;
;;;;;;;;;;
;;;;;;;;;;
;;;;;;;;;;
;;;;;;;;;;
;;;;;;;;;;
;;;;;;;;;;
;;;;;;;;;;
;;;;;;;;;;
;;;;;;;;;;
;;;;;;;;;;
;;;;;;;;;;
;;;;;;;;;;
;;;;;;;;;;
;;;;;;;;;;
;;;;;;;;;;
;;;;;;;;;;
;;;;;;;;;;
;;;;;;;;;;
;;;;;;;;;;
;;;;;;;;;;
;;;;;;;;;;
;;;;;;;;;;
;;;;;;;;;;
;;;;;;;;;;
;;;;;;;;;;
;;;;;;;;;;
;;;;;;;;;;
;;;;;;;;;;
;;;;;;;;;;
;;;;;;;;;;
;;;;;;;;;;
;;;;;;;;;;
;;;;;;;;;;
;;;;;;;;;;
;;;;;;;;;;
;;;;;;;;;;
;;;;;;;;;;
;;;;;;;;;;
;;;;;;;;;;
;;;;;;;;;;
;;;;;;;;;;
;;;;;;;;;;
;;;;;;;;;;
;;;;;;;;;;
;;;;;;;;;;
;;;;;;;;;;
;;;;;;;;;;
;;;;;;;;;;
;;;;;;;;;;
;;;;;;;;;;
;;;;;;;;;;
;;;;;;;;;;
;;;;;;;;;;
;;;;;;;;;;
;;;;;;;;;;
;;;;;;;;;;
;;;;;;;;;;
;;;;;;;;;;
;;;;;;;;;;
;;;;;;;;;;
;;;;;;;;;;
;;;;;;;;;;
;;;;;;;;;;
;;;;;;;;;;
;;;;;;;;;;
;;;;;;;;;;
;;;;;;;;;;
;;;;;;;;;;
;;;;;;;;;;
;;;;;;;;;;
;;;;;;;;;;
;;;;;;;;;;
;;;;;;;;;;
;;;;;;;;;;
;;;;;;;;;;
;;;;;;;;;;
;;;;;;;;;;
;;;;;;;;;;
;;;;;;;;;;
;;;;;;;;;;
;;;;;;;;;;
;;;;;;;;;;
;;;;;;;;;;
;;;;;;;;;;
;;;;;;;;;;
;;;;;;;;;;
;;;;;;;;;;
;;;;;;;;;;
;;;;;;;;;;
;;;;;;;;;;
;;;;;;;;;;
;;;;;;;;;;
;;;;;;;;;;
;;;;;;;;;;
;;;;;;;;;;
;;;;;;;;;;
;;;;;;;;;;
;;;;;;;;;;
;;;;;;;;;;
;;;;;;;;;;
;;;;;;;;;;
;;;;;;;;;;
;;;;;;;;;;
;;;;;;;;;;
;;;;;;;;;;
;;;;;;;;;;
;;;;;;;;;;
;;;;;;;;;;
;;;;;;;;;;
;;;;;;;;;;
;;;;;;;;;;
;;;;;;;;;;
;;;;;;;;;;
;;;;;;;;;;
;;;;;;;;;;
;;;;;;;;;;
;;;;;;;;;;
;;;;;;;;;;
;;;;;;;;;;
;;;;;;;;;;
;;;;;;;;;;
;;;;;;;;;;
;;;;;;;;;;
;;;;;;;;;;
;;;;;;;;;;
;;;;;;;;;;
;;;;;;;;;;
;;;;;;;;;;
;;;;;;;;;;
;;;;;;;;;;
;;;;;;;;;;
;;;;;;;;;;
;;;;;;;;;;
;;;;;;;;;;
;;;;;;;;;;
;;;;;;;;;;
;;;;;;;;;;
;;;;;;;;;;
;;;;;;;;;;
;;;;;;;;;;
;;;;;;;;;;
;;;;;;;;;;
;;;;;;;;;;
;;;;;;;;;;
;;;;;;;;;;
;;;;;;;;;;
;;;;;;;;;;
;;;;;;;;;;
;;;;;;;;;;
;;;;;;;;;;
;;;;;;;;;;
;;;;;;;;;;
;;;;;;;;;;
;;;;;;;;;;
;;;;;;;;;;
;;;;;;;;;;
;;;;;;;;;;
;;;;;;;;;;
;;;;;;;;;;
;;;;;;;;;;
;;;;;;;;;;
;;;;;;;;;;
;;;;;;;;;;
;;;;;;;;;;
;;;;;;;;;;
;;;;;;;;;;
;;;;;;;;;;
;;;;;;;;;;
;;;;;;;;;;
;;;;;;;;;;
;;;;;;;;;;
;;;;;;;;;;
;;;;;;;;;;
;;;;;;;;;;
;;;;;;;;;;
;;;;;;;;;;
;;;;;;;;;;
;;;;;;;;;;
;;;;;;;;;;
;;;;;;;;;;
;;;;;;;;;;
;;;;;;;;;;
;;;;;;;;;;
;;;;;;;;;;
;;;;;;;;;;
;;;;;;;;;;
;;;;;;;;;;
;;;;;;;;;;
;;;;;;;;;;
;;;;;;;;;;
;;;;;;;;;;
;;;;;;;;;;
;;;;;;;;;;
;;;;;;;;;;
;;;;;;;;;;
;;;;;;;;;;
;;;;;;;;;;
;;;;;;;;;;
;;;;;;;;;;
;;;;;;;;;;
;;;;;;;;;;
;;;;;;;;;;
;;;;;;;;;;
;;;;;;;;;;
;;;;;;;;;;
;;;;;;;;;;
;;;;;;;;;;
;;;;;;;;;;
;;;;;;;;;;
;;;;;;;;;;
;;;;;;;;;;
;;;;;;;;;;
;;;;;;;;;;
;;;;;;;;;;
;;;;;;;;;;
;;;;;;;;;;
;;;;;;;;;;
;;;;;;;;;;
;;;;;;;;;;
;;;;;;;;;;
;;;;;;;;;;
;;;;;;;;;;
;;;;;;;;;;
;;;;;;;;;;
;;;;;;;;;;
;;;;;;;;;;
;;;;;;;;;;
;;;;;;;;;;
;;;;;;;;;;
;;;;;;;;;;
;;;;;;;;;;
;;;;;;;;;;
;;;;;;;;;;
;;;;;;;;;;
;;;;;;;;;;
;;;;;;;;;;
;;;;;;;;;;
;;;;;;;;;;
;;;;;;;;;;
;;;;;;;;;;
;;;;;;;;;;
;;;;;;;;;;
;;;;;;;;;;
;;;;;;;;;;
;;;;;;;;;;
;;;;;;;;;;
;;;;;;;;;;
;;;;;;;;;;
;;;;;;;;;;
;;;;;;;;;;
;;;;;;;;;;
;;;;;;;;;;
;;;;;;;;;;
;;;;;;;;;;
;;;;;;;;;;
;;;;;;;;;;
;;;;;;;;;;
;;;;;;;;;;