﻿;;;;;;;;;;
;;;;;;;;;;
;;;;;;;;;;
;;;;;;;;;;
;;;;;;;;;;
Return to Contents;;;;;;;;;;
_;;;;;;;;;;
Table 3a: Appointments by Status, at National, Regional, Sub-Regional, STP and CCG level, England, August 2019;;;;;;;;;;
;;;;Count of Open GP Practices1;Count of Included GP Practices;Count of Appointments;;"Count of Appointments by 
Appointment Status";;
Type;NHS Area Code;ONS Code;Name;;;Total;;Attended;DNA;Unknown2
Type;NHS Area Code;ONS Code;Name;Open Active Practices;Included Practices;Total;_;Attended;DNA;Unknown
National;ENG;ENG;England;6 874;6 562;22 501 061;;20 253 112;1 117 863;1 130 086
Region;Y56;E40000003;London;1 261;1 176;3 055 459;;2 719 232;200 626;135 601
Region;Y58;E40000006;South West;585;561;2 565 425;;2 320 628;114 110;130 687
Region;Y59;E40000005;South East;898;839;3 366 867;;3 080 325;139 504;147 038
Region;Y60;E40000008;Midlands;1 341;1 307;4 417 950;;3 967 908;222 424;227 618
Region;Y61;E40000007;East of England;699;683;2 672 055;;2 407 348;109 876;154 831
Region;Y62;E40000010;North West;1 042;964;2 613 685;;2 339 992;153 384;120 309
Region;Y63;E40000009;North East and Yorkshire;1 048;1 032;3 809 620;;3 417 679;177 939;214 002
Regional Local Office;Q71;E39000018;NHS England London;1 261;1 176;3 055 459;;2 719 232;200 626;135 601
Regional Local Office;Q72;E39000048;NHS England North East and Yorkshire (Yorkshire and Humber);651;643;2 423 364;;2 174 620;109 497;139 247
Regional Local Office;Q74;E39000047;NHS England North East and Yorkshire (Cumbria and North East);397;389;1 386 256;;1 243 059;68 442;74 755
Regional Local Office;Q75;E39000026;NHS England North West (Cheshire and Merseyside);370;357;970 506;;868 025;55 332;47 149
Regional Local Office;Q76;E39000032;NHS England Midlands (North Midlands);456;448;1 518 622;;1 368 167;66 448;84 007
Regional Local Office;Q77;E39000033;NHS England Midlands (West Midlands);592;572;1 755 446;;1 571 369;107 369;76 708
Regional Local Office;Q78;E39000045;NHS England Midlands (Central Midlands);293;287;1 143 882;;1 028 372;48 607;66 903
Regional Local Office;Q79;E39000046;NHS England East of England (East);699;683;2 672 055;;2 407 348;109 876;154 831
Regional Local Office;Q83;E39000037;NHS England North West (Greater Manchester);457;404;1 011 591;;896 568;66 134;48 889
Regional Local Office;Q84;E39000040;NHS England North West (Lancashire and South Cumbria);215;203;631 588;;575 399;31 918;24 271
Regional Local Office;Q85;E39000044;NHS England South West (South West South);332;320;1 489 312;;1 343 809;69 536;75 967
Regional Local Office;Q86;E39000043;NHS England South West (South West North);253;241;1 076 113;;976 819;44 574;54 720
Regional Local Office;Q87;E39000041;NHS England South East (Hampshire, Isle of Wight and Thames Valley);400;377;1 639 758;;1 504 750;68 606;66 402
Regional Local Office;Q88;E39000042;NHS England South East (Kent, Surrey and Sussex);498;462;1 727 109;;1 575 575;70 898;80 636
STP;E54000005;E54000005;West Yorkshire And Harrogate (Health And Care Partnership)  STP;313;310;1 170 398;;1 053 589;51 038;65 771
STP;E54000006;E54000006;Humber, Coast And Vale  STP;147;142;576 947;;520 772;25 084;31 091
STP;E54000007;E54000007;Greater Manchester Health And Social Care Partnership  STP;457;404;1 011 591;;896 568;66 134;48 889
STP;E54000008;E54000008;Cheshire And Merseyside  STP;370;357;970 506;;868 025;55 332;47 149
STP;E54000009;E54000009;South Yorkshire And Bassetlaw  STP;191;191;676 019;;600 259;33 375;42 385
STP;E54000010;E54000010;Staffordshire And Stoke On Trent  STP;153;150;406 793;;369 015;19 241;18 537
STP;E54000011;E54000011;Shropshire And Telford And Wrekin  STP;54;54;206 368;;188 868;9 293;8 207
STP;E54000012;E54000012;Joined Up Care Derbyshire  STP;115;114;454 881;;408 971;17 369;28 541
STP;E54000013;E54000013;Lincolnshire  STP;86;85;334 133;;300 102;13 168;20 863
STP;E54000014;E54000014;Nottingham And Nottinghamshire Health And Care  STP;134;130;450 580;;401 313;20 545;28 722
STP;E54000015;E54000015;Leicester, Leicestershire And Rutland  STP;136;133;493 922;;446 065;23 316;24 541
STP;E54000016;E54000016;The Black Country And West Birmingham  STP;216;210;547 384;;480 459;39 929;26 996
STP;E54000017;E54000017;Birmingham And Solihull  STP;168;160;480 365;;420 722;35 188;24 455
STP;E54000018;E54000018;Coventry And Warwickshire  STP;125;123;374 980;;341 983;18 127;14 870
STP;E54000019;E54000019;Herefordshire And Worcestershire  STP;83;79;352 717;;328 205;14 125;10 387
STP;E54000020;E54000020;Northamptonshire  STP;71;69;315 827;;282 205;12 123;21 499
STP;E54000021;E54000021;Cambridgeshire And Peterborough  STP;88;87;408 285;;369 098;17 990;21 197
STP;E54000022;E54000022;Norfolk And Waveney Health And Care Partnership  STP;105;104;478 160;;429 890;18 235;30 035
STP;E54000023;E54000023;Suffolk And North East Essex  STP;100;96;438 059;;401 790;15 238;21 031
STP;E54000024;E54000024;Bedfordshire, Luton And Milton Keynes  STP;100;100;387 599;;349 367;17 757;20 475
STP;E54000025;E54000025;Hertfordshire And West Essex  STP;147;142;526 515;;466 109;24 536;35 870
STP;E54000026;E54000026;Mid And South Essex  STP;159;154;433 437;;391 094;16 120;26 223
STP;E54000027;E54000027;North West London Health And Care Partnership  STP;361;355;829 567;;735 883;52 811;40 873
STP;E54000028;E54000028;North London Partners In Health And Care  STP;209;172;428 068;;383 427;28 930;15 711
STP;E54000029;E54000029;East London Health And Care Partnership  STP;285;273;696 032;;618 072;49 819;28 141
STP;E54000030;E54000030;Our Healthier South East London  STP;219;200;576 347;;506 070;39 703;30 574
STP;E54000031;E54000031;South West London Health And Care Partnership  STP;187;176;525 445;;475 780;29 363;20 302
STP;E54000032;E54000032;Kent And Medway  STP;212;183;640 297;;577 607;28 443;34 247
STP;E54000033;E54000033;Sussex And East Surrey  STP;195;191;784 971;;717 867;30 775;36 329
STP;E54000034;E54000034;Frimley Health  STP;74;67;272 471;;251 594;11 823;9 054
STP;E54000035;E54000035;Surrey Heartlands  STP;91;88;301 841;;280 101;11 680;10 060
STP;E54000036;E54000036;Cornwall And The Isles Of Scilly  STP;59;57;306 658;;269 599;21 140;15 919
STP;E54000037;E54000037;Devon  STP;127;123;612 263;;557 249;24 479;30 535
STP;E54000038;E54000038;Somerset  STP;65;59;222 798;;202 771;10 984;9 043
STP;E54000039;E54000039;Bristol, North Somerset And South Gloucestershire  STP;83;78;394 699;;361 538;19 668;13 493
STP;E54000040;E54000040;Bath And North East Somerset, Swindon And Wiltshire  STP;95;93;414 750;;376 170;14 359;24 221
STP;E54000041;E54000041;Dorset  STP;81;81;347 593;;314 190;12 933;20 470
STP;E54000042;E54000042;Hampshire And The Isle Of Wight  STP;158;151;700 543;;638 908;30 277;31 358
STP;E54000043;E54000043;Gloucestershire  STP;75;70;266 664;;239 111;10 547;17 006
STP;E54000044;E54000044;Buckinghamshire, Oxfordshire And Berkshire West  STP;168;159;666 744;;614 248;26 506;25 990
STP;E54000048;E54000048;Healthier Lancashire And South Cumbria  STP;215;203;631 588;;575 399;31 918;24 271
STP;E54000049;E54000049;Cumbria And North East  STP;397;389;1 386 256;;1 243 059;68 442;74 755
CCG;00C;E38000042;NHS Darlington CCG;11;11;44 621;;39 147;2 314;3 160
CCG;00D;E38000047;NHS Durham Dales, Easington and Sedgefield CCG;35;35;149 446;;132 174;7 515;9 757
CCG;00J;E38000116;NHS North Durham CCG;30;30;119 200;;106 851;5 393;6 956
CCG;00K;E38000075;NHS Hartlepool and Stockton-on-Tees CCG;32;32;115 985;;101 883;5 790;8 312
CCG;00L;E38000130;NHS Northumberland CCG;41;40;151 249;;137 034;6 124;8 091
CCG;00M;E38000162;NHS South Tees CCG;38;35;136 563;;121 131;6 865;8 567
CCG;00N;E38000163;NHS South Tyneside CCG;21;21;56 470;;51 159;2 987;2 324
CCG;00P;E38000176;NHS Sunderland CCG;41;40;111 921;;101 938;6 697;3 286
CCG;00Q;E38000014;NHS Blackburn with Darwen CCG;23;22;54 158;;48 369;3 757;2 032
CCG;00R;E38000015;NHS Blackpool CCG;19;18;72 569;;66 382;4 191;1 996
CCG;00T;E38000016;NHS Bolton CCG;49;48;127 267;;111 938;8 649;6 680
CCG;00V;E38000024;NHS Bury CCG;26;3;8 495;;7 544;312;639
CCG;00X;E38000034;NHS Chorley and South Ribble CCG;30;27;60 605;;55 234;2 464;2 907
CCG;00Y;E38000135;NHS Oldham CCG;43;41;92 143;;82 746;6 055;3 342
CCG;01A;E38000050;NHS East Lancashire CCG;51;49;132 040;;118 742;7 934;5 364
CCG;01C;E38000056;NHS Eastern Cheshire CCG;21;19;75 644;;69 933;3 215;2 496
CCG;01D;E38000080;NHS Heywood, Middleton and Rochdale CCG;41;36;85 766;;77 341;5 483;2 942
CCG;01E;E38000227;NHS Greater Preston CCG;23;22;58 560;;52 758;3 151;2 651
CCG;01F;E38000068;NHS Halton CCG;14;14;53 172;;45 785;3 578;3 809
CCG;01G;E38000143;NHS Salford CCG;44;38;107 052;;90 143;8 087;8 822
CCG;01H;E38000215;NHS North Cumbria CCG;39;39;157 660;;144 663;6 531;6 466
CCG;01J;E38000091;NHS Knowsley CCG;25;25;62 511;;54 297;4 623;3 591
CCG;01K;E38000228;NHS Morecambe Bay CCG;35;33;136 875;;126 611;6 108;4 156
CCG;01R;E38000151;NHS South Cheshire CCG;17;17;72 539;;64 446;3 710;4 383
CCG;01T;E38000161;NHS South Sefton CCG;31;29;45 769;;41 698;2 751;1 320
CCG;01V;E38000170;NHS Southport and Formby CCG;17;17;47 716;;43 580;1 981;2 155
CCG;01W;E38000174;NHS Stockport CCG;37;34;110 849;;100 250;6 158;4 441
CCG;01X;E38000172;NHS St Helens CCG;34;34;71 045;;63 124;4 522;3 399
CCG;01Y;E38000182;NHS Tameside and Glossop CCG;37;37;93 040;;83 909;6 024;3 107
CCG;02A;E38000187;NHS Trafford CCG;31;28;73 158;;66 217;3 953;2 988
CCG;02D;E38000189;NHS Vale Royal CCG;12;12;38 504;;34 055;1 984;2 465
CCG;02E;E38000194;NHS Warrington CCG;26;26;73 863;;67 075;3 166;3 622
CCG;02F;E38000196;NHS West Cheshire CCG;35;30;99 454;;90 843;5 197;3 414
CCG;02G;E38000200;NHS West Lancashire CCG;15;14;41 937;;38 054;1 907;1 976
CCG;02H;E38000205;NHS Wigan Borough CCG;61;59;112 999;;99 967;5 896;7 136
CCG;02M;E38000226;NHS Fylde and Wyre CCG;19;18;74 844;;69 249;2 406;3 189
CCG;02N;E38000001;NHS Airedale, Wharfedale and Craven CCG;16;16;78 906;;71 295;2 831;4 780
CCG;02P;E38000006;NHS Barnsley CCG;33;33;110 285;;98 843;5 191;6 251
CCG;02Q;E38000008;NHS Bassetlaw CCG;9;9;53 871;;49 099;2 353;2 419
CCG;02R;E38000019;NHS Bradford Districts CCG;32;32;152 410;;136 098;6 088;10 224
CCG;02T;E38000025;NHS Calderdale CCG;26;25;90 714;;81 898;3 623;5 193
CCG;02W;E38000018;NHS Bradford City CCG;25;25;66 031;;57 355;4 343;4 333
CCG;02X;E38000044;NHS Doncaster CCG;40;40;137 072;;123 438;7 011;6 623
CCG;02Y;E38000052;NHS East Riding of Yorkshire CCG;30;28;119 127;;108 844;4 564;5 719
CCG;03A;E38000064;NHS Greater Huddersfield CCG;37;37;95 290;;85 597;4 282;5 411
CCG;03D;E38000069;NHS Hambleton, Richmondshire and Whitby CCG;22;21;62 963;;57 638;2 296;3 029
CCG;03E;E38000073;NHS Harrogate and Rural District CCG;17;17;69 094;;64 036;2 299;2 759
CCG;03F;E38000085;NHS Hull CCG;34;33;104 924;;93 752;6 817;4 355
CCG;03H;E38000119;NHS North East Lincolnshire CCG;26;25;84 931;;76 658;3 903;4 370
CCG;03J;E38000121;NHS North Kirklees CCG;28;27;80 075;;71 242;4 193;4 640
CCG;03K;E38000122;NHS North Lincolnshire CCG;19;19;79 462;;71 742;2 617;5 103
CCG;03L;E38000141;NHS Rotherham CCG;30;30;118 209;;103 675;5 464;9 070
CCG;03M;E38000145;NHS Scarborough and Ryedale CCG;12;12;58 035;;51 201;2 456;4 378
CCG;03N;E38000146;NHS Sheffield CCG;79;79;256 582;;225 204;13 356;18 022
CCG;03Q;E38000188;NHS Vale of York CCG;26;25;130 468;;118 575;4 727;7 166
CCG;03R;E38000190;NHS Wakefield CCG;37;36;174 964;;158 278;7 019;9 667
CCG;03T;E38000099;NHS Lincolnshire East CCG;26;26;108 553;;98 520;4 840;5 193
CCG;03V;E38000037;NHS Corby CCG;5;5;34 317;;27 753;1 302;5 262
CCG;03W;E38000051;NHS East Leicestershire and Rutland CCG;31;29;157 421;;143 469;6 273;7 679
CCG;04C;E38000097;NHS Leicester City CCG;57;57;161 794;;143 218;10 181;8 395
CCG;04D;E38000100;NHS Lincolnshire West CCG;30;29;87 471;;78 939;3 434;5 098
CCG;04E;E38000103;NHS Mansfield and Ashfield CCG;26;26;90 917;;80 267;4 025;6 625
CCG;04F;E38000107;NHS Milton Keynes CCG;27;27;115 106;;104 063;5 030;6 013
CCG;04G;E38000108;NHS Nene CCG;66;64;281 510;;254 452;10 821;16 237
CCG;04H;E38000109;NHS Newark and Sherwood CCG;14;14;59 740;;54 201;2 395;3 144
CCG;04K;E38000132;NHS Nottingham City CCG;52;49;134 369;;117 752;7 918;8 699
CCG;04L;E38000133;NHS Nottingham North and East CCG;18;17;56 069;;50 108;2 204;3 757
CCG;04M;E38000134;NHS Nottingham West CCG;12;12;51 022;;44 944;2 241;3 837
CCG;04N;E38000142;NHS Rushcliffe CCG;12;12;58 463;;54 041;1 762;2 660
CCG;04Q;E38000165;NHS South West  Lincolnshire CCG;17;17;56 703;;51 299;2 071;3 333
CCG;04V;E38000201;NHS West Leicestershire CCG;48;47;174 707;;159 378;6 862;8 467
CCG;04Y;E38000028;NHS Cannock Chase CCG;24;23;49 945;;45 235;2 286;2 424
CCG;05A;E38000038;NHS Coventry and Rugby CCG;66;65;175 460;;158 066;10 562;6 832
CCG;05C;E38000046;NHS Dudley CCG;43;43;118 415;;106 745;6 699;4 971
CCG;05D;E38000053;NHS East Staffordshire CCG;18;17;53 198;;47 562;1 925;3 711
CCG;05F;E38000078;NHS Herefordshire CCG;20;20;86 941;;81 153;3 368;2 420
CCG;05G;E38000126;NHS North Staffordshire CCG;30;30;72 441;;66 423;2 697;3 321
CCG;05H;E38000195;NHS Warwickshire North CCG;26;25;70 622;;64 045;3 225;3 352
CCG;05J;E38000139;NHS Redditch and Bromsgrove CCG;21;21;73 991;;68 897;3 013;2 081
CCG;05L;E38000144;NHS Sandwell and West Birmingham CCG;81;78;218 956;;189 256;18 118;11 582
CCG;05N;E38000147;NHS Shropshire CCG;41;41;135 754;;123 916;5 580;6 258
CCG;05Q;E38000153;NHS South East Staffordshire and Seisdon Peninsula CCG;26;25;80 591;;74 204;3 517;2 870
CCG;05R;E38000164;NHS South Warwickshire CCG;33;33;128 898;;119 872;4 340;4 686
CCG;05T;E38000166;NHS South Worcestershire CCG;31;27;125 529;;116 105;5 064;4 360
CCG;05V;E38000173;NHS Stafford and Surrounds CCG;14;14;59 947;;55 157;2 485;2 305
CCG;05W;E38000175;NHS Stoke on Trent CCG;41;41;90 671;;80 434;6 331;3 906
CCG;05X;E38000183;NHS Telford and Wrekin CCG;13;13;70 614;;64 952;3 713;1 949
CCG;05Y;E38000191;NHS Walsall CCG;52;50;117 265;;103 639;8 026;5 600
CCG;06A;E38000210;NHS Wolverhampton CCG;40;39;92 748;;80 819;7 086;4 843
CCG;06D;E38000211;NHS Wyre Forest CCG;11;11;66 256;;62 050;2 680;1 526
CCG;06F;E38000010;NHS Bedfordshire CCG;47;47;191 409;;173 137;7 432;10 840
CCG;06H;E38000026;NHS Cambridgeshire and Peterborough CCG;88;87;408 285;;369 098;17 990;21 197
CCG;06K;E38000049;NHS East and North Hertfordshire CCG;57;52;200 598;;176 270;8 114;16 214
CCG;06L;E38000086;NHS Ipswich and East Suffolk CCG;41;40;179 906;;164 133;5 794;9 979
CCG;06M;E38000063;NHS Great Yarmouth and Waveney CCG;19;19;101 095;;89 864;5 404;5 827
CCG;06N;E38000079;NHS Herts Valley CCG;58;58;217 443;;192 383;11 659;13 401
CCG;06P;E38000102;NHS Luton CCG;26;26;81 084;;72 167;5 295;3 622
CCG;06Q;E38000106;NHS Mid Essex CCG;44;41;148 362;;134 864;4 982;8 516
CCG;06T;E38000117;NHS North East Essex CCG;35;32;154 893;;142 116;6 073;6 704
CCG;06V;E38000124;NHS North Norfolk CCG;19;19;85 234;;74 727;3 165;7 342
CCG;06W;E38000218;NHS Norwich CCG;22;22;101 961;;92 042;3 561;6 358
CCG;06Y;E38000219;NHS South Norfolk CCG;24;23;98 182;;90 316;2 953;4 913
CCG;07G;E38000185;NHS Thurrock CCG;28;28;70 706;;63 379;3 348;3 979
CCG;07H;E38000197;NHS West Essex CCG;32;32;108 474;;97 456;4 763;6 255
CCG;07J;E38000203;NHS West Norfolk CCG;21;21;91 688;;82 941;3 152;5 595
CCG;07K;E38000204;NHS West Suffolk CCG;24;24;103 260;;95 541;3 371;4 348
CCG;07L;E38000004;NHS Barking and Dagenham CCG;34;32;69 290;;59 906;4 855;4 529
CCG;07M;E38000005;NHS Barnet CCG;54;43;96 754;;87 655;4 643;4 456
CCG;07N;E38000011;NHS Bexley CCG;23;15;55 504;;47 083;2 989;5 432
CCG;07P;E38000020;NHS Brent CCG;55;55;129 454;;115 646;9 246;4 562
CCG;07Q;E38000023;NHS Bromley CCG;45;44;95 851;;85 092;4 323;6 436
CCG;07R;E38000027;NHS Camden CCG;36;32;75 348;;67 832;5 377;2 139
CCG;07T;E38000035;NHS City and Hackney CCG;41;39;113 484;;101 327;8 432;3 725
CCG;07V;E38000040;NHS Croydon CCG;52;48;129 609;;115 997;7 874;5 738
CCG;07W;E38000048;NHS Ealing CCG;76;74;159 640;;142 157;10 025;7 458
CCG;07X;E38000057;NHS Enfield CCG;47;32;92 744;;81 904;6 384;4 456
CCG;07Y;E38000084;NHS Hounslow CCG;46;46;113 808;;100 518;6 637;6 653
CCG;08A;E38000066;NHS Greenwich CCG;35;33;91 055;;77 258;6 237;7 560
CCG;08C;E38000070;NHS Hammersmith and Fulham CCG;30;28;74 786;;65 725;4 519;4 542
CCG;08D;E38000072;NHS Haringey CCG;38;37;85 706;;77 005;6 064;2 637
CCG;08E;E38000074;NHS Harrow CCG;33;32;90 221;;80 895;5 376;3 950
CCG;08F;E38000077;NHS Havering CCG;42;39;76 800;;68 657;3 971;4 172
CCG;08G;E38000082;NHS Hillingdon CCG;45;45;96 696;;86 474;6 071;4 151
CCG;08H;E38000088;NHS Islington CCG;34;28;77 516;;69 031;6 462;2 023
CCG;08J;E38000090;NHS Kingston CCG;21;21;65 956;;60 923;2 867;2 166
CCG;08K;E38000092;NHS Lambeth CCG;46;38;126 438;;112 951;9 292;4 195
CCG;08L;E38000098;NHS Lewisham CCG;35;35;99 954;;89 210;7 728;3 016
CCG;08M;E38000113;NHS Newham CCG;51;48;123 810;;107 935;11 235;4 640
CCG;08N;E38000138;NHS Redbridge CCG;42;42;104 178;;92 732;6 188;5 258
CCG;08P;E38000140;NHS Richmond CCG;27;23;64 323;;56 128;3 261;4 934
CCG;08Q;E38000171;NHS Southwark CCG;35;35;107 545;;94 476;9 134;3 935
CCG;08R;E38000105;NHS Merton CCG;22;21;65 150;;59 890;3 807;1 453
CCG;08T;E38000179;NHS Sutton CCG;23;23;67 081;;61 497;3 102;2 482
CCG;08V;E38000186;NHS Tower Hamlets CCG;35;34;120 553;;107 415;9 816;3 322
CCG;08W;E38000192;NHS Waltham Forest CCG;40;39;87 917;;80 100;5 322;2 495
CCG;08X;E38000193;NHS Wandsworth CCG;42;40;133 326;;121 345;8 452;3 529
CCG;08Y;E38000202;NHS West London CCG;42;42;95 336;;82 741;6 447;6 148
CCG;09A;E38000031;NHS Central London (Westminster) CCG;34;33;69 626;;61 727;4 490;3 409
CCG;09C;E38000002;NHS Ashford CCG;11;11;65 522;;61 502;2 417;1 603
CCG;09D;E38000021;NHS Brighton and Hove CCG;35;33;104 674;;93 758;5 081;5 835
CCG;09E;E38000029;NHS Canterbury and Coastal CCG;14;14;104 394;;96 108;4 241;4 045
CCG;09F;E38000055;NHS Eastbourne, Hailsham and Seaford CCG;20;20;96 628;;89 471;4 008;3 149
CCG;09G;E38000213;NHS Coastal West Sussex CCG;46;46;223 451;;204 650;7 683;11 118
CCG;09H;E38000039;NHS Crawley CCG;12;12;49 045;;44 266;1 523;3 256
CCG;09J;E38000043;NHS Dartford, Gravesham and Swanley CCG;29;15;46 077;;40 278;2 433;3 366
CCG;09L;E38000054;NHS East Surrey CCG;17;17;71 381;;66 147;3 443;1 791
CCG;09N;E38000214;NHS Guildford and Waverley CCG;21;21;78 049;;72 876;2 978;2 195
CCG;09P;E38000076;NHS Hastings and Rother CCG;23;23;91 221;;83 857;4 117;3 247
CCG;09W;E38000104;NHS Medway CCG;45;45;86 176;;77 148;4 146;4 882
CCG;09X;E38000083;NHS Horsham and Mid Sussex CCG;23;22;82 197;;74 354;2 824;5 019
CCG;09Y;E38000128;NHS North West Surrey CCG;40;37;116 646;;109 009;4 809;2 828
CCG;10A;E38000156;NHS South Kent Coast CCG;28;22;67 405;;59 940;2 794;4 671
CCG;10C;E38000178;NHS Surrey Heath CCG;7;7;42 735;;40 106;1 557;1 072
CCG;10D;E38000180;NHS Swale CCG;16;16;37 918;;33 499;1 993;2 426
CCG;10E;E38000184;NHS Thanet CCG;14;13;53 653;;48 077;2 234;3 342
CCG;10J;E38000120;NHS North Hampshire CCG;15;14;91 458;;85 929;3 407;2 122
CCG;10K;E38000059;NHS Fareham and Gosport CCG;17;17;77 140;;70 704;3 092;3 344
CCG;10L;E38000087;NHS Isle of Wight CCG;16;16;70 015;;59 865;5 069;5 081
CCG;10Q;E38000136;NHS Oxfordshire CCG;70;67;281 194;;260 343;12 050;8 801
CCG;10R;E38000137;NHS Portsmouth CCG;15;15;77 664;;70 251;3 655;3 758
CCG;10V;E38000154;NHS South Eastern Hampshire CCG;20;19;82 171;;73 762;3 215;5 194
CCG;10X;E38000167;NHS Southampton CCG;27;27;101 148;;92 453;5 050;3 645
CCG;11A;E38000198;NHS West Hampshire CCG;48;43;200 947;;185 944;6 789;8 214
CCG;11E;E38000009;NHS Bath and North East Somerset CCG;24;23;84 746;;77 325;3 317;4 104
CCG;11J;E38000045;NHS Dorset CCG;81;81;347 593;;314 190;12 933;20 470
CCG;11M;E38000062;NHS Gloucestershire CCG;75;70;266 664;;239 111;10 547;17 006
CCG;11N;E38000089;NHS Kernow CCG;59;57;306 658;;269 599;21 140;15 919
CCG;11X;E38000150;NHS Somerset CCG;65;59;222 798;;202 771;10 984;9 043
CCG;12D;E38000181;NHS Swindon CCG;23;23;94 652;;82 539;4 026;8 087
CCG;12F;E38000208;NHS Wirral CCG;50;48;140 534;;123 306;7 891;9 337
CCG;13T;E38000212;NHS Newcastle Gateshead CCG;61;59;192 967;;171 643;11 507;9 817
CCG;14L;E38000217;NHS Manchester CCG;88;80;200 822;;176 513;15 517;8 792
CCG;14Y;E38000223;NHS Buckinghamshire CCG;50;46;191 758;;178 232;6 573;6 953
CCG;15A;E38000221;NHS Berkshire West;48;46;193 792;;175 673;7 883;10 236
CCG;15C;E38000222;NHS Bristol, North Somerset and South Gloucestershire CCG;83;78;394 699;;361 538;19 668;13 493
CCG;15D;E38000224;NHS East Berkshire CCG;47;42;152 540;;139 454;7 303;5 783
CCG;15E;E38000220;NHS Birmingham and Solihull CCG;168;160;480 365;;420 722;35 188;24 455
CCG;15F;E38000225;NHS Leeds CCG;95;95;362 914;;327 790;16 360;18 764
CCG;15M;E38000229;NHS Derby and Derbyshire CCG;115;114;454 881;;408 971;17 369;28 541
CCG;15N;E38000230;NHS Devon CCG;127;123;612 263;;557 249;24 479;30 535
CCG;99A;E38000101;NHS Liverpool CCG;88;86;189 755;;169 883;12 714;7 158
CCG;99C;E38000127;NHS North Tyneside CCG;26;26;87 211;;77 798;4 423;4 990
CCG;99D;E38000157;NHS South Lincolnshire CCG;13;13;81 406;;71 344;2 823;7 239
CCG;99E;E38000007;NHS Basildon and Brentwood CCG;36;36;91 745;;82 058;3 412;6 275
CCG;99F;E38000030;NHS Castle Point and Rochford CCG;23;22;59 451;;54 307;1 856;3 288
CCG;99G;E38000168;NHS Southend CCG;28;27;63 173;;56 486;2 522;4 165
CCG;99H;E38000177;NHS Surrey Downs CCG;30;30;107 146;;98 216;3 893;5 037
CCG;99J;E38000199;NHS West Kent CCG;55;47;179 152;;161 055;8 185;9 912
CCG;99K;E38000081;NHS High Weald Lewes Havens CCG;19;18;66 374;;61 364;2 096;2 914
CCG;99M;E38000118;NHS North East Hampshire and Farnham CCG;20;18;77 196;;72 034;2 963;2 199
CCG;99N;E38000206;NHS Wiltshire CCG;48;47;235 352;;216 306;7 016;12 030
;;;;;;;;;;
Source: NHS Digital;;;;;;;;;;
;;;;;;;;;;
Notes:;;;;;;;;;;
1;CCGs are only included if there is data for more than one practice within the CCG, therefore the total count of open GP practices by CCG may not equal the national total;;;;;;;;;
2;"At the time of the appointment a ‘Booked’ status will usually be changed to either ‘Attended’ or ‘DNA’. In some cases (4-7% of monthly appointments), the final status of an appointment remains as ‘Booked’. It is not known from the data whether these appointments were actually attended or not. From a sample audit these were found to be consultations where the status has not been updated to say if patients had attended or not. 
For this reason, these appointments are reported as ""Unknown"" status";;;;;;;;;
_;;;;;;;;;;
Copyright © 2019 Health and Social Care Information Centre. The Health and Social Care Information Centre is a non-departmental body created by statute, also known as NHS Digital.;;;;;;;;;;
;;;;;;;;;;
;;;;;;;;;;
;;;;;;;;;;
;;;;;;;;;;
;;;;;;;;;;
;;;;;;;;;;
;;;;;;;;;;
;;;;;;;;;;
;;;;;;;;;;
;;;;;;;;;;
;;;;;;;;;;
;;;;;;;;;;
;;;;;;;;;;
;;;;;;;;;;
;;;;;;;;;;
;;;;;;;;;;
;;;;;;;;;;
;;;;;;;;;;
;;;;;;;;;;
;;;;;;;;;;
;;;;;;;;;;
;;;;;;;;;;
;;;;;;;;;;
;;;;;;;;;;
;;;;;;;;;;
;;;;;;;;;;
;;;;;;;;;;
;;;;;;;;;;
;;;;;;;;;;
;;;;;;;;;;
;;;;;;;;;;
;;;;;;;;;;
;;;;;;;;;;
;;;;;;;;;;
;;;;;;;;;;
;;;;;;;;;;
;;;;;;;;;;
;;;;;;;;;;
;;;;;;;;;;
;;;;;;;;;;
;;;;;;;;;;
;;;;;;;;;;
;;;;;;;;;;
;;;;;;;;;;
;;;;;;;;;;
;;;;;;;;;;
;;;;;;;;;;
;;;;;;;;;;
;;;;;;;;;;
;;;;;;;;;;
;;;;;;;;;;
;;;;;;;;;;
;;;;;;;;;;
;;;;;;;;;;
;;;;;;;;;;
;;;;;;;;;;
;;;;;;;;;;
;;;;;;;;;;
;;;;;;;;;;
;;;;;;;;;;
;;;;;;;;;;
;;;;;;;;;;
;;;;;;;;;;
;;;;;;;;;;
;;;;;;;;;;
;;;;;;;;;;
;;;;;;;;;;
;;;;;;;;;;
;;;;;;;;;;
;;;;;;;;;;
;;;;;;;;;;
;;;;;;;;;;
;;;;;;;;;;
;;;;;;;;;;
;;;;;;;;;;
;;;;;;;;;;
;;;;;;;;;;
;;;;;;;;;;
;;;;;;;;;;
;;;;;;;;;;
;;;;;;;;;;
;;;;;;;;;;
;;;;;;;;;;
;;;;;;;;;;
;;;;;;;;;;
;;;;;;;;;;
;;;;;;;;;;
;;;;;;;;;;
;;;;;;;;;;
;;;;;;;;;;
;;;;;;;;;;
;;;;;;;;;;
;;;;;;;;;;
;;;;;;;;;;
;;;;;;;;;;
;;;;;;;;;;
;;;;;;;;;;
;;;;;;;;;;
;;;;;;;;;;
;;;;;;;;;;
;;;;;;;;;;
;;;;;;;;;;
;;;;;;;;;;
;;;;;;;;;;
;;;;;;;;;;
;;;;;;;;;;
;;;;;;;;;;
;;;;;;;;;;
;;;;;;;;;;
;;;;;;;;;;
;;;;;;;;;;
;;;;;;;;;;
;;;;;;;;;;
;;;;;;;;;;
;;;;;;;;;;
;;;;;;;;;;
;;;;;;;;;;
;;;;;;;;;;
;;;;;;;;;;
;;;;;;;;;;
;;;;;;;;;;
;;;;;;;;;;
;;;;;;;;;;
;;;;;;;;;;
;;;;;;;;;;
;;;;;;;;;;
;;;;;;;;;;
;;;;;;;;;;
;;;;;;;;;;
;;;;;;;;;;
;;;;;;;;;;
;;;;;;;;;;
;;;;;;;;;;
;;;;;;;;;;
;;;;;;;;;;
;;;;;;;;;;
;;;;;;;;;;
;;;;;;;;;;
;;;;;;;;;;
;;;;;;;;;;
;;;;;;;;;;
;;;;;;;;;;
;;;;;;;;;;
;;;;;;;;;;
;;;;;;;;;;
;;;;;;;;;;
;;;;;;;;;;
;;;;;;;;;;
;;;;;;;;;;
;;;;;;;;;;
;;;;;;;;;;
;;;;;;;;;;
;;;;;;;;;;
;;;;;;;;;;
;;;;;;;;;;
;;;;;;;;;;
;;;;;;;;;;
;;;;;;;;;;
;;;;;;;;;;
;;;;;;;;;;
;;;;;;;;;;
;;;;;;;;;;
;;;;;;;;;;
;;;;;;;;;;
;;;;;;;;;;
;;;;;;;;;;
;;;;;;;;;;
;;;;;;;;;;
;;;;;;;;;;
;;;;;;;;;;
;;;;;;;;;;
;;;;;;;;;;
;;;;;;;;;;
;;;;;;;;;;
;;;;;;;;;;
;;;;;;;;;;
;;;;;;;;;;
;;;;;;;;;;
;;;;;;;;;;
;;;;;;;;;;
;;;;;;;;;;
;;;;;;;;;;
;;;;;;;;;;
;;;;;;;;;;
;;;;;;;;;;
;;;;;;;;;;
;;;;;;;;;;
;;;;;;;;;;
;;;;;;;;;;
;;;;;;;;;;
;;;;;;;;;;
;;;;;;;;;;
;;;;;;;;;;
;;;;;;;;;;
;;;;;;;;;;
;;;;;;;;;;
;;;;;;;;;;
;;;;;;;;;;
;;;;;;;;;;
;;;;;;;;;;
;;;;;;;;;;
;;;;;;;;;;
;;;;;;;;;;
;;;;;;;;;;
;;;;;;;;;;
;;;;;;;;;;
;;;;;;;;;;
;;;;;;;;;;
;;;;;;;;;;
;;;;;;;;;;
;;;;;;;;;;
;;;;;;;;;;
;;;;;;;;;;
;;;;;;;;;;
;;;;;;;;;;
;;;;;;;;;;
;;;;;;;;;;
;;;;;;;;;;
;;;;;;;;;;
;;;;;;;;;;
;;;;;;;;;;
;;;;;;;;;;
;;;;;;;;;;
;;;;;;;;;;
;;;;;;;;;;
;;;;;;;;;;
;;;;;;;;;;
;;;;;;;;;;
;;;;;;;;;;
;;;;;;;;;;
;;;;;;;;;;
;;;;;;;;;;
;;;;;;;;;;
;;;;;;;;;;
;;;;;;;;;;
;;;;;;;;;;
;;;;;;;;;;
;;;;;;;;;;
;;;;;;;;;;
;;;;;;;;;;
;;;;;;;;;;
;;;;;;;;;;
;;;;;;;;;;
;;;;;;;;;;
;;;;;;;;;;
;;;;;;;;;;
;;;;;;;;;;
;;;;;;;;;;
;;;;;;;;;;
;;;;;;;;;;
;;;;;;;;;;
;;;;;;;;;;
;;;;;;;;;;
;;;;;;;;;;
;;;;;;;;;;
;;;;;;;;;;
;;;;;;;;;;
;;;;;;;;;;
;;;;;;;;;;
;;;;;;;;;;
;;;;;;;;;;
;;;;;;;;;;
;;;;;;;;;;
;;;;;;;;;;
;;;;;;;;;;
;;;;;;;;;;
;;;;;;;;;;
;;;;;;;;;;
;;;;;;;;;;
;;;;;;;;;;
;;;;;;;;;;
;;;;;;;;;;
;;;;;;;;;;
;;;;;;;;;;
;;;;;;;;;;
;;;;;;;;;;
;;;;;;;;;;
;;;;;;;;;;
;;;;;;;;;;
;;;;;;;;;;
;;;;;;;;;;
;;;;;;;;;;
;;;;;;;;;;
;;;;;;;;;;
;;;;;;;;;;
;;;;;;;;;;
;;;;;;;;;;
;;;;;;;;;;
;;;;;;;;;;
;;;;;;;;;;
;;;;;;;;;;
;;;;;;;;;;
;;;;;;;;;;
;;;;;;;;;;
;;;;;;;;;;
;;;;;;;;;;
;;;;;;;;;;
;;;;;;;;;;
;;;;;;;;;;
;;;;;;;;;;
;;;;;;;;;;
;;;;;;;;;;
;;;;;;;;;;
;;;;;;;;;;
;;;;;;;;;;
;;;;;;;;;;
;;;;;;;;;;
;;;;;;;;;;
;;;;;;;;;;
;;;;;;;;;;
;;;;;;;;;;
;;;;;;;;;;
;;;;;;;;;;
;;;;;;;;;;
;;;;;;;;;;
;;;;;;;;;;
;;;;;;;;;;
;;;;;;;;;;
;;;;;;;;;;
;;;;;;;;;;
;;;;;;;;;;
;;;;;;;;;;
;;;;;;;;;;
;;;;;;;;;;
;;;;;;;;;;
;;;;;;;;;;
;;;;;;;;;;
;;;;;;;;;;
;;;;;;;;;;
;;;;;;;;;;
;;;;;;;;;;
;;;;;;;;;;
;;;;;;;;;;
;;;;;;;;;;
;;;;;;;;;;
;;;;;;;;;;
;;;;;;;;;;
;;;;;;;;;;
;;;;;;;;;;
;;;;;;;;;;
;;;;;;;;;;
;;;;;;;;;;
;;;;;;;;;;
;;;;;;;;;;
;;;;;;;;;;
;;;;;;;;;;
;;;;;;;;;;
;;;;;;;;;;
;;;;;;;;;;
;;;;;;;;;;
;;;;;;;;;;
;;;;;;;;;;
;;;;;;;;;;
;;;;;;;;;;
;;;;;;;;;;
;;;;;;;;;;
;;;;;;;;;;
;;;;;;;;;;
;;;;;;;;;;
;;;;;;;;;;
;;;;;;;;;;
;;;;;;;;;;
;;;;;;;;;;
;;;;;;;;;;
;;;;;;;;;;
;;;;;;;;;;
;;;;;;;;;;
;;;;;;;;;;
;;;;;;;;;;
;;;;;;;;;;
;;;;;;;;;;
;;;;;;;;;;
;;;;;;;;;;
;;;;;;;;;;
;;;;;;;;;;
;;;;;;;;;;
;;;;;;;;;;
;;;;;;;;;;
;;;;;;;;;;
;;;;;;;;;;
;;;;;;;;;;
;;;;;;;;;;
;;;;;;;;;;
;;;;;;;;;;
;;;;;;;;;;
;;;;;;;;;;
;;;;;;;;;;
;;;;;;;;;;
;;;;;;;;;;
;;;;;;;;;;
;;;;;;;;;;
;;;;;;;;;;
;;;;;;;;;;
;;;;;;;;;;
;;;;;;;;;;
;;;;;;;;;;
;;;;;;;;;;
;;;;;;;;;;
;;;;;;;;;;
;;;;;;;;;;
;;;;;;;;;;
;;;;;;;;;;
;;;;;;;;;;
;;;;;;;;;;
;;;;;;;;;;
;;;;;;;;;;
;;;;;;;;;;
;;;;;;;;;;
;;;;;;;;;;
;;;;;;;;;;
;;;;;;;;;;
;;;;;;;;;;
;;;;;;;;;;
;;;;;;;;;;
;;;;;;;;;;
;;;;;;;;;;
;;;;;;;;;;
;;;;;;;;;;
;;;;;;;;;;
;;;;;;;;;;
;;;;;;;;;;
;;;;;;;;;;
;;;;;;;;;;
;;;;;;;;;;
;;;;;;;;;;
;;;;;;;;;;
;;;;;;;;;;
;;;;;;;;;;
;;;;;;;;;;
;;;;;;;;;;
;;;;;;;;;;
;;;;;;;;;;
;;;;;;;;;;
;;;;;;;;;;
;;;;;;;;;;
;;;;;;;;;;
;;;;;;;;;;
;;;;;;;;;;
;;;;;;;;;;
;;;;;;;;;;
;;;;;;;;;;
;;;;;;;;;;
;;;;;;;;;;
;;;;;;;;;;
;;;;;;;;;;
;;;;;;;;;;
;;;;;;;;;;
;;;;;;;;;;
;;;;;;;;;;
;;;;;;;;;;
;;;;;;;;;;
;;;;;;;;;;
;;;;;;;;;;
;;;;;;;;;;
;;;;;;;;;;
;;;;;;;;;;
;;;;;;;;;;
;;;;;;;;;;
;;;;;;;;;;
;;;;;;;;;;
;;;;;;;;;;
;;;;;;;;;;
;;;;;;;;;;
;;;;;;;;;;
;;;;;;;;;;
;;;;;;;;;;
;;;;;;;;;;
;;;;;;;;;;
;;;;;;;;;;
;;;;;;;;;;
;;;;;;;;;;
;;;;;;;;;;
;;;;;;;;;;
;;;;;;;;;;
;;;;;;;;;;
;;;;;;;;;;
;;;;;;;;;;
;;;;;;;;;;
;;;;;;;;;;
;;;;;;;;;;
;;;;;;;;;;
;;;;;;;;;;
;;;;;;;;;;
;;;;;;;;;;
;;;;;;;;;;
;;;;;;;;;;
;;;;;;;;;;
;;;;;;;;;;
;;;;;;;;;;
;;;;;;;;;;
;;;;;;;;;;
;;;;;;;;;;
;;;;;;;;;;
;;;;;;;;;;
;;;;;;;;;;
;;;;;;;;;;
;;;;;;;;;;
;;;;;;;;;;
;;;;;;;;;;
;;;;;;;;;;
;;;;;;;;;;
;;;;;;;;;;
;;;;;;;;;;
;;;;;;;;;;
;;;;;;;;;;
;;;;;;;;;;
;;;;;;;;;;
;;;;;;;;;;
;;;;;;;;;;
;;;;;;;;;;
;;;;;;;;;;
;;;;;;;;;;
;;;;;;;;;;
;;;;;;;;;;
;;;;;;;;;;
;;;;;;;;;;
;;;;;;;;;;
;;;;;;;;;;
;;;;;;;;;;
;;;;;;;;;;
;;;;;;;;;;
;;;;;;;;;;
;;;;;;;;;;
;;;;;;;;;;
;;;;;;;;;;
;;;;;;;;;;
;;;;;;;;;;
;;;;;;;;;;
;;;;;;;;;;
;;;;;;;;;;
;;;;;;;;;;
;;;;;;;;;;
;;;;;;;;;;
;;;;;;;;;;
;;;;;;;;;;
;;;;;;;;;;
;;;;;;;;;;
;;;;;;;;;;
;;;;;;;;;;
;;;;;;;;;;
;;;;;;;;;;
;;;;;;;;;;
;;;;;;;;;;
;;;;;;;;;;
;;;;;;;;;;
;;;;;;;;;;
;;;;;;;;;;
;;;;;;;;;;
;;;;;;;;;;
;;;;;;;;;;
;;;;;;;;;;
;;;;;;;;;;
;;;;;;;;;;
;;;;;;;;;;
;;;;;;;;;;
;;;;;;;;;;
;;;;;;;;;;
;;;;;;;;;;
;;;;;;;;;;
;;;;;;;;;;
;;;;;;;;;;
;;;;;;;;;;
;;;;;;;;;;
;;;;;;;;;;
;;;;;;;;;;
;;;;;;;;;;