Type,NHS_area_code,ONS_code,Name,Count_gp_appointments,Attended,Did_not_attend,Unknown,Month
Type,NHS Area Code,ONS Code,Name,Total,Attended,DNA,Unknown,December
National,ENG,ENG,England,23 309 384,20 851 422,1 247 763,1 210 199,December
Region,Y56,E40000003,London,3 182 995,2 827 988,221 601,133 406,December
Region,Y58,E40000006,South West,2 674 693,2 403 092,127 959,143 642,December
Region,Y59,E40000005,South East,3 468 022,3 151 629,156 839,159 554,December
Region,Y60,E40000008,Midlands,4 565 858,4 077 566,250 100,238 192,December
Region,Y61,E40000007,East of England,2 757 882,2 463 561,125 679,168 642,December
Region,Y62,E40000010,North West,2 715 380,2 422 880,166 533,125 967,December
Region,Y63,E40000009,North East and Yorkshire,3 944 554,3 504 706,199 052,240 796,December
Regional Local Office,Q71,E39000018,NHS England London,3 182 995,2 827 988,221 601,133 406,December
Regional Local Office,Q72,E39000048,NHS England North East and Yorkshire (Yorkshire and Humber),2 524 524,2 240 853,122 541,161 130,December
Regional Local Office,Q74,E39000047,NHS England North East and Yorkshire (Cumbria and North East),1 420 030,1 263 853,76 511,79 666,December
Regional Local Office,Q75,E39000026,NHS England North West (Cheshire and Merseyside),999 268,893 268,59 164,46 836,December
Regional Local Office,Q76,E39000032,NHS England Midlands (North Midlands),1 583 766,1 417 730,75 923,90 113,December
Regional Local Office,Q77,E39000033,NHS England Midlands (West Midlands),1 810 667,1 615 180,117 901,77 586,December
Regional Local Office,Q78,E39000045,NHS England Midlands (Central Midlands),1 171 425,1 044 656,56 276,70 493,December
Regional Local Office,Q79,E39000046,NHS England East of England (East),2 757 882,2 463 561,125 679,168 642,December
Regional Local Office,Q83,E39000037,NHS England North West (Greater Manchester),1 064 142,939 614,72 123,52 405,December
Regional Local Office,Q84,E39000040,NHS England North West (Lancashire and South Cumbria),651 970,589 998,35 246,26 726,December
Regional Local Office,Q85,E39000044,NHS England South West (South West South),1 534 563,1 374 608,75 484,84 471,December
Regional Local Office,Q86,E39000043,NHS England South West (South West North),1 140 130,1 028 484,52 475,59 171,December
Regional Local Office,Q87,E39000041,"NHS England South East (Hampshire, Isle of Wight and Thames Valley)",1 701 356,1 555 899,76 346,69 111,December
Regional Local Office,Q88,E39000042,"NHS England South East (Kent, Surrey and Sussex)",1 766 666,1 595 730,80 493,90 443,December
STP,E54000005,E54000005,West Yorkshire And Harrogate (Health And Care Partnership)  STP,1 230 086,1 093 421,57 402,79 263,December
STP,E54000006,E54000006,"Humber, Coast And Vale  STP",589 585,527 935,27 041,34 609,December
STP,E54000007,E54000007,Greater Manchester Health And Social Care Partnership  STP,1 064 142,939 614,72 123,52 405,December
STP,E54000008,E54000008,Cheshire And Merseyside  STP,999 268,893 268,59 164,46 836,December
STP,E54000009,E54000009,South Yorkshire And Bassetlaw  STP,704 853,619 497,38 098,47 258,December
STP,E54000010,E54000010,Staffordshire And Stoke On Trent  STP,419 001,378 077,21 803,19 121,December
STP,E54000011,E54000011,Shropshire And Telford And Wrekin  STP,211 237,193 750,10 257,7 230,December
STP,E54000012,E54000012,Joined Up Care Derbyshire  STP,476 859,425 278,20 151,31 430,December
STP,E54000013,E54000013,Lincolnshire  STP,347 612,311 774,16 199,19 639,December
STP,E54000014,E54000014,Nottingham And Nottinghamshire Health And Care  STP,476 669,420 625,23 712,32 332,December
STP,E54000015,E54000015,"Leicester, Leicestershire And Rutland  STP",497 536,444 621,25 498,27 417,December
STP,E54000016,E54000016,The Black Country And West Birmingham  STP,558 382,488 189,42 804,27 389,December
STP,E54000017,E54000017,Birmingham And Solihull  STP,506 278,442 284,38 530,25 464,December
STP,E54000018,E54000018,Coventry And Warwickshire  STP,382 429,348 045,20 324,14 060,December
STP,E54000019,E54000019,Herefordshire And Worcestershire  STP,363 578,336 662,16 243,10 673,December
STP,E54000020,E54000020,Northamptonshire  STP,326 277,288 261,14 579,23 437,December
STP,E54000021,E54000021,Cambridgeshire And Peterborough  STP,422 175,378 718,20 882,22 575,December
STP,E54000022,E54000022,Norfolk And Waveney Health And Care Partnership  STP,491 272,439 587,21 356,30 329,December
STP,E54000023,E54000023,Suffolk And North East Essex  STP,445 678,403 250,17 002,25 426,December
STP,E54000024,E54000024,"Bedfordshire, Luton And Milton Keynes  STP",400 848,355 641,20 330,24 877,December
STP,E54000025,E54000025,Hertfordshire And West Essex  STP,549 873,487 026,27 590,35 257,December
STP,E54000026,E54000026,Mid And South Essex  STP,448 036,399 339,18 519,30 178,December
STP,E54000027,E54000027,North West London Health And Care Partnership  STP,866 121,767 803,57 138,41 180,December
STP,E54000028,E54000028,North London Partners In Health And Care  STP,453 735,405 048,32 116,16 571,December
STP,E54000029,E54000029,East London Health And Care Partnership  STP,727 670,643 363,56 557,27 750,December
STP,E54000030,E54000030,Our Healthier South East London  STP,604 834,532 191,43 147,29 496,December
STP,E54000031,E54000031,South West London Health And Care Partnership  STP,530 635,479 583,32 643,18 409,December
STP,E54000032,E54000032,Kent And Medway  STP,665 693,598 524,33 107,34 062,December
STP,E54000033,E54000033,Sussex And East Surrey  STP,791 864,714 329,33 973,43 562,December
STP,E54000034,E54000034,Frimley Health  STP,277 311,254 686,12 772,9 853,December
STP,E54000035,E54000035,Surrey Heartlands  STP,309 109,282 877,13 413,12 819,December
STP,E54000036,E54000036,Cornwall And The Isles Of Scilly  STP,314 179,274 327,22 399,17 453,December
STP,E54000037,E54000037,Devon  STP,630 015,569 519,26 336,34 160,December
STP,E54000038,E54000038,Somerset  STP,228 019,207 398,11 196,9 425,December
STP,E54000039,E54000039,"Bristol, North Somerset And South Gloucestershire  STP",411 735,376 682,22 418,12 635,December
STP,E54000040,E54000040,"Bath And North East Somerset, Swindon And Wiltshire  STP",437 344,390 746,17 501,29 097,December
STP,E54000041,E54000041,Dorset  STP,362 350,323 364,15 553,23 433,December
STP,E54000042,E54000042,Hampshire And The Isle Of Wight  STP,722 216,654 359,34 092,33 765,December
STP,E54000043,E54000043,Gloucestershire  STP,291 051,261 056,12 556,17 439,December
STP,E54000044,E54000044,"Buckinghamshire, Oxfordshire And Berkshire West  STP",701 829,646 854,29 482,25 493,December
STP,E54000048,E54000048,Healthier Lancashire And South Cumbria  STP,651 970,589 998,35 246,26 726,December
STP,E54000049,E54000049,Cumbria And North East  STP,1 420 030,1 263 853,76 511,79 666,December
CCG,00C,E38000042,NHS Darlington CCG,45 994,40 059,2 682,3 253,December
CCG,00D,E38000047,"NHS Durham Dales, Easington and Sedgefield CCG",153 267,134 493,8 004,10 770,December
CCG,00J,E38000116,NHS North Durham CCG,126 099,112 599,5 880,7 620,December
CCG,00K,E38000075,NHS Hartlepool and Stockton-on-Tees CCG,118 951,103 605,7 176,8 170,December
CCG,00L,E38000130,NHS Northumberland CCG,152 535,137 095,6 451,8 989,December
CCG,00M,E38000162,NHS South Tees CCG,139 483,122 451,7 976,9 056,December
CCG,00N,E38000163,NHS South Tyneside CCG,56 623,51 453,3 179,1 991,December
CCG,00P,E38000176,NHS Sunderland CCG,113 764,102 108,7 780,3 876,December
CCG,00Q,E38000014,NHS Blackburn with Darwen CCG,57 855,51 121,4 192,2 542,December
CCG,00R,E38000015,NHS Blackpool CCG,74 575,67 610,4 718,2 247,December
CCG,00T,E38000016,NHS Bolton CCG,130 550,113 920,9 634,6 996,December
CCG,00V,E38000024,NHS Bury CCG,14 901,12 762,755,1 384,December
CCG,00X,E38000034,NHS Chorley and South Ribble CCG,65 862,59 755,2 925,3 182,December
CCG,00Y,E38000135,NHS Oldham CCG,95 450,85 908,6 118,3 424,December
CCG,01A,E38000050,NHS East Lancashire CCG,139 214,124 832,8 453,5 929,December
CCG,01C,E38000056,NHS Eastern Cheshire CCG,74 637,68 430,3 675,2 532,December
CCG,01D,E38000080,"NHS Heywood, Middleton and Rochdale CCG",88 094,78 891,5 782,3 421,December
CCG,01E,E38000227,NHS Greater Preston CCG,63 663,56 989,3 556,3 118,December
CCG,01F,E38000068,NHS Halton CCG,54 116,46 914,3 403,3 799,December
CCG,01G,E38000143,NHS Salford CCG,114 757,96 444,8 226,10 087,December
CCG,01H,E38000215,NHS North Cumbria CCG,160 273,146 276,7 020,6 977,December
CCG,01J,E38000091,NHS Knowsley CCG,65 961,58 355,5 062,2 544,December
CCG,01K,E38000228,NHS Morecambe Bay CCG,135 794,124 603,6 601,4 590,December
CCG,01R,E38000151,NHS South Cheshire CCG,74 698,67 482,3 924,3 292,December
CCG,01T,E38000161,NHS South Sefton CCG,46 896,42 120,3 152,1 624,December
CCG,01V,E38000170,NHS Southport and Formby CCG,47 456,42 783,2 155,2 518,December
CCG,01W,E38000174,NHS Stockport CCG,116 741,105 051,7 274,4 416,December
CCG,01X,E38000172,NHS St Helens CCG,67 577,60 387,4 021,3 169,December
CCG,01Y,E38000182,NHS Tameside and Glossop CCG,96 426,85 993,6 779,3 654,December
CCG,02A,E38000187,NHS Trafford CCG,74 421,67 165,4 051,3 205,December
CCG,02D,E38000189,NHS Vale Royal CCG,39 901,35 288,2 343,2 270,December
CCG,02E,E38000194,NHS Warrington CCG,82 736,75 225,3 550,3 961,December
CCG,02F,E38000196,NHS West Cheshire CCG,100 932,91 776,5 503,3 653,December
CCG,02G,E38000200,NHS West Lancashire CCG,41 321,37 221,2 024,2 076,December
CCG,02H,E38000205,NHS Wigan Borough CCG,115 867,102 633,6 323,6 911,December
CCG,02M,E38000226,NHS Fylde and Wyre CCG,73 686,67 867,2 777,3 042,December
CCG,02N,E38000001,"NHS Airedale, Wharfedale and Craven CCG",85 881,76 730,3 233,5 918,December
CCG,02P,E38000006,NHS Barnsley CCG,113 018,100 996,5 839,6 183,December
CCG,02Q,E38000008,NHS Bassetlaw CCG,55 770,50 136,2 632,3 002,December
CCG,02R,E38000019,NHS Bradford Districts CCG,159 541,140 906,6 446,12 189,December
CCG,02T,E38000025,NHS Calderdale CCG,95 390,84 452,4 212,6 726,December
CCG,02W,E38000018,NHS Bradford City CCG,74 042,64 091,5 099,4 852,December
CCG,02X,E38000044,NHS Doncaster CCG,141 832,127 189,7 684,6 959,December
CCG,02Y,E38000052,NHS East Riding of Yorkshire CCG,124 317,113 005,4 993,6 319,December
CCG,03A,E38000064,NHS Greater Huddersfield CCG,100 583,90 505,4 921,5 157,December
CCG,03D,E38000069,"NHS Hambleton, Richmondshire and Whitby CCG",65 347,58 461,2 698,4 188,December
CCG,03E,E38000073,NHS Harrogate and Rural District CCG,72 670,66 689,2 550,3 431,December
CCG,03F,E38000085,NHS Hull CCG,108 763,95 289,7 378,6 096,December
CCG,03H,E38000119,NHS North East Lincolnshire CCG,80 908,72 589,3 758,4 561,December
CCG,03J,E38000121,NHS North Kirklees CCG,82 618,73 172,4 573,4 873,December
CCG,03K,E38000122,NHS North Lincolnshire CCG,81 517,72 713,2 865,5 939,December
CCG,03L,E38000141,NHS Rotherham CCG,121 642,105 180,6 180,10 282,December
CCG,03M,E38000145,NHS Scarborough and Ryedale CCG,57 843,50 329,2 586,4 928,December
CCG,03N,E38000146,NHS Sheffield CCG,272 591,235 996,15 763,20 832,December
CCG,03Q,E38000188,NHS Vale of York CCG,136 237,124 010,5 461,6 766,December
CCG,03R,E38000190,NHS Wakefield CCG,184 766,163 225,7 436,14 105,December
CCG,03T,E38000099,NHS Lincolnshire East CCG,111 767,100 626,5 570,5 571,December
CCG,03V,E38000037,NHS Corby CCG,31 424,26 709,1 502,3 213,December
CCG,03W,E38000051,NHS East Leicestershire and Rutland CCG,157 751,142 177,6 975,8 599,December
CCG,04C,E38000097,NHS Leicester City CCG,163 603,143 681,10 734,9 188,December
CCG,04D,E38000100,NHS Lincolnshire West CCG,91 147,80 736,4 700,5 711,December
CCG,04E,E38000103,NHS Mansfield and Ashfield CCG,92 116,79 898,4 703,7 515,December
CCG,04F,E38000107,NHS Milton Keynes CCG,116 842,104 929,5 361,6 552,December
CCG,04G,E38000108,NHS Nene CCG,294 853,261 552,13 077,20 224,December
CCG,04H,E38000109,NHS Newark and Sherwood CCG,62 255,55 773,2 744,3 738,December
CCG,04K,E38000132,NHS Nottingham City CCG,150 361,130 740,9 101,10 520,December
CCG,04L,E38000133,NHS Nottingham North and East CCG,62 354,55 041,2 829,4 484,December
CCG,04M,E38000134,NHS Nottingham West CCG,49 287,44 160,2 264,2 863,December
CCG,04N,E38000142,NHS Rushcliffe CCG,60 296,55 013,2 071,3 212,December
CCG,04Q,E38000165,NHS South West  Lincolnshire CCG,59 866,53 627,2 812,3 427,December
CCG,04V,E38000201,NHS West Leicestershire CCG,176 182,158 763,7 789,9 630,December
CCG,04Y,E38000028,NHS Cannock Chase CCG,51 123,45 927,2 554,2 642,December
CCG,05A,E38000038,NHS Coventry and Rugby CCG,180 554,162 163,11 636,6 755,December
CCG,05C,E38000046,NHS Dudley CCG,118 783,105 348,7 304,6 131,December
CCG,05D,E38000053,NHS East Staffordshire CCG,55 636,49 948,2 275,3 413,December
CCG,05F,E38000078,NHS Herefordshire CCG,87 362,81 130,3 746,2 486,December
CCG,05G,E38000126,NHS North Staffordshire CCG,76 634,70 166,3 056,3 412,December
CCG,05H,E38000195,NHS Warwickshire North CCG,70 365,64 058,3 519,2 788,December
CCG,05J,E38000139,NHS Redditch and Bromsgrove CCG,75 259,69 939,3 568,1 752,December
CCG,05L,E38000144,NHS Sandwell and West Birmingham CCG,224 523,192 943,18 877,12 703,December
CCG,05N,E38000147,NHS Shropshire CCG,138 645,127 573,6 033,5 039,December
CCG,05Q,E38000153,NHS South East Staffordshire and Seisdon Peninsula CCG,77 993,71 404,3 868,2 721,December
CCG,05R,E38000164,NHS South Warwickshire CCG,131 510,121 824,5 169,4 517,December
CCG,05T,E38000166,NHS South Worcestershire CCG,133 862,123 297,5 836,4 729,December
CCG,05V,E38000173,NHS Stafford and Surrounds CCG,61 347,56 034,2 877,2 436,December
CCG,05W,E38000175,NHS Stoke on Trent CCG,96 268,84 598,7 173,4 497,December
CCG,05X,E38000183,NHS Telford and Wrekin CCG,72 592,66 177,4 224,2 191,December
CCG,05Y,E38000191,NHS Walsall CCG,120 857,106 889,8 904,5 064,December
CCG,06A,E38000210,NHS Wolverhampton CCG,94 219,83 009,7 719,3 491,December
CCG,06D,E38000211,NHS Wyre Forest CCG,67 095,62 296,3 093,1 706,December
CCG,06F,E38000010,NHS Bedfordshire CCG,197 608,174 632,8 946,14 030,December
CCG,06H,E38000026,NHS Cambridgeshire and Peterborough CCG,422 175,378 718,20 882,22 575,December
CCG,06K,E38000049,NHS East and North Hertfordshire CCG,210 988,183 511,9 411,18 066,December
CCG,06L,E38000086,NHS Ipswich and East Suffolk CCG,186 179,166 820,6 524,12 835,December
CCG,06M,E38000063,NHS Great Yarmouth and Waveney CCG,103 016,91 276,5 843,5 897,December
CCG,06N,E38000079,NHS Herts Valley CCG,227 202,203 949,12 693,10 560,December
CCG,06P,E38000102,NHS Luton CCG,86 398,76 080,6 023,4 295,December
CCG,06Q,E38000106,NHS Mid Essex CCG,153 655,137 374,5 599,10 682,December
CCG,06T,E38000117,NHS North East Essex CCG,152 013,137 410,6 797,7 806,December
CCG,06V,E38000124,NHS North Norfolk CCG,81 917,72 541,3 609,5 767,December
CCG,06W,E38000218,NHS Norwich CCG,105 623,94 172,4 720,6 731,December
CCG,06Y,E38000219,NHS South Norfolk CCG,104 101,94 984,3 524,5 593,December
CCG,07G,E38000185,NHS Thurrock CCG,71 813,64 189,3 456,4 168,December
CCG,07H,E38000197,NHS West Essex CCG,111 683,99 566,5 486,6 631,December
CCG,07J,E38000203,NHS West Norfolk CCG,96 615,86 614,3 660,6 341,December
CCG,07K,E38000204,NHS West Suffolk CCG,107 486,99 020,3 681,4 785,December
CCG,07L,E38000004,NHS Barking and Dagenham CCG,73 007,62 682,6 392,3 933,December
CCG,07M,E38000005,NHS Barnet CCG,101 515,91 677,5 295,4 543,December
CCG,07N,E38000011,NHS Bexley CCG,72 427,64 974,3 612,3 841,December
CCG,07P,E38000020,NHS Brent CCG,133 379,118 807,10 353,4 219,December
CCG,07Q,E38000023,NHS Bromley CCG,101 343,88 478,4 957,7 908,December
CCG,07R,E38000027,NHS Camden CCG,79 455,71 425,5 717,2 313,December
CCG,07T,E38000035,NHS City and Hackney CCG,115 398,103 477,8 624,3 297,December
CCG,07V,E38000040,NHS Croydon CCG,134 748,120 760,9 138,4 850,December
CCG,07W,E38000048,NHS Ealing CCG,168 515,150 612,9 711,8 192,December
CCG,07X,E38000057,NHS Enfield CCG,96 071,84 368,7 281,4 422,December
CCG,07Y,E38000084,NHS Hounslow CCG,115 648,101 926,7 190,6 532,December
CCG,08A,E38000066,NHS Greenwich CCG,95 620,81 813,6 616,7 191,December
CCG,08C,E38000070,NHS Hammersmith and Fulham CCG,73 864,64 138,5 091,4 635,December
CCG,08D,E38000072,NHS Haringey CCG,93 524,83 797,6 835,2 892,December
CCG,08E,E38000074,NHS Harrow CCG,97 104,87 115,5 969,4 020,December
CCG,08F,E38000077,NHS Havering CCG,80 464,71 865,4 566,4 033,December
CCG,08G,E38000082,NHS Hillingdon CCG,104 346,93 958,6 552,3 836,December
CCG,08H,E38000088,NHS Islington CCG,83 170,73 781,6 988,2 401,December
CCG,08J,E38000090,NHS Kingston CCG,67 556,63 020,3 120,1 416,December
CCG,08K,E38000092,NHS Lambeth CCG,124 600,110 218,10 101,4 281,December
CCG,08L,E38000098,NHS Lewisham CCG,101 475,90 531,8 269,2 675,December
CCG,08M,E38000113,NHS Newham CCG,131 305,113 677,12 817,4 811,December
CCG,08N,E38000138,NHS Redbridge CCG,104 731,92 898,6 992,4 841,December
CCG,08P,E38000140,NHS Richmond CCG,61 713,54 368,3 488,3 857,December
CCG,08Q,E38000171,NHS Southwark CCG,109 369,96 177,9 592,3 600,December
CCG,08R,E38000105,NHS Merton CCG,64 442,58 560,4 164,1 718,December
CCG,08T,E38000179,NHS Sutton CCG,68 407,62 754,3 471,2 182,December
CCG,08V,E38000186,NHS Tower Hamlets CCG,126 588,112 688,10 848,3 052,December
CCG,08W,E38000192,NHS Waltham Forest CCG,96 177,86 076,6 318,3 783,December
CCG,08X,E38000193,NHS Wandsworth CCG,133 769,120 121,9 262,4 386,December
CCG,08Y,E38000202,NHS West London CCG,101 985,88 459,7 135,6 391,December
CCG,09A,E38000031,NHS Central London (Westminster) CCG,71 280,62 788,5 137,3 355,December
CCG,09C,E38000002,NHS Ashford CCG,65 117,61 243,2 470,1 404,December
CCG,09D,E38000021,NHS Brighton and Hove CCG,110 046,97 062,5 712,7 272,December
CCG,09E,E38000029,NHS Canterbury and Coastal CCG,104 624,96 423,4 480,3 721,December
CCG,09F,E38000055,"NHS Eastbourne, Hailsham and Seaford CCG",93 020,84 598,4 235,4 187,December
CCG,09G,E38000213,NHS Coastal West Sussex CCG,224 504,202 175,8 816,13 513,December
CCG,09H,E38000039,NHS Crawley CCG,50 296,44 706,1 880,3 710,December
CCG,09J,E38000043,"NHS Dartford, Gravesham and Swanley CCG",58 603,49 233,3 149,6 221,December
CCG,09L,E38000054,NHS East Surrey CCG,70 842,65 623,3 243,1 976,December
CCG,09N,E38000214,NHS Guildford and Waverley CCG,82 126,75 888,3 802,2 436,December
CCG,09P,E38000076,NHS Hastings and Rother CCG,90 134,82 038,4 349,3 747,December
CCG,09W,E38000104,NHS Medway CCG,88 197,77 464,5 318,5 415,December
CCG,09X,E38000083,NHS Horsham and Mid Sussex CCG,84 745,76 082,3 353,5 310,December
CCG,09Y,E38000128,NHS North West Surrey CCG,119 093,109 041,5 179,4 873,December
CCG,10A,E38000156,NHS South Kent Coast CCG,78 614,70 742,3 755,4 117,December
CCG,10C,E38000178,NHS Surrey Heath CCG,42 911,40 069,1 675,1 167,December
CCG,10D,E38000180,NHS Swale CCG,42 301,37 918,2 660,1 723,December
CCG,10E,E38000184,NHS Thanet CCG,53 563,48 207,2 569,2 787,December
CCG,10J,E38000120,NHS North Hampshire CCG,97 722,90 976,3 621,3 125,December
CCG,10K,E38000059,NHS Fareham and Gosport CCG,78 386,71 992,3 439,2 955,December
CCG,10L,E38000087,NHS Isle of Wight CCG,69 940,58 134,5 290,6 516,December
CCG,10Q,E38000136,NHS Oxfordshire CCG,295 861,273 475,13 282,9 104,December
CCG,10R,E38000137,NHS Portsmouth CCG,79 449,71 069,3 935,4 445,December
CCG,10V,E38000154,NHS South Eastern Hampshire CCG,82 175,74 443,3 839,3 893,December
CCG,10X,E38000167,NHS Southampton CCG,104 002,93 500,6 239,4 263,December
CCG,11A,E38000198,NHS West Hampshire CCG,210 542,194 245,7 729,8 568,December
CCG,11E,E38000009,NHS Bath and North East Somerset CCG,90 281,80 857,3 874,5 550,December
CCG,11J,E38000045,NHS Dorset CCG,362 350,323 364,15 553,23 433,December
CCG,11M,E38000062,NHS Gloucestershire CCG,291 051,261 056,12 556,17 439,December
CCG,11N,E38000089,NHS Kernow CCG,314 179,274 327,22 399,17 453,December
CCG,11X,E38000150,NHS Somerset CCG,228 019,207 398,11 196,9 425,December
CCG,12D,E38000181,NHS Swindon CCG,101 636,86 992,4 783,9 861,December
CCG,12F,E38000208,NHS Wirral CCG,143 298,125 368,8 641,9 289,December
CCG,13T,E38000212,NHS Newcastle Gateshead CCG,199 289,176 683,13 019,9 587,December
CCG,14L,E38000217,NHS Manchester CCG,216 935,190 847,17 181,8 907,December
CCG,14Y,E38000223,NHS Buckinghamshire CCG,204 156,190 865,7 661,5 630,December
CCG,15A,E38000221,NHS Berkshire West,201 812,182 514,8 539,10 759,December
CCG,15C,E38000222,"NHS Bristol, North Somerset and South Gloucestershire CCG",411 735,376 682,22 418,12 635,December
CCG,15D,E38000224,NHS East Berkshire CCG,156 734,142 676,7 884,6 174,December
CCG,15E,E38000220,NHS Birmingham and Solihull CCG,506 278,442 284,38 530,25 464,December
CCG,15F,E38000225,NHS Leeds CCG,374 595,333 651,18 932,22 012,December
CCG,15M,E38000229,NHS Derby and Derbyshire CCG,476 859,425 278,20 151,31 430,December
CCG,15N,E38000230,NHS Devon CCG,630 015,569 519,26 336,34 160,December
CCG,99A,E38000101,NHS Liverpool CCG,201 060,179 140,13 735,8 185,December
CCG,99C,E38000127,NHS North Tyneside CCG,88 405,78 570,4 646,5 189,December
CCG,99D,E38000157,NHS South Lincolnshire CCG,84 832,76 785,3 117,4 930,December
CCG,99E,E38000007,NHS Basildon and Brentwood CCG,96 870,86 048,4 175,6 647,December
CCG,99F,E38000030,NHS Castle Point and Rochford CCG,61 892,55 564,2 210,4 118,December
CCG,99G,E38000168,NHS Southend CCG,63 806,56 164,3 079,4 563,December
CCG,99H,E38000177,NHS Surrey Downs CCG,107 890,97 948,4 432,5 510,December
CCG,99J,E38000199,NHS West Kent CCG,174 674,157 294,8 706,8 674,December
CCG,99K,E38000081,NHS High Weald Lewes Havens CCG,68 277,62 045,2 385,3 847,December
CCG,99M,E38000118,NHS North East Hampshire and Farnham CCG,77 666,71 941,3 213,2 512,December
CCG,99N,E38000206,NHS Wiltshire CCG,245 427,222 897,8 844,13 686,December
