Type,NHS_area_code,ONS_code,Name,Count_gp_appointments,Attended,Did_not_attend,Unknown,Month
National,ENG,ENG,England,28 236 193,25 474 954,1 349 828,1 411 411,October
Region,Y56,E40000003,London,4 006 809,3 615 644,216 120,175 045,October
Region,Y58,E40000006,South West,3 211 671,2 904 403,146 453,160 815,October
Region,Y59,E40000005,South East,4 378 799,3 885 227,234 795,258 777,October
Region,Y60,E40000008,Midlands,5 406 184,4 873 626,269 171,263 387,October
Region,Y61,E40000007,East of England,3 331 080,3 048 618,127 816,154 646,October
Region,Y62,E40000010,North West,3 321 281,2 942 673,184 166,194 442,October
Region,Y63,E40000009,North East and Yorkshire,4 580 369,4 204 763,171 307,204 299,October
STP,QE1,E54000048,Healthier Lancashire And South Cumbria  STP,828 689,744 074,40 774,43 841,October
STP,QF7,E54000009,South Yorkshire And Bassetlaw  STP,776 526,708 623,33 072,34 831,October
STP,QGH,E54000019,Herefordshire And Worcestershire  STP,432 424,388 452,19 989,23 983,October
STP,QH8,E54000026,Mid And South Essex  STP,534 700,495 100,16 303,23 297,October
STP,QHG,E54000024,"Bedfordshire, Luton And Milton Keynes  STP",469 130,435 103,19 645,14 382,October
STP,QHL,E54000017,Birmingham And Solihull  STP,592 390,530 657,37 433,24 300,October
STP,QHM,E54000050,Cumbria And North East  STP,1 629 582,1 493 836,64 737,71 009,October
STP,QJ2,E54000012,Joined Up Care Derbyshire  STP,573 364,521 084,20 444,31 836,October
STP,QJG,E54000023,Suffolk And North East Essex  STP,539 794,490 953,22 409,26 432,October
STP,QJK,E54000037,Devon  STP,728 923,662 049,31 981,34 893,October
STP,QJM,E54000013,Lincolnshire  STP,379 418,346 364,16 638,16 416,October
STP,QK1,E54000015,"Leicester, Leicestershire And Rutland  STP",577 234,535 880,21 758,19 596,October
STP,QKK,E54000030,Our Healthier South East London  STP,774 391,686 523,46 680,41 188,October
STP,QKS,E54000032,Kent And Medway  STP,856 208,742 785,47 795,65 628,October
STP,QM7,E54000025,Hertfordshire And West Essex  STP,682 003,609 015,32 008,40 980,October
STP,QMF,E54000029,East London Health And Care Partnership  STP,860 281,775 205,49 534,35 542,October
STP,QMJ,E54000028,North London Partners In Health And Care  STP,631 451,571 840,32 049,27 562,October
STP,QMM,E54000022,Norfolk And Waveney Health And Care Partnership  STP,618 912,567 303,21 625,29 984,October
STP,QNC,E54000010,Staffordshire And Stoke On Trent  STP,516 317,448 954,28 818,38 545,October
STP,QNQ,E54000034,Frimley Health And Care Ics  STP,356 218,312 653,21 420,22 145,October
STP,QNX,E54000053,Sussex And East Surrey Health And Care Partnership  STP,864 887,777 949,38 323,48 615,October
STP,QOC,E54000011,Shropshire And Telford And Wrekin  STP,268 470,234 732,19 065,14 673,October
STP,QOP,E54000007,Greater Manchester Health And Social Care Partnership  STP,1 217 437,1 066 146,72 597,78 694,October
STP,QOQ,E54000051,"Humber, Coast And Vale  STP",857 188,785 991,30 616,40 581,October
STP,QOX,E54000040,"Bath And North East Somerset, Swindon And Wiltshire  STP",525 210,487 933,18 072,19 205,October
STP,QPM,E54000020,Northamptonshire  STP,384 677,352 466,16 070,16 141,October
STP,QR1,E54000043,Gloucestershire  STP,365 054,326 594,18 335,20 125,October
STP,QRL,E54000042,Hampshire And The Isle Of Wight  STP,912 113,806 761,53 478,51 874,October
STP,QRV,E54000027,North West London Health And Care Partnership  STP,1 051 142,963 610,47 228,40 304,October
STP,QSL,E54000038,Somerset  STP,327 695,285 108,19 759,22 828,October
STP,QT1,E54000014,Nottingham And Nottinghamshire Health And Care  STP,536 306,490 193,22 569,23 544,October
STP,QT6,E54000036,Cornwall And The Isles Of Scilly Health And Social Care Partnership  STP,363 687,324 640,16 914,22 133,October
STP,QU9,E54000044,"Buckinghamshire, Oxfordshire And Berkshire West  STP",898 671,807 207,47 444,44 020,October
STP,QUA,E54000016,The Black Country And West Birmingham  STP,664 669,598 613,36 985,29 071,October
STP,QUE,E54000021,Cambridgeshire And Peterborough  STP,486 541,451 144,15 826,19 571,October
STP,QUY,E54000039,"Bristol, North Somerset And South Gloucestershire  STP",495 721,446 855,29 153,19 713,October
STP,QVV,E54000041,Dorset  STP,405 381,371 224,12 239,21 918,October
STP,QWE,E54000031,South West London Health And Care Partnership  STP,689 544,618 466,40 629,30 449,October
STP,QWO,E54000054,West Yorkshire And Harrogate (Health And Care Partnership)  STP,1 317 073,1 216 313,42 882,57 878,October
STP,QWU,E54000018,Coventry And Warwickshire  STP,480 915,426 231,29 402,25 282,October
STP,QXU,E54000052,Surrey Heartlands Health And Care Partnership  STP,490 702,437 872,26 335,26 495,October
STP,QYG,E54000008,Cheshire And Merseyside  STP,1 275 155,1 132 453,70 795,71 907,October
CCG,00L,E38000130,NHS Northumberland CCG,181 657,168 420,5 504,7 733,October
CCG,00N,E38000163,NHS South Tyneside CCG,71 478,63 870,2 810,4 798,October
CCG,00P,E38000176,NHS Sunderland CCG,140 865,129 226,7 272,4 367,October
CCG,00Q,E38000014,NHS Blackburn with Darwen CCG,74 748,67 795,3 984,2 969,October
CCG,00R,E38000015,NHS Blackpool CCG,89 409,81 919,4 625,2 865,October
CCG,00T,E38000016,NHS Bolton CCG,150 384,135 130,8 020,7 234,October
CCG,00V,E38000024,NHS Bury CCG,31 958,24 237,1 931,5 790,October
CCG,00X,E38000034,NHS Chorley and South Ribble CCG,87 081,76 363,3 226,7 492,October
CCG,00Y,E38000135,NHS Oldham CCG,110 008,98 151,5 979,5 878,October
CCG,01A,E38000050,NHS East Lancashire CCG,171 697,153 944,8 621,9 132,October
CCG,01D,E38000080,"NHS Heywood, Middleton and Rochdale CCG",103 834,93 400,5 845,4 589,October
CCG,01E,E38000227,NHS Greater Preston CCG,91 933,80 467,6 280,5 186,October
CCG,01F,E38000068,NHS Halton CCG,65 882,57 163,3 908,4 811,October
CCG,01G,E38000143,NHS Salford CCG,104 010,85 369,6 329,12 312,October
CCG,01H,E38000215,NHS North Cumbria CCG,177 137,161 586,7 117,8 434,October
CCG,01J,E38000091,NHS Knowsley CCG,84 099,74 877,5 846,3 376,October
CCG,01K,E38000228,NHS Morecambe Bay CCG,161 882,144 829,8 180,8 873,October
CCG,01T,E38000161,NHS South Sefton CCG,59 142,54 651,2 418,2 073,October
CCG,01V,E38000170,NHS Southport and Formby CCG,62 287,53 728,5 789,2 770,October
CCG,01W,E38000174,NHS Stockport CCG,159 889,140 802,9 982,9 105,October
CCG,01X,E38000172,NHS St Helens CCG,81 812,72 669,3 867,5 276,October
CCG,01Y,E38000182,NHS Tameside and Glossop CCG,105 912,92 964,6 836,6 112,October
CCG,02A,E38000187,NHS Trafford CCG,71 378,60 383,4 160,6 835,October
CCG,02E,E38000194,NHS Warrington CCG,108 304,98 539,3 369,6 396,October
CCG,02G,E38000200,NHS West Lancashire CCG,53 325,49 139,1 800,2 386,October
CCG,02H,E38000205,NHS Wigan Borough CCG,118 648,104 224,6 348,8 076,October
CCG,02M,E38000226,NHS Fylde and Wyre CCG,98 614,89 618,4 058,4 938,October
CCG,02P,E38000006,NHS Barnsley CCG,128 883,117 567,4 770,6 546,October
CCG,02Q,E38000008,NHS Bassetlaw CCG,63 516,56 986,3 101,3 429,October
CCG,02T,E38000025,NHS Calderdale CCG,101 247,92 613,3 384,5 250,October
CCG,02X,E38000044,NHS Doncaster CCG,154 218,138 734,8 709,6 775,October
CCG,02Y,E38000052,NHS East Riding of Yorkshire CCG,157 172,144 631,4 777,7 764,October
CCG,03A,E38000064,NHS Greater Huddersfield CCG,122 326,114 352,3 665,4 309,October
CCG,03F,E38000085,NHS Hull CCG,113 557,103 966,5 664,3 927,October
CCG,03H,E38000119,NHS North East Lincolnshire CCG,95 524,87 142,2 626,5 756,October
CCG,03J,E38000121,NHS North Kirklees CCG,100 314,94 323,2 744,3 247,October
CCG,03K,E38000122,NHS North Lincolnshire CCG,91 402,83 039,1 892,6 471,October
CCG,03L,E38000141,NHS Rotherham CCG,139 584,127 694,5 855,6 035,October
CCG,03N,E38000146,NHS Sheffield CCG,290 325,267 642,10 637,12 046,October
CCG,03Q,E38000188,NHS Vale of York CCG,160 256,146 717,7 312,6 227,October
CCG,03R,E38000190,NHS Wakefield CCG,213 024,196 174,6 467,10 383,October
CCG,03W,E38000051,NHS East Leicestershire and Rutland CCG,183 369,170 097,7 166,6 106,October
CCG,04C,E38000097,NHS Leicester City CCG,190 737,176 443,7 827,6 467,October
CCG,04F,E38000107,NHS Milton Keynes CCG,132 940,123 440,5 923,3 577,October
CCG,04V,E38000201,NHS West Leicestershire CCG,203 128,189 340,6 765,7 023,October
CCG,04Y,E38000028,NHS Cannock Chase CCG,65 807,58 378,3 991,3 438,October
CCG,05A,E38000038,NHS Coventry and Rugby CCG,225 405,199 958,15 163,10 284,October
CCG,05C,E38000046,NHS Dudley CCG,156 653,140 339,9 304,7 010,October
CCG,05D,E38000053,NHS East Staffordshire CCG,67 978,58 919,3 131,5 928,October
CCG,05G,E38000126,NHS North Staffordshire CCG,95 716,87 191,3 610,4 915,October
CCG,05H,E38000195,NHS Warwickshire North CCG,84 743,73 658,6 503,4 582,October
CCG,05L,E38000144,NHS Sandwell and West Birmingham CCG,252 755,229 831,15 073,7 851,October
CCG,05N,E38000147,NHS Shropshire CCG,174 537,150 660,11 724,12 153,October
CCG,05Q,E38000153,NHS South East Staffordshire and Seisdon Peninsula CCG,103 210,83 868,5 166,14 176,October
CCG,05R,E38000164,NHS South Warwickshire CCG,170 767,152 615,7 736,10 416,October
CCG,05V,E38000173,NHS Stafford and Surrounds CCG,70 957,60 508,5 440,5 009,October
CCG,05W,E38000175,NHS Stoke on Trent CCG,112 649,100 090,7 480,5 079,October
CCG,05X,E38000183,NHS Telford and Wrekin CCG,93 933,84 072,7 341,2 520,October
CCG,05Y,E38000191,NHS Walsall CCG,144 869,128 606,6 865,9 398,October
CCG,06A,E38000210,NHS Wolverhampton CCG,110 392,99 837,5 743,4 812,October
CCG,06F,E38000010,NHS Bedfordshire CCG,238 767,224 537,7 750,6 480,October
CCG,06H,E38000026,NHS Cambridgeshire and Peterborough CCG,486 541,451 144,15 826,19 571,October
CCG,06K,E38000049,NHS East and North Hertfordshire CCG,262 752,241 014,10 518,11 220,October
CCG,06L,E38000086,NHS Ipswich and East Suffolk CCG,217 530,200 295,5 696,11 539,October
CCG,06N,E38000079,NHS Herts Valley CCG,281 165,239 798,15 805,25 562,October
CCG,06P,E38000102,NHS Luton CCG,97 423,87 126,5 972,4 325,October
CCG,06Q,E38000106,NHS Mid Essex CCG,184 921,170 756,6 581,7 584,October
CCG,06T,E38000117,NHS North East Essex CCG,186 059,167 216,11 140,7 703,October
CCG,07G,E38000185,NHS Thurrock CCG,82 706,77 431,2 314,2 961,October
CCG,07H,E38000197,NHS West Essex CCG,138 086,128 203,5 685,4 198,October
CCG,07K,E38000204,NHS West Suffolk CCG,136 205,123 442,5 573,7 190,October
CCG,07L,E38000004,NHS Barking and Dagenham CCG,85 193,74 735,5 453,5 005,October
CCG,07P,E38000020,NHS Brent CCG,167 813,149 628,9 224,8 961,October
CCG,07T,E38000035,NHS City and Hackney CCG,136 807,123 750,7 977,5 080,October
CCG,07W,E38000048,NHS Ealing CCG,192 045,180 283,7 012,4 750,October
CCG,07Y,E38000084,NHS Hounslow CCG,131 915,121 749,5 014,5 152,October
CCG,08C,E38000070,NHS Hammersmith and Fulham CCG,94 428,87 315,3 243,3 870,October
CCG,08E,E38000074,NHS Harrow CCG,121 025,107 570,8 013,5 442,October
CCG,08F,E38000077,NHS Havering CCG,107 764,95 929,5 903,5 932,October
CCG,08G,E38000082,NHS Hillingdon CCG,129 723,118 661,6 829,4 233,October
CCG,08M,E38000113,NHS Newham CCG,150 058,135 498,9 883,4 677,October
CCG,08N,E38000138,NHS Redbridge CCG,122 683,110 110,6 912,5 661,October
CCG,08V,E38000186,NHS Tower Hamlets CCG,151 137,136 462,9 014,5 661,October
CCG,08W,E38000192,NHS Waltham Forest CCG,106 639,98 721,4 392,3 526,October
CCG,08Y,E38000202,NHS West London CCG,126 697,117 045,4 761,4 891,October
CCG,09A,E38000031,NHS Central London (Westminster) CCG,87 496,81 359,3 132,3 005,October
CCG,09D,E38000021,NHS Brighton and Hove CCG,135 321,121 809,6 608,6 904,October
CCG,10C,E38000178,NHS Surrey Heath CCG,50 329,46 418,2 641,1 270,October
CCG,10J,E38000120,NHS North Hampshire CCG,108 196,97 204,4 046,6 946,October
CCG,10K,E38000059,NHS Fareham and Gosport CCG,95 484,84 370,7 210,3 904,October
CCG,10L,E38000087,NHS Isle of Wight CCG,80 042,69 940,5 804,4 298,October
CCG,10Q,E38000136,NHS Oxfordshire CCG,384 325,350 156,20 677,13 492,October
CCG,10R,E38000137,NHS Portsmouth CCG,90 105,84 661,3 304,2 140,October
CCG,10V,E38000154,NHS South Eastern Hampshire CCG,116 110,97 935,8 861,9 314,October
CCG,10X,E38000167,NHS Southampton CCG,132 259,118 617,5 656,7 986,October
CCG,11A,E38000198,NHS West Hampshire CCG,289 917,254 034,18 597,17 286,October
CCG,11J,E38000045,NHS Dorset CCG,405 381,371 224,12 239,21 918,October
CCG,11M,E38000062,NHS Gloucestershire CCG,365 054,326 594,18 335,20 125,October
CCG,11N,E38000089,NHS Kernow CCG,363 687,324 640,16 914,22 133,October
CCG,11X,E38000150,NHS Somerset CCG,327 695,285 108,19 759,22 828,October
CCG,12F,E38000208,NHS Wirral CCG,184 703,165 184,8 781,10 738,October
CCG,13T,E38000212,NHS Newcastle Gateshead CCG,252 290,227 545,12 026,12 719,October
CCG,14L,E38000217,NHS Manchester CCG,261 416,231 486,17 167,12 763,October
CCG,14Y,E38000223,NHS Buckinghamshire CCG,263 394,236 537,12 409,14 448,October
CCG,15A,E38000221,NHS Berkshire West CCG,250 952,220 514,14 358,16 080,October
CCG,15C,E38000222,"NHS Bristol, North Somerset and South Gloucestershire CCG",495 721,446 855,29 153,19 713,October
CCG,15D,E38000224,NHS East Berkshire CCG,194 249,170 551,11 814,11 884,October
CCG,15E,E38000220,NHS Birmingham and Solihull CCG,592 390,530 657,37 433,24 300,October
CCG,15F,E38000225,NHS Leeds CCG,438 822,401 105,17 611,20 106,October
CCG,15M,E38000229,NHS Derby and Derbyshire CCG,573 364,521 084,20 444,31 836,October
CCG,15N,E38000230,NHS Devon CCG,728 923,662 049,31 981,34 893,October
CCG,16C,E38000247,NHS Tees Valley CCG,368 548,333 568,15 701,19 279,October
CCG,18C,E38000236,NHS Herefordshire CCG,432 424,388 452,19 989,23 983,October
CCG,26A,E38000239,NHS Norfolk and Waveney CCG,618 912,567 303,21 625,29 984,October
CCG,27D,E38000233,NHS Cheshire CCG,379 400,330 192,23 131,26 077,October
CCG,36J,E38000232,NHS Bradford District and Craven CCG,341 340,317 746,9 011,14 583,October
CCG,36L,E38000245,NHS South West London CCG,689 544,618 466,40 629,30 449,October
CCG,42D,E38000241,NHS North Yorkshire CCG,239 277,220 496,8 345,10 436,October
CCG,52R,E38000243,NHS Nottingham and Nottinghamshire CCG,536 306,490 193,22 569,23 544,October
CCG,70F,E38000248,NHS West Sussex CCG,432 398,394 698,17 874,19 826,October
CCG,71E,E38000238,NHS Lincolnshire CCG,379 418,346 364,16 638,16 416,October
CCG,72Q,E38000244,NHS South East London CCG,774 391,686 523,46 680,41 188,October
CCG,78H,E38000242,NHS Northamptonshire CCG,384 677,352 466,16 070,16 141,October
CCG,84H,E38000234,NHS County Durham CCG,329 449,309 646,9 989,9 814,October
CCG,91Q,E38000237,NHS Kent and Medway CCG,856 208,742 785,47 795,65 628,October
CCG,92A,E38000246,NHS Surrey Heartlands CCG,490 702,437 872,26 335,26 495,October
CCG,92G,E38000231,"NHS Bath and North East Somerset, Swindon and Wiltshire CCG",525 210,487 933,18 072,19 205,October
CCG,93C,E38000240,NHS North Central London CCG,631 451,571 840,32 049,27 562,October
CCG,97R,E38000235,NHS East Sussex CCG,297 168,261 442,13 841,21 885,October
CCG,99A,E38000101,NHS Liverpool CCG,249 526,225 450,13 686,10 390,October
CCG,99C,E38000127,NHS North Tyneside CCG,108 158,99 975,4 318,3 865,October
CCG,99E,E38000007,NHS Basildon and Brentwood CCG,124 045,112 698,3 229,8 118,October
CCG,99F,E38000030,NHS Castle Point and Rochford CCG,71 071,66 387,2 474,2 210,October
CCG,99G,E38000168,NHS Southend CCG,71 957,67 828,1 705,2 424,October
CCG,99M,E38000118,NHS North East Hampshire and Farnham CCG,111 640,95 684,6 965,8 991,October
