Type,NHS_area_code,ONS_code,Name,Count_gp_appointments,Attended,Did_not_attend,Unknown,Month
National,ENG,ENG,England,23 736 340,21 656 353,1 047 984,1 032 003,December
Region,Y56,E40000003,London,3 348 377,3 033 736,170 796,143 845,December
Region,Y58,E40000006,South West,2 722 424,2 493 916,114 251,114 257,December
Region,Y59,E40000005,South East,3 643 192,3 301 152,165 328,176 712,December
Region,Y60,E40000008,Midlands,4 545 721,4 148 070,207 754,189 897,December
Region,Y61,E40000007,East of England,2 781 557,2 569 320,103 915,108 322,December
Region,Y62,E40000010,North West,2 793 063,2 496 505,143 071,153 487,December
Region,Y63,E40000009,North East and Yorkshire,3 902 006,3 613 654,142 869,145 483,December
STP,QE1,E54000048,Healthier Lancashire And South Cumbria  STP,698 369,626 229,30 683,41 457,December
STP,QF7,E54000009,South Yorkshire And Bassetlaw  STP,661 794,610 579,26 587,24 628,December
STP,QGH,E54000019,Herefordshire And Worcestershire  STP,377 434,342 711,17 454,17 269,December
STP,QH8,E54000026,Mid And South Essex  STP,442 202,408 816,12 276,21 110,December
STP,QHG,E54000024,"Bedfordshire, Luton And Milton Keynes  STP",394 866,367 844,14 940,12 082,December
STP,QHL,E54000017,Birmingham And Solihull  STP,497 064,447 464,28 002,21 598,December
STP,QHM,E54000050,Cumbria And North East  STP,1 372 407,1 265 057,54 158,53 192,December
STP,QJ2,E54000012,Joined Up Care Derbyshire  STP,487 642,449 567,15 748,22 327,December
STP,QJG,E54000023,Suffolk And North East Essex  STP,449 615,420 296,15 705,13 614,December
STP,QJK,E54000037,Devon  STP,624 846,573 516,24 584,26 746,December
STP,QJM,E54000013,Lincolnshire  STP,324 692,301 717,12 248,10 727,December
STP,QK1,E54000015,"Leicester, Leicestershire And Rutland  STP",482 582,452 557,16 514,13 511,December
STP,QKK,E54000030,Our Healthier South East London  STP,635 070,567 574,36 202,31 294,December
STP,QKS,E54000032,Kent And Medway  STP,717 267,636 445,32 931,47 891,December
STP,QM7,E54000025,Hertfordshire And West Essex  STP,573 683,519 509,27 881,26 293,December
STP,QMF,E54000029,East London Health And Care Partnership  STP,733 895,660 410,43 175,30 310,December
STP,QMJ,E54000028,North London Partners In Health And Care  STP,520 462,472 653,24 901,22 908,December
STP,QMM,E54000022,Norfolk And Waveney Health And Care Partnership  STP,510 087,469 448,19 129,21 510,December
STP,QNC,E54000010,Staffordshire And Stoke On Trent  STP,428 198,379 168,22 981,26 049,December
STP,QNQ,E54000034,Frimley Health And Care Ics  STP,304 811,277 440,16 230,11 141,December
STP,QNX,E54000053,Sussex And East Surrey Health And Care Partnership  STP,717 277,659 154,25 040,33 083,December
STP,QOC,E54000011,Shropshire And Telford And Wrekin  STP,210 207,194 421,8 281,7 505,December
STP,QOP,E54000007,Greater Manchester Health And Social Care Partnership  STP,1 030 569,914 675,59 037,56 857,December
STP,QOQ,E54000051,"Humber, Coast And Vale  STP",726 361,675 205,25 549,25 607,December
STP,QOX,E54000040,"Bath And North East Somerset, Swindon And Wiltshire  STP",448 563,421 028,16 896,10 639,December
STP,QPM,E54000020,Northamptonshire  STP,321 797,300 788,11 017,9 992,December
STP,QR1,E54000043,Gloucestershire  STP,307 425,283 183,11 464,12 778,December
STP,QRL,E54000042,Hampshire And The Isle Of Wight  STP,757 824,685 686,37 323,34 815,December
STP,QRV,E54000027,North West London Health And Care Partnership  STP,889 322,817 664,37 854,33 804,December
STP,QSL,E54000038,Somerset  STP,266 761,234 954,14 985,16 822,December
STP,QT1,E54000014,Nottingham And Nottinghamshire Health And Care  STP,465 913,434 667,18 088,13 158,December
STP,QT6,E54000036,Cornwall And The Isles Of Scilly Health And Social Care Partnership  STP,308 785,283 333,11 926,13 526,December
STP,QU9,E54000044,"Buckinghamshire, Oxfordshire And Berkshire West  STP",745 396,676 513,35 363,33 520,December
STP,QUA,E54000016,The Black Country And West Birmingham  STP,553 655,489 529,34 252,29 874,December
STP,QUE,E54000021,Cambridgeshire And Peterborough  STP,411 104,383 407,13 984,13 713,December
STP,QUY,E54000039,"Bristol, North Somerset And South Gloucestershire  STP",415 674,371 108,23 616,20 950,December
STP,QVV,E54000041,Dorset  STP,350 370,326 794,10 780,12 796,December
STP,QWE,E54000031,South West London Health And Care Partnership  STP,569 628,515 435,28 664,25 529,December
STP,QWO,E54000054,West Yorkshire And Harrogate (Health And Care Partnership)  STP,1 141 444,1 062 813,36 575,42 056,December
STP,QWU,E54000018,Coventry And Warwickshire  STP,396 537,355 481,23 169,17 887,December
STP,QXU,E54000052,Surrey Heartlands Health And Care Partnership  STP,400 617,365 914,18 441,16 262,December
STP,QYG,E54000008,Cheshire And Merseyside  STP,1 064 125,955 601,53 351,55 173,December
CCG,00L,E38000130,NHS Northumberland CCG,151 609,143 312,4 209,4 088,December
CCG,00N,E38000163,NHS South Tyneside CCG,55 725,51 578,1 968,2 179,December
CCG,00P,E38000176,NHS Sunderland CCG,113 050,104 113,5 364,3 573,December
CCG,00Q,E38000014,NHS Blackburn with Darwen CCG,64 048,59 152,2 739,2 157,December
CCG,00R,E38000015,NHS Blackpool CCG,76 146,69 523,3 558,3 065,December
CCG,00T,E38000016,NHS Bolton CCG,128 668,115 523,7 360,5 785,December
CCG,00V,E38000024,NHS Bury CCG,26 247,19 321,1 899,5 027,December
CCG,00X,E38000034,NHS Chorley and South Ribble CCG,71 274,63 742,3 418,4 114,December
CCG,00Y,E38000135,NHS Oldham CCG,93 020,82 271,6 385,4 364,December
CCG,01A,E38000050,NHS East Lancashire CCG,138 288,125 145,5 576,7 567,December
CCG,01D,E38000080,"NHS Heywood, Middleton and Rochdale CCG",83 961,76 995,3 983,2 983,December
CCG,01E,E38000227,NHS Greater Preston CCG,76 362,67 115,4 028,5 219,December
CCG,01F,E38000068,NHS Halton CCG,52 297,46 356,3 381,2 560,December
CCG,01G,E38000143,NHS Salford CCG,86 960,75 396,5 484,6 080,December
CCG,01H,E38000215,NHS North Cumbria CCG,156 205,140 323,6 467,9 415,December
CCG,01J,E38000091,NHS Knowsley CCG,63 386,57 428,3 638,2 320,December
CCG,01K,E38000228,NHS Morecambe Bay CCG,143 556,126 266,5 260,12 030,December
CCG,01T,E38000161,NHS South Sefton CCG,48 258,44 749,2 028,1 481,December
CCG,01V,E38000170,NHS Southport and Formby CCG,50 329,46 396,1 782,2 151,December
CCG,01W,E38000174,NHS Stockport CCG,132 002,120 831,5 604,5 567,December
CCG,01X,E38000172,NHS St Helens CCG,66 203,59 045,3 513,3 645,December
CCG,01Y,E38000182,NHS Tameside and Glossop CCG,92 660,82 441,5 281,4 938,December
CCG,02A,E38000187,NHS Trafford CCG,62 787,52 126,3 988,6 673,December
CCG,02E,E38000194,NHS Warrington CCG,92 904,85 330,2 900,4 674,December
CCG,02G,E38000200,NHS West Lancashire CCG,46 501,41 120,2 635,2 746,December
CCG,02H,E38000205,NHS Wigan Borough CCG,90 829,81 193,4 492,5 144,December
CCG,02M,E38000226,NHS Fylde and Wyre CCG,82 194,74 166,3 469,4 559,December
CCG,02P,E38000006,NHS Barnsley CCG,108 148,99 069,4 229,4 850,December
CCG,02Q,E38000008,NHS Bassetlaw CCG,52 748,49 044,1 812,1 892,December
CCG,02T,E38000025,NHS Calderdale CCG,88 904,82 759,2 866,3 279,December
CCG,02X,E38000044,NHS Doncaster CCG,132 117,121 878,6 218,4 021,December
CCG,02Y,E38000052,NHS East Riding of Yorkshire CCG,118 114,111 386,3 308,3 420,December
CCG,03A,E38000064,NHS Greater Huddersfield CCG,103 037,97 185,2 886,2 966,December
CCG,03F,E38000085,NHS Hull CCG,101 367,92 107,5 870,3 390,December
CCG,03H,E38000119,NHS North East Lincolnshire CCG,81 458,76 000,2 231,3 227,December
CCG,03J,E38000121,NHS North Kirklees CCG,93 433,87 690,2 687,3 056,December
CCG,03K,E38000122,NHS North Lincolnshire CCG,85 194,79 124,2 018,4 052,December
CCG,03L,E38000141,NHS Rotherham CCG,118 363,109 062,4 456,4 845,December
CCG,03N,E38000146,NHS Sheffield CCG,250 418,231 526,9 872,9 020,December
CCG,03Q,E38000188,NHS Vale of York CCG,137 871,129 068,5 469,3 334,December
CCG,03R,E38000190,NHS Wakefield CCG,175 522,164 795,5 134,5 593,December
CCG,03W,E38000051,NHS East Leicestershire and Rutland CCG,152 811,143 725,5 280,3 806,December
CCG,04C,E38000097,NHS Leicester City CCG,162 156,150 281,6 170,5 705,December
CCG,04F,E38000107,NHS Milton Keynes CCG,109 044,101 619,4 534,2 891,December
CCG,04V,E38000201,NHS West Leicestershire CCG,167 615,158 551,5 064,4 000,December
CCG,04Y,E38000028,NHS Cannock Chase CCG,54 156,47 753,2 017,4 386,December
CCG,05A,E38000038,NHS Coventry and Rugby CCG,182 395,164 083,11 852,6 460,December
CCG,05C,E38000046,NHS Dudley CCG,127 573,107 680,9 235,10 658,December
CCG,05D,E38000053,NHS East Staffordshire CCG,57 913,49 388,4 283,4 242,December
CCG,05G,E38000126,NHS North Staffordshire CCG,77 247,70 267,3 516,3 464,December
CCG,05H,E38000195,NHS Warwickshire North CCG,75 137,66 966,5 321,2 850,December
CCG,05L,E38000144,NHS Sandwell and West Birmingham CCG,217 496,197 886,13 128,6 482,December
CCG,05N,E38000147,NHS Shropshire CCG,138 974,127 727,5 511,5 736,December
CCG,05Q,E38000153,NHS South East Staffordshire and Seisdon Peninsula CCG,79 459,72 124,3 402,3 933,December
CCG,05R,E38000164,NHS South Warwickshire CCG,139 005,124 432,5 996,8 577,December
CCG,05V,E38000173,NHS Stafford and Surrounds CCG,61 747,55 585,3 074,3 088,December
CCG,05W,E38000175,NHS Stoke on Trent CCG,97 676,84 051,6 689,6 936,December
CCG,05X,E38000183,NHS Telford and Wrekin CCG,71 233,66 694,2 770,1 769,December
CCG,05Y,E38000191,NHS Walsall CCG,119 024,104 447,7 267,7 310,December
CCG,06A,E38000210,NHS Wolverhampton CCG,89 562,79 516,4 622,5 424,December
CCG,06F,E38000010,NHS Bedfordshire CCG,201 866,189 197,6 692,5 977,December
CCG,06H,E38000026,NHS Cambridgeshire and Peterborough CCG,411 104,383 407,13 984,13 713,December
CCG,06K,E38000049,NHS East and North Hertfordshire CCG,227 071,206 786,10 989,9 296,December
CCG,06L,E38000086,NHS Ipswich and East Suffolk CCG,184 275,172 826,4 827,6 622,December
CCG,06N,E38000079,NHS Herts Valley CCG,233 308,207 339,12 478,13 491,December
CCG,06P,E38000102,NHS Luton CCG,83 956,77 028,3 714,3 214,December
CCG,06Q,E38000106,NHS Mid Essex CCG,151 751,138 665,4 626,8 460,December
CCG,06T,E38000117,NHS North East Essex CCG,156 588,144 406,7 327,4 855,December
CCG,07G,E38000185,NHS Thurrock CCG,68 250,64 528,1 585,2 137,December
CCG,07H,E38000197,NHS West Essex CCG,113 304,105 384,4 414,3 506,December
CCG,07K,E38000204,NHS West Suffolk CCG,108 752,103 064,3 551,2 137,December
CCG,07L,E38000004,NHS Barking and Dagenham CCG,70 186,61 586,4 601,3 999,December
CCG,07P,E38000020,NHS Brent CCG,141 479,125 089,7 493,8 897,December
CCG,07T,E38000035,NHS City and Hackney CCG,120 133,109 019,7 162,3 952,December
CCG,07W,E38000048,NHS Ealing CCG,168 534,158 326,6 055,4 153,December
CCG,07Y,E38000084,NHS Hounslow CCG,107 421,100 301,3 784,3 336,December
CCG,08C,E38000070,NHS Hammersmith and Fulham CCG,81 668,75 458,2 625,3 585,December
CCG,08E,E38000074,NHS Harrow CCG,101 389,91 541,5 617,4 231,December
CCG,08F,E38000077,NHS Havering CCG,90 270,79 323,5 847,5 100,December
CCG,08G,E38000082,NHS Hillingdon CCG,106 927,98 698,5 006,3 223,December
CCG,08M,E38000113,NHS Newham CCG,124 940,112 729,7 764,4 447,December
CCG,08N,E38000138,NHS Redbridge CCG,108 094,96 760,6 183,5 151,December
CCG,08V,E38000186,NHS Tower Hamlets CCG,132 319,119 611,7 917,4 791,December
CCG,08W,E38000192,NHS Waltham Forest CCG,87 953,81 382,3 701,2 870,December
CCG,08Y,E38000202,NHS West London CCG,106 777,98 598,4 088,4 091,December
CCG,09A,E38000031,NHS Central London (Westminster) CCG,75 127,69 653,3 186,2 288,December
CCG,09D,E38000021,NHS Brighton and Hove CCG,114 969,106 139,4 287,4 543,December
CCG,10C,E38000178,NHS Surrey Heath CCG,43 168,39 727,2 193,1 248,December
CCG,10J,E38000120,NHS North Hampshire CCG,89 580,83 564,3 059,2 957,December
CCG,10K,E38000059,NHS Fareham and Gosport CCG,82 011,72 604,4 810,4 597,December
CCG,10L,E38000087,NHS Isle of Wight CCG,70 885,64 178,4 032,2 675,December
CCG,10Q,E38000136,NHS Oxfordshire CCG,316 694,287 766,16 234,12 694,December
CCG,10R,E38000137,NHS Portsmouth CCG,78 857,72 595,3 976,2 286,December
CCG,10V,E38000154,NHS South Eastern Hampshire CCG,93 586,79 529,7 031,7 026,December
CCG,10X,E38000167,NHS Southampton CCG,112 307,102 984,5 227,4 096,December
CCG,11A,E38000198,NHS West Hampshire CCG,230 598,210 232,9 188,11 178,December
CCG,11J,E38000045,NHS Dorset CCG,350 370,326 794,10 780,12 796,December
CCG,11M,E38000062,NHS Gloucestershire CCG,307 425,283 183,11 464,12 778,December
CCG,11N,E38000089,NHS Kernow CCG,308 785,283 333,11 926,13 526,December
CCG,11X,E38000150,NHS Somerset CCG,266 761,234 954,14 985,16 822,December
CCG,12F,E38000208,NHS Wirral CCG,164 201,146 149,8 051,10 001,December
CCG,13T,E38000212,NHS Newcastle Gateshead CCG,214 478,193 859,8 984,11 635,December
CCG,14L,E38000217,NHS Manchester CCG,233 435,208 578,14 561,10 296,December
CCG,14Y,E38000223,NHS Buckinghamshire CCG,214 150,196 559,8 343,9 248,December
CCG,15A,E38000221,NHS Berkshire West CCG,214 552,192 188,10 786,11 578,December
CCG,15C,E38000222,"NHS Bristol, North Somerset and South Gloucestershire CCG",415 674,371 108,23 616,20 950,December
CCG,15D,E38000224,NHS East Berkshire CCG,166 991,151 812,7 992,7 187,December
CCG,15E,E38000220,NHS Birmingham and Solihull CCG,497 064,447 464,28 002,21 598,December
CCG,15F,E38000225,NHS Leeds CCG,373 177,344 468,14 177,14 532,December
CCG,15M,E38000229,NHS Derby and Derbyshire CCG,487 642,449 567,15 748,22 327,December
CCG,15N,E38000230,NHS Devon CCG,624 846,573 516,24 584,26 746,December
CCG,16C,E38000247,NHS Tees Valley CCG,309 242,282 351,14 249,12 642,December
CCG,18C,E38000236,NHS Herefordshire CCG,377 434,342 711,17 454,17 269,December
CCG,26A,E38000239,NHS Norfolk and Waveney CCG,510 087,469 448,19 129,21 510,December
CCG,27D,E38000233,NHS Cheshire CCG,318 953,282 229,17 023,19 701,December
CCG,36J,E38000232,NHS Bradford District and Craven CCG,307 371,285 916,8 825,12 630,December
CCG,36L,E38000245,NHS South West London CCG,569 628,515 435,28 664,25 529,December
CCG,42D,E38000241,NHS North Yorkshire CCG,202 357,187 520,6 653,8 184,December
CCG,52R,E38000243,NHS Nottingham and Nottinghamshire CCG,465 913,434 667,18 088,13 158,December
CCG,70F,E38000248,NHS West Sussex CCG,358 691,334 077,10 525,14 089,December
CCG,71E,E38000238,NHS Lincolnshire CCG,324 692,301 717,12 248,10 727,December
CCG,72Q,E38000244,NHS South East London CCG,635 070,567 574,36 202,31 294,December
CCG,78H,E38000242,NHS Northamptonshire CCG,321 797,300 788,11 017,9 992,December
CCG,84H,E38000234,NHS County Durham CCG,280 372,263 928,9 166,7 278,December
CCG,91Q,E38000237,NHS Kent and Medway CCG,717 267,636 445,32 931,47 891,December
CCG,92A,E38000246,NHS Surrey Heartlands CCG,400 617,365 914,18 441,16 262,December
CCG,92G,E38000231,"NHS Bath and North East Somerset, Swindon and Wiltshire CCG",448 563,421 028,16 896,10 639,December
CCG,93C,E38000240,NHS North Central London CCG,520 462,472 653,24 901,22 908,December
CCG,97R,E38000235,NHS East Sussex CCG,243 617,218 938,10 228,14 451,December
CCG,99A,E38000101,NHS Liverpool CCG,207 594,187 919,11 035,8 640,December
CCG,99C,E38000127,NHS North Tyneside CCG,91 726,85 593,3 751,2 382,December
CCG,99E,E38000007,NHS Basildon and Brentwood CCG,98 928,91 600,2 256,5 072,December
CCG,99F,E38000030,NHS Castle Point and Rochford CCG,62 290,56 898,1 766,3 626,December
CCG,99G,E38000168,NHS Southend CCG,60 983,57 125,2 043,1 815,December
CCG,99M,E38000118,NHS North East Hampshire and Farnham CCG,94 652,85 901,6 045,2 706,December
