Type,NHS_area_code,ONS_code,Name,Count_gp_appointments,Attended,Did_not_attend,Unknown,Month
National,ENG,ENG,England,26 864 607,24 231 580,1 283 206,1 349 821,January
Region,Y56,E40000003,London,3 690 277,3 304 128,230 661,155 488,January
Region,Y58,E40000006,South West,3 092 896,2 798 042,133 913,160 941,January
Region,Y59,E40000005,South East,3 973 770,3 626 890,160 699,186 181,January
Region,Y60,E40000008,Midlands,5 227 560,4 708 158,254 663,264 739,January
Region,Y61,E40000007,East of England,3 182 347,2 872 790,128 404,181 153,January
Region,Y62,E40000010,North West,3 163 271,2 850 456,173 526,139 289,January
Region,Y63,E40000009,North East and Yorkshire,4 534 486,4 071 116,201 340,262 030,January
Regional Local Office,Q71,E39000018,NHS England London,3 690 277,3 304 128,230 661,155 488,January
Regional Local Office,Q72,E39000048,NHS England North East and Yorkshire (Yorkshire and Humber),2 880 383,2 581 297,124 132,174 954,January
Regional Local Office,Q74,E39000047,NHS England North East and Yorkshire (Cumbria and North East),1 654 103,1 489 819,77 208,87 076,January
Regional Local Office,Q75,E39000026,NHS England North West (Cheshire and Merseyside),1 170 173,1 055 565,61 875,52 733,January
Regional Local Office,Q76,E39000032,NHS England Midlands (North Midlands),1 796 526,1 623 066,75 083,98 377,January
Regional Local Office,Q77,E39000033,NHS England Midlands (West Midlands),2 095 973,1 882 999,122 264,90 710,January
Regional Local Office,Q78,E39000045,NHS England Midlands (Central Midlands),1 335 061,1 202 093,57 316,75 652,January
Regional Local Office,Q79,E39000046,NHS England East of England (East),3 182 347,2 872 790,128 404,181 153,January
Regional Local Office,Q83,E39000037,NHS England North West (Greater Manchester),1 237 712,1 104 410,75 906,57 396,January
Regional Local Office,Q84,E39000040,NHS England North West (Lancashire and South Cumbria),755 386,690 481,35 745,29 160,January
Regional Local Office,Q85,E39000044,NHS England South West (South West South),1 776 902,1 603 348,79 396,94 158,January
Regional Local Office,Q86,E39000043,NHS England South West (South West North),1 315 994,1 194 694,54 517,66 783,January
Regional Local Office,Q87,E39000041,"NHS England South East (Hampshire, Isle of Wight and Thames Valley)",1 919 830,1 756 355,75 957,87 518,January
Regional Local Office,Q88,E39000042,"NHS England South East (Kent, Surrey and Sussex)",2 053 940,1 870 535,84 742,98 663,January
STP,E54000005,E54000005,West Yorkshire And Harrogate (Health And Care Partnership)  STP,1 397 542,1 256 001,58 123,83 418,January
STP,E54000006,E54000006,"Humber, Coast And Vale  STP",674 621,609 135,27 545,37 941,January
STP,E54000007,E54000007,Greater Manchester Health And Social Care Partnership  STP,1 237 712,1 104 410,75 906,57 396,January
STP,E54000008,E54000008,Cheshire And Merseyside  STP,1 170 173,1 055 565,61 875,52 733,January
STP,E54000009,E54000009,South Yorkshire And Bassetlaw  STP,808 220,716 161,38 464,53 595,January
STP,E54000010,E54000010,Staffordshire And Stoke On Trent  STP,477 620,435 414,21 325,20 881,January
STP,E54000011,E54000011,Shropshire And Telford And Wrekin  STP,244 279,224 715,10 409,9 155,January
STP,E54000012,E54000012,Joined Up Care Derbyshire  STP,539 792,485 284,20 137,34 371,January
STP,E54000013,E54000013,Lincolnshire  STP,396 119,358 516,16 151,21 452,January
STP,E54000014,E54000014,Nottingham And Nottinghamshire Health And Care  STP,534 835,477 653,23 212,33 970,January
STP,E54000015,E54000015,"Leicester, Leicestershire And Rutland  STP",566 021,509 096,26 528,30 397,January
STP,E54000016,E54000016,The Black Country And West Birmingham  STP,643 453,566 673,44 784,31 996,January
STP,E54000017,E54000017,Birmingham And Solihull  STP,590 849,521 072,40 317,29 460,January
STP,E54000018,E54000018,Coventry And Warwickshire  STP,442 945,405 441,21 025,16 479,January
STP,E54000019,E54000019,Herefordshire And Worcestershire  STP,418 726,389 813,16 138,12 775,January
STP,E54000020,E54000020,Northamptonshire  STP,372 921,334 481,14 637,23 803,January
STP,E54000021,E54000021,Cambridgeshire And Peterborough  STP,490 495,445 119,21 616,23 760,January
STP,E54000022,E54000022,Norfolk And Waveney Health And Care Partnership  STP,567 780,512 367,21 345,34 068,January
STP,E54000023,E54000023,Suffolk And North East Essex  STP,513 999,469 216,18 018,26 765,January
STP,E54000024,E54000024,"Bedfordshire, Luton And Milton Keynes  STP",457 379,410 464,21 425,25 490,January
STP,E54000025,E54000025,Hertfordshire And West Essex  STP,630 827,564 123,28 056,38 648,January
STP,E54000026,E54000026,Mid And South Essex  STP,521 867,471 501,17 944,32 422,January
STP,E54000027,E54000027,North West London Health And Care Partnership  STP,994 700,890 803,57 941,45 956,January
STP,E54000028,E54000028,North London Partners In Health And Care  STP,524 785,472 023,33 788,18 974,January
STP,E54000029,E54000029,East London Health And Care Partnership  STP,841 387,748 650,58 874,33 863,January
STP,E54000030,E54000030,Our Healthier South East London  STP,701 152,621 487,45 347,34 318,January
STP,E54000031,E54000031,South West London Health And Care Partnership  STP,628 253,571 165,34 711,22 377,January
STP,E54000032,E54000032,Kent And Medway  STP,767 535,695 805,34 626,37 104,January
STP,E54000033,E54000033,Sussex And East Surrey  STP,924 703,842 025,35 634,47 044,January
STP,E54000034,E54000034,Frimley Health  STP,305 951,279 899,12 710,13 342,January
STP,E54000035,E54000035,Surrey Heartlands  STP,361 702,332 705,14 482,14 515,January
STP,E54000036,E54000036,Cornwall And The Isles Of Scilly  STP,359 803,317 124,24 587,18 092,January
STP,E54000037,E54000037,Devon  STP,731 220,666 068,27 467,37 685,January
STP,E54000038,E54000038,Somerset  STP,263 274,240 973,11 347,10 954,January
STP,E54000039,E54000039,"Bristol, North Somerset And South Gloucestershire  STP",477 911,439 476,23 482,14 953,January
STP,E54000040,E54000040,"Bath And North East Somerset, Swindon And Wiltshire  STP",508 354,457 462,18 360,32 532,January
STP,E54000041,E54000041,Dorset  STP,422 605,379 183,15 995,27 427,January
STP,E54000042,E54000042,Hampshire And The Isle Of Wight  STP,817 419,738 391,33 606,45 422,January
STP,E54000043,E54000043,Gloucestershire  STP,329 729,297 756,12 675,19 298,January
STP,E54000044,E54000044,"Buckinghamshire, Oxfordshire And Berkshire West  STP",796 460,738 065,29 641,28 754,January
STP,E54000048,E54000048,Healthier Lancashire And South Cumbria  STP,755 386,690 481,35 745,29 160,January
STP,E54000049,E54000049,Cumbria And North East  STP,1 654 103,1 489 819,77 208,87 076,January
CCG,00C,E38000042,NHS Darlington CCG,53 802,47 828,2 909,3 065,January
CCG,00D,E38000047,"NHS Durham Dales, Easington and Sedgefield CCG",181 294,161 644,8 070,11 580,January
CCG,00J,E38000116,NHS North Durham CCG,146 200,131 402,5 715,9 083,January
CCG,00K,E38000075,NHS Hartlepool and Stockton-on-Tees CCG,138 057,121 359,6 743,9 955,January
CCG,00L,E38000130,NHS Northumberland CCG,176 889,159 808,6 746,10 335,January
CCG,00M,E38000162,NHS South Tees CCG,161 108,143 596,7 729,9 783,January
CCG,00N,E38000163,NHS South Tyneside CCG,68 108,62 467,3 433,2 208,January
CCG,00P,E38000176,NHS Sunderland CCG,132 338,119 963,7 643,4 732,January
CCG,00Q,E38000014,NHS Blackburn with Darwen CCG,67 267,60 298,4 368,2 601,January
CCG,00R,E38000015,NHS Blackpool CCG,87 902,80 705,4 759,2 438,January
CCG,00T,E38000016,NHS Bolton CCG,150 143,132 164,10 214,7 765,January
CCG,00V,E38000024,NHS Bury CCG,26 951,21 378,1 817,3 756,January
CCG,00X,E38000034,NHS Chorley and South Ribble CCG,73 378,66 759,2 924,3 695,January
CCG,00Y,E38000135,NHS Oldham CCG,111 280,101 042,6 592,3 646,January
CCG,01A,E38000050,NHS East Lancashire CCG,159 674,144 777,8 439,6 458,January
CCG,01C,E38000056,NHS Eastern Cheshire CCG,86 101,79 718,3 772,2 611,January
CCG,01D,E38000080,"NHS Heywood, Middleton and Rochdale CCG",103 707,93 772,6 218,3 717,January
CCG,01E,E38000227,NHS Greater Preston CCG,74 029,67 391,3 553,3 085,January
CCG,01F,E38000068,NHS Halton CCG,62 173,54 243,3 549,4 381,January
CCG,01G,E38000143,NHS Salford CCG,133 566,114 767,8 889,9 910,January
CCG,01H,E38000215,NHS North Cumbria CCG,184 323,169 625,7 216,7 482,January
CCG,01J,E38000091,NHS Knowsley CCG,79 336,70 806,5 363,3 167,January
CCG,01K,E38000228,NHS Morecambe Bay CCG,158 142,146 016,7 081,5 045,January
CCG,01R,E38000151,NHS South Cheshire CCG,88 079,80 094,4 106,3 879,January
CCG,01T,E38000161,NHS South Sefton CCG,54 937,50 145,3 145,1 647,January
CCG,01V,E38000170,NHS Southport and Formby CCG,55 883,50 961,2 136,2 786,January
CCG,01W,E38000174,NHS Stockport CCG,134 425,122 375,7 117,4 933,January
CCG,01X,E38000172,NHS St Helens CCG,80 803,72 764,4 137,3 902,January
CCG,01Y,E38000182,NHS Tameside and Glossop CCG,110 625,100 929,6 437,3 259,January
CCG,02A,E38000187,NHS Trafford CCG,81 608,74 289,4 007,3 312,January
CCG,02D,E38000189,NHS Vale Royal CCG,45 561,40 428,2 302,2 831,January
CCG,02E,E38000194,NHS Warrington CCG,96 552,88 229,3 751,4 572,January
CCG,02F,E38000196,NHS West Cheshire CCG,116 229,107 060,5 479,3 690,January
CCG,02G,E38000200,NHS West Lancashire CCG,49 409,45 073,1 990,2 346,January
CCG,02H,E38000205,NHS Wigan Borough CCG,136 235,122 815,6 343,7 077,January
CCG,02M,E38000226,NHS Fylde and Wyre CCG,85 585,79 462,2 631,3 492,January
CCG,02N,E38000001,"NHS Airedale, Wharfedale and Craven CCG",96 894,86 779,3 131,6 984,January
CCG,02P,E38000006,NHS Barnsley CCG,128 995,116 330,5 405,7 260,January
CCG,02Q,E38000008,NHS Bassetlaw CCG,65 093,58 921,2 825,3 347,January
CCG,02R,E38000019,NHS Bradford Districts CCG,182 326,161 982,6 987,13 357,January
CCG,02T,E38000025,NHS Calderdale CCG,108 784,97 299,4 134,7 351,January
CCG,02W,E38000018,NHS Bradford City CCG,82 776,72 795,5 465,4 516,January
CCG,02X,E38000044,NHS Doncaster CCG,163 326,146 464,7 996,8 866,January
CCG,02Y,E38000052,NHS East Riding of Yorkshire CCG,140 737,128 858,5 098,6 781,January
CCG,03A,E38000064,NHS Greater Huddersfield CCG,112 731,102 003,4 768,5 960,January
CCG,03D,E38000069,"NHS Hambleton, Richmondshire and Whitby CCG",74 256,67 568,2 724,3 964,January
CCG,03E,E38000073,NHS Harrogate and Rural District CCG,81 954,75 905,2 522,3 527,January
CCG,03F,E38000085,NHS Hull CCG,124 716,111 281,7 554,5 881,January
CCG,03H,E38000119,NHS North East Lincolnshire CCG,95 272,86 036,3 879,5 357,January
CCG,03J,E38000121,NHS North Kirklees CCG,95 580,85 806,4 671,5 103,January
CCG,03K,E38000122,NHS North Lincolnshire CCG,93 547,83 912,2 716,6 919,January
CCG,03L,E38000141,NHS Rotherham CCG,138 659,121 745,6 077,10 837,January
CCG,03M,E38000145,NHS Scarborough and Ryedale CCG,66 794,58 423,2 713,5 658,January
CCG,03N,E38000146,NHS Sheffield CCG,312 147,272 701,16 161,23 285,January
CCG,03Q,E38000188,NHS Vale of York CCG,153 555,140 625,5 585,7 345,January
CCG,03R,E38000190,NHS Wakefield CCG,213 231,192 276,7 625,13 330,January
CCG,03T,E38000099,NHS Lincolnshire East CCG,127 873,116 960,5 404,5 509,January
CCG,03V,E38000037,NHS Corby CCG,35 293,29 849,1 357,4 087,January
CCG,03W,E38000051,NHS East Leicestershire and Rutland CCG,179 970,162 343,7 216,10 411,January
CCG,04C,E38000097,NHS Leicester City CCG,186 038,164 575,11 451,10 012,January
CCG,04D,E38000100,NHS Lincolnshire West CCG,105 382,93 957,4 857,6 568,January
CCG,04E,E38000103,NHS Mansfield and Ashfield CCG,101 888,90 546,4 243,7 099,January
CCG,04F,E38000107,NHS Milton Keynes CCG,133 497,120 655,6 044,6 798,January
CCG,04G,E38000108,NHS Nene CCG,337 628,304 632,13 280,19 716,January
CCG,04H,E38000109,NHS Newark and Sherwood CCG,70 246,63 907,2 606,3 733,January
CCG,04K,E38000132,NHS Nottingham City CCG,171 026,149 977,9 421,11 628,January
CCG,04L,E38000133,NHS Nottingham North and East CCG,69 402,61 370,2 688,5 344,January
CCG,04M,E38000134,NHS Nottingham West CCG,55 457,50 503,2 194,2 760,January
CCG,04N,E38000142,NHS Rushcliffe CCG,66 816,61 350,2 060,3 406,January
CCG,04Q,E38000165,NHS South West  Lincolnshire CCG,66 429,60 135,2 637,3 657,January
CCG,04V,E38000201,NHS West Leicestershire CCG,200 013,182 178,7 861,9 974,January
CCG,04Y,E38000028,NHS Cannock Chase CCG,58 997,53 574,2 383,3 040,January
CCG,05A,E38000038,NHS Coventry and Rugby CCG,207 221,187 840,12 175,7 206,January
CCG,05C,E38000046,NHS Dudley CCG,141 384,125 201,7 744,8 439,January
CCG,05D,E38000053,NHS East Staffordshire CCG,63 655,57 754,2 327,3 574,January
CCG,05F,E38000078,NHS Herefordshire CCG,100 836,94 039,3 854,2 943,January
CCG,05G,E38000126,NHS North Staffordshire CCG,87 836,81 321,3 114,3 401,January
CCG,05H,E38000195,NHS Warwickshire North CCG,80 970,73 652,3 652,3 666,January
CCG,05J,E38000139,NHS Redditch and Bromsgrove CCG,87 846,82 209,3 448,2 189,January
CCG,05L,E38000144,NHS Sandwell and West Birmingham CCG,252 311,218 938,19 998,13 375,January
CCG,05N,E38000147,NHS Shropshire CCG,160 025,146 991,6 195,6 839,January
CCG,05Q,E38000153,NHS South East Staffordshire and Seisdon Peninsula CCG,89 673,82 840,3 942,2 891,January
CCG,05R,E38000164,NHS South Warwickshire CCG,154 754,143 949,5 198,5 607,January
CCG,05T,E38000166,NHS South Worcestershire CCG,150 883,139 654,5 654,5 575,January
CCG,05V,E38000173,NHS Stafford and Surrounds CCG,70 287,64 773,2 840,2 674,January
CCG,05W,E38000175,NHS Stoke on Trent CCG,107 172,95 152,6 719,5 301,January
CCG,05X,E38000183,NHS Telford and Wrekin CCG,84 254,77 724,4 214,2 316,January
CCG,05Y,E38000191,NHS Walsall CCG,140 729,125 633,9 188,5 908,January
CCG,06A,E38000210,NHS Wolverhampton CCG,109 029,96 901,7 854,4 274,January
CCG,06D,E38000211,NHS Wyre Forest CCG,79 161,73 911,3 182,2 068,January
CCG,06F,E38000010,NHS Bedfordshire CCG,225 944,202 604,9 145,14 195,January
CCG,06H,E38000026,NHS Cambridgeshire and Peterborough CCG,490 495,445 119,21 616,23 760,January
CCG,06K,E38000049,NHS East and North Hertfordshire CCG,244 877,215 278,9 829,19 770,January
CCG,06L,E38000086,NHS Ipswich and East Suffolk CCG,212 182,192 158,7 075,12 949,January
CCG,06M,E38000063,NHS Great Yarmouth and Waveney CCG,124 052,111 123,5 856,7 073,January
CCG,06N,E38000079,NHS Herts Valley CCG,256 427,232 477,12 675,11 275,January
CCG,06P,E38000102,NHS Luton CCG,97 938,87 205,6 236,4 497,January
CCG,06Q,E38000106,NHS Mid Essex CCG,180 150,163 797,5 842,10 511,January
CCG,06T,E38000117,NHS North East Essex CCG,175 780,160 370,7 143,8 267,January
CCG,06V,E38000124,NHS North Norfolk CCG,93 370,83 745,3 562,6 063,January
CCG,06W,E38000218,NHS Norwich CCG,120 286,107 757,4 680,7 849,January
CCG,06Y,E38000219,NHS South Norfolk CCG,119 868,110 464,3 522,5 882,January
CCG,07G,E38000185,NHS Thurrock CCG,80 829,73 090,3 194,4 545,January
CCG,07H,E38000197,NHS West Essex CCG,129 523,116 368,5 552,7 603,January
CCG,07J,E38000203,NHS West Norfolk CCG,110 204,99 278,3 725,7 201,January
CCG,07K,E38000204,NHS West Suffolk CCG,126 037,116 688,3 800,5 549,January
CCG,07L,E38000004,NHS Barking and Dagenham CCG,85 469,73 272,6 761,5 436,January
CCG,07M,E38000005,NHS Barnet CCG,116 868,106 257,5 679,4 932,January
CCG,07N,E38000011,NHS Bexley CCG,84 070,75 105,3 320,5 645,January
CCG,07P,E38000020,NHS Brent CCG,151 840,136 314,10 674,4 852,January
CCG,07Q,E38000023,NHS Bromley CCG,116 775,103 975,4 735,8 065,January
CCG,07R,E38000027,NHS Camden CCG,94 513,85 811,6 023,2 679,January
CCG,07T,E38000035,NHS City and Hackney CCG,137 886,123 965,9 489,4 432,January
CCG,07V,E38000040,NHS Croydon CCG,153 818,138 587,9 460,5 771,January
CCG,07W,E38000048,NHS Ealing CCG,191 553,173 425,9 581,8 547,January
CCG,07X,E38000057,NHS Enfield CCG,111 805,99 145,7 666,4 994,January
CCG,07Y,E38000084,NHS Hounslow CCG,132 936,118 505,6 891,7 540,January
CCG,08A,E38000066,NHS Greenwich CCG,109 615,94 147,7 845,7 623,January
CCG,08C,E38000070,NHS Hammersmith and Fulham CCG,87 100,76 508,5 417,5 175,January
CCG,08D,E38000072,NHS Haringey CCG,105 416,94 602,6 933,3 881,January
CCG,08E,E38000074,NHS Harrow CCG,112 617,101 898,6 173,4 546,January
