Type,NHS_area_code,ONS_code,Name,Count_gp_appointments,Attended,Did_not_attend,Unknown,Month
National,ENG,ENG,England,20 083 871,18 382 222,662 460,1 039 189,August
Region,Y56,E40000003,London,2 884 418,2 651 269,117 446,115 703,August
Region,Y58,E40000006,South West,2 313 792,2 119 488,68 582,125 722,August
Region,Y59,E40000005,South East,2 990 784,2 769 795,94 753,126 236,August
Region,Y60,E40000008,Midlands,3 805 604,3 476 298,128 999,200 307,August
Region,Y61,E40000007,East of England,2 365 574,2 168 021,58 770,138 783,August
Region,Y62,E40000010,North West,2 329 792,2 130 949,97 742,101 101,August
Region,Y63,E40000009,North East and Yorkshire,3 393 907,3 066 402,96 168,231 337,August
STP,QE1,E54000048,Healthier Lancashire And South Cumbria  STP,570 427,529 910,20 651,19 866,August
STP,QF7,E54000009,South Yorkshire And Bassetlaw  STP,582 105,520 893,18 417,42 795,August
STP,QGH,E54000019,Herefordshire And Worcestershire  STP,293 793,277 523,9 535,6 735,August
STP,QH8,E54000026,Mid And South Essex  STP,391 219,358 185,7 043,25 991,August
STP,QHG,E54000024,"Bedfordshire, Luton And Milton Keynes  STP",334 635,305 849,8 615,20 171,August
STP,QHL,E54000017,Birmingham And Solihull  STP,422 968,384 868,18 251,19 849,August
STP,QHM,E54000050,Cumbria And North East  STP,1 202 768,1 091 747,38 761,72 260,August
STP,QJ2,E54000012,Joined Up Care Derbyshire  STP,413 247,370 023,9 787,33 437,August
STP,QJG,E54000023,Suffolk And North East Essex  STP,378 884,349 015,9 776,20 093,August
STP,QJK,E54000037,Devon  STP,533 835,487 680,15 821,30 334,August
STP,QJM,E54000013,Lincolnshire  STP,267 435,242 613,8 040,16 782,August
STP,QK1,E54000015,"Leicester, Leicestershire And Rutland  STP",420 114,384 299,11 291,24 524,August
STP,QKK,E54000030,Our Healthier South East London  STP,558 140,507 835,25 776,24 529,August
STP,QKS,E54000032,Kent And Medway  STP,566 473,517 354,21 435,27 684,August
STP,QM7,E54000025,Hertfordshire And West Essex  STP,479 403,439 219,13 379,26 805,August
STP,QMF,E54000029,East London Health And Care Partnership  STP,631 840,580 318,27 863,23 659,August
STP,QMJ,E54000028,North London Partners In Health And Care  STP,434 886,403 208,17 384,14 294,August
STP,QMM,E54000022,Norfolk And Waveney Health And Care Partnership  STP,430 758,392 948,10 457,27 353,August
STP,QNC,E54000010,Staffordshire And Stoke On Trent  STP,343 240,315 962,12 721,14 557,August
STP,QNQ,E54000034,Frimley Health And Care Ics  STP,245 705,231 292,8 016,6 397,August
STP,QNX,E54000053,Sussex And East Surrey Health And Care Partnership  STP,623 065,569 616,16 590,36 859,August
STP,QOC,E54000011,Shropshire And Telford And Wrekin  STP,184 012,172 852,5 877,5 283,August
STP,QOP,E54000007,Greater Manchester Health And Social Care Partnership  STP,860 677,776 368,41 488,42 821,August
STP,QOQ,E54000051,"Humber, Coast And Vale  STP",623 027,559 734,15 065,48 228,August
STP,QOX,E54000040,"Bath And North East Somerset, Swindon And Wiltshire  STP",380 785,344 786,8 788,27 211,August
STP,QPM,E54000020,Northamptonshire  STP,272 038,249 868,6 167,16 003,August
STP,QR1,E54000043,Gloucestershire  STP,255 042,235 571,6 339,13 132,August
STP,QRL,E54000042,Hampshire And The Isle Of Wight  STP,614 102,571 689,18 896,23 517,August
STP,QRV,E54000027,North West London Health And Care Partnership  STP,777 737,716 188,26 488,35 061,August
STP,QSL,E54000038,Somerset  STP,215 912,200 230,7 481,8 201,August
STP,QT1,E54000014,Nottingham And Nottinghamshire Health And Care  STP,399 056,357 365,12 374,29 317,August
STP,QT6,E54000036,Cornwall And The Isles Of Scilly Health And Social Care Partnership  STP,275 576,250 478,10 488,14 610,August
STP,QU9,E54000044,"Buckinghamshire, Oxfordshire And Berkshire West  STP",612 335,573 893,18 370,20 072,August
STP,QUA,E54000016,The Black Country And West Birmingham  STP,465 903,420 526,22 723,22 654,August
STP,QUE,E54000021,Cambridgeshire And Peterborough  STP,350 675,322 805,9 500,18 370,August
STP,QUY,E54000039,"Bristol, North Somerset And South Gloucestershire  STP",338 744,316 562,12 688,9 494,August
STP,QVV,E54000041,Dorset  STP,313 898,284 181,6 977,22 740,August
STP,QWE,E54000031,South West London Health And Care Partnership  STP,481 815,443 720,19 935,18 160,August
STP,QWO,E54000054,West Yorkshire And Harrogate (Health And Care Partnership)  STP,986 007,894 028,23 925,68 054,August
STP,QWU,E54000018,Coventry And Warwickshire  STP,323 798,300 399,12 233,11 166,August
STP,QXU,E54000052,Surrey Heartlands Health And Care Partnership  STP,329 104,305 951,11 446,11 707,August
STP,QYG,E54000008,Cheshire And Merseyside  STP,898 688,824 671,35 603,38 414,August
CCG,00L,E38000130,NHS Northumberland CCG,136 705,123 705,3 484,9 516,August
CCG,00N,E38000163,NHS South Tyneside CCG,49 683,46 600,1 619,1 464,August
CCG,00P,E38000176,NHS Sunderland CCG,100 862,92 282,5 067,3 513,August
CCG,00Q,E38000014,NHS Blackburn with Darwen CCG,51 772,47 860,2 571,1 341,August
CCG,00R,E38000015,NHS Blackpool CCG,65 921,62 097,2 795,1 029,August
CCG,00T,E38000016,NHS Bolton CCG,110 926,100 539,4 892,5 495,August
CCG,00V,E38000024,NHS Bury CCG,15 863,12 184,896,2 783,August
CCG,00X,E38000034,NHS Chorley and South Ribble CCG,54 880,50 607,1 848,2 425,August
CCG,00Y,E38000135,NHS Oldham CCG,77 531,71 856,3 372,2 303,August
CCG,01A,E38000050,NHS East Lancashire CCG,119 111,110 316,4 613,4 182,August
CCG,01D,E38000080,"NHS Heywood, Middleton and Rochdale CCG",70 851,65 895,3 035,1 921,August
CCG,01E,E38000227,NHS Greater Preston CCG,62 945,58 657,2 259,2 029,August
CCG,01F,E38000068,NHS Halton CCG,45 175,40 740,2 175,2 260,August
CCG,01G,E38000143,NHS Salford CCG,95 938,82 359,4 990,8 589,August
CCG,01H,E38000215,NHS North Cumbria CCG,131 123,121 577,4 526,5 020,August
CCG,01J,E38000091,NHS Knowsley CCG,58 353,52 903,2 546,2 904,August
CCG,01K,E38000228,NHS Morecambe Bay CCG,114 566,107 198,3 949,3 419,August
CCG,01T,E38000161,NHS South Sefton CCG,42 399,39 784,1 609,1 006,August
CCG,01V,E38000170,NHS Southport and Formby CCG,42 368,39 314,1 326,1 728,August
CCG,01W,E38000174,NHS Stockport CCG,107 969,99 419,4 602,3 948,August
CCG,01X,E38000172,NHS St Helens CCG,58 497,53 545,2 470,2 482,August
CCG,01Y,E38000182,NHS Tameside and Glossop CCG,83 028,74 521,4 287,4 220,August
CCG,02A,E38000187,NHS Trafford CCG,44 439,39 976,2 334,2 129,August
CCG,02E,E38000194,NHS Warrington CCG,76 562,71 205,1 686,3 671,August
CCG,02G,E38000200,NHS West Lancashire CCG,31 235,28 751,871,1 613,August
CCG,02H,E38000205,NHS Wigan Borough CCG,73 261,65 395,3 156,4 710,August
CCG,02M,E38000226,NHS Fylde and Wyre CCG,69 997,64 424,1 745,3 828,August
CCG,02P,E38000006,NHS Barnsley CCG,96 247,86 716,2 869,6 662,August
CCG,02Q,E38000008,NHS Bassetlaw CCG,47 354,42 582,1 453,3 319,August
CCG,02T,E38000025,NHS Calderdale CCG,73 203,67 811,1 640,3 752,August
CCG,02X,E38000044,NHS Doncaster CCG,112 565,101 958,3 966,6 641,August
CCG,02Y,E38000052,NHS East Riding of Yorkshire CCG,102 882,95 791,2 458,4 633,August
CCG,03A,E38000064,NHS Greater Huddersfield CCG,89 144,82 524,2 075,4 545,August
CCG,03F,E38000085,NHS Hull CCG,87 642,76 706,3 429,7 507,August
CCG,03H,E38000119,NHS North East Lincolnshire CCG,71 403,64 425,1 821,5 157,August
CCG,03J,E38000121,NHS North Kirklees CCG,78 085,73 274,1 855,2 956,August
CCG,03K,E38000122,NHS North Lincolnshire CCG,72 930,64 078,1 291,7 561,August
CCG,03L,E38000141,NHS Rotherham CCG,104 564,93 545,3 280,7 739,August
CCG,03N,E38000146,NHS Sheffield CCG,221 375,196 092,6 849,18 434,August
CCG,03Q,E38000188,NHS Vale of York CCG,109 382,101 433,2 626,5 323,August
CCG,03R,E38000190,NHS Wakefield CCG,155 901,139 538,3 669,12 694,August
CCG,03W,E38000051,NHS East Leicestershire and Rutland CCG,130 842,121 504,3 566,5 772,August
CCG,04C,E38000097,NHS Leicester City CCG,141 487,129 035,4 515,7 937,August
CCG,04F,E38000107,NHS Milton Keynes CCG,94 180,86 609,2 388,5 183,August
CCG,04V,E38000201,NHS West Leicestershire CCG,147 785,133 760,3 210,10 815,August
CCG,04Y,E38000028,NHS Cannock Chase CCG,43 632,40 435,1 263,1 934,August
CCG,05A,E38000038,NHS Coventry and Rugby CCG,155 626,143 963,6 730,4 933,August
CCG,05C,E38000046,NHS Dudley CCG,103 998,93 090,5 589,5 319,August
CCG,05D,E38000053,NHS East Staffordshire CCG,46 703,40 597,1 665,4 441,August
CCG,05G,E38000126,NHS North Staffordshire CCG,63 697,59 870,1 914,1 913,August
CCG,05H,E38000195,NHS Warwickshire North CCG,56 758,52 120,2 618,2 020,August
CCG,05L,E38000144,NHS Sandwell and West Birmingham CCG,187 814,168 749,9 153,9 912,August
CCG,05N,E38000147,NHS Shropshire CCG,116 213,109 280,3 222,3 711,August
CCG,05Q,E38000153,NHS South East Staffordshire and Seisdon Peninsula CCG,63 558,59 726,2 261,1 571,August
CCG,05R,E38000164,NHS South Warwickshire CCG,111 414,104 316,2 885,4 213,August
CCG,05V,E38000173,NHS Stafford and Surrounds CCG,50 200,46 675,1 757,1 768,August
CCG,05W,E38000175,NHS Stoke on Trent CCG,75 450,68 659,3 861,2 930,August
CCG,05X,E38000183,NHS Telford and Wrekin CCG,67 799,63 572,2 655,1 572,August
CCG,05Y,E38000191,NHS Walsall CCG,97 225,87 944,4 465,4 816,August
CCG,06A,E38000210,NHS Wolverhampton CCG,76 866,70 743,3 516,2 607,August
CCG,06F,E38000010,NHS Bedfordshire CCG,170 137,154 979,3 746,11 412,August
CCG,06H,E38000026,NHS Cambridgeshire and Peterborough CCG,350 675,322 805,9 500,18 370,August
CCG,06K,E38000049,NHS East and North Hertfordshire CCG,191 633,172 648,4 113,14 872,August
CCG,06L,E38000086,NHS Ipswich and East Suffolk CCG,156 456,142 628,3 029,10 799,August
CCG,06N,E38000079,NHS Herts Valley CCG,187 696,173 255,7 055,7 386,August
CCG,06P,E38000102,NHS Luton CCG,70 318,64 261,2 481,3 576,August
CCG,06Q,E38000106,NHS Mid Essex CCG,135 383,124 293,2 898,8 192,August
CCG,06T,E38000117,NHS North East Essex CCG,132 354,122 393,5 136,4 825,August
CCG,07G,E38000185,NHS Thurrock CCG,61 702,57 248,1 212,3 242,August
CCG,07H,E38000197,NHS West Essex CCG,100 074,93 316,2 211,4 547,August
CCG,07K,E38000204,NHS West Suffolk CCG,90 074,83 994,1 611,4 469,August
CCG,07L,E38000004,NHS Barking and Dagenham CCG,61 622,55 690,2 881,3 051,August
CCG,07P,E38000020,NHS Brent CCG,123 790,112 017,5 567,6 206,August
CCG,07T,E38000035,NHS City and Hackney CCG,104 699,95 960,5 423,3 316,August
CCG,07W,E38000048,NHS Ealing CCG,146 945,137 019,3 762,6 164,August
CCG,07Y,E38000084,NHS Hounslow CCG,99 523,90 833,2 831,5 859,August
CCG,08C,E38000070,NHS Hammersmith and Fulham CCG,71 204,66 347,1 787,3 070,August
CCG,08E,E38000074,NHS Harrow CCG,89 310,81 650,4 226,3 434,August
CCG,08F,E38000077,NHS Havering CCG,76 590,70 486,2 734,3 370,August
CCG,08G,E38000082,NHS Hillingdon CCG,90 532,84 273,3 622,2 637,August
CCG,08M,E38000113,NHS Newham CCG,109 927,100 613,6 024,3 290,August
CCG,08N,E38000138,NHS Redbridge CCG,87 946,80 425,3 102,4 419,August
CCG,08V,E38000186,NHS Tower Hamlets CCG,115 080,106 337,5 325,3 418,August
CCG,08W,E38000192,NHS Waltham Forest CCG,75 976,70 807,2 374,2 795,August
CCG,08Y,E38000202,NHS West London CCG,94 436,86 584,2 781,5 071,August
CCG,09A,E38000031,NHS Central London (Westminster) CCG,61 997,57 465,1 912,2 620,August
CCG,09D,E38000021,NHS Brighton and Hove CCG,103 193,94 667,2 797,5 729,August
CCG,10C,E38000178,NHS Surrey Heath CCG,33 797,32 299,954,544,August
CCG,10J,E38000120,NHS North Hampshire CCG,77 448,73 577,2 270,1 601,August
CCG,10K,E38000059,NHS Fareham and Gosport CCG,61 740,58 615,1 652,1 473,August
CCG,10L,E38000087,NHS Isle of Wight CCG,57 921,52 377,2 658,2 886,August
CCG,10Q,E38000136,NHS Oxfordshire CCG,261 027,245 840,7 840,7 347,August
CCG,10R,E38000137,NHS Portsmouth CCG,64 161,58 805,1 727,3 629,August
CCG,10V,E38000154,NHS South Eastern Hampshire CCG,74 113,67 183,3 232,3 698,August
CCG,10X,E38000167,NHS Southampton CCG,91 789,86 083,2 683,3 023,August
CCG,11A,E38000198,NHS West Hampshire CCG,186 930,175 049,4 674,7 207,August
CCG,11J,E38000045,NHS Dorset CCG,313 898,284 181,6 977,22 740,August
CCG,11M,E38000062,NHS Gloucestershire CCG,255 042,235 571,6 339,13 132,August
CCG,11N,E38000089,NHS Kernow CCG,275 576,250 478,10 488,14 610,August
CCG,11X,E38000150,NHS Somerset CCG,215 912,200 230,7 481,8 201,August
CCG,12F,E38000208,NHS Wirral CCG,137 594,124 546,5 249,7 799,August
CCG,13T,E38000212,NHS Newcastle Gateshead CCG,184 084,166 489,6 521,11 074,August
CCG,14L,E38000217,NHS Manchester CCG,180 871,164 224,9 924,6 723,August
CCG,14Y,E38000223,NHS Buckinghamshire CCG,180 938,170 104,5 162,5 672,August
CCG,15A,E38000221,NHS Berkshire West CCG,170 370,157 949,5 368,7 053,August
CCG,15C,E38000222,"NHS Bristol, North Somerset and South Gloucestershire CCG",338 744,316 562,12 688,9 494,August
CCG,15D,E38000224,NHS East Berkshire CCG,135 250,126 133,4 985,4 132,August
CCG,15E,E38000220,NHS Birmingham and Solihull CCG,422 968,384 868,18 251,19 849,August
CCG,15F,E38000225,NHS Leeds CCG,329 466,296 682,9 769,23 015,August
CCG,15M,E38000229,NHS Derby and Derbyshire CCG,413 247,370 023,9 787,33 437,August
CCG,15N,E38000230,NHS Devon CCG,533 835,487 680,15 821,30 334,August
CCG,16C,E38000247,NHS Tees Valley CCG,269 477,240 659,9 001,19 817,August
CCG,18C,E38000236,NHS Herefordshire CCG,293 793,277 523,9 535,6 735,August
CCG,26A,E38000239,NHS Norfolk and Waveney CCG,430 758,392 948,10 457,27 353,August
CCG,27D,E38000233,NHS Cheshire CCG,253 460,233 669,10 342,9 449,August
CCG,36J,E38000232,NHS Bradford District and Craven CCG,260 208,234 199,4 917,21 092,August
CCG,36L,E38000245,NHS South West London CCG,481 815,443 720,19 935,18 160,August
CCG,42D,E38000241,NHS North Yorkshire CCG,178 788,157 301,3 440,18 047,August
CCG,52R,E38000243,NHS Nottingham and Nottinghamshire CCG,399 056,357 365,12 374,29 317,August
CCG,70F,E38000248,NHS West Sussex CCG,311 261,284 506,6 526,20 229,August
CCG,71E,E38000238,NHS Lincolnshire CCG,267 435,242 613,8 040,16 782,August
CCG,72Q,E38000244,NHS South East London CCG,558 140,507 835,25 776,24 529,August
CCG,78H,E38000242,NHS Northamptonshire CCG,272 038,249 868,6 167,16 003,August
CCG,84H,E38000234,NHS County Durham CCG,247 065,224 043,5 764,17 258,August
CCG,91Q,E38000237,NHS Kent and Medway CCG,566 473,517 354,21 435,27 684,August
CCG,92A,E38000246,NHS Surrey Heartlands CCG,329 104,305 951,11 446,11 707,August
CCG,92G,E38000231,"NHS Bath and North East Somerset, Swindon and Wiltshire CCG",380 785,344 786,8 788,27 211,August
CCG,93C,E38000240,NHS North Central London CCG,434 886,403 208,17 384,14 294,August
CCG,97R,E38000235,NHS East Sussex CCG,208 611,190 443,7 267,10 901,August
CCG,99A,E38000101,NHS Liverpool CCG,184 280,168 965,8 200,7 115,August
CCG,99C,E38000127,NHS North Tyneside CCG,83 769,76 392,2 779,4 598,August
CCG,99E,E38000007,NHS Basildon and Brentwood CCG,85 357,77 092,1 317,6 948,August
CCG,99F,E38000030,NHS Castle Point and Rochford CCG,54 323,49 423,710,4 190,August
CCG,99G,E38000168,NHS Southend CCG,54 454,50 129,906,3 419,August
CCG,99M,E38000118,NHS North East Hampshire and Farnham CCG,76 658,72 860,2 077,1 721,August
