﻿;;;;;;;;;;
;;;;;;;;;;
;;;;;;;;;;
;;;;;;;;;;
;;;;;;;;;;
Return to Contents;;;;;;;;;;
_;;;;;;;;;;
Table 3a: Appointments by Status, at National, Regional, STP and CCG level, England, February 2021;;;;;;;;;;
;;;;Count of Open GP Practices1;Count of Included GP Practices;Count of Appointments;;"Count of Appointments by 
Appointment Status";;
Type;NHS Area Code;ONS Code;Name;;;Total;;Attended;DNA;Unknown2
Type;NHS Area Code;ONS Code;Name;Open Active Practices;Included Practices;Total;_;Attended;DNA;Unknown
National;ENG;ENG;England;6 643;6 531;23 538 474;;21 386 900;990 866;1 160 708
Region;Y56;E40000003;London;1 217;1 191;3 282 397;;3 008 430;137 608;136 359
Region;Y58;E40000006;South West;570;565;2 680 984;;2 424 695;116 365;139 924
Region;Y59;E40000005;South East;853;842;3 610 407;;3 238 591;165 752;206 064
Region;Y60;E40000008;Midlands;1 303;1 293;4 498 325;;4 056 514;212 832;228 979
Region;Y61;E40000007;East of England;676;664;2 716 954;;2 518 483;90 749;107 722
Region;Y62;E40000010;North West;1 003;970;2 788 683;;2 487 192;143 215;158 276
Region;Y63;E40000009;North East and Yorkshire;1 021;1 006;3 960 724;;3 652 995;124 345;183 384
STP;QE1;E54000048;Healthier Lancashire And South Cumbria  STP;203;201;676 165;;615 633;28 306;32 226
STP;QF7;E54000009;South Yorkshire And Bassetlaw  STP;187;186;647 472;;598 128;21 949;27 395
STP;QGH;E54000019;Herefordshire And Worcestershire  STP;81;81;365 382;;334 653;16 534;14 195
STP;QH8;E54000026;Mid And South Essex  STP;153;149;476 696;;430 933;13 547;32 216
STP;QHG;E54000024;Bedfordshire, Luton And Milton Keynes  STP;99;97;373 695;;352 792;11 043;9 860
STP;QHL;E54000017;Birmingham And Solihull  STP;163;159;542 288;;489 317;24 775;28 196
STP;QHM;E54000050;Cumbria And North East  STP;365;359;1 401 265;;1 268 058;52 122;81 085
STP;QJ2;E54000012;Joined Up Care Derbyshire  STP;112;112;453 114;;416 660;11 879;24 575
STP;QJG;E54000023;Suffolk And North East Essex  STP;96;94;450 042;;419 144;18 823;12 075
STP;QJK;E54000037;Devon  STP;123;121;654 461;;582 001;37 290;35 170
STP;QJM;E54000013;Lincolnshire  STP;85;85;311 599;;290 908;9 214;11 477
STP;QK1;E54000015;Leicester, Leicestershire And Rutland  STP;134;133;492 397;;457 361;14 915;20 121
STP;QKK;E54000030;Our Healthier South East London  STP;208;200;641 514;;576 193;32 437;32 884
STP;QKS;E54000032;Kent And Medway  STP;199;196;739 623;;641 230;41 698;56 695
STP;QM7;E54000025;Hertfordshire And West Essex  STP;137;135;550 520;;506 283;21 584;22 653
STP;QMF;E54000029;East London Health And Care Partnership  STP;280;276;726 466;;665 668;33 304;27 494
STP;QMJ;E54000028;North London Partners In Health And Care  STP;190;184;507 073;;471 213;18 978;16 882
STP;QMM;E54000022;Norfolk And Waveney Health And Care Partnership  STP;106;104;488 349;;452 853;15 803;19 693
STP;QNC;E54000010;Staffordshire And Stoke On Trent  STP;148;147;427 969;;371 722;26 006;30 241
STP;QNQ;E54000034;Frimley Health And Care Ics  STP;74;72;270 128;;253 573;8 858;7 697
STP;QNX;E54000053;Sussex And East Surrey Health And Care Partnership  STP;168;165;710 829;;646 465;27 856;36 508
STP;QOC;E54000011;Shropshire And Telford And Wrekin  STP;54;53;218 706;;194 233;7 938;16 535
STP;QOP;E54000007;Greater Manchester Health And Social Care Partnership  STP;441;414;1 030 100;;911 416;58 164;60 520
STP;QOQ;E54000051;Humber, Coast And Vale  STP;182;180;746 883;;697 873;20 735;28 275
STP;QOX;E54000040;Bath And North East Somerset, Swindon And Wiltshire  STP;93;92;439 440;;410 133;12 389;16 918
STP;QPM;E54000020;Northamptonshire  STP;70;69;299 813;;285 417;6 595;7 801
STP;QR1;E54000043;Gloucestershire  STP;73;72;280 035;;263 223;6 775;10 037
STP;QRL;E54000042;Hampshire And The Isle Of Wight  STP;148;147;754 393;;694 454;26 801;33 138
STP;QRV;E54000027;North West London Health And Care Partnership  STP;356;351;829 102;;769 511;27 015;32 576
STP;QSL;E54000038;Somerset  STP;65;65;262 521;;225 205;21 502;15 814
STP;QT1;E54000014;Nottingham And Nottinghamshire Health And Care  STP;127;126;436 409;;409 925;13 386;13 098
STP;QT6;E54000036;Cornwall And The Isles Of Scilly Health And Social Care Partnership  STP;59;59;298 839;;259 966;14 127;24 746
STP;QU9;E54000044;Buckinghamshire, Oxfordshire And Berkshire West  STP;160;159;756 343;;652 723;47 634;55 986
STP;QUA;E54000016;The Black Country And West Birmingham  STP;207;206;573 256;;466 933;58 652;47 671
STP;QUE;E54000021;Cambridgeshire And Peterborough  STP;85;85;377 652;;356 478;9 949;11 225
STP;QUY;E54000039;Bristol, North Somerset And South Gloucestershire  STP;78;77;396 563;;360 373;16 578;19 612
STP;QVV;E54000041;Dorset  STP;79;79;349 125;;323 794;7 704;17 627
STP;QWE;E54000031;South West London Health And Care Partnership  STP;183;180;578 242;;525 845;25 874;26 523
STP;QWO;E54000054;West Yorkshire And Harrogate (Health And Care Partnership)  STP;287;281;1 165 104;;1 088 936;29 539;46 629
STP;QWU;E54000018;Coventry And Warwickshire  STP;122;122;377 392;;339 385;22 938;15 069
STP;QXU;E54000052;Surrey Heartlands Health And Care Partnership  STP;104;103;379 091;;350 146;12 905;16 040
STP;QYG;E54000008;Cheshire And Merseyside  STP;359;355;1 082 418;;960 143;56 745;65 530
CCG;00L;E38000130;NHS Northumberland CCG;38;37;148 539;;139 081;3 040;6 418
CCG;00N;E38000163;NHS South Tyneside CCG;21;21;53 214;;49 698;1 689;1 827
CCG;00P;E38000176;NHS Sunderland CCG;39;38;106 343;;98 674;4 803;2 866
CCG;00Q;E38000014;NHS Blackburn with Darwen CCG;23;23;69 360;;64 625;2 586;2 149
CCG;00R;E38000015;NHS Blackpool CCG;18;17;73 554;;67 695;2 708;3 151
CCG;00T;E38000016;NHS Bolton CCG;49;49;133 211;;111 053;14 276;7 882
CCG;00V;E38000024;NHS Bury CCG;26;14;30 063;;22 379;2 374;5 310
CCG;00X;E38000034;NHS Chorley and South Ribble CCG;26;26;63 261;;58 471;2 106;2 684
CCG;00Y;E38000135;NHS Oldham CCG;41;40;91 322;;81 834;3 749;5 739
CCG;01A;E38000050;NHS East Lancashire CCG;48;48;132 757;;122 269;4 709;5 779
CCG;01D;E38000080;NHS Heywood, Middleton and Rochdale CCG;41;36;82 516;;76 430;3 510;2 576
CCG;01E;E38000227;NHS Greater Preston CCG;22;22;77 092;;68 571;2 840;5 681
CCG;01F;E38000068;NHS Halton CCG;14;14;52 382;;46 434;2 511;3 437
CCG;01G;E38000143;NHS Salford CCG;38;34;95 282;;83 958;5 076;6 248
CCG;01H;E38000215;NHS North Cumbria CCG;39;38;162 205;;141 308;5 813;15 084
CCG;01J;E38000091;NHS Knowsley CCG;25;25;66 879;;57 681;6 785;2 413
CCG;01K;E38000228;NHS Morecambe Bay CCG;32;32;127 447;;119 156;4 107;4 184
CCG;01T;E38000161;NHS South Sefton CCG;31;30;46 897;;43 785;1 518;1 594
CCG;01V;E38000170;NHS Southport and Formby CCG;17;17;47 016;;44 132;1 218;1 666
CCG;01W;E38000174;NHS Stockport CCG;36;36;124 583;;113 117;4 603;6 863
CCG;01X;E38000172;NHS St Helens CCG;33;32;59 622;;54 477;2 315;2 830
CCG;01Y;E38000182;NHS Tameside and Glossop CCG;37;37;95 268;;85 354;4 864;5 050
CCG;02A;E38000187;NHS Trafford CCG;29;28;59 006;;51 396;3 109;4 501
CCG;02E;E38000194;NHS Warrington CCG;26;26;88 130;;81 252;1 710;5 168
CCG;02G;E38000200;NHS West Lancashire CCG;15;15;44 014;;39 712;2 275;2 027
CCG;02H;E38000205;NHS Wigan Borough CCG;59;56;89 391;;78 258;3 860;7 273
CCG;02M;E38000226;NHS Fylde and Wyre CCG;19;18;88 680;;75 134;6 975;6 571
CCG;02P;E38000006;NHS Barnsley CCG;32;32;109 574;;100 861;3 487;5 226
CCG;02Q;E38000008;NHS Bassetlaw CCG;9;9;48 576;;46 084;1 439;1 053
CCG;02T;E38000025;NHS Calderdale CCG;22;21;87 618;;82 011;2 181;3 426
CCG;02X;E38000044;NHS Doncaster CCG;39;39;119 300;;110 615;4 579;4 106
CCG;02Y;E38000052;NHS East Riding of Yorkshire CCG;29;29;130 949;;120 447;5 129;5 373
CCG;03A;E38000064;NHS Greater Huddersfield CCG;37;37;97 585;;91 884;2 519;3 182
CCG;03F;E38000085;NHS Hull CCG;32;32;105 572;;97 598;4 702;3 272
CCG;03H;E38000119;NHS North East Lincolnshire CCG;25;24;78 565;;73 483;1 756;3 326
CCG;03J;E38000121;NHS North Kirklees CCG;28;27;83 763;;78 813;2 219;2 731
CCG;03K;E38000122;NHS North Lincolnshire CCG;19;19;94 101;;88 673;1 623;3 805
CCG;03L;E38000141;NHS Rotherham CCG;29;29;114 223;;106 550;3 360;4 313
CCG;03N;E38000146;NHS Sheffield CCG;78;77;255 799;;234 018;9 084;12 697
CCG;03Q;E38000188;NHS Vale of York CCG;26;25;136 787;;128 661;3 157;4 969
CCG;03R;E38000190;NHS Wakefield CCG;36;34;167 569;;158 739;3 730;5 100
CCG;03W;E38000051;NHS East Leicestershire and Rutland CCG;31;30;150 375;;139 944;4 341;6 090
CCG;04C;E38000097;NHS Leicester City CCG;57;57;169 467;;157 919;5 592;5 956
CCG;04F;E38000107;NHS Milton Keynes CCG;26;25;104 733;;99 056;3 440;2 237
CCG;04V;E38000201;NHS West Leicestershire CCG;46;46;172 555;;159 498;4 982;8 075
CCG;04Y;E38000028;NHS Cannock Chase CCG;23;22;50 462;;45 578;2 216;2 668
CCG;05A;E38000038;NHS Coventry and Rugby CCG;65;65;176 739;;159 321;11 174;6 244
CCG;05C;E38000046;NHS Dudley CCG;43;43;138 804;;103 489;13 768;21 547
CCG;05D;E38000053;NHS East Staffordshire CCG;18;18;56 902;;45 076;3 256;8 570
CCG;05G;E38000126;NHS North Staffordshire CCG;30;30;85 604;;75 724;4 405;5 475
CCG;05H;E38000195;NHS Warwickshire North CCG;25;25;77 848;;66 010;8 550;3 288
CCG;05L;E38000144;NHS Sandwell and West Birmingham CCG;75;74;207 519;;185 332;11 977;10 210
CCG;05N;E38000147;NHS Shropshire CCG;41;40;143 617;;123 187;5 674;14 756
CCG;05Q;E38000153;NHS South East Staffordshire and Seisdon Peninsula CCG;24;24;76 265;;67 499;2 980;5 786
CCG;05R;E38000164;NHS South Warwickshire CCG;32;32;122 805;;114 054;3 214;5 537
CCG;05V;E38000173;NHS Stafford and Surrounds CCG;14;14;58 231;;53 334;1 739;3 158
CCG;05W;E38000175;NHS Stoke on Trent CCG;39;39;100 505;;84 511;11 410;4 584
CCG;05X;E38000183;NHS Telford and Wrekin CCG;13;13;75 089;;71 046;2 264;1 779
CCG;05Y;E38000191;NHS Walsall CCG;52;52;138 308;;100 499;28 922;8 887
CCG;06A;E38000210;NHS Wolverhampton CCG;37;37;88 625;;77 613;3 985;7 027
CCG;06F;E38000010;NHS Bedfordshire CCG;47;46;187 938;;178 582;4 754;4 602
CCG;06H;E38000026;NHS Cambridgeshire and Peterborough CCG;85;85;377 652;;356 478;9 949;11 225
CCG;06K;E38000049;NHS East and North Hertfordshire CCG;52;50;220 501;;201 847;8 268;10 386
CCG;06L;E38000086;NHS Ipswich and East Suffolk CCG;39;38;188 701;;179 903;3 451;5 347
CCG;06N;E38000079;NHS Herts Valley CCG;55;55;220 784;;203 532;8 366;8 886
CCG;06P;E38000102;NHS Luton CCG;26;26;81 024;;75 154;2 849;3 021
CCG;06Q;E38000106;NHS Mid Essex CCG;42;39;159 650;;137 251;7 585;14 814
CCG;06T;E38000117;NHS North East Essex CCG;33;32;148 204;;136 339;7 745;4 120
CCG;07G;E38000185;NHS Thurrock CCG;27;27;79 700;;73 839;1 637;4 224
CCG;07H;E38000197;NHS West Essex CCG;30;30;109 235;;100 904;4 950;3 381
CCG;07K;E38000204;NHS West Suffolk CCG;24;24;113 137;;102 902;7 627;2 608
CCG;07L;E38000004;NHS Barking and Dagenham CCG;33;33;67 457;;60 793;3 210;3 454
CCG;07P;E38000020;NHS Brent CCG;51;51;132 988;;117 775;5 724;9 489
CCG;07T;E38000035;NHS City and Hackney CCG;40;40;119 767;;110 086;6 091;3 590
CCG;07W;E38000048;NHS Ealing CCG;76;73;150 642;;143 953;3 747;2 942
CCG;07Y;E38000084;NHS Hounslow CCG;46;46;99 371;;93 661;3 037;2 673
CCG;08C;E38000070;NHS Hammersmith and Fulham CCG;30;28;80 709;;75 202;1 803;3 704
CCG;08E;E38000074;NHS Harrow CCG;33;33;93 124;;84 388;3 748;4 988
CCG;08F;E38000077;NHS Havering CCG;41;41;83 198;;75 376;3 452;4 370
CCG;08G;E38000082;NHS Hillingdon CCG;45;45;101 529;;95 238;3 622;2 669
CCG;08M;E38000113;NHS Newham CCG;49;46;125 648;;115 436;6 522;3 690
CCG;08N;E38000138;NHS Redbridge CCG;42;42;109 607;;99 447;4 854;5 306
CCG;08V;E38000186;NHS Tower Hamlets CCG;36;35;131 717;;120 778;6 480;4 459
CCG;08W;E38000192;NHS Waltham Forest CCG;39;39;89 072;;83 752;2 695;2 625
CCG;08Y;E38000202;NHS West London CCG;41;41;100 696;;93 407;3 060;4 229
CCG;09A;E38000031;NHS Central London (Westminster) CCG;34;34;70 043;;65 887;2 274;1 882
CCG;09D;E38000021;NHS Brighton and Hove CCG;34;34;110 667;;104 424;2 657;3 586
CCG;10C;E38000178;NHS Surrey Heath CCG;7;7;35 110;;33 618;868;624
CCG;10J;E38000120;NHS North Hampshire CCG;15;15;87 615;;82 918;2 606;2 091
CCG;10K;E38000059;NHS Fareham and Gosport CCG;16;16;85 451;;76 068;3 554;5 829
CCG;10L;E38000087;NHS Isle of Wight CCG;12;12;79 644;;73 263;3 823;2 558
CCG;10Q;E38000136;NHS Oxfordshire CCG;67;67;335 401;;284 997;26 815;23 589
CCG;10R;E38000137;NHS Portsmouth CCG;13;13;79 771;;73 796;2 165;3 810
CCG;10V;E38000154;NHS South Eastern Hampshire CCG;20;20;81 944;;75 055;3 124;3 765
CCG;10X;E38000167;NHS Southampton CCG;26;26;110 553;;104 993;3 204;2 356
CCG;11A;E38000198;NHS West Hampshire CCG;46;45;229 415;;208 361;8 325;12 729
CCG;11J;E38000045;NHS Dorset CCG;79;79;349 125;;323 794;7 704;17 627
CCG;11M;E38000062;NHS Gloucestershire CCG;73;72;280 035;;263 223;6 775;10 037
CCG;11N;E38000089;NHS Kernow CCG;59;59;298 839;;259 966;14 127;24 746
CCG;11X;E38000150;NHS Somerset CCG;65;65;262 521;;225 205;21 502;15 814
CCG;12F;E38000208;NHS Wirral CCG;47;47;178 145;;157 414;11 682;9 049
CCG;13T;E38000212;NHS Newcastle Gateshead CCG;60;60;222 602;;190 029;9 983;22 590
CCG;14L;E38000217;NHS Manchester CCG;85;84;229 458;;207 637;12 743;9 078
CCG;14Y;E38000223;NHS Buckinghamshire CCG;48;48;202 666;;178 923;7 817;15 926
CCG;15A;E38000221;NHS Berkshire West CCG;45;44;218 276;;188 803;13 002;16 471
CCG;15C;E38000222;NHS Bristol, North Somerset and South Gloucestershire CCG;78;77;396 563;;360 373;16 578;19 612
CCG;15D;E38000224;NHS East Berkshire CCG;47;45;152 915;;142 569;5 607;4 739
CCG;15E;E38000220;NHS Birmingham and Solihull CCG;163;159;542 288;;489 317;24 775;28 196
CCG;15F;E38000225;NHS Leeds CCG;93;93;389 267;;360 238;11 652;17 377
CCG;15M;E38000229;NHS Derby and Derbyshire CCG;112;112;453 114;;416 660;11 879;24 575
CCG;15N;E38000230;NHS Devon CCG;123;121;654 461;;582 001;37 290;35 170
CCG;16C;E38000247;NHS Tees Valley CCG;81;79;335 530;;297 493;17 178;20 859
CCG;18C;E38000236;NHS Herefordshire CCG;81;81;365 382;;334 653;16 534;14 195
CCG;26A;E38000239;NHS Norfolk and Waveney CCG;106;104;488 349;;452 853;15 803;19 693
CCG;27D;E38000233;NHS Cheshire CCG;79;79;331 312;;280 822;19 479;31 011
CCG;36J;E38000232;NHS Bradford District and Craven CCG;71;69;339 302;;317 251;7 238;14 813
CCG;36L;E38000245;NHS South West London CCG;183;180;578 242;;525 845;25 874;26 523
CCG;42D;E38000241;NHS North Yorkshire CCG;51;51;200 909;;189 011;4 368;7 530
CCG;52R;E38000243;NHS Nottingham and Nottinghamshire CCG;127;126;436 409;;409 925;13 386;13 098
CCG;70F;E38000248;NHS West Sussex CCG;78;77;356 740;;331 892;6 905;17 943
CCG;71E;E38000238;NHS Lincolnshire CCG;85;85;311 599;;290 908;9 214;11 477
CCG;72Q;E38000244;NHS South East London CCG;208;200;641 514;;576 193;32 437;32 884
CCG;78H;E38000242;NHS Northamptonshire CCG;70;69;299 813;;285 417;6 595;7 801
CCG;84H;E38000234;NHS County Durham CCG;61;61;286 408;;270 573;6 949;8 886
CCG;91Q;E38000237;NHS Kent and Medway CCG;199;196;739 623;;641 230;41 698;56 695
CCG;92A;E38000246;NHS Surrey Heartlands CCG;104;103;379 091;;350 146;12 905;16 040
CCG;92G;E38000231;NHS Bath and North East Somerset, Swindon and Wiltshire CCG;93;92;439 440;;410 133;12 389;16 918
CCG;93C;E38000240;NHS North Central London CCG;190;184;507 073;;471 213;18 978;16 882
CCG;97R;E38000235;NHS East Sussex CCG;56;54;243 422;;210 149;18 294;14 979
CCG;99A;E38000101;NHS Liverpool CCG;87;85;212 035;;194 146;9 527;8 362
CCG;99C;E38000127;NHS North Tyneside CCG;26;25;86 424;;81 202;2 667;2 555
CCG;99E;E38000007;NHS Basildon and Brentwood CCG;35;35;97 658;;89 104;1 405;7 149
CCG;99F;E38000030;NHS Castle Point and Rochford CCG;23;23;68 095;;63 096;1 247;3 752
CCG;99G;E38000168;NHS Southend CCG;26;25;71 593;;67 643;1 673;2 277
CCG;99M;E38000118;NHS North East Hampshire and Farnham CCG;20;20;82 103;;77 386;2 383;2 334
;;;;;;;;;;
;;;;;;;;;;
;;;;;;;;;;
Notes:;;;;;;;;;;
1;CCGs are only included if there is data for more than one practice within the CCG, therefore the total count of open GP practices by CCG may not equal the national total.;;;;;;;;;
2;"At the time of the appointment a ‘Booked’ status will usually be changed to either ‘Attended’ or ‘DNA’. In some cases (4-7% of monthly appointments), the final status of an appointment remains as ‘Booked’. It is not known from the data whether these appointments were actually attended or not. From a sample audit these were found to be consultations where the status has not been updated to say if patients had attended or not. 
For this reason, these appointments are reported as ""Unknown"" status.";;;;;;;;;
_;See 'Coronavirus Impact' tab for further information.;;;;;;;;;
Copyright © 2021 Health and Social Care Information Centre. The Health and Social Care Information Centre is a non-departmental body created by statute, also known as NHS Digital.;;;;;;;;;;
;;;;;;;;;;
;;;;;;;;;;
;;;;;;;;;;
;;;;;;;;;;
;;;;;;;;;;
;;;;;;;;;;
;;;;;;;;;;
;;;;;;;;;;
;;;;;;;;;;
;;;;;;;;;;
;;;;;;;;;;
;;;;;;;;;;
;;;;;;;;;;
;;;;;;;;;;
;;;;;;;;;;
;;;;;;;;;;
;;;;;;;;;;
;;;;;;;;;;
;;;;;;;;;;
;;;;;;;;;;
;;;;;;;;;;
;;;;;;;;;;
;;;;;;;;;;
;;;;;;;;;;
;;;;;;;;;;
;;;;;;;;;;
;;;;;;;;;;
;;;;;;;;;;
;;;;;;;;;;
;;;;;;;;;;
;;;;;;;;;;
;;;;;;;;;;
;;;;;;;;;;
;;;;;;;;;;
;;;;;;;;;;
;;;;;;;;;;
;;;;;;;;;;
;;;;;;;;;;
;;;;;;;;;;
;;;;;;;;;;
;;;;;;;;;;
;;;;;;;;;;
;;;;;;;;;;
;;;;;;;;;;
;;;;;;;;;;
;;;;;;;;;;
;;;;;;;;;;
;;;;;;;;;;
;;;;;;;;;;
;;;;;;;;;;
;;;;;;;;;;
;;;;;;;;;;
;;;;;;;;;;
;;;;;;;;;;
;;;;;;;;;;
;;;;;;;;;;
;;;;;;;;;;
;;;;;;;;;;
;;;;;;;;;;
;;;;;;;;;;
;;;;;;;;;;
;;;;;;;;;;
;;;;;;;;;;
;;;;;;;;;;
;;;;;;;;;;
;;;;;;;;;;
;;;;;;;;;;
;;;;;;;;;;
;;;;;;;;;;
;;;;;;;;;;
;;;;;;;;;;
;;;;;;;;;;
;;;;;;;;;;
;;;;;;;;;;
;;;;;;;;;;
;;;;;;;;;;
;;;;;;;;;;
;;;;;;;;;;
;;;;;;;;;;
;;;;;;;;;;
;;;;;;;;;;
;;;;;;;;;;
;;;;;;;;;;
;;;;;;;;;;
;;;;;;;;;;
;;;;;;;;;;
;;;;;;;;;;
;;;;;;;;;;
;;;;;;;;;;
;;;;;;;;;;
;;;;;;;;;;
;;;;;;;;;;
;;;;;;;;;;
;;;;;;;;;;
;;;;;;;;;;
;;;;;;;;;;
;;;;;;;;;;
;;;;;;;;;;
;;;;;;;;;;
;;;;;;;;;;
;;;;;;;;;;
;;;;;;;;;;
;;;;;;;;;;
;;;;;;;;;;
;;;;;;;;;;
;;;;;;;;;;
;;;;;;;;;;
;;;;;;;;;;
;;;;;;;;;;
;;;;;;;;;;
;;;;;;;;;;
;;;;;;;;;;
;;;;;;;;;;
;;;;;;;;;;
;;;;;;;;;;
;;;;;;;;;;
;;;;;;;;;;
;;;;;;;;;;
;;;;;;;;;;
;;;;;;;;;;
;;;;;;;;;;
;;;;;;;;;;
;;;;;;;;;;
;;;;;;;;;;
;;;;;;;;;;
;;;;;;;;;;
;;;;;;;;;;
;;;;;;;;;;
;;;;;;;;;;
;;;;;;;;;;
;;;;;;;;;;
;;;;;;;;;;
;;;;;;;;;;
;;;;;;;;;;
;;;;;;;;;;
;;;;;;;;;;
;;;;;;;;;;
;;;;;;;;;;
;;;;;;;;;;
;;;;;;;;;;
;;;;;;;;;;
;;;;;;;;;;
;;;;;;;;;;
;;;;;;;;;;
;;;;;;;;;;
;;;;;;;;;;
;;;;;;;;;;
;;;;;;;;;;
;;;;;;;;;;
;;;;;;;;;;
;;;;;;;;;;
;;;;;;;;;;
;;;;;;;;;;
;;;;;;;;;;
;;;;;;;;;;
;;;;;;;;;;
;;;;;;;;;;
;;;;;;;;;;
;;;;;;;;;;
;;;;;;;;;;
;;;;;;;;;;
;;;;;;;;;;
;;;;;;;;;;
;;;;;;;;;;
;;;;;;;;;;
;;;;;;;;;;
;;;;;;;;;;
;;;;;;;;;;
;;;;;;;;;;
;;;;;;;;;;
;;;;;;;;;;
;;;;;;;;;;
;;;;;;;;;;
;;;;;;;;;;
;;;;;;;;;;
;;;;;;;;;;
;;;;;;;;;;
;;;;;;;;;;
;;;;;;;;;;
;;;;;;;;;;
;;;;;;;;;;
;;;;;;;;;;
;;;;;;;;;;
;;;;;;;;;;
;;;;;;;;;;
;;;;;;;;;;
;;;;;;;;;;
;;;;;;;;;;
;;;;;;;;;;
;;;;;;;;;;
;;;;;;;;;;
;;;;;;;;;;
;;;;;;;;;;
;;;;;;;;;;
;;;;;;;;;;
;;;;;;;;;;
;;;;;;;;;;
;;;;;;;;;;
;;;;;;;;;;
;;;;;;;;;;
;;;;;;;;;;
;;;;;;;;;;
;;;;;;;;;;
;;;;;;;;;;
;;;;;;;;;;
;;;;;;;;;;
;;;;;;;;;;
;;;;;;;;;;
;;;;;;;;;;
;;;;;;;;;;
;;;;;;;;;;
;;;;;;;;;;
;;;;;;;;;;
;;;;;;;;;;
;;;;;;;;;;
;;;;;;;;;;
;;;;;;;;;;
;;;;;;;;;;
;;;;;;;;;;
;;;;;;;;;;
;;;;;;;;;;
;;;;;;;;;;
;;;;;;;;;;
;;;;;;;;;;
;;;;;;;;;;
;;;;;;;;;;
;;;;;;;;;;
;;;;;;;;;;
;;;;;;;;;;
;;;;;;;;;;
;;;;;;;;;;
;;;;;;;;;;
;;;;;;;;;;
;;;;;;;;;;
;;;;;;;;;;
;;;;;;;;;;
;;;;;;;;;;
;;;;;;;;;;
;;;;;;;;;;
;;;;;;;;;;
;;;;;;;;;;
;;;;;;;;;;
;;;;;;;;;;
;;;;;;;;;;
;;;;;;;;;;
;;;;;;;;;;
;;;;;;;;;;
;;;;;;;;;;
;;;;;;;;;;
;;;;;;;;;;
;;;;;;;;;;
;;;;;;;;;;
;;;;;;;;;;
;;;;;;;;;;
;;;;;;;;;;
;;;;;;;;;;
;;;;;;;;;;
;;;;;;;;;;
;;;;;;;;;;
;;;;;;;;;;
;;;;;;;;;;
;;;;;;;;;;
;;;;;;;;;;
;;;;;;;;;;
;;;;;;;;;;
;;;;;;;;;;
;;;;;;;;;;
;;;;;;;;;;
;;;;;;;;;;
;;;;;;;;;;
;;;;;;;;;;
;;;;;;;;;;
;;;;;;;;;;
;;;;;;;;;;
;;;;;;;;;;
;;;;;;;;;;
;;;;;;;;;;
;;;;;;;;;;
;;;;;;;;;;
;;;;;;;;;;
;;;;;;;;;;
;;;;;;;;;;
;;;;;;;;;;
;;;;;;;;;;
;;;;;;;;;;
;;;;;;;;;;
;;;;;;;;;;
;;;;;;;;;;
;;;;;;;;;;
;;;;;;;;;;
;;;;;;;;;;
;;;;;;;;;;
;;;;;;;;;;
;;;;;;;;;;
;;;;;;;;;;
;;;;;;;;;;
;;;;;;;;;;
;;;;;;;;;;
;;;;;;;;;;
;;;;;;;;;;
;;;;;;;;;;
;;;;;;;;;;
;;;;;;;;;;
;;;;;;;;;;
;;;;;;;;;;
;;;;;;;;;;
;;;;;;;;;;
;;;;;;;;;;
;;;;;;;;;;
;;;;;;;;;;
;;;;;;;;;;
;;;;;;;;;;
;;;;;;;;;;
;;;;;;;;;;
;;;;;;;;;;
;;;;;;;;;;
;;;;;;;;;;
;;;;;;;;;;
;;;;;;;;;;
;;;;;;;;;;
;;;;;;;;;;
;;;;;;;;;;
;;;;;;;;;;
;;;;;;;;;;
;;;;;;;;;;
;;;;;;;;;;
;;;;;;;;;;
;;;;;;;;;;
;;;;;;;;;;
;;;;;;;;;;
;;;;;;;;;;
;;;;;;;;;;
;;;;;;;;;;
;;;;;;;;;;
;;;;;;;;;;
;;;;;;;;;;
;;;;;;;;;;
;;;;;;;;;;
;;;;;;;;;;
;;;;;;;;;;
;;;;;;;;;;
;;;;;;;;;;
;;;;;;;;;;
;;;;;;;;;;
;;;;;;;;;;
;;;;;;;;;;
;;;;;;;;;;
;;;;;;;;;;
;;;;;;;;;;
;;;;;;;;;;
;;;;;;;;;;
;;;;;;;;;;
;;;;;;;;;;
;;;;;;;;;;
;;;;;;;;;;
;;;;;;;;;;
;;;;;;;;;;
;;;;;;;;;;
;;;;;;;;;;
;;;;;;;;;;
;;;;;;;;;;
;;;;;;;;;;
;;;;;;;;;;
;;;;;;;;;;
;;;;;;;;;;
;;;;;;;;;;
;;;;;;;;;;
;;;;;;;;;;
;;;;;;;;;;
;;;;;;;;;;
;;;;;;;;;;
;;;;;;;;;;
;;;;;;;;;;
;;;;;;;;;;
;;;;;;;;;;
;;;;;;;;;;
;;;;;;;;;;
;;;;;;;;;;
;;;;;;;;;;
;;;;;;;;;;
;;;;;;;;;;
;;;;;;;;;;
;;;;;;;;;;
;;;;;;;;;;
;;;;;;;;;;
;;;;;;;;;;
;;;;;;;;;;
;;;;;;;;;;
;;;;;;;;;;
;;;;;;;;;;
;;;;;;;;;;
;;;;;;;;;;
;;;;;;;;;;
;;;;;;;;;;
;;;;;;;;;;
;;;;;;;;;;
;;;;;;;;;;
;;;;;;;;;;
;;;;;;;;;;
;;;;;;;;;;
;;;;;;;;;;
;;;;;;;;;;
;;;;;;;;;;
;;;;;;;;;;
;;;;;;;;;;
;;;;;;;;;;
;;;;;;;;;;
;;;;;;;;;;
;;;;;;;;;;
;;;;;;;;;;
;;;;;;;;;;
;;;;;;;;;;
;;;;;;;;;;
;;;;;;;;;;
;;;;;;;;;;
;;;;;;;;;;
;;;;;;;;;;
;;;;;;;;;;
;;;;;;;;;;
;;;;;;;;;;
;;;;;;;;;;
;;;;;;;;;;
;;;;;;;;;;
;;;;;;;;;;
;;;;;;;;;;
;;;;;;;;;;
;;;;;;;;;;
;;;;;;;;;;
;;;;;;;;;;
;;;;;;;;;;
;;;;;;;;;;
;;;;;;;;;;
;;;;;;;;;;
;;;;;;;;;;
;;;;;;;;;;
;;;;;;;;;;
;;;;;;;;;;
;;;;;;;;;;
;;;;;;;;;;
;;;;;;;;;;
;;;;;;;;;;
;;;;;;;;;;
;;;;;;;;;;
;;;;;;;;;;
;;;;;;;;;;
;;;;;;;;;;
;;;;;;;;;;
;;;;;;;;;;
;;;;;;;;;;
;;;;;;;;;;
;;;;;;;;;;
;;;;;;;;;;
;;;;;;;;;;
;;;;;;;;;;
;;;;;;;;;;
;;;;;;;;;;
;;;;;;;;;;
;;;;;;;;;;
;;;;;;;;;;
;;;;;;;;;;
;;;;;;;;;;
;;;;;;;;;;
;;;;;;;;;;
;;;;;;;;;;
;;;;;;;;;;
;;;;;;;;;;
;;;;;;;;;;
;;;;;;;;;;
;;;;;;;;;;
;;;;;;;;;;
;;;;;;;;;;
;;;;;;;;;;
;;;;;;;;;;
;;;;;;;;;;
;;;;;;;;;;
;;;;;;;;;;
;;;;;;;;;;
;;;;;;;;;;
;;;;;;;;;;
;;;;;;;;;;
;;;;;;;;;;
;;;;;;;;;;
;;;;;;;;;;
;;;;;;;;;;
;;;;;;;;;;
;;;;;;;;;;
;;;;;;;;;;
;;;;;;;;;;
;;;;;;;;;;
;;;;;;;;;;
;;;;;;;;;;
;;;;;;;;;;
;;;;;;;;;;
;;;;;;;;;;
;;;;;;;;;;
;;;;;;;;;;
;;;;;;;;;;
;;;;;;;;;;
;;;;;;;;;;
;;;;;;;;;;
;;;;;;;;;;
;;;;;;;;;;
;;;;;;;;;;
;;;;;;;;;;
;;;;;;;;;;
;;;;;;;;;;
;;;;;;;;;;
;;;;;;;;;;
;;;;;;;;;;
;;;;;;;;;;
;;;;;;;;;;
;;;;;;;;;;
;;;;;;;;;;
;;;;;;;;;;
;;;;;;;;;;
;;;;;;;;;;
;;;;;;;;;;
;;;;;;;;;;
;;;;;;;;;;
;;;;;;;;;;
;;;;;;;;;;
;;;;;;;;;;
;;;;;;;;;;
;;;;;;;;;;
;;;;;;;;;;
;;;;;;;;;;
;;;;;;;;;;
;;;;;;;;;;
;;;;;;;;;;
;;;;;;;;;;
;;;;;;;;;;
;;;;;;;;;;
;;;;;;;;;;
;;;;;;;;;;
;;;;;;;;;;
;;;;;;;;;;
;;;;;;;;;;
;;;;;;;;;;
;;;;;;;;;;
;;;;;;;;;;
;;;;;;;;;;
;;;;;;;;;;
;;;;;;;;;;
;;;;;;;;;;
;;;;;;;;;;
;;;;;;;;;;
;;;;;;;;;;
;;;;;;;;;;
;;;;;;;;;;
;;;;;;;;;;
;;;;;;;;;;
;;;;;;;;;;
;;;;;;;;;;
;;;;;;;;;;
;;;;;;;;;;
;;;;;;;;;;
;;;;;;;;;;
;;;;;;;;;;
;;;;;;;;;;
;;;;;;;;;;
;;;;;;;;;;
;;;;;;;;;;
;;;;;;;;;;
;;;;;;;;;;
;;;;;;;;;;
;;;;;;;;;;