﻿;;;;;;;;;;
;;;;;;;;;;
;;;;;;;;;;
;;;;;;;;;;
;;;;;;;;;;
Return to Contents;;;;;;;;;;
_;;;;;;;;;;
Table 3a: Appointments by Status, at National, Regional, STP and CCG level, England, January 2021;;;;;;;;;;
;;;;Count of Open GP Practices1;Count of Included GP Practices;Count of Appointments;;"Count of Appointments by 
Appointment Status";;
Type;NHS Area Code;ONS Code;Name;;;Total;;Attended;DNA;Unknown2
Type;NHS Area Code;ONS Code;Name;Open Active Practices;Included Practices;Total;_;Attended;DNA;Unknown
National;ENG;ENG;England;6 665;6 533;23 776 396;;21 229 244;1 165 303;1 381 849
Region;Y56;E40000003;London;1 232;1 193;3 222 701;;2 919 349;154 238;149 114
Region;Y58;E40000006;South West;570;565;2 811 229;;2 454 606;157 652;198 971
Region;Y59;E40000005;South East;856;839;3 663 755;;3 222 738;194 452;246 565
Region;Y60;E40000008;Midlands;1 304;1 293;4 536 059;;4 018 688;240 800;276 571
Region;Y61;E40000007;East of England;678;664;2 761 635;;2 527 251;114 659;119 725
Region;Y62;E40000010;North West;1 003;969;2 813 354;;2 471 433;155 737;186 184
Region;Y63;E40000009;North East and Yorkshire;1 022;1 010;3 967 663;;3 615 179;147 765;204 719
STP;QE1;E54000048;Healthier Lancashire And South Cumbria  STP;203;202;697 037;;613 820;35 092;48 125
STP;QF7;E54000009;South Yorkshire And Bassetlaw  STP;187;187;664 561;;605 328;26 024;33 209
STP;QGH;E54000019;Herefordshire And Worcestershire  STP;81;81;379 729;;327 656;21 645;30 428
STP;QH8;E54000026;Mid And South Essex  STP;154;149;485 300;;432 359;21 199;31 742
STP;QHG;E54000024;Bedfordshire, Luton And Milton Keynes  STP;99;97;379 267;;353 350;13 481;12 436
STP;QHL;E54000017;Birmingham And Solihull  STP;163;159;541 703;;475 557;29 364;36 782
STP;QHM;E54000050;Cumbria And North East  STP;366;362;1 403 722;;1 262 264;54 471;86 987
STP;QJ2;E54000012;Joined Up Care Derbyshire  STP;112;112;462 064;;419 378;14 121;28 565
STP;QJG;E54000023;Suffolk And North East Essex  STP;96;94;455 356;;422 228;18 305;14 823
STP;QJK;E54000037;Devon  STP;123;121;664 724;;581 565;43 957;39 202
STP;QJM;E54000013;Lincolnshire  STP;85;85;311 578;;288 837;10 333;12 408
STP;QK1;E54000015;Leicester, Leicestershire And Rutland  STP;134;133;485 950;;451 034;16 165;18 751
STP;QKK;E54000030;Our Healthier South East London  STP;208;201;634 285;;571 514;32 141;30 630
STP;QKS;E54000032;Kent And Medway  STP;199;192;717 175;;624 243;35 125;57 807
STP;QM7;E54000025;Hertfordshire And West Essex  STP;138;135;550 773;;500 267;25 979;24 527
STP;QMF;E54000029;East London Health And Care Partnership  STP;280;276;713 655;;644 977;38 489;30 189
STP;QMJ;E54000028;North London Partners In Health And Care  STP;205;184;494 920;;449 992;24 953;19 975
STP;QMM;E54000022;Norfolk And Waveney Health And Care Partnership  STP;106;104;517 861;;471 577;23 858;22 426
STP;QNC;E54000010;Staffordshire And Stoke On Trent  STP;148;147;443 065;;371 331;31 073;40 661
STP;QNQ;E54000034;Frimley Health And Care Ics  STP;74;72;283 579;;256 447;17 336;9 796
STP;QNX;E54000053;Sussex And East Surrey Health And Care Partnership  STP;170;167;730 482;;654 197;30 682;45 603
STP;QOC;E54000011;Shropshire And Telford And Wrekin  STP;54;53;208 362;;187 481;7 175;13 706
STP;QOP;E54000007;Greater Manchester Health And Social Care Partnership  STP;441;412;1 043 021;;904 466;63 837;74 718
STP;QOQ;E54000051;Humber, Coast And Vale  STP;182;180;755 554;;692 708;32 558;30 288
STP;QOX;E54000040;Bath And North East Somerset, Swindon And Wiltshire  STP;93;92;460 646;;411 226;23 371;26 049
STP;QPM;E54000020;Northamptonshire  STP;70;69;302 931;;284 543;9 023;9 365
STP;QR1;E54000043;Gloucestershire  STP;73;72;301 116;;265 496;9 119;26 501
STP;QRL;E54000042;Hampshire And The Isle Of Wight  STP;149;146;796 572;;698 162;43 038;55 372
STP;QRV;E54000027;North West London Health And Care Partnership  STP;356;353;811 868;;745 500;30 312;36 056
STP;QSL;E54000038;Somerset  STP;65;65;278 168;;234 300;23 435;20 433
STP;QT1;E54000014;Nottingham And Nottinghamshire Health And Care  STP;127;126;436 384;;408 210;14 719;13 455
STP;QT6;E54000036;Cornwall And The Isles Of Scilly Health And Social Care Partnership  STP;59;59;311 367;;273 196;16 362;21 809
STP;QU9;E54000044;Buckinghamshire, Oxfordshire And Berkshire West  STP;160;159;757 416;;643 404;53 334;60 678
STP;QUA;E54000016;The Black Country And West Birmingham  STP;207;206;564 575;;462 191;55 071;47 313
STP;QUE;E54000021;Cambridgeshire And Peterborough  STP;85;85;373 078;;347 470;11 837;13 771
STP;QUY;E54000039;Bristol, North Somerset And South Gloucestershire  STP;78;77;424 652;;354 909;31 263;38 480
STP;QVV;E54000041;Dorset  STP;79;79;370 556;;333 914;10 145;26 497
STP;QWE;E54000031;South West London Health And Care Partnership  STP;183;179;567 973;;507 366;28 343;32 264
STP;QWO;E54000054;West Yorkshire And Harrogate (Health And Care Partnership)  STP;287;281;1 143 826;;1 054 879;34 712;54 235
STP;QWU;E54000018;Coventry And Warwickshire  STP;123;122;399 718;;342 470;32 111;25 137
STP;QXU;E54000052;Surrey Heartlands Health And Care Partnership  STP;104;103;378 531;;346 285;14 937;17 309
STP;QYG;E54000008;Cheshire And Merseyside  STP;359;355;1 073 296;;953 147;56 808;63 341
CCG;00L;E38000130;NHS Northumberland CCG;40;39;151 141;;138 456;4 062;8 623
CCG;00N;E38000163;NHS South Tyneside CCG;21;21;54 937;;51 576;1 789;1 572
CCG;00P;E38000176;NHS Sunderland CCG;39;38;111 484;;103 462;4 926;3 096
CCG;00Q;E38000014;NHS Blackburn with Darwen CCG;23;23;64 933;;60 247;2 728;1 958
CCG;00R;E38000015;NHS Blackpool CCG;18;17;74 644;;67 730;3 035;3 879
CCG;00T;E38000016;NHS Bolton CCG;49;49;136 266;;111 193;14 267;10 806
CCG;00V;E38000024;NHS Bury CCG;26;14;30 745;;23 130;2 535;5 080
CCG;00X;E38000034;NHS Chorley and South Ribble CCG;26;26;66 558;;60 638;2 529;3 391
CCG;00Y;E38000135;NHS Oldham CCG;41;41;97 320;;81 940;6 906;8 474
CCG;01A;E38000050;NHS East Lancashire CCG;48;48;138 692;;124 204;7 264;7 224
CCG;01D;E38000080;NHS Heywood, Middleton and Rochdale CCG;41;36;85 042;;77 967;4 559;2 516
CCG;01E;E38000227;NHS Greater Preston CCG;22;22;85 308;;70 862;4 112;10 334
CCG;01F;E38000068;NHS Halton CCG;14;14;55 279;;48 784;3 778;2 717
CCG;01G;E38000143;NHS Salford CCG;38;33;86 990;;76 840;5 225;4 925
CCG;01H;E38000215;NHS North Cumbria CCG;39;39;166 902;;136 716;9 745;20 441
CCG;01J;E38000091;NHS Knowsley CCG;25;25;64 826;;56 579;5 849;2 398
CCG;01K;E38000228;NHS Morecambe Bay CCG;32;32;131 183;;117 270;4 974;8 939
CCG;01T;E38000161;NHS South Sefton CCG;31;30;47 283;;44 086;1 627;1 570
CCG;01V;E38000170;NHS Southport and Formby CCG;17;17;46 859;;43 398;1 214;2 247
CCG;01W;E38000174;NHS Stockport CCG;36;36;130 965;;113 204;5 037;12 724
CCG;01X;E38000172;NHS St Helens CCG;33;32;60 048;;54 629;2 438;2 981
CCG;01Y;E38000182;NHS Tameside and Glossop CCG;37;37;90 948;;81 602;4 445;4 901
CCG;02A;E38000187;NHS Trafford CCG;29;28;64 193;;51 121;4 062;9 010
CCG;02E;E38000194;NHS Warrington CCG;26;26;90 728;;83 308;2 316;5 104
CCG;02G;E38000200;NHS West Lancashire CCG;15;15;47 555;;39 938;3 959;3 658
CCG;02H;E38000205;NHS Wigan Borough CCG;59;55;89 861;;79 088;3 955;6 818
CCG;02M;E38000226;NHS Fylde and Wyre CCG;19;19;88 164;;72 931;6 491;8 742
CCG;02P;E38000006;NHS Barnsley CCG;32;32;111 434;;101 739;3 856;5 839
CCG;02Q;E38000008;NHS Bassetlaw CCG;9;9;53 248;;48 434;1 635;3 179
CCG;02T;E38000025;NHS Calderdale CCG;22;21;89 597;;82 460;3 419;3 718
CCG;02X;E38000044;NHS Doncaster CCG;39;39;123 710;;114 430;4 574;4 706
CCG;02Y;E38000052;NHS East Riding of Yorkshire CCG;29;29;125 172;;116 679;4 626;3 867
CCG;03A;E38000064;NHS Greater Huddersfield CCG;37;37;95 474;;90 111;2 529;2 834
CCG;03F;E38000085;NHS Hull CCG;32;32;112 930;;95 388;13 537;4 005
CCG;03H;E38000119;NHS North East Lincolnshire CCG;25;24;81 519;;76 249;1 867;3 403
CCG;03J;E38000121;NHS North Kirklees CCG;28;27;86 663;;80 980;2 539;3 144
CCG;03K;E38000122;NHS North Lincolnshire CCG;19;19;96 101;;88 495;1 941;5 665
CCG;03L;E38000141;NHS Rotherham CCG;29;29;116 563;;108 443;3 602;4 518
CCG;03N;E38000146;NHS Sheffield CCG;78;78;259 606;;232 282;12 357;14 967
CCG;03Q;E38000188;NHS Vale of York CCG;26;25;137 777;;128 867;4 176;4 734
CCG;03R;E38000190;NHS Wakefield CCG;36;34;164 717;;154 238;4 271;6 208
CCG;03W;E38000051;NHS East Leicestershire and Rutland CCG;31;30;156 834;;144 696;5 100;7 038
CCG;04C;E38000097;NHS Leicester City CCG;57;57;165 673;;153 009;6 107;6 557
CCG;04F;E38000107;NHS Milton Keynes CCG;26;25;106 908;;99 478;4 196;3 234
CCG;04V;E38000201;NHS West Leicestershire CCG;46;46;163 443;;153 329;4 958;5 156
CCG;04Y;E38000028;NHS Cannock Chase CCG;23;22;55 858;;49 180;2 347;4 331
CCG;05A;E38000038;NHS Coventry and Rugby CCG;66;65;190 440;;161 569;20 687;8 184
CCG;05C;E38000046;NHS Dudley CCG;43;43;137 999;;103 457;14 782;19 760
CCG;05D;E38000053;NHS East Staffordshire CCG;18;18;62 657;;48 797;4 986;8 874
CCG;05G;E38000126;NHS North Staffordshire CCG;30;30;86 948;;72 422;6 634;7 892
CCG;05H;E38000195;NHS Warwickshire North CCG;25;25;77 998;;65 079;7 998;4 921
CCG;05L;E38000144;NHS Sandwell and West Birmingham CCG;75;74;203 768;;181 712;12 078;9 978
CCG;05N;E38000147;NHS Shropshire CCG;41;40;136 623;;121 529;4 710;10 384
CCG;05Q;E38000153;NHS South East Staffordshire and Seisdon Peninsula CCG;24;24;81 703;;66 281;6 911;8 511
CCG;05R;E38000164;NHS South Warwickshire CCG;32;32;131 280;;115 822;3 426;12 032
CCG;05V;E38000173;NHS Stafford and Surrounds CCG;14;14;58 377;;52 502;2 401;3 474
CCG;05W;E38000175;NHS Stoke on Trent CCG;39;39;97 522;;82 149;7 794;7 579
CCG;05X;E38000183;NHS Telford and Wrekin CCG;13;13;71 739;;65 952;2 465;3 322
CCG;05Y;E38000191;NHS Walsall CCG;52;52;129 558;;99 002;22 449;8 107
CCG;06A;E38000210;NHS Wolverhampton CCG;37;37;93 250;;78 020;5 762;9 468
CCG;06F;E38000010;NHS Bedfordshire CCG;47;46;190 178;;178 822;6 250;5 106
CCG;06H;E38000026;NHS Cambridgeshire and Peterborough CCG;85;85;373 078;;347 470;11 837;13 771
CCG;06K;E38000049;NHS East and North Hertfordshire CCG;53;50;219 881;;198 038;9 997;11 846
CCG;06L;E38000086;NHS Ipswich and East Suffolk CCG;39;38;195 786;;183 666;4 482;7 638
CCG;06N;E38000079;NHS Herts Valley CCG;55;55;223 237;;201 570;12 066;9 601
CCG;06P;E38000102;NHS Luton CCG;26;26;82 181;;75 050;3 035;4 096
CCG;06Q;E38000106;NHS Mid Essex CCG;42;39;172 879;;143 975;13 917;14 987
CCG;06T;E38000117;NHS North East Essex CCG;33;32;147 396;;135 640;7 198;4 558
CCG;07G;E38000185;NHS Thurrock CCG;27;27;74 355;;68 708;1 675;3 972
CCG;07H;E38000197;NHS West Essex CCG;30;30;107 655;;100 659;3 916;3 080
CCG;07K;E38000204;NHS West Suffolk CCG;24;24;112 174;;102 922;6 625;2 627
CCG;07L;E38000004;NHS Barking and Dagenham CCG;33;33;65 820;;58 496;3 411;3 913
CCG;07P;E38000020;NHS Brent CCG;51;51;126 596;;111 369;6 256;8 971
CCG;07T;E38000035;NHS City and Hackney CCG;40;40;117 439;;107 428;6 114;3 897
CCG;07W;E38000048;NHS Ealing CCG;76;75;152 246;;143 279;4 687;4 280
CCG;07Y;E38000084;NHS Hounslow CCG;46;46;100 497;;93 346;3 469;3 682
CCG;08C;E38000070;NHS Hammersmith and Fulham CCG;30;28;78 206;;71 431;2 087;4 688
CCG;08E;E38000074;NHS Harrow CCG;33;33;90 228;;80 856;4 581;4 791
CCG;08F;E38000077;NHS Havering CCG;41;41;83 153;;73 758;4 540;4 855
CCG;08G;E38000082;NHS Hillingdon CCG;45;45;98 605;;92 119;3 519;2 967
CCG;08M;E38000113;NHS Newham CCG;49;46;123 988;;113 155;6 897;3 936
CCG;08N;E38000138;NHS Redbridge CCG;42;42;108 270;;95 247;7 884;5 139
CCG;08V;E38000186;NHS Tower Hamlets CCG;36;35;129 030;;116 448;6 731;5 851
CCG;08W;E38000192;NHS Waltham Forest CCG;39;39;85 955;;80 445;2 912;2 598
CCG;08Y;E38000202;NHS West London CCG;41;41;96 127;;88 656;3 130;4 341
CCG;09A;E38000031;NHS Central London (Westminster) CCG;34;34;69 363;;64 444;2 583;2 336
CCG;09D;E38000021;NHS Brighton and Hove CCG;34;34;111 236;;104 518;3 016;3 702
CCG;10C;E38000178;NHS Surrey Heath CCG;7;7;41 770;;33 229;7 242;1 299
CCG;10J;E38000120;NHS North Hampshire CCG;15;15;87 519;;81 967;2 966;2 586
CCG;10K;E38000059;NHS Fareham and Gosport CCG;17;16;90 224;;78 298;5 219;6 707
CCG;10L;E38000087;NHS Isle of Wight CCG;12;12;79 099;;71 110;4 244;3 745
CCG;10Q;E38000136;NHS Oxfordshire CCG;67;67;337 255;;281 129;30 071;26 055
CCG;10R;E38000137;NHS Portsmouth CCG;13;13;86 187;;79 069;2 841;4 277
CCG;10V;E38000154;NHS South Eastern Hampshire CCG;20;20;93 802;;71 407;10 322;12 073
CCG;10X;E38000167;NHS Southampton CCG;26;26;113 549;;105 377;4 047;4 125
CCG;11A;E38000198;NHS West Hampshire CCG;46;44;246 192;;210 934;13 399;21 859
CCG;11J;E38000045;NHS Dorset CCG;79;79;370 556;;333 914;10 145;26 497
CCG;11M;E38000062;NHS Gloucestershire CCG;73;72;301 116;;265 496;9 119;26 501
CCG;11N;E38000089;NHS Kernow CCG;59;59;311 367;;273 196;16 362;21 809
CCG;11X;E38000150;NHS Somerset CCG;65;65;278 168;;234 300;23 435;20 433
CCG;12F;E38000208;NHS Wirral CCG;47;47;171 935;;152 918;9 555;9 462
CCG;13T;E38000212;NHS Newcastle Gateshead CCG;60;60;228 880;;196 920;9 595;22 365
CCG;14L;E38000217;NHS Manchester CCG;85;83;230 691;;208 381;12 846;9 464
CCG;14Y;E38000223;NHS Buckinghamshire CCG;48;48;197 785;;175 179;8 060;14 546
CCG;15A;E38000221;NHS Berkshire West CCG;45;44;222 376;;187 096;15 203;20 077
CCG;15C;E38000222;NHS Bristol, North Somerset and South Gloucestershire CCG;78;77;424 652;;354 909;31 263;38 480
CCG;15D;E38000224;NHS East Berkshire CCG;47;45;155 578;;143 842;6 374;5 362
CCG;15E;E38000220;NHS Birmingham and Solihull CCG;163;159;541 703;;475 557;29 364;36 782
CCG;15F;E38000225;NHS Leeds CCG;93;93;376 696;;342 993;13 476;20 227
CCG;15M;E38000229;NHS Derby and Derbyshire CCG;112;112;462 064;;419 378;14 121;28 565
CCG;15N;E38000230;NHS Devon CCG;123;121;664 724;;581 565;43 957;39 202
CCG;16C;E38000247;NHS Tees Valley CCG;81;79;316 833;;286 522;13 098;17 213
CCG;18C;E38000236;NHS Herefordshire CCG;81;81;379 729;;327 656;21 645;30 428
CCG;26A;E38000239;NHS Norfolk and Waveney CCG;106;104;517 861;;471 577;23 858;22 426
CCG;27D;E38000233;NHS Cheshire CCG;79;79;321 686;;274 611;18 894;28 181
CCG;36J;E38000232;NHS Bradford District and Craven CCG;71;69;330 679;;304 097;8 478;18 104
CCG;36L;E38000245;NHS South West London CCG;183;179;567 973;;507 366;28 343;32 264
CCG;42D;E38000241;NHS North Yorkshire CCG;51;51;202 055;;187 030;6 411;8 614
CCG;52R;E38000243;NHS Nottingham and Nottinghamshire CCG;127;126;436 384;;408 210;14 719;13 455
CCG;70F;E38000248;NHS West Sussex CCG;80;77;368 709;;339 598;7 994;21 117
CCG;71E;E38000238;NHS Lincolnshire CCG;85;85;311 578;;288 837;10 333;12 408
CCG;72Q;E38000244;NHS South East London CCG;208;201;634 285;;571 514;32 141;30 630
CCG;78H;E38000242;NHS Northamptonshire CCG;70;69;302 931;;284 543;9 023;9 365
CCG;84H;E38000234;NHS County Durham CCG;61;61;283 504;;264 174;8 099;11 231
CCG;91Q;E38000237;NHS Kent and Medway CCG;199;192;717 175;;624 243;35 125;57 807
CCG;92A;E38000246;NHS Surrey Heartlands CCG;104;103;378 531;;346 285;14 937;17 309
CCG;92G;E38000231;NHS Bath and North East Somerset, Swindon and Wiltshire CCG;93;92;460 646;;411 226;23 371;26 049
CCG;93C;E38000240;NHS North Central London CCG;205;184;494 920;;449 992;24 953;19 975
CCG;97R;E38000235;NHS East Sussex CCG;56;56;250 537;;210 081;19 672;20 784
CCG;99A;E38000101;NHS Liverpool CCG;87;85;214 652;;194 834;11 137;8 681
CCG;99C;E38000127;NHS North Tyneside CCG;25;25;90 041;;84 438;3 157;2 446
CCG;99E;E38000007;NHS Basildon and Brentwood CCG;35;35;95 089;;87 714;1 431;5 944
CCG;99F;E38000030;NHS Castle Point and Rochford CCG;23;23;68 824;;61 929;2 011;4 884
CCG;99G;E38000168;NHS Southend CCG;27;25;74 153;;70 033;2 165;1 955
CCG;99M;E38000118;NHS North East Hampshire and Farnham CCG;20;20;86 231;;79 376;3 720;3 135
;;;;;;;;;;
;;;;;;;;;;
;;;;;;;;;;
Notes:;;;;;;;;;;
1;CCGs are only included if there is data for more than one practice within the CCG, therefore the total count of open GP practices by CCG may not equal the national total;;;;;;;;;
2;"At the time of the appointment a ‘Booked’ status will usually be changed to either ‘Attended’ or ‘DNA’. In some cases (4-7% of monthly appointments), the final status of an appointment remains as ‘Booked’. It is not known from the data whether these appointments were actually attended or not. From a sample audit these were found to be consultations where the status has not been updated to say if patients had attended or not. 
For this reason, these appointments are reported as ""Unknown"" status";;;;;;;;;
_;See 'Coronavirus Impact' tab for further information;;;;;;;;;
Copyright © 2021 Health and Social Care Information Centre. The Health and Social Care Information Centre is a non-departmental body created by statute, also known as NHS Digital.;;;;;;;;;;
;;;;;;;;;;
;;;;;;;;;;
;;;;;;;;;;
;;;;;;;;;;
;;;;;;;;;;
;;;;;;;;;;
;;;;;;;;;;
;;;;;;;;;;
;;;;;;;;;;
;;;;;;;;;;
;;;;;;;;;;
;;;;;;;;;;
;;;;;;;;;;
;;;;;;;;;;
;;;;;;;;;;
;;;;;;;;;;
;;;;;;;;;;
;;;;;;;;;;
;;;;;;;;;;
;;;;;;;;;;
;;;;;;;;;;
;;;;;;;;;;
;;;;;;;;;;
;;;;;;;;;;
;;;;;;;;;;
;;;;;;;;;;
;;;;;;;;;;
;;;;;;;;;;
;;;;;;;;;;
;;;;;;;;;;
;;;;;;;;;;
;;;;;;;;;;
;;;;;;;;;;
;;;;;;;;;;
;;;;;;;;;;
;;;;;;;;;;
;;;;;;;;;;
;;;;;;;;;;
;;;;;;;;;;
;;;;;;;;;;
;;;;;;;;;;
;;;;;;;;;;
;;;;;;;;;;
;;;;;;;;;;
;;;;;;;;;;
;;;;;;;;;;
;;;;;;;;;;
;;;;;;;;;;
;;;;;;;;;;
;;;;;;;;;;
;;;;;;;;;;
;;;;;;;;;;
;;;;;;;;;;
;;;;;;;;;;
;;;;;;;;;;
;;;;;;;;;;
;;;;;;;;;;
;;;;;;;;;;
;;;;;;;;;;
;;;;;;;;;;
;;;;;;;;;;
;;;;;;;;;;
;;;;;;;;;;
;;;;;;;;;;
;;;;;;;;;;
;;;;;;;;;;
;;;;;;;;;;
;;;;;;;;;;
;;;;;;;;;;
;;;;;;;;;;
;;;;;;;;;;
;;;;;;;;;;
;;;;;;;;;;
;;;;;;;;;;
;;;;;;;;;;
;;;;;;;;;;
;;;;;;;;;;
;;;;;;;;;;
;;;;;;;;;;
;;;;;;;;;;
;;;;;;;;;;
;;;;;;;;;;
;;;;;;;;;;
;;;;;;;;;;
;;;;;;;;;;
;;;;;;;;;;
;;;;;;;;;;
;;;;;;;;;;
;;;;;;;;;;
;;;;;;;;;;
;;;;;;;;;;
;;;;;;;;;;
;;;;;;;;;;
;;;;;;;;;;
;;;;;;;;;;
;;;;;;;;;;
;;;;;;;;;;
;;;;;;;;;;
;;;;;;;;;;
;;;;;;;;;;
;;;;;;;;;;
;;;;;;;;;;
;;;;;;;;;;
;;;;;;;;;;
;;;;;;;;;;
;;;;;;;;;;
;;;;;;;;;;
;;;;;;;;;;
;;;;;;;;;;
;;;;;;;;;;
;;;;;;;;;;
;;;;;;;;;;
;;;;;;;;;;
;;;;;;;;;;
;;;;;;;;;;
;;;;;;;;;;
;;;;;;;;;;
;;;;;;;;;;
;;;;;;;;;;
;;;;;;;;;;
;;;;;;;;;;
;;;;;;;;;;
;;;;;;;;;;
;;;;;;;;;;
;;;;;;;;;;
;;;;;;;;;;
;;;;;;;;;;
;;;;;;;;;;
;;;;;;;;;;
;;;;;;;;;;
;;;;;;;;;;
;;;;;;;;;;
;;;;;;;;;;
;;;;;;;;;;
;;;;;;;;;;
;;;;;;;;;;
;;;;;;;;;;
;;;;;;;;;;
;;;;;;;;;;
;;;;;;;;;;
;;;;;;;;;;
;;;;;;;;;;
;;;;;;;;;;
;;;;;;;;;;
;;;;;;;;;;
;;;;;;;;;;
;;;;;;;;;;
;;;;;;;;;;
;;;;;;;;;;
;;;;;;;;;;
;;;;;;;;;;
;;;;;;;;;;
;;;;;;;;;;
;;;;;;;;;;
;;;;;;;;;;
;;;;;;;;;;
;;;;;;;;;;
;;;;;;;;;;
;;;;;;;;;;
;;;;;;;;;;
;;;;;;;;;;
;;;;;;;;;;
;;;;;;;;;;
;;;;;;;;;;
;;;;;;;;;;
;;;;;;;;;;
;;;;;;;;;;
;;;;;;;;;;
;;;;;;;;;;
;;;;;;;;;;
;;;;;;;;;;
;;;;;;;;;;
;;;;;;;;;;
;;;;;;;;;;
;;;;;;;;;;
;;;;;;;;;;
;;;;;;;;;;
;;;;;;;;;;
;;;;;;;;;;
;;;;;;;;;;
;;;;;;;;;;
;;;;;;;;;;
;;;;;;;;;;
;;;;;;;;;;
;;;;;;;;;;
;;;;;;;;;;
;;;;;;;;;;
;;;;;;;;;;
;;;;;;;;;;
;;;;;;;;;;
;;;;;;;;;;
;;;;;;;;;;
;;;;;;;;;;
;;;;;;;;;;
;;;;;;;;;;
;;;;;;;;;;
;;;;;;;;;;
;;;;;;;;;;
;;;;;;;;;;
;;;;;;;;;;
;;;;;;;;;;
;;;;;;;;;;
;;;;;;;;;;
;;;;;;;;;;
;;;;;;;;;;
;;;;;;;;;;
;;;;;;;;;;
;;;;;;;;;;
;;;;;;;;;;
;;;;;;;;;;
;;;;;;;;;;
;;;;;;;;;;
;;;;;;;;;;
;;;;;;;;;;
;;;;;;;;;;
;;;;;;;;;;
;;;;;;;;;;
;;;;;;;;;;
;;;;;;;;;;
;;;;;;;;;;
;;;;;;;;;;
;;;;;;;;;;
;;;;;;;;;;
;;;;;;;;;;
;;;;;;;;;;
;;;;;;;;;;
;;;;;;;;;;
;;;;;;;;;;
;;;;;;;;;;
;;;;;;;;;;
;;;;;;;;;;
;;;;;;;;;;
;;;;;;;;;;
;;;;;;;;;;
;;;;;;;;;;
;;;;;;;;;;
;;;;;;;;;;
;;;;;;;;;;
;;;;;;;;;;
;;;;;;;;;;
;;;;;;;;;;
;;;;;;;;;;
;;;;;;;;;;
;;;;;;;;;;
;;;;;;;;;;
;;;;;;;;;;
;;;;;;;;;;
;;;;;;;;;;
;;;;;;;;;;
;;;;;;;;;;
;;;;;;;;;;
;;;;;;;;;;
;;;;;;;;;;
;;;;;;;;;;
;;;;;;;;;;
;;;;;;;;;;
;;;;;;;;;;
;;;;;;;;;;
;;;;;;;;;;
;;;;;;;;;;
;;;;;;;;;;
;;;;;;;;;;
;;;;;;;;;;
;;;;;;;;;;
;;;;;;;;;;
;;;;;;;;;;
;;;;;;;;;;
;;;;;;;;;;
;;;;;;;;;;
;;;;;;;;;;
;;;;;;;;;;
;;;;;;;;;;
;;;;;;;;;;
;;;;;;;;;;
;;;;;;;;;;
;;;;;;;;;;
;;;;;;;;;;
;;;;;;;;;;
;;;;;;;;;;
;;;;;;;;;;
;;;;;;;;;;
;;;;;;;;;;
;;;;;;;;;;
;;;;;;;;;;
;;;;;;;;;;
;;;;;;;;;;
;;;;;;;;;;
;;;;;;;;;;
;;;;;;;;;;
;;;;;;;;;;
;;;;;;;;;;
;;;;;;;;;;
;;;;;;;;;;
;;;;;;;;;;
;;;;;;;;;;
;;;;;;;;;;
;;;;;;;;;;
;;;;;;;;;;
;;;;;;;;;;
;;;;;;;;;;
;;;;;;;;;;
;;;;;;;;;;
;;;;;;;;;;
;;;;;;;;;;
;;;;;;;;;;
;;;;;;;;;;
;;;;;;;;;;
;;;;;;;;;;
;;;;;;;;;;
;;;;;;;;;;
;;;;;;;;;;
;;;;;;;;;;
;;;;;;;;;;
;;;;;;;;;;
;;;;;;;;;;
;;;;;;;;;;
;;;;;;;;;;
;;;;;;;;;;
;;;;;;;;;;
;;;;;;;;;;
;;;;;;;;;;
;;;;;;;;;;
;;;;;;;;;;
;;;;;;;;;;
;;;;;;;;;;
;;;;;;;;;;
;;;;;;;;;;
;;;;;;;;;;
;;;;;;;;;;
;;;;;;;;;;
;;;;;;;;;;
;;;;;;;;;;
;;;;;;;;;;
;;;;;;;;;;
;;;;;;;;;;
;;;;;;;;;;
;;;;;;;;;;
;;;;;;;;;;
;;;;;;;;;;
;;;;;;;;;;
;;;;;;;;;;
;;;;;;;;;;
;;;;;;;;;;
;;;;;;;;;;
;;;;;;;;;;
;;;;;;;;;;
;;;;;;;;;;
;;;;;;;;;;
;;;;;;;;;;
;;;;;;;;;;
;;;;;;;;;;
;;;;;;;;;;
;;;;;;;;;;
;;;;;;;;;;
;;;;;;;;;;
;;;;;;;;;;
;;;;;;;;;;
;;;;;;;;;;
;;;;;;;;;;
;;;;;;;;;;
;;;;;;;;;;
;;;;;;;;;;
;;;;;;;;;;
;;;;;;;;;;
;;;;;;;;;;
;;;;;;;;;;
;;;;;;;;;;
;;;;;;;;;;
;;;;;;;;;;
;;;;;;;;;;
;;;;;;;;;;
;;;;;;;;;;
;;;;;;;;;;
;;;;;;;;;;
;;;;;;;;;;
;;;;;;;;;;
;;;;;;;;;;
;;;;;;;;;;
;;;;;;;;;;
;;;;;;;;;;
;;;;;;;;;;
;;;;;;;;;;
;;;;;;;;;;
;;;;;;;;;;
;;;;;;;;;;
;;;;;;;;;;
;;;;;;;;;;
;;;;;;;;;;
;;;;;;;;;;
;;;;;;;;;;
;;;;;;;;;;
;;;;;;;;;;
;;;;;;;;;;
;;;;;;;;;;
;;;;;;;;;;
;;;;;;;;;;
;;;;;;;;;;
;;;;;;;;;;
;;;;;;;;;;
;;;;;;;;;;
;;;;;;;;;;
;;;;;;;;;;
;;;;;;;;;;
;;;;;;;;;;
;;;;;;;;;;
;;;;;;;;;;
;;;;;;;;;;
;;;;;;;;;;
;;;;;;;;;;
;;;;;;;;;;
;;;;;;;;;;
;;;;;;;;;;
;;;;;;;;;;
;;;;;;;;;;
;;;;;;;;;;
;;;;;;;;;;
;;;;;;;;;;
;;;;;;;;;;
;;;;;;;;;;
;;;;;;;;;;
;;;;;;;;;;
;;;;;;;;;;
;;;;;;;;;;
;;;;;;;;;;
;;;;;;;;;;
;;;;;;;;;;
;;;;;;;;;;
;;;;;;;;;;
;;;;;;;;;;
;;;;;;;;;;
;;;;;;;;;;
;;;;;;;;;;
;;;;;;;;;;
;;;;;;;;;;
;;;;;;;;;;
;;;;;;;;;;
;;;;;;;;;;
;;;;;;;;;;
;;;;;;;;;;
;;;;;;;;;;
;;;;;;;;;;
;;;;;;;;;;
;;;;;;;;;;
;;;;;;;;;;
;;;;;;;;;;
;;;;;;;;;;
;;;;;;;;;;
;;;;;;;;;;
;;;;;;;;;;
;;;;;;;;;;
;;;;;;;;;;
;;;;;;;;;;
;;;;;;;;;;
;;;;;;;;;;
;;;;;;;;;;
;;;;;;;;;;
;;;;;;;;;;
;;;;;;;;;;
;;;;;;;;;;
;;;;;;;;;;
;;;;;;;;;;
;;;;;;;;;;
;;;;;;;;;;
;;;;;;;;;;
;;;;;;;;;;
;;;;;;;;;;
;;;;;;;;;;
;;;;;;;;;;
;;;;;;;;;;
;;;;;;;;;;
;;;;;;;;;;
;;;;;;;;;;
;;;;;;;;;;
;;;;;;;;;;
;;;;;;;;;;
;;;;;;;;;;
;;;;;;;;;;
;;;;;;;;;;
;;;;;;;;;;
;;;;;;;;;;
;;;;;;;;;;
;;;;;;;;;;
;;;;;;;;;;
;;;;;;;;;;
;;;;;;;;;;
;;;;;;;;;;
;;;;;;;;;;
;;;;;;;;;;
;;;;;;;;;;
;;;;;;;;;;
;;;;;;;;;;
;;;;;;;;;;
;;;;;;;;;;
;;;;;;;;;;
;;;;;;;;;;
;;;;;;;;;;
;;;;;;;;;;
;;;;;;;;;;
;;;;;;;;;;
;;;;;;;;;;
;;;;;;;;;;
;;;;;;;;;;
;;;;;;;;;;
;;;;;;;;;;
;;;;;;;;;;
;;;;;;;;;;
;;;;;;;;;;
;;;;;;;;;;
;;;;;;;;;;
;;;;;;;;;;
;;;;;;;;;;
;;;;;;;;;;
;;;;;;;;;;
;;;;;;;;;;
;;;;;;;;;;
;;;;;;;;;;
;;;;;;;;;;
;;;;;;;;;;
;;;;;;;;;;
;;;;;;;;;;
;;;;;;;;;;
;;;;;;;;;;
;;;;;;;;;;
;;;;;;;;;;
;;;;;;;;;;
;;;;;;;;;;
;;;;;;;;;;
;;;;;;;;;;
;;;;;;;;;;
;;;;;;;;;;
;;;;;;;;;;
;;;;;;;;;;
;;;;;;;;;;
;;;;;;;;;;
;;;;;;;;;;
;;;;;;;;;;
;;;;;;;;;;
;;;;;;;;;;
;;;;;;;;;;
;;;;;;;;;;
;;;;;;;;;;
;;;;;;;;;;
;;;;;;;;;;
;;;;;;;;;;
;;;;;;;;;;
;;;;;;;;;;
;;;;;;;;;;
;;;;;;;;;;
;;;;;;;;;;
;;;;;;;;;;
;;;;;;;;;;
;;;;;;;;;;
;;;;;;;;;;
;;;;;;;;;;
;;;;;;;;;;
;;;;;;;;;;
;;;;;;;;;;
;;;;;;;;;;
;;;;;;;;;;
;;;;;;;;;;
;;;;;;;;;;
;;;;;;;;;;
;;;;;;;;;;
;;;;;;;;;;
;;;;;;;;;;
;;;;;;;;;;