﻿;;;;;;;;;;
;;;;;;;;;;
;;;;;;;;;;
;;;;;;;;;;
;;;;;;;;;;
Return to Contents;;;;;;;;;;
_;;;;;;;;;;
Table 3a: Appointments by Status, at National, Regional, STP and CCG level, England, May 2021;;;;;;;;;;
;;;;Count of Open GP Practices1;Count of Included GP Practices;Count of Appointments;;"Count of Appointments by 
Appointment Status";;
Type;NHS Area Code;ONS Code;Name;;;Total;;Attended;DNA;Unknown2
Type;NHS Area Code;ONS Code;Name;Open Active Practices;Included Practices;Total;_;Attended;DNA;Unknown
National;ENG;ENG;England;6 617;6 507;23 423 419;;21 700 480;872 229;850 710
Region;Y56;E40000003;London;1 214;1 188;3 417 053;;3 132 024;154 996;130 033
Region;Y58;E40000006;South West;565;557;2 578 364;;2 406 788;83 251;88 325
Region;Y59;E40000005;South East;848;843;3 571 733;;3 315 631;134 120;121 982
Region;Y60;E40000008;Midlands;1 299;1 286;4 477 083;;4 141 574;176 285;159 224
Region;Y61;E40000007;East of England;677;663;2 718 380;;2 546 992;75 409;95 979
Region;Y62;E40000010;North West;1 001;969;2 760 575;;2 516 232;127 514;116 829
Region;Y63;E40000009;North East and Yorkshire;1 013;1 001;3 900 231;;3 641 239;120 654;138 338
STP;QE1;E54000048;Healthier Lancashire And South Cumbria  STP;202;201;668 763;;618 718;27 122;22 923
STP;QF7;E54000009;South Yorkshire And Bassetlaw  STP;184;184;647 738;;602 768;22 594;22 376
STP;QGH;E54000019;Herefordshire And Worcestershire  STP;81;80;365 125;;343 729;13 447;7 949
STP;QH8;E54000026;Mid And South Essex  STP;153;149;452 835;;424 296;9 989;18 550
STP;QHG;E54000024;Bedfordshire, Luton And Milton Keynes  STP;99;96;381 349;;356 739;11 374;13 236
STP;QHL;E54000017;Birmingham And Solihull  STP;162;159;504 951;;460 503;24 528;19 920
STP;QHM;E54000050;Cumbria And North East  STP;361;356;1 376 690;;1 278 542;45 153;52 995
STP;QJ2;E54000012;Joined Up Care Derbyshire  STP;112;112;462 994;;432 350;11 910;18 734
STP;QJG;E54000023;Suffolk And North East Essex  STP;96;94;434 550;;409 424;11 984;13 142
STP;QJK;E54000037;Devon  STP;123;121;607 220;;564 402;22 062;20 756
STP;QJM;E54000013;Lincolnshire  STP;85;85;321 940;;300 371;9 711;11 858
STP;QK1;E54000015;Leicester, Leicestershire And Rutland  STP;133;132;489 783;;460 167;14 721;14 895
STP;QKK;E54000030;Our Healthier South East London  STP;209;200;645 027;;580 152;33 955;30 920
STP;QKS;E54000032;Kent And Medway  STP;197;196;726 753;;669 147;27 855;29 751
STP;QM7;E54000025;Hertfordshire And West Essex  STP;137;135;560 373;;521 866;17 789;20 718
STP;QMF;E54000029;East London Health And Care Partnership  STP;280;276;747 200;;681 278;37 090;28 832
STP;QMJ;E54000028;North London Partners In Health And Care  STP;190;183;541 355;;500 832;23 880;16 643
STP;QMM;E54000022;Norfolk And Waveney Health And Care Partnership  STP;106;104;489 252;;457 560;13 043;18 649
STP;QNC;E54000010;Staffordshire And Stoke On Trent  STP;148;146;416 615;;378 836;20 963;16 816
STP;QNQ;E54000034;Frimley Health And Care Ics  STP;73;71;289 526;;272 404;10 402;6 720
STP;QNX;E54000053;Sussex Health And Care Partnership  STP;166;166;716 412;;666 514;26 409;23 489
STP;QOC;E54000011;Shropshire And Telford And Wrekin  STP;53;51;206 713;;192 047;8 085;6 581
STP;QOP;E54000007;Greater Manchester Health And Social Care Partnership  STP;440;415;1 042 543;;935 880;55 240;51 423
STP;QOQ;E54000051;Humber, Coast And Vale  STP;182;181;740 537;;696 836;21 663;22 038
STP;QOX;E54000040;Bath And North East Somerset, Swindon And Wiltshire  STP;91;90;429 859;;402 654;11 066;16 139
STP;QPM;E54000020;Northamptonshire  STP;69;68;307 135;;291 910;7 335;7 890
STP;QR1;E54000043;Gloucestershire  STP;73;72;289 395;;275 149;7 183;7 063
STP;QRL;E54000042;Hampshire And The Isle Of Wight  STP;148;148;727 781;;683 705;23 589;20 487
STP;QRV;E54000027;North West London Health And Care Partnership  STP;352;349;903 612;;836 359;33 162;34 091
STP;QSL;E54000038;Somerset  STP;65;62;210 212;;189 572;9 355;11 285
STP;QT1;E54000014;Nottingham And Nottinghamshire Health And Care  STP;127;125;463 174;;434 056;14 662;14 456
STP;QT6;E54000036;Cornwall And The Isles Of Scilly Health And Social Care Partnership  STP;58;58;303 401;;281 443;8 458;13 500
STP;QU9;E54000044;Buckinghamshire, Oxfordshire And Berkshire West  STP;160;159;724 283;;663 845;31 169;29 269
STP;QUA;E54000016;The Black Country And West Birmingham  STP;207;207;549 419;;488 327;31 352;29 740
STP;QUE;E54000021;Cambridgeshire And Peterborough  STP;86;85;400 021;;377 107;11 230;11 684
STP;QUY;E54000039;Bristol, North Somerset And South Gloucestershire  STP;78;77;392 750;;365 151;16 728;10 871
STP;QVV;E54000041;Dorset  STP;77;77;345 527;;328 417;8 399;8 711
STP;QWE;E54000031;South West London Health And Care Partnership  STP;183;180;579 859;;533 403;26 909;19 547
STP;QWO;E54000054;West Yorkshire And Harrogate (Health And Care Partnership)  STP;286;280;1 135 266;;1 063 093;31 244;40 929
STP;QWU;E54000018;Coventry And Warwickshire  STP;122;121;389 234;;359 278;19 571;10 385
STP;QXU;E54000052;Surrey Heartlands Health And Care Partnership  STP;104;103;386 978;;360 016;14 696;12 266
STP;QYG;E54000008;Cheshire And Merseyside  STP;359;353;1 049 269;;961 634;45 152;42 483
CCG;00L;E38000130;NHS Northumberland CCG;38;37;148 804;;141 797;3 519;3 488
CCG;00N;E38000163;NHS South Tyneside CCG;21;21;57 895;;54 237;1 965;1 693
CCG;00P;E38000176;NHS Sunderland CCG;39;38;110 618;;102 956;5 211;2 451
CCG;00Q;E38000014;NHS Blackburn with Darwen CCG;22;22;65 340;;60 438;2 611;2 291
CCG;00R;E38000015;NHS Blackpool CCG;18;17;73 986;;69 367;3 447;1 172
CCG;00T;E38000016;NHS Bolton CCG;49;49;122 916;;110 361;6 983;5 572
CCG;00V;E38000024;NHS Bury CCG;26;14;36 605;;26 818;2 577;7 210
CCG;00X;E38000034;NHS Chorley and South Ribble CCG;26;26;64 599;;59 572;2 702;2 325
CCG;00Y;E38000135;NHS Oldham CCG;40;40;89 109;;82 290;4 467;2 352
CCG;01A;E38000050;NHS East Lancashire CCG;48;48;138 536;;127 016;5 573;5 947
CCG;01D;E38000080;NHS Heywood, Middleton and Rochdale CCG;41;36;80 437;;74 568;3 855;2 014
CCG;01E;E38000227;NHS Greater Preston CCG;22;22;74 610;;68 799;2 776;3 035
CCG;01F;E38000068;NHS Halton CCG;14;14;50 115;;45 350;2 273;2 492
CCG;01G;E38000143;NHS Salford CCG;38;35;107 759;;94 371;5 824;7 564
CCG;01H;E38000215;NHS North Cumbria CCG;35;35;156 674;;141 611;4 989;10 074
CCG;01J;E38000091;NHS Knowsley CCG;25;25;64 649;;60 121;2 861;1 667
CCG;01K;E38000228;NHS Morecambe Bay CCG;32;32;129 108;;120 529;5 004;3 575
CCG;01T;E38000161;NHS South Sefton CCG;31;29;48 395;;45 437;1 631;1 327
CCG;01V;E38000170;NHS Southport and Formby CCG;17;16;48 702;;45 522;1 389;1 791
CCG;01W;E38000174;NHS Stockport CCG;36;36;125 109;;115 508;4 893;4 708
CCG;01X;E38000172;NHS St Helens CCG;33;32;64 638;;59 380;2 638;2 620
CCG;01Y;E38000182;NHS Tameside and Glossop CCG;37;37;94 356;;84 855;5 187;4 314
CCG;02A;E38000187;NHS Trafford CCG;29;27;62 054;;54 992;3 597;3 465
CCG;02E;E38000194;NHS Warrington CCG;26;26;89 152;;83 464;2 168;3 520
CCG;02G;E38000200;NHS West Lancashire CCG;15;15;42 638;;39 942;1 440;1 256
CCG;02H;E38000205;NHS Wigan Borough CCG;59;57;96 826;;86 702;4 213;5 911
CCG;02M;E38000226;NHS Fylde and Wyre CCG;19;19;79 946;;73 055;3 569;3 322
CCG;02P;E38000006;NHS Barnsley CCG;32;32;105 968;;97 575;3 887;4 506
CCG;02Q;E38000008;NHS Bassetlaw CCG;9;9;51 752;;49 032;1 397;1 323
CCG;02T;E38000025;NHS Calderdale CCG;22;21;88 603;;83 736;2 264;2 603
CCG;02X;E38000044;NHS Doncaster CCG;38;38;124 200;;115 072;5 057;4 071
CCG;02Y;E38000052;NHS East Riding of Yorkshire CCG;29;29;130 417;;122 280;4 539;3 598
CCG;03F;E38000085;NHS Hull CCG;32;32;104 943;;97 709;4 589;2 645
CCG;03H;E38000119;NHS North East Lincolnshire CCG;25;25;85 164;;80 010;2 392;2 762
CCG;03K;E38000122;NHS North Lincolnshire CCG;19;19;82 699;;76 648;2 058;3 993
CCG;03L;E38000141;NHS Rotherham CCG;29;29;116 001;;108 242;3 803;3 956
CCG;03N;E38000146;NHS Sheffield CCG;76;76;249 817;;232 847;8 450;8 520
CCG;03Q;E38000188;NHS Vale of York CCG;26;25;135 847;;129 459;3 546;2 842
CCG;03R;E38000190;NHS Wakefield CCG;36;34;171 112;;161 259;4 404;5 449
CCG;03W;E38000051;NHS East Leicestershire and Rutland CCG;31;30;149 571;;140 361;4 342;4 868
CCG;04C;E38000097;NHS Leicester City CCG;56;56;166 366;;154 359;5 774;6 233
CCG;04V;E38000201;NHS West Leicestershire CCG;46;46;173 846;;165 447;4 605;3 794
CCG;04Y;E38000028;NHS Cannock Chase CCG;23;22;50 754;;45 379;2 359;3 016
CCG;05D;E38000053;NHS East Staffordshire CCG;18;18;56 865;;50 962;2 021;3 882
CCG;05G;E38000126;NHS North Staffordshire CCG;30;30;75 577;;69 513;2 799;3 265
CCG;05Q;E38000153;NHS South East Staffordshire and Seisdon Peninsula CCG;24;24;75 538;;70 763;3 277;1 498
CCG;05V;E38000173;NHS Stafford and Surrounds CCG;14;14;60 071;;56 215;1 994;1 862
CCG;05W;E38000175;NHS Stoke on Trent CCG;39;38;97 810;;86 004;8 513;3 293
CCG;06H;E38000026;NHS Cambridgeshire and Peterborough CCG;86;85;400 021;;377 107;11 230;11 684
CCG;06K;E38000049;NHS East and North Hertfordshire CCG;52;50;222 605;;206 652;5 920;10 033
CCG;06L;E38000086;NHS Ipswich and East Suffolk CCG;39;38;176 068;;168 593;3 175;4 300
CCG;06N;E38000079;NHS Herts Valley CCG;55;55;225 422;;209 336;8 295;7 791
CCG;06Q;E38000106;NHS Mid Essex CCG;42;39;148 398;;141 086;3 544;3 768
CCG;06T;E38000117;NHS North East Essex CCG;33;32;155 023;;144 487;6 797;3 739
CCG;07G;E38000185;NHS Thurrock CCG;27;27;66 460;;62 216;1 172;3 072
CCG;07H;E38000197;NHS West Essex CCG;30;30;112 346;;105 878;3 574;2 894
CCG;07K;E38000204;NHS West Suffolk CCG;24;24;103 459;;96 344;2 012;5 103
CCG;09D;E38000021;NHS Brighton and Hove CCG;34;34;117 666;;110 551;3 427;3 688
CCG;10Q;E38000136;NHS Oxfordshire CCG;67;67;312 082;;282 551;18 269;11 262
CCG;10R;E38000137;NHS Portsmouth CCG;13;13;74 108;;69 774;2 448;1 886
CCG;11J;E38000045;NHS Dorset CCG;77;77;345 527;;328 417;8 399;8 711
CCG;11M;E38000062;NHS Gloucestershire CCG;73;72;289 395;;275 149;7 183;7 063
CCG;11N;E38000089;NHS Kernow CCG;58;58;303 401;;281 443;8 458;13 500
CCG;11X;E38000150;NHS Somerset CCG;65;62;210 212;;189 572;9 355;11 285
CCG;12F;E38000208;NHS Wirral CCG;47;47;160 996;;147 795;6 941;6 260
CCG;13T;E38000212;NHS Newcastle Gateshead CCG;60;60;208 147;;192 660;8 269;7 218
CCG;14L;E38000217;NHS Manchester CCG;85;84;227 372;;205 415;13 644;8 313
CCG;14Y;E38000223;NHS Buckinghamshire CCG;48;48;204 506;;192 013;5 733;6 760
CCG;15A;E38000221;NHS Berkshire West CCG;45;44;207 695;;189 281;7 167;11 247
CCG;15C;E38000222;NHS Bristol, North Somerset and South Gloucestershire CCG;78;77;392 750;;365 151;16 728;10 871
CCG;15E;E38000220;NHS Birmingham and Solihull CCG;162;159;504 951;;460 503;24 528;19 920
CCG;15F;E38000225;NHS Leeds CCG;92;92;375 873;;350 249;12 004;13 620
CCG;15M;E38000229;NHS Derby and Derbyshire CCG;112;112;462 994;;432 350;11 910;18 734
CCG;15N;E38000230;NHS Devon CCG;123;121;607 220;;564 402;22 062;20 756
CCG;16C;E38000247;NHS Tees Valley CCG;81;79;311 406;;284 830;9 988;16 588
CCG;18C;E38000236;NHS Herefordshire CCG;81;80;365 125;;343 729;13 447;7 949
CCG;26A;E38000239;NHS Norfolk and Waveney CCG;106;104;489 252;;457 560;13 043;18 649
CCG;27D;E38000233;NHS Cheshire CCG;79;79;306 900;;278 142;13 986;14 772
CCG;36J;E38000232;NHS Bradford District and Craven CCG;71;69;313 720;;291 647;7 941;14 132
CCG;36L;E38000245;NHS South West London CCG;183;180;579 859;;533 403;26 909;19 547
CCG;42D;E38000241;NHS North Yorkshire CCG;51;51;201 467;;190 730;4 539;6 198
CCG;52R;E38000243;NHS Nottingham and Nottinghamshire CCG;127;125;463 174;;434 056;14 662;14 456
CCG;70F;E38000248;NHS West Sussex CCG;78;78;353 741;;331 959;9 931;11 851
CCG;71E;E38000238;NHS Lincolnshire CCG;85;85;321 940;;300 371;9 711;11 858
CCG;72Q;E38000244;NHS South East London CCG;209;200;645 027;;580 152;33 955;30 920
CCG;78H;E38000242;NHS Northamptonshire CCG;69;68;307 135;;291 910;7 335;7 890
CCG;84H;E38000234;NHS County Durham CCG;61;61;293 289;;276 038;7 873;9 378
CCG;91Q;E38000237;NHS Kent and Medway CCG;197;196;726 753;;669 147;27 855;29 751
CCG;92A;E38000246;NHS Surrey Heartlands CCG;104;103;386 978;;360 016;14 696;12 266
CCG;92G;E38000231;NHS Bath and North East Somerset, Swindon and Wiltshire CCG;91;90;429 859;;402 654;11 066;16 139
CCG;93C;E38000240;NHS North Central London CCG;190;183;541 355;;500 832;23 880;16 643
CCG;97R;E38000235;NHS East Sussex CCG;54;54;245 005;;224 004;13 051;7 950
CCG;99A;E38000101;NHS Liverpool CCG;87;85;215 722;;196 423;11 265;8 034
CCG;99C;E38000127;NHS North Tyneside CCG;26;25;89 857;;84 413;3 339;2 105
CCG;99E;E38000007;NHS Basildon and Brentwood CCG;35;35;97 752;;91 726;2 061;3 965
CCG;99F;E38000030;NHS Castle Point and Rochford CCG;23;23;68 975;;64 273;1 425;3 277
CCG;99G;E38000168;NHS Southend CCG;26;25;71 250;;64 995;1 787;4 468
CCG;A3A8R;E38000255;NHS North East London CCG;280;276;747 200;;681 278;37 090;28 832
CCG;B2M3M;E38000251;NHS Coventry and Warwickshire CCG;122;121;389 234;;359 278;19 571;10 385
CCG;D2P2L;E38000250;NHS Black Country and West Birmingham CCG;207;207;549 419;;488 327;31 352;29 740
CCG;D4U1Y;E38000252;NHS Frimley CCG;73;71;289 526;;272 404;10 402;6 720
CCG;D9Y0V;E38000253;NHS Hampshire, Southampton and Isle of Wight CCG;135;135;653 673;;613 931;21 141;18 601
CCG;M1J4Y;E38000249;NHS Bedfordshire, Luton and Milton Keynes CCG;99;96;381 349;;356 739;11 374;13 236
CCG;M2L0M;E38000257;NHS Shropshire and Telford and Wrekin CCG;53;51;206 713;;192 047;8 085;6 581
CCG;W2U3Z;E38000256;NHS North West London CCG;352;349;903 612;;836 359;33 162;34 091
CCG;X2C4Y;E38000254;NHS Kirklees CCG;65;64;185 958;;176 202;4 631;5 125
;;;;;;;;;;
;;;;;;;;;;
;;;;;;;;;;
;;;;;;;;;;
;;;;;;;;;;
;;;;;;;;;;
;;;;;;;;;;
;;;;;;;;;;
;;;;;;;;;;
;;;;;;;;;;
;;;;;;;;;;
;;;;;;;;;;
;;;;;;;;;;
;;;;;;;;;;
;;;;;;;;;;
;;;;;;;;;;
;;;;;;;;;;
;;;;;;;;;;
;;;;;;;;;;
;;;;;;;;;;
;;;;;;;;;;
;;;;;;;;;;
;;;;;;;;;;
;;;;;;;;;;
;;;;;;;;;;
;;;;;;;;;;
;;;;;;;;;;
;;;;;;;;;;
;;;;;;;;;;
;;;;;;;;;;
;;;;;;;;;;
;;;;;;;;;;
Notes:;;;;;;;;;;
1;CCGs are only included if there is data for more than one practice within the CCG, therefore the total count of open GP practices by CCG may not equal the national total;;;;;;;;;
2;"At the time of the appointment a ‘Booked’ status will usually be changed to either ‘Attended’ or ‘DNA’. In some cases (4-7% of monthly appointments), the final status of an appointment remains as ‘Booked’. It is not known from the data whether these appointments were actually attended or not. From a sample audit these were found to be consultations where the status has not been updated to say if patients had attended or not. 
For this reason, these appointments are reported as ""Unknown"" status";;;;;;;;;
_;See 'Coronavirus Impact' tab for further information;;;;;;;;;
Copyright © 2021 Health and Social Care Information Centre. The Health and Social Care Information Centre is a non-departmental body created by statute, also known as NHS Digital.;;;;;;;;;;
;;;;;;;;;;
;;;;;;;;;;
;;;;;;;;;;
;;;;;;;;;;
;;;;;;;;;;
;;;;;;;;;;
;;;;;;;;;;
;;;;;;;;;;
;;;;;;;;;;
;;;;;;;;;;
;;;;;;;;;;
;;;;;;;;;;
;;;;;;;;;;
;;;;;;;;;;
;;;;;;;;;;
;;;;;;;;;;
;;;;;;;;;;
;;;;;;;;;;
;;;;;;;;;;
;;;;;;;;;;
;;;;;;;;;;
;;;;;;;;;;
;;;;;;;;;;
;;;;;;;;;;
;;;;;;;;;;
;;;;;;;;;;
;;;;;;;;;;
;;;;;;;;;;
;;;;;;;;;;
;;;;;;;;;;
;;;;;;;;;;
;;;;;;;;;;
;;;;;;;;;;
;;;;;;;;;;
;;;;;;;;;;
;;;;;;;;;;
;;;;;;;;;;
;;;;;;;;;;
;;;;;;;;;;
;;;;;;;;;;
;;;;;;;;;;
;;;;;;;;;;
;;;;;;;;;;
;;;;;;;;;;
;;;;;;;;;;
;;;;;;;;;;
;;;;;;;;;;
;;;;;;;;;;
;;;;;;;;;;
;;;;;;;;;;
;;;;;;;;;;
;;;;;;;;;;
;;;;;;;;;;
;;;;;;;;;;
;;;;;;;;;;
;;;;;;;;;;
;;;;;;;;;;
;;;;;;;;;;
;;;;;;;;;;
;;;;;;;;;;
;;;;;;;;;;
;;;;;;;;;;
;;;;;;;;;;
;;;;;;;;;;
;;;;;;;;;;
;;;;;;;;;;
;;;;;;;;;;
;;;;;;;;;;
;;;;;;;;;;
;;;;;;;;;;
;;;;;;;;;;
;;;;;;;;;;
;;;;;;;;;;
;;;;;;;;;;
;;;;;;;;;;
;;;;;;;;;;
;;;;;;;;;;
;;;;;;;;;;
;;;;;;;;;;
;;;;;;;;;;
;;;;;;;;;;
;;;;;;;;;;
;;;;;;;;;;
;;;;;;;;;;
;;;;;;;;;;
;;;;;;;;;;
;;;;;;;;;;
;;;;;;;;;;
;;;;;;;;;;
;;;;;;;;;;
;;;;;;;;;;
;;;;;;;;;;
;;;;;;;;;;
;;;;;;;;;;
;;;;;;;;;;
;;;;;;;;;;
;;;;;;;;;;
;;;;;;;;;;
;;;;;;;;;;
;;;;;;;;;;
;;;;;;;;;;
;;;;;;;;;;
;;;;;;;;;;
;;;;;;;;;;
;;;;;;;;;;
;;;;;;;;;;
;;;;;;;;;;
;;;;;;;;;;
;;;;;;;;;;
;;;;;;;;;;
;;;;;;;;;;
;;;;;;;;;;
;;;;;;;;;;
;;;;;;;;;;
;;;;;;;;;;
;;;;;;;;;;
;;;;;;;;;;
;;;;;;;;;;
;;;;;;;;;;
;;;;;;;;;;
;;;;;;;;;;
;;;;;;;;;;
;;;;;;;;;;
;;;;;;;;;;
;;;;;;;;;;
;;;;;;;;;;
;;;;;;;;;;
;;;;;;;;;;
;;;;;;;;;;
;;;;;;;;;;
;;;;;;;;;;
;;;;;;;;;;
;;;;;;;;;;
;;;;;;;;;;
;;;;;;;;;;
;;;;;;;;;;
;;;;;;;;;;
;;;;;;;;;;
;;;;;;;;;;
;;;;;;;;;;
;;;;;;;;;;
;;;;;;;;;;
;;;;;;;;;;
;;;;;;;;;;
;;;;;;;;;;
;;;;;;;;;;
;;;;;;;;;;
;;;;;;;;;;
;;;;;;;;;;
;;;;;;;;;;
;;;;;;;;;;
;;;;;;;;;;
;;;;;;;;;;
;;;;;;;;;;
;;;;;;;;;;
;;;;;;;;;;
;;;;;;;;;;
;;;;;;;;;;
;;;;;;;;;;
;;;;;;;;;;
;;;;;;;;;;
;;;;;;;;;;
;;;;;;;;;;
;;;;;;;;;;
;;;;;;;;;;
;;;;;;;;;;
;;;;;;;;;;
;;;;;;;;;;
;;;;;;;;;;
;;;;;;;;;;
;;;;;;;;;;
;;;;;;;;;;
;;;;;;;;;;
;;;;;;;;;;
;;;;;;;;;;
;;;;;;;;;;
;;;;;;;;;;
;;;;;;;;;;
;;;;;;;;;;
;;;;;;;;;;
;;;;;;;;;;
;;;;;;;;;;
;;;;;;;;;;
;;;;;;;;;;
;;;;;;;;;;
;;;;;;;;;;
;;;;;;;;;;
;;;;;;;;;;
;;;;;;;;;;
;;;;;;;;;;
;;;;;;;;;;
;;;;;;;;;;
;;;;;;;;;;
;;;;;;;;;;
;;;;;;;;;;
;;;;;;;;;;
;;;;;;;;;;
;;;;;;;;;;
;;;;;;;;;;
;;;;;;;;;;
;;;;;;;;;;
;;;;;;;;;;
;;;;;;;;;;
;;;;;;;;;;
;;;;;;;;;;
;;;;;;;;;;
;;;;;;;;;;
;;;;;;;;;;
;;;;;;;;;;
;;;;;;;;;;
;;;;;;;;;;
;;;;;;;;;;
;;;;;;;;;;
;;;;;;;;;;
;;;;;;;;;;
;;;;;;;;;;
;;;;;;;;;;
;;;;;;;;;;
;;;;;;;;;;
;;;;;;;;;;
;;;;;;;;;;
;;;;;;;;;;
;;;;;;;;;;
;;;;;;;;;;
;;;;;;;;;;
;;;;;;;;;;
;;;;;;;;;;
;;;;;;;;;;
;;;;;;;;;;
;;;;;;;;;;
;;;;;;;;;;
;;;;;;;;;;
;;;;;;;;;;
;;;;;;;;;;
;;;;;;;;;;
;;;;;;;;;;
;;;;;;;;;;
;;;;;;;;;;
;;;;;;;;;;
;;;;;;;;;;
;;;;;;;;;;
;;;;;;;;;;
;;;;;;;;;;
;;;;;;;;;;
;;;;;;;;;;
;;;;;;;;;;
;;;;;;;;;;
;;;;;;;;;;
;;;;;;;;;;
;;;;;;;;;;
;;;;;;;;;;
;;;;;;;;;;
;;;;;;;;;;
;;;;;;;;;;
;;;;;;;;;;
;;;;;;;;;;
;;;;;;;;;;
;;;;;;;;;;
;;;;;;;;;;
;;;;;;;;;;
;;;;;;;;;;
;;;;;;;;;;
;;;;;;;;;;
;;;;;;;;;;
;;;;;;;;;;
;;;;;;;;;;
;;;;;;;;;;
;;;;;;;;;;
;;;;;;;;;;
;;;;;;;;;;
;;;;;;;;;;
;;;;;;;;;;
;;;;;;;;;;
;;;;;;;;;;
;;;;;;;;;;
;;;;;;;;;;
;;;;;;;;;;
;;;;;;;;;;
;;;;;;;;;;
;;;;;;;;;;
;;;;;;;;;;
;;;;;;;;;;
;;;;;;;;;;
;;;;;;;;;;
;;;;;;;;;;
;;;;;;;;;;
;;;;;;;;;;
;;;;;;;;;;
;;;;;;;;;;
;;;;;;;;;;
;;;;;;;;;;
;;;;;;;;;;
;;;;;;;;;;
;;;;;;;;;;
;;;;;;;;;;
;;;;;;;;;;
;;;;;;;;;;
;;;;;;;;;;
;;;;;;;;;;
;;;;;;;;;;
;;;;;;;;;;
;;;;;;;;;;
;;;;;;;;;;
;;;;;;;;;;
;;;;;;;;;;
;;;;;;;;;;
;;;;;;;;;;
;;;;;;;;;;
;;;;;;;;;;
;;;;;;;;;;
;;;;;;;;;;
;;;;;;;;;;
;;;;;;;;;;
;;;;;;;;;;
;;;;;;;;;;
;;;;;;;;;;
;;;;;;;;;;
;;;;;;;;;;
;;;;;;;;;;
;;;;;;;;;;
;;;;;;;;;;
;;;;;;;;;;
;;;;;;;;;;
;;;;;;;;;;
;;;;;;;;;;
;;;;;;;;;;
;;;;;;;;;;
;;;;;;;;;;
;;;;;;;;;;
;;;;;;;;;;
;;;;;;;;;;
;;;;;;;;;;
;;;;;;;;;;
;;;;;;;;;;
;;;;;;;;;;
;;;;;;;;;;
;;;;;;;;;;
;;;;;;;;;;
;;;;;;;;;;
;;;;;;;;;;
;;;;;;;;;;
;;;;;;;;;;
;;;;;;;;;;
;;;;;;;;;;
;;;;;;;;;;
;;;;;;;;;;
;;;;;;;;;;
;;;;;;;;;;
;;;;;;;;;;
;;;;;;;;;;
;;;;;;;;;;
;;;;;;;;;;
;;;;;;;;;;
;;;;;;;;;;
;;;;;;;;;;
;;;;;;;;;;
;;;;;;;;;;
;;;;;;;;;;
;;;;;;;;;;
;;;;;;;;;;
;;;;;;;;;;
;;;;;;;;;;
;;;;;;;;;;
;;;;;;;;;;
;;;;;;;;;;
;;;;;;;;;;
;;;;;;;;;;
;;;;;;;;;;
;;;;;;;;;;
;;;;;;;;;;
;;;;;;;;;;
;;;;;;;;;;
;;;;;;;;;;
;;;;;;;;;;
;;;;;;;;;;
;;;;;;;;;;
;;;;;;;;;;
;;;;;;;;;;
;;;;;;;;;;
;;;;;;;;;;
;;;;;;;;;;
;;;;;;;;;;
;;;;;;;;;;
;;;;;;;;;;
;;;;;;;;;;
;;;;;;;;;;
;;;;;;;;;;
;;;;;;;;;;
;;;;;;;;;;
;;;;;;;;;;
;;;;;;;;;;
;;;;;;;;;;
;;;;;;;;;;
;;;;;;;;;;
;;;;;;;;;;
;;;;;;;;;;
;;;;;;;;;;
;;;;;;;;;;
;;;;;;;;;;
;;;;;;;;;;
;;;;;;;;;;
;;;;;;;;;;
;;;;;;;;;;
;;;;;;;;;;
;;;;;;;;;;
;;;;;;;;;;
;;;;;;;;;;
;;;;;;;;;;
;;;;;;;;;;
;;;;;;;;;;
;;;;;;;;;;
;;;;;;;;;;
;;;;;;;;;;
;;;;;;;;;;
;;;;;;;;;;
;;;;;;;;;;
;;;;;;;;;;
;;;;;;;;;;
;;;;;;;;;;
;;;;;;;;;;
;;;;;;;;;;
;;;;;;;;;;
;;;;;;;;;;
;;;;;;;;;;
;;;;;;;;;;
;;;;;;;;;;
;;;;;;;;;;
;;;;;;;;;;
;;;;;;;;;;
;;;;;;;;;;
;;;;;;;;;;
;;;;;;;;;;
;;;;;;;;;;
;;;;;;;;;;
;;;;;;;;;;
;;;;;;;;;;
;;;;;;;;;;
;;;;;;;;;;
;;;;;;;;;;
;;;;;;;;;;
;;;;;;;;;;
;;;;;;;;;;
;;;;;;;;;;
;;;;;;;;;;
;;;;;;;;;;
;;;;;;;;;;
;;;;;;;;;;
;;;;;;;;;;
;;;;;;;;;;
;;;;;;;;;;
;;;;;;;;;;
;;;;;;;;;;
;;;;;;;;;;
;;;;;;;;;;
;;;;;;;;;;
;;;;;;;;;;
;;;;;;;;;;
;;;;;;;;;;
;;;;;;;;;;
;;;;;;;;;;
;;;;;;;;;;
;;;;;;;;;;
;;;;;;;;;;
;;;;;;;;;;
;;;;;;;;;;
;;;;;;;;;;
;;;;;;;;;;
;;;;;;;;;;
;;;;;;;;;;
;;;;;;;;;;
;;;;;;;;;;
;;;;;;;;;;
;;;;;;;;;;
;;;;;;;;;;
;;;;;;;;;;
;;;;;;;;;;
;;;;;;;;;;
;;;;;;;;;;
;;;;;;;;;;
;;;;;;;;;;
;;;;;;;;;;
;;;;;;;;;;
;;;;;;;;;;
;;;;;;;;;;
;;;;;;;;;;
;;;;;;;;;;
;;;;;;;;;;
;;;;;;;;;;
;;;;;;;;;;
;;;;;;;;;;
;;;;;;;;;;
;;;;;;;;;;
;;;;;;;;;;
;;;;;;;;;;
;;;;;;;;;;
;;;;;;;;;;
;;;;;;;;;;
;;;;;;;;;;
;;;;;;;;;;
;;;;;;;;;;
;;;;;;;;;;
;;;;;;;;;;
;;;;;;;;;;
;;;;;;;;;;
;;;;;;;;;;
;;;;;;;;;;
;;;;;;;;;;
;;;;;;;;;;
;;;;;;;;;;
;;;;;;;;;;
;;;;;;;;;;
;;;;;;;;;;
;;;;;;;;;;
;;;;;;;;;;
;;;;;;;;;;
;;;;;;;;;;
;;;;;;;;;;
;;;;;;;;;;
;;;;;;;;;;
;;;;;;;;;;
;;;;;;;;;;
;;;;;;;;;;
;;;;;;;;;;
;;;;;;;;;;
;;;;;;;;;;
;;;;;;;;;;
;;;;;;;;;;
;;;;;;;;;;
;;;;;;;;;;
;;;;;;;;;;
;;;;;;;;;;
;;;;;;;;;;
;;;;;;;;;;
;;;;;;;;;;
;;;;;;;;;;
;;;;;;;;;;
;;;;;;;;;;
;;;;;;;;;;
;;;;;;;;;;
;;;;;;;;;;
;;;;;;;;;;
;;;;;;;;;;
;;;;;;;;;;
;;;;;;;;;;
;;;;;;;;;;
;;;;;;;;;;
;;;;;;;;;;
;;;;;;;;;;
;;;;;;;;;;
;;;;;;;;;;
;;;;;;;;;;
;;;;;;;;;;
;;;;;;;;;;
;;;;;;;;;;
;;;;;;;;;;
;;;;;;;;;;
;;;;;;;;;;
;;;;;;;;;;
;;;;;;;;;;
;;;;;;;;;;
;;;;;;;;;;
;;;;;;;;;;
;;;;;;;;;;
;;;;;;;;;;
;;;;;;;;;;
;;;;;;;;;;