Type,NHS_area_code,ONS_code,Name,Count_gp_appointments,Attended,Did_not_attend,Unknown,Month
Type,NHS Area Code,ONS Code,Name,Total,GP,Other Practice staff2,Unknown,September
Type,NHS Area Code,ONS Code,Name,Total,GP,Other_Prac,Unknown,September
National,ENG,ENG,England,28 467 147,14 454 510,13 104 258,908 379,September
Region,Y56,E40000003,London,4 120 922,2 458 879,1 594 921,67 122,September
Region,Y58,E40000006,South West,3 051 536,1 445 445,1 461 841,144 250,September
Region,Y59,E40000005,South East,4 355 952,2 324 938,1 941 553,89 461,September
Region,Y60,E40000008,Midlands,5 476 698,2 788 527,2 510 210,177 961,September
Region,Y61,E40000007,East of England,3 299 740,1 557 762,1 607 082,134 896,September
Region,Y62,E40000010,North West,3 517 791,1 804 129,1 601 446,112 216,September
Region,Y63,E40000009,North East and Yorkshire,4 644 508,2 074 830,2 387 205,182 473,September
STP,QE1,E54000048,Healthier Lancashire And South Cumbria  STP,884 382,411 506,454 041,18 835,September
STP,QF7,E54000009,South Yorkshire And Bassetlaw  STP,774 485,353 934,391 958,28 593,September
STP,QGH,E54000019,Herefordshire And Worcestershire  STP,465 245,244 152,214 590,6 503,September
STP,QH8,E54000026,Mid And South Essex  STP,557 309,271 172,266 885,19 252,September
STP,QHG,E54000024,"Bedfordshire, Luton And Milton Keynes  STP",461 687,222 556,220 923,18 208,September
STP,QHL,E54000017,Birmingham And Solihull  STP,613 198,358 080,243 509,11 609,September
STP,QHM,E54000050,Cumbria And North East  STP,1 648 231,745 484,842 245,60 502,September
STP,QJ2,E54000012,Joined Up Care Derbyshire  STP,548 148,276 814,244 017,27 317,September
STP,QJG,E54000023,Suffolk And North East Essex  STP,531 795,217 864,286 725,27 206,September
STP,QJK,E54000037,Devon  STP,720 240,327 812,354 000,38 428,September
STP,QJM,E54000013,Lincolnshire  STP,388 733,144 886,225 339,18 508,September
STP,QK1,E54000015,"Leicester, Leicestershire And Rutland  STP",603 916,295 556,282 606,25 754,September
STP,QKK,E54000030,Our Healthier South East London  STP,752 114,470 167,268 390,13 557,September
STP,QKS,E54000032,Kent And Medway  STP,883 944,465 554,402 323,16 067,September
STP,QM7,E54000025,Hertfordshire And West Essex  STP,703 117,394 550,287 888,20 679,September
STP,QMF,E54000029,East London Health And Care Partnership  STP,932 977,558 402,362 806,11 769,September
STP,QMJ,E54000028,North London Partners In Health And Care  STP,649 700,399 698,244 904,5 098,September
STP,QMM,E54000022,Norfolk And Waveney Health And Care Partnership  STP,559 935,231 520,301 145,27 270,September
STP,QNC,E54000010,Staffordshire And Stoke On Trent  STP,533 712,255 752,265 256,12 704,September
STP,QNQ,E54000034,Frimley Health And Care Ics  STP,375 809,221 316,154 148,345,September
STP,QNX,E54000053,Sussex Health And Care Partnership  STP,889 874,448 365,415 032,26 477,September
STP,QOC,E54000011,Shropshire And Telford And Wrekin  STP,246 799,126 426,116 087,4 286,September
STP,QOP,E54000007,Greater Manchester Health And Social Care Partnership  STP,1 326 165,704 854,580 641,40 670,September
STP,QOQ,E54000051,"Humber, Coast And Vale  STP",864 217,382 755,437 459,44 003,September
STP,QOX,E54000040,"Bath And North East Somerset, Swindon And Wiltshire  STP",501 166,231 291,250 363,19 512,September
STP,QPM,E54000020,Northamptonshire  STP,376 144,174 284,190 076,11 784,September
STP,QR1,E54000043,Gloucestershire  STP,337 541,171 385,148 985,17 171,September
STP,QRL,E54000042,Hampshire And The Isle Of Wight  STP,895 534,440 231,428 038,27 265,September
STP,QRV,E54000027,North West London Health And Care Partnership  STP,1 098 914,596 802,470 012,32 100,September
STP,QSL,E54000038,Somerset  STP,274 424,133 114,137 240,4 070,September
STP,QT1,E54000014,Nottingham And Nottinghamshire Health And Care  STP,548 322,268 554,249 894,29 874,September
STP,QT6,E54000036,Cornwall And The Isles Of Scilly Health And Social Care Partnership  STP,341 365,150 501,152 784,38 080,September
STP,QU9,E54000044,"Buckinghamshire, Oxfordshire And Berkshire West  STP",844 732,469 130,359 855,15 747,September
STP,QUA,E54000016,The Black Country And West Birmingham  STP,677 866,369 817,288 858,19 191,September
STP,QUE,E54000021,Cambridgeshire And Peterborough  STP,485 897,220 100,243 516,22 281,September
STP,QUY,E54000039,"Bristol, North Somerset And South Gloucestershire  STP",470 415,238 712,224 668,7 035,September
STP,QVV,E54000041,Dorset  STP,406 385,192 630,193 801,19 954,September
STP,QWE,E54000031,South West London Health And Care Partnership  STP,687 217,433 810,248 809,4 598,September
STP,QWO,E54000054,West Yorkshire And Harrogate (Health And Care Partnership)  STP,1 357 575,592 657,715 543,49 375,September
STP,QWU,E54000018,Coventry And Warwickshire  STP,474 615,274 206,189 978,10 431,September
STP,QXU,E54000052,Surrey Heartlands Health And Care Partnership  STP,466 059,280 342,182 157,3 560,September
STP,QYG,E54000008,Cheshire And Merseyside  STP,1 307 244,687 769,566 764,52 711,September
CCG,00L,E38000130,NHS Northumberland CCG,186 646,85 871,95 898,4 877,September
CCG,00N,E38000163,NHS South Tyneside CCG,74 908,31 607,38 734,4 567,September
CCG,00P,E38000176,NHS Sunderland CCG,144 163,66 441,74 718,3 004,September
CCG,00Q,E38000014,NHS Blackburn with Darwen CCG,88 278,46 825,41 141,312,September
CCG,00R,E38000015,NHS Blackpool CCG,92 174,39 242,47 863,5 069,September
CCG,00T,E38000016,NHS Bolton CCG,160 383,78 918,75 453,6 012,September
CCG,00V,E38000024,NHS Bury CCG,46 190,15 907,30 147,136,September
CCG,00X,E38000034,NHS Chorley and South Ribble CCG,92 200,42 515,46 248,3 437,September
CCG,00Y,E38000135,NHS Oldham CCG,114 101,57 383,53 188,3 530,September
CCG,01A,E38000050,NHS East Lancashire CCG,184 612,82 329,97 038,5 245,September
CCG,01D,E38000080,"NHS Heywood, Middleton and Rochdale CCG",109 474,60 815,46 928,1 731,September
CCG,01E,E38000227,NHS Greater Preston CCG,100 311,46 731,53 426,154,September
CCG,01F,E38000068,NHS Halton CCG,69 705,35 382,33 266,1 057,September
CCG,01G,E38000143,NHS Salford CCG,122 547,59 644,59 908,2 995,September
CCG,01H,E38000215,NHS North Cumbria CCG,189 213,87 692,95 488,6 033,September
CCG,01J,E38000091,NHS Knowsley CCG,75 741,41 681,32 818,1 242,September
CCG,01K,E38000228,NHS Morecambe Bay CCG,164 289,84 434,77 984,1 871,September
CCG,01T,E38000161,NHS South Sefton CCG,57 593,37 561,19 813,219,September
CCG,01V,E38000170,NHS Southport and Formby CCG,66 110,30 722,32 341,3 047,September
CCG,01W,E38000174,NHS Stockport CCG,169 280,97 943,63 504,7 833,September
CCG,01X,E38000172,NHS St Helens CCG,86 865,45 183,40 149,1 533,September
CCG,01Y,E38000182,NHS Tameside and Glossop CCG,115 974,52 109,62 009,1 856,September
CCG,02A,E38000187,NHS Trafford CCG,79 469,42 706,34 599,2 164,September
CCG,02E,E38000194,NHS Warrington CCG,103 327,57 481,42 758,3 088,September
CCG,02G,E38000200,NHS West Lancashire CCG,53 439,24 132,28 738,569,September
CCG,02H,E38000205,NHS Wigan Borough CCG,131 366,67 796,59 798,3 772,September
CCG,02M,E38000226,NHS Fylde and Wyre CCG,109 079,45 298,61 603,2 178,September
CCG,02P,E38000006,NHS Barnsley CCG,123 113,56 016,64 816,2 281,September
CCG,02Q,E38000008,NHS Bassetlaw CCG,61 264,32 551,27 148,1 565,September
CCG,02T,E38000025,NHS Calderdale CCG,113 183,45 335,63 794,4 054,September
CCG,02X,E38000044,NHS Doncaster CCG,151 380,60 308,87 296,3 776,September
CCG,02Y,E38000052,NHS East Riding of Yorkshire CCG,143 238,63 218,71 295,8 725,September
CCG,03F,E38000085,NHS Hull CCG,128 742,55 393,66 973,6 376,September
CCG,03H,E38000119,NHS North East Lincolnshire CCG,102 455,37 837,61 207,3 411,September
CCG,03K,E38000122,NHS North Lincolnshire CCG,97 012,40 829,53 390,2 793,September
CCG,03L,E38000141,NHS Rotherham CCG,152 549,65 741,78 113,8 695,September
CCG,03N,E38000146,NHS Sheffield CCG,286 179,139 318,134 585,12 276,September
CCG,03Q,E38000188,NHS Vale of York CCG,156 576,71 865,73 562,11 149,September
CCG,03R,E38000190,NHS Wakefield CCG,205 395,88 502,110 052,6 841,September
CCG,03W,E38000051,NHS East Leicestershire and Rutland CCG,185 720,84 464,92 909,8 347,September
CCG,04C,E38000097,NHS Leicester City CCG,204 154,110 389,83 704,10 061,September
CCG,04V,E38000201,NHS West Leicestershire CCG,214 042,100 703,105 993,7 346,September
CCG,04Y,E38000028,NHS Cannock Chase CCG,67 746,30 640,35 477,1 629,September
CCG,05D,E38000053,NHS East Staffordshire CCG,66 737,35 780,27 865,3 092,September
CCG,05G,E38000126,NHS North Staffordshire CCG,99 399,50 286,46 981,2 132,September
CCG,05Q,E38000153,NHS South East Staffordshire and Seisdon Peninsula CCG,95 188,44 156,49 176,1 856,September
CCG,05V,E38000173,NHS Stafford and Surrounds CCG,78 682,32 792,44 086,1 804,September
CCG,05W,E38000175,NHS Stoke on Trent CCG,125 960,62 098,61 671,2 191,September
CCG,06H,E38000026,NHS Cambridgeshire and Peterborough CCG,485 897,220 100,243 516,22 281,September
CCG,06K,E38000049,NHS East and North Hertfordshire CCG,271 667,137 923,123 530,10 214,September
CCG,06L,E38000086,NHS Ipswich and East Suffolk CCG,224 555,83 578,127 888,13 089,September
CCG,06N,E38000079,NHS Herts Valley CCG,298 425,187 785,103 385,7 255,September
CCG,06Q,E38000106,NHS Mid Essex CCG,190 381,88 330,96 750,5 301,September
CCG,06T,E38000117,NHS North East Essex CCG,182 659,69 793,106 343,6 523,September
CCG,07G,E38000185,NHS Thurrock CCG,87 054,36 321,43 981,6 752,September
CCG,07H,E38000197,NHS West Essex CCG,133 025,68 842,60 973,3 210,September
CCG,07K,E38000204,NHS West Suffolk CCG,124 581,64 493,52 494,7 594,September
CCG,09D,E38000021,NHS Brighton and Hove CCG,133 827,71 179,57 024,5 624,September
CCG,10Q,E38000136,NHS Oxfordshire CCG,350 847,202 666,141 572,6 609,September
CCG,10R,E38000137,NHS Portsmouth CCG,83 800,33 532,47 305,2 963,September
CCG,11J,E38000045,NHS Dorset CCG,406 385,192 630,193 801,19 954,September
CCG,11M,E38000062,NHS Gloucestershire CCG,337 541,171 385,148 985,17 171,September
CCG,11N,E38000089,NHS Kernow CCG,341 365,150 501,152 784,38 080,September
CCG,11X,E38000150,NHS Somerset CCG,274 424,133 114,137 240,4 070,September
CCG,12F,E38000208,NHS Wirral CCG,216 325,99 589,102 969,13 767,September
CCG,13T,E38000212,NHS Newcastle Gateshead CCG,267 631,123 714,136 468,7 449,September
CCG,14L,E38000217,NHS Manchester CCG,277 381,171 633,95 107,10 641,September
CCG,14Y,E38000223,NHS Buckinghamshire CCG,244 981,138 511,102 661,3 809,September
CCG,15A,E38000221,NHS Berkshire West CCG,248 904,127 953,115 622,5 329,September
CCG,15C,E38000222,"NHS Bristol, North Somerset and South Gloucestershire CCG",470 415,238 712,224 668,7 035,September
CCG,15E,E38000220,NHS Birmingham and Solihull CCG,613 198,358 080,243 509,11 609,September
CCG,15F,E38000225,NHS Leeds CCG,419 854,216 091,187 734,16 029,September
CCG,15M,E38000229,NHS Derby and Derbyshire CCG,548 148,276 814,244 017,27 317,September
CCG,15N,E38000230,NHS Devon CCG,720 240,327 812,354 000,38 428,September
CCG,16C,E38000247,NHS Tees Valley CCG,352 141,161 848,174 294,15 999,September
CCG,18C,E38000236,NHS Herefordshire CCG,465 245,244 152,214 590,6 503,September
CCG,26A,E38000239,NHS Norfolk and Waveney CCG,559 935,231 520,301 145,27 270,September
CCG,27D,E38000233,NHS Cheshire CCG,386 359,197 939,184 150,4 270,September
CCG,36J,E38000232,NHS Bradford District and Craven CCG,370 845,145 369,207 878,17 598,September
CCG,36L,E38000245,NHS South West London CCG,687 217,433 810,248 809,4 598,September
CCG,42D,E38000241,NHS North Yorkshire CCG,236 194,113 613,111 032,11 549,September
CCG,52R,E38000243,NHS Nottingham and Nottinghamshire CCG,548 322,268 554,249 894,29 874,September
CCG,70F,E38000248,NHS West Sussex CCG,460 040,226 202,218 870,14 968,September
CCG,71E,E38000238,NHS Lincolnshire CCG,388 733,144 886,225 339,18 508,September
CCG,72Q,E38000244,NHS South East London CCG,752 114,470 167,268 390,13 557,September
CCG,78H,E38000242,NHS Northamptonshire CCG,376 144,174 284,190 076,11 784,September
CCG,84H,E38000234,NHS County Durham CCG,323 608,133 005,175 926,14 677,September
CCG,91Q,E38000237,NHS Kent and Medway CCG,883 944,465 554,402 323,16 067,September
CCG,92A,E38000246,NHS Surrey Heartlands CCG,466 059,280 342,182 157,3 560,September
CCG,92G,E38000231,"NHS Bath and North East Somerset, Swindon and Wiltshire CCG",501 166,231 291,250 363,19 512,September
CCG,93C,E38000240,NHS North Central London CCG,649 700,399 698,244 904,5 098,September
CCG,97R,E38000235,NHS East Sussex CCG,296 007,150 984,139 138,5 885,September
CCG,99A,E38000101,NHS Liverpool CCG,245 219,142 231,78 500,24 488,September
CCG,99C,E38000127,NHS North Tyneside CCG,109 921,55 306,50 719,3 896,September
CCG,99E,E38000007,NHS Basildon and Brentwood CCG,126 726,64 259,58 439,4 028,September
CCG,99F,E38000030,NHS Castle Point and Rochford CCG,81 057,42 747,36 506,1 804,September
CCG,99G,E38000168,NHS Southend CCG,72 091,39 515,31 209,1 367,September
CCG,A3A8R,E38000255,NHS North East London CCG,932 977,558 402,362 806,11 769,September
CCG,B2M3M,E38000251,NHS Coventry and Warwickshire CCG,474 615,274 206,189 978,10 431,September
CCG,D2P2L,E38000250,NHS Black Country and West Birmingham CCG,677 866,369 817,288 858,19 191,September
CCG,D4U1Y,E38000252,NHS Frimley CCG,375 809,221 316,154 148,345,September
CCG,D9Y0V,E38000253,"NHS Hampshire, Southampton and Isle of Wight CCG",811 734,406 699,380 733,24 302,September
CCG,M1J4Y,E38000249,"NHS Bedfordshire, Luton and Milton Keynes CCG",461 687,222 556,220 923,18 208,September
CCG,M2L0M,E38000257,NHS Shropshire and Telford and Wrekin CCG,246 799,126 426,116 087,4 286,September
