Type,NHS_area_code,ONS_code,Name,Count_gp_appointments,Attended,Did_not_attend,Unknown,Month
National,ENG,ENG,England,23 423 419,21 700 480,872 229,850 710,May
Region,Y56,E40000003,London,3 417 053,3 132 024,154 996,130 033,May
Region,Y58,E40000006,South West,2 578 364,2 406 788,83 251,88 325,May
Region,Y59,E40000005,South East,3 571 733,3 315 631,134 120,121 982,May
Region,Y60,E40000008,Midlands,4 477 083,4 141 574,176 285,159 224,May
Region,Y61,E40000007,East of England,2 718 380,2 546 992,75 409,95 979,May
Region,Y62,E40000010,North West,2 760 575,2 516 232,127 514,116 829,May
Region,Y63,E40000009,North East and Yorkshire,3 900 231,3 641 239,120 654,138 338,May
STP,QE1,E54000048,Healthier Lancashire And South Cumbria  STP,668 763,618 718,27 122,22 923,May
STP,QF7,E54000009,South Yorkshire And Bassetlaw  STP,647 738,602 768,22 594,22 376,May
STP,QGH,E54000019,Herefordshire And Worcestershire  STP,365 125,343 729,13 447,7 949,May
STP,QH8,E54000026,Mid And South Essex  STP,452 835,424 296,9 989,18 550,May
STP,QHG,E54000024,"Bedfordshire, Luton And Milton Keynes  STP",381 349,356 739,11 374,13 236,May
STP,QHL,E54000017,Birmingham And Solihull  STP,504 951,460 503,24 528,19 920,May
STP,QHM,E54000050,Cumbria And North East  STP,1 376 690,1 278 542,45 153,52 995,May
STP,QJ2,E54000012,Joined Up Care Derbyshire  STP,462 994,432 350,11 910,18 734,May
STP,QJG,E54000023,Suffolk And North East Essex  STP,434 550,409 424,11 984,13 142,May
STP,QJK,E54000037,Devon  STP,607 220,564 402,22 062,20 756,May
STP,QJM,E54000013,Lincolnshire  STP,321 940,300 371,9 711,11 858,May
STP,QK1,E54000015,"Leicester, Leicestershire And Rutland  STP",489 783,460 167,14 721,14 895,May
STP,QKK,E54000030,Our Healthier South East London  STP,645 027,580 152,33 955,30 920,May
STP,QKS,E54000032,Kent And Medway  STP,726 753,669 147,27 855,29 751,May
STP,QM7,E54000025,Hertfordshire And West Essex  STP,560 373,521 866,17 789,20 718,May
STP,QMF,E54000029,East London Health And Care Partnership  STP,747 200,681 278,37 090,28 832,May
STP,QMJ,E54000028,North London Partners In Health And Care  STP,541 355,500 832,23 880,16 643,May
STP,QMM,E54000022,Norfolk And Waveney Health And Care Partnership  STP,489 252,457 560,13 043,18 649,May
STP,QNC,E54000010,Staffordshire And Stoke On Trent  STP,416 615,378 836,20 963,16 816,May
STP,QNQ,E54000034,Frimley Health And Care Ics  STP,289 526,272 404,10 402,6 720,May
STP,QNX,E54000053,Sussex Health And Care Partnership  STP,716 412,666 514,26 409,23 489,May
STP,QOC,E54000011,Shropshire And Telford And Wrekin  STP,206 713,192 047,8 085,6 581,May
STP,QOP,E54000007,Greater Manchester Health And Social Care Partnership  STP,1 042 543,935 880,55 240,51 423,May
STP,QOQ,E54000051,"Humber, Coast And Vale  STP",740 537,696 836,21 663,22 038,May
STP,QOX,E54000040,"Bath And North East Somerset, Swindon And Wiltshire  STP",429 859,402 654,11 066,16 139,May
STP,QPM,E54000020,Northamptonshire  STP,307 135,291 910,7 335,7 890,May
STP,QR1,E54000043,Gloucestershire  STP,289 395,275 149,7 183,7 063,May
STP,QRL,E54000042,Hampshire And The Isle Of Wight  STP,727 781,683 705,23 589,20 487,May
STP,QRV,E54000027,North West London Health And Care Partnership  STP,903 612,836 359,33 162,34 091,May
STP,QSL,E54000038,Somerset  STP,210 212,189 572,9 355,11 285,May
STP,QT1,E54000014,Nottingham And Nottinghamshire Health And Care  STP,463 174,434 056,14 662,14 456,May
STP,QT6,E54000036,Cornwall And The Isles Of Scilly Health And Social Care Partnership  STP,303 401,281 443,8 458,13 500,May
STP,QU9,E54000044,"Buckinghamshire, Oxfordshire And Berkshire West  STP",724 283,663 845,31 169,29 269,May
STP,QUA,E54000016,The Black Country And West Birmingham  STP,549 419,488 327,31 352,29 740,May
STP,QUE,E54000021,Cambridgeshire And Peterborough  STP,400 021,377 107,11 230,11 684,May
STP,QUY,E54000039,"Bristol, North Somerset And South Gloucestershire  STP",392 750,365 151,16 728,10 871,May
STP,QVV,E54000041,Dorset  STP,345 527,328 417,8 399,8 711,May
STP,QWE,E54000031,South West London Health And Care Partnership  STP,579 859,533 403,26 909,19 547,May
STP,QWO,E54000054,West Yorkshire And Harrogate (Health And Care Partnership)  STP,1 135 266,1 063 093,31 244,40 929,May
STP,QWU,E54000018,Coventry And Warwickshire  STP,389 234,359 278,19 571,10 385,May
STP,QXU,E54000052,Surrey Heartlands Health And Care Partnership  STP,386 978,360 016,14 696,12 266,May
STP,QYG,E54000008,Cheshire And Merseyside  STP,1 049 269,961 634,45 152,42 483,May
CCG,00L,E38000130,NHS Northumberland CCG,148 804,141 797,3 519,3 488,May
CCG,00N,E38000163,NHS South Tyneside CCG,57 895,54 237,1 965,1 693,May
CCG,00P,E38000176,NHS Sunderland CCG,110 618,102 956,5 211,2 451,May
CCG,00Q,E38000014,NHS Blackburn with Darwen CCG,65 340,60 438,2 611,2 291,May
CCG,00R,E38000015,NHS Blackpool CCG,73 986,69 367,3 447,1 172,May
CCG,00T,E38000016,NHS Bolton CCG,122 916,110 361,6 983,5 572,May
CCG,00V,E38000024,NHS Bury CCG,36 605,26 818,2 577,7 210,May
CCG,00X,E38000034,NHS Chorley and South Ribble CCG,64 599,59 572,2 702,2 325,May
CCG,00Y,E38000135,NHS Oldham CCG,89 109,82 290,4 467,2 352,May
CCG,01A,E38000050,NHS East Lancashire CCG,138 536,127 016,5 573,5 947,May
CCG,01D,E38000080,"NHS Heywood, Middleton and Rochdale CCG",80 437,74 568,3 855,2 014,May
CCG,01E,E38000227,NHS Greater Preston CCG,74 610,68 799,2 776,3 035,May
CCG,01F,E38000068,NHS Halton CCG,50 115,45 350,2 273,2 492,May
CCG,01G,E38000143,NHS Salford CCG,107 759,94 371,5 824,7 564,May
CCG,01H,E38000215,NHS North Cumbria CCG,156 674,141 611,4 989,10 074,May
CCG,01J,E38000091,NHS Knowsley CCG,64 649,60 121,2 861,1 667,May
CCG,01K,E38000228,NHS Morecambe Bay CCG,129 108,120 529,5 004,3 575,May
CCG,01T,E38000161,NHS South Sefton CCG,48 395,45 437,1 631,1 327,May
CCG,01V,E38000170,NHS Southport and Formby CCG,48 702,45 522,1 389,1 791,May
CCG,01W,E38000174,NHS Stockport CCG,125 109,115 508,4 893,4 708,May
CCG,01X,E38000172,NHS St Helens CCG,64 638,59 380,2 638,2 620,May
CCG,01Y,E38000182,NHS Tameside and Glossop CCG,94 356,84 855,5 187,4 314,May
CCG,02A,E38000187,NHS Trafford CCG,62 054,54 992,3 597,3 465,May
CCG,02E,E38000194,NHS Warrington CCG,89 152,83 464,2 168,3 520,May
CCG,02G,E38000200,NHS West Lancashire CCG,42 638,39 942,1 440,1 256,May
CCG,02H,E38000205,NHS Wigan Borough CCG,96 826,86 702,4 213,5 911,May
CCG,02M,E38000226,NHS Fylde and Wyre CCG,79 946,73 055,3 569,3 322,May
CCG,02P,E38000006,NHS Barnsley CCG,105 968,97 575,3 887,4 506,May
CCG,02Q,E38000008,NHS Bassetlaw CCG,51 752,49 032,1 397,1 323,May
CCG,02T,E38000025,NHS Calderdale CCG,88 603,83 736,2 264,2 603,May
CCG,02X,E38000044,NHS Doncaster CCG,124 200,115 072,5 057,4 071,May
CCG,02Y,E38000052,NHS East Riding of Yorkshire CCG,130 417,122 280,4 539,3 598,May
CCG,03F,E38000085,NHS Hull CCG,104 943,97 709,4 589,2 645,May
CCG,03H,E38000119,NHS North East Lincolnshire CCG,85 164,80 010,2 392,2 762,May
CCG,03K,E38000122,NHS North Lincolnshire CCG,82 699,76 648,2 058,3 993,May
CCG,03L,E38000141,NHS Rotherham CCG,116 001,108 242,3 803,3 956,May
CCG,03N,E38000146,NHS Sheffield CCG,249 817,232 847,8 450,8 520,May
CCG,03Q,E38000188,NHS Vale of York CCG,135 847,129 459,3 546,2 842,May
CCG,03R,E38000190,NHS Wakefield CCG,171 112,161 259,4 404,5 449,May
CCG,03W,E38000051,NHS East Leicestershire and Rutland CCG,149 571,140 361,4 342,4 868,May
CCG,04C,E38000097,NHS Leicester City CCG,166 366,154 359,5 774,6 233,May
CCG,04V,E38000201,NHS West Leicestershire CCG,173 846,165 447,4 605,3 794,May
CCG,04Y,E38000028,NHS Cannock Chase CCG,50 754,45 379,2 359,3 016,May
CCG,05D,E38000053,NHS East Staffordshire CCG,56 865,50 962,2 021,3 882,May
CCG,05G,E38000126,NHS North Staffordshire CCG,75 577,69 513,2 799,3 265,May
CCG,05Q,E38000153,NHS South East Staffordshire and Seisdon Peninsula CCG,75 538,70 763,3 277,1 498,May
CCG,05V,E38000173,NHS Stafford and Surrounds CCG,60 071,56 215,1 994,1 862,May
CCG,05W,E38000175,NHS Stoke on Trent CCG,97 810,86 004,8 513,3 293,May
CCG,06H,E38000026,NHS Cambridgeshire and Peterborough CCG,400 021,377 107,11 230,11 684,May
CCG,06K,E38000049,NHS East and North Hertfordshire CCG,222 605,206 652,5 920,10 033,May
CCG,06L,E38000086,NHS Ipswich and East Suffolk CCG,176 068,168 593,3 175,4 300,May
CCG,06N,E38000079,NHS Herts Valley CCG,225 422,209 336,8 295,7 791,May
CCG,06Q,E38000106,NHS Mid Essex CCG,148 398,141 086,3 544,3 768,May
CCG,06T,E38000117,NHS North East Essex CCG,155 023,144 487,6 797,3 739,May
CCG,07G,E38000185,NHS Thurrock CCG,66 460,62 216,1 172,3 072,May
CCG,07H,E38000197,NHS West Essex CCG,112 346,105 878,3 574,2 894,May
CCG,07K,E38000204,NHS West Suffolk CCG,103 459,96 344,2 012,5 103,May
CCG,09D,E38000021,NHS Brighton and Hove CCG,117 666,110 551,3 427,3 688,May
CCG,10Q,E38000136,NHS Oxfordshire CCG,312 082,282 551,18 269,11 262,May
CCG,10R,E38000137,NHS Portsmouth CCG,74 108,69 774,2 448,1 886,May
CCG,11J,E38000045,NHS Dorset CCG,345 527,328 417,8 399,8 711,May
CCG,11M,E38000062,NHS Gloucestershire CCG,289 395,275 149,7 183,7 063,May
CCG,11N,E38000089,NHS Kernow CCG,303 401,281 443,8 458,13 500,May
CCG,11X,E38000150,NHS Somerset CCG,210 212,189 572,9 355,11 285,May
CCG,12F,E38000208,NHS Wirral CCG,160 996,147 795,6 941,6 260,May
CCG,13T,E38000212,NHS Newcastle Gateshead CCG,208 147,192 660,8 269,7 218,May
CCG,14L,E38000217,NHS Manchester CCG,227 372,205 415,13 644,8 313,May
CCG,14Y,E38000223,NHS Buckinghamshire CCG,204 506,192 013,5 733,6 760,May
CCG,15A,E38000221,NHS Berkshire West CCG,207 695,189 281,7 167,11 247,May
CCG,15C,E38000222,"NHS Bristol, North Somerset and South Gloucestershire CCG",392 750,365 151,16 728,10 871,May
CCG,15E,E38000220,NHS Birmingham and Solihull CCG,504 951,460 503,24 528,19 920,May
CCG,15F,E38000225,NHS Leeds CCG,375 873,350 249,12 004,13 620,May
CCG,15M,E38000229,NHS Derby and Derbyshire CCG,462 994,432 350,11 910,18 734,May
CCG,15N,E38000230,NHS Devon CCG,607 220,564 402,22 062,20 756,May
CCG,16C,E38000247,NHS Tees Valley CCG,311 406,284 830,9 988,16 588,May
CCG,18C,E38000236,NHS Herefordshire CCG,365 125,343 729,13 447,7 949,May
CCG,26A,E38000239,NHS Norfolk and Waveney CCG,489 252,457 560,13 043,18 649,May
CCG,27D,E38000233,NHS Cheshire CCG,306 900,278 142,13 986,14 772,May
CCG,36J,E38000232,NHS Bradford District and Craven CCG,313 720,291 647,7 941,14 132,May
CCG,36L,E38000245,NHS South West London CCG,579 859,533 403,26 909,19 547,May
CCG,42D,E38000241,NHS North Yorkshire CCG,201 467,190 730,4 539,6 198,May
CCG,52R,E38000243,NHS Nottingham and Nottinghamshire CCG,463 174,434 056,14 662,14 456,May
CCG,70F,E38000248,NHS West Sussex CCG,353 741,331 959,9 931,11 851,May
CCG,71E,E38000238,NHS Lincolnshire CCG,321 940,300 371,9 711,11 858,May
CCG,72Q,E38000244,NHS South East London CCG,645 027,580 152,33 955,30 920,May
CCG,78H,E38000242,NHS Northamptonshire CCG,307 135,291 910,7 335,7 890,May
CCG,84H,E38000234,NHS County Durham CCG,293 289,276 038,7 873,9 378,May
CCG,91Q,E38000237,NHS Kent and Medway CCG,726 753,669 147,27 855,29 751,May
CCG,92A,E38000246,NHS Surrey Heartlands CCG,386 978,360 016,14 696,12 266,May
CCG,92G,E38000231,"NHS Bath and North East Somerset, Swindon and Wiltshire CCG",429 859,402 654,11 066,16 139,May
CCG,93C,E38000240,NHS North Central London CCG,541 355,500 832,23 880,16 643,May
CCG,97R,E38000235,NHS East Sussex CCG,245 005,224 004,13 051,7 950,May
CCG,99A,E38000101,NHS Liverpool CCG,215 722,196 423,11 265,8 034,May
CCG,99C,E38000127,NHS North Tyneside CCG,89 857,84 413,3 339,2 105,May
CCG,99E,E38000007,NHS Basildon and Brentwood CCG,97 752,91 726,2 061,3 965,May
CCG,99F,E38000030,NHS Castle Point and Rochford CCG,68 975,64 273,1 425,3 277,May
CCG,99G,E38000168,NHS Southend CCG,71 250,64 995,1 787,4 468,May
CCG,A3A8R,E38000255,NHS North East London CCG,747 200,681 278,37 090,28 832,May
CCG,B2M3M,E38000251,NHS Coventry and Warwickshire CCG,389 234,359 278,19 571,10 385,May
CCG,D2P2L,E38000250,NHS Black Country and West Birmingham CCG,549 419,488 327,31 352,29 740,May
CCG,D4U1Y,E38000252,NHS Frimley CCG,289 526,272 404,10 402,6 720,May
CCG,D9Y0V,E38000253,"NHS Hampshire, Southampton and Isle of Wight CCG",653 673,613 931,21 141,18 601,May
CCG,M1J4Y,E38000249,"NHS Bedfordshire, Luton and Milton Keynes CCG",381 349,356 739,11 374,13 236,May
CCG,M2L0M,E38000257,NHS Shropshire and Telford and Wrekin CCG,206 713,192 047,8 085,6 581,May
CCG,W2U3Z,E38000256,NHS North West London CCG,903 612,836 359,33 162,34 091,May
CCG,X2C4Y,E38000254,NHS Kirklees CCG,185 958,176 202,4 631,5 125,May
