﻿;;;;;;;;;;;;;;;;;;
;;;;;;;;;;;;;;;;;;
;;;;;;;;;;;;;;;;;;
;;;;;;;;;;;;;;;;;;
;;;;;;;;;;;;;;;;;;
;;;;;;;;;;;;;;;;;;
;;;;;;;;;;;;;;;;;;
Return to Contents;;;;;;;;;;;;;;;;;;
_;;;;;;;;;;;;;;;;;;
Table 3b: Appointments by Health Care Professional Type, at National, Regional, STP and CCG level, England, September 2021;;;;;;;;;;;;;;;;;;
;;;;Count of Open GP Practices1;Count of Included GP Practices;Count of Appointments;;"Count of Appointments by 
Health Care Professional Type";;;;;;;;;;
Type;NHS Area Code;ONS Code;Name;;;Total;;GP;Other Practice staff2;Unknown;;;;;;;;
Type;NHS Area Code;ONS Code;Name;Open Active Practices;Included Practices;Total;_;GP;Other_Prac;Unknown;;;;;;;;
National;ENG;ENG;England;6 577;6 475;28 467 147;;14 454 510;13 104 258;908 379;;;;;;;;
Region;Y56;E40000003;London;1 205;1 182;4 120 922;;2 458 879;1 594 921;67 122;;;;;;;;
Region;Y58;E40000006;South West;556;550;3 051 536;;1 445 445;1 461 841;144 250;;;;;;;;
Region;Y59;E40000005;South East;841;835;4 355 952;;2 324 938;1 941 553;89 461;;;;;;;;
Region;Y60;E40000008;Midlands;1 290;1 280;5 476 698;;2 788 527;2 510 210;177 961;;;;;;;;
Region;Y61;E40000007;East of England;674;658;3 299 740;;1 557 762;1 607 082;134 896;;;;;;;;
Region;Y62;E40000010;North West;998;970;3 517 791;;1 804 129;1 601 446;112 216;;;;;;;;
Region;Y63;E40000009;North East and Yorkshire;1 013;1 000;4 644 508;;2 074 830;2 387 205;182 473;;;;;;;;
STP;QE1;E54000048;Healthier Lancashire And South Cumbria  STP;202;201;884 382;;411 506;454 041;18 835;;;;;;;;
STP;QF7;E54000009;South Yorkshire And Bassetlaw  STP;184;184;774 485;;353 934;391 958;28 593;;;;;;;;
STP;QGH;E54000019;Herefordshire And Worcestershire  STP;80;80;465 245;;244 152;214 590;6 503;;;;;;;;
STP;QH8;E54000026;Mid And South Essex  STP;152;148;557 309;;271 172;266 885;19 252;;;;;;;;
STP;QHG;E54000024;Bedfordshire, Luton And Milton Keynes  STP;98;96;461 687;;222 556;220 923;18 208;;;;;;;;
STP;QHL;E54000017;Birmingham And Solihull  STP;161;158;613 198;;358 080;243 509;11 609;;;;;;;;
STP;QHM;E54000050;Cumbria And North East  STP;361;356;1 648 231;;745 484;842 245;60 502;;;;;;;;
STP;QJ2;E54000012;Joined Up Care Derbyshire  STP;112;112;548 148;;276 814;244 017;27 317;;;;;;;;
STP;QJG;E54000023;Suffolk And North East Essex  STP;93;91;531 795;;217 864;286 725;27 206;;;;;;;;
STP;QJK;E54000037;Devon  STP;122;120;720 240;;327 812;354 000;38 428;;;;;;;;
STP;QJM;E54000013;Lincolnshire  STP;85;85;388 733;;144 886;225 339;18 508;;;;;;;;
STP;QK1;E54000015;Leicester, Leicestershire And Rutland  STP;133;131;603 916;;295 556;282 606;25 754;;;;;;;;
STP;QKK;E54000030;Our Healthier South East London  STP;207;200;752 114;;470 167;268 390;13 557;;;;;;;;
STP;QKS;E54000032;Kent And Medway  STP;195;195;883 944;;465 554;402 323;16 067;;;;;;;;
STP;QM7;E54000025;Hertfordshire And West Essex  STP;136;134;703 117;;394 550;287 888;20 679;;;;;;;;
STP;QMF;E54000029;East London Health And Care Partnership  STP;277;272;932 977;;558 402;362 806;11 769;;;;;;;;
STP;QMJ;E54000028;North London Partners In Health And Care  STP;187;182;649 700;;399 698;244 904;5 098;;;;;;;;
STP;QMM;E54000022;Norfolk And Waveney Health And Care Partnership  STP;106;104;559 935;;231 520;301 145;27 270;;;;;;;;
STP;QNC;E54000010;Staffordshire And Stoke On Trent  STP;146;145;533 712;;255 752;265 256;12 704;;;;;;;;
STP;QNQ;E54000034;Frimley Health And Care Ics  STP;73;71;375 809;;221 316;154 148;345;;;;;;;;
STP;QNX;E54000053;Sussex Health And Care Partnership  STP;161;161;889 874;;448 365;415 032;26 477;;;;;;;;
STP;QOC;E54000011;Shropshire And Telford And Wrekin  STP;52;51;246 799;;126 426;116 087;4 286;;;;;;;;
STP;QOP;E54000007;Greater Manchester Health And Social Care Partnership  STP;438;416;1 326 165;;704 854;580 641;40 670;;;;;;;;
STP;QOQ;E54000051;Humber, Coast And Vale  STP;182;180;864 217;;382 755;437 459;44 003;;;;;;;;
STP;QOX;E54000040;Bath And North East Somerset, Swindon And Wiltshire  STP;90;89;501 166;;231 291;250 363;19 512;;;;;;;;
STP;QPM;E54000020;Northamptonshire  STP;69;68;376 144;;174 284;190 076;11 784;;;;;;;;
STP;QR1;E54000043;Gloucestershire  STP;72;71;337 541;;171 385;148 985;17 171;;;;;;;;
STP;QRL;E54000042;Hampshire And The Isle Of Wight  STP;148;147;895 534;;440 231;428 038;27 265;;;;;;;;
STP;QRV;E54000027;North West London Health And Care Partnership  STP;352;349;1 098 914;;596 802;470 012;32 100;;;;;;;;
STP;QSL;E54000038;Somerset  STP;64;63;274 424;;133 114;137 240;4 070;;;;;;;;
STP;QT1;E54000014;Nottingham And Nottinghamshire Health And Care  STP;126;125;548 322;;268 554;249 894;29 874;;;;;;;;
STP;QT6;E54000036;Cornwall And The Isles Of Scilly Health And Social Care Partnership  STP;57;57;341 365;;150 501;152 784;38 080;;;;;;;;
STP;QU9;E54000044;Buckinghamshire, Oxfordshire And Berkshire West  STP;160;158;844 732;;469 130;359 855;15 747;;;;;;;;
STP;QUA;E54000016;The Black Country And West Birmingham  STP;206;206;677 866;;369 817;288 858;19 191;;;;;;;;
STP;QUE;E54000021;Cambridgeshire And Peterborough  STP;89;85;485 897;;220 100;243 516;22 281;;;;;;;;
STP;QUY;E54000039;Bristol, North Somerset And South Gloucestershire  STP;78;77;470 415;;238 712;224 668;7 035;;;;;;;;
STP;QVV;E54000041;Dorset  STP;73;73;406 385;;192 630;193 801;19 954;;;;;;;;
STP;QWE;E54000031;South West London Health And Care Partnership  STP;182;179;687 217;;433 810;248 809;4 598;;;;;;;;
STP;QWO;E54000054;West Yorkshire And Harrogate (Health And Care Partnership)  STP;286;280;1 357 575;;592 657;715 543;49 375;;;;;;;;
STP;QWU;E54000018;Coventry And Warwickshire  STP;120;119;474 615;;274 206;189 978;10 431;;;;;;;;
STP;QXU;E54000052;Surrey Heartlands Health And Care Partnership  STP;104;103;466 059;;280 342;182 157;3 560;;;;;;;;
STP;QYG;E54000008;Cheshire And Merseyside  STP;358;353;1 307 244;;687 769;566 764;52 711;;;;;;;;
CCG;00L;E38000130;NHS Northumberland CCG;38;37;186 646;;85 871;95 898;4 877;;;;;;;;
CCG;00N;E38000163;NHS South Tyneside CCG;21;21;74 908;;31 607;38 734;4 567;;;;;;;;
CCG;00P;E38000176;NHS Sunderland CCG;39;38;144 163;;66 441;74 718;3 004;;;;;;;;
CCG;00Q;E38000014;NHS Blackburn with Darwen CCG;22;22;88 278;;46 825;41 141;312;;;;;;;;
CCG;00R;E38000015;NHS Blackpool CCG;18;17;92 174;;39 242;47 863;5 069;;;;;;;;
CCG;00T;E38000016;NHS Bolton CCG;49;49;160 383;;78 918;75 453;6 012;;;;;;;;
CCG;00V;E38000024;NHS Bury CCG;26;17;46 190;;15 907;30 147;136;;;;;;;;
CCG;00X;E38000034;NHS Chorley and South Ribble CCG;26;26;92 200;;42 515;46 248;3 437;;;;;;;;
CCG;00Y;E38000135;NHS Oldham CCG;40;39;114 101;;57 383;53 188;3 530;;;;;;;;
CCG;01A;E38000050;NHS East Lancashire CCG;48;48;184 612;;82 329;97 038;5 245;;;;;;;;
CCG;01D;E38000080;NHS Heywood, Middleton and Rochdale CCG;41;36;109 474;;60 815;46 928;1 731;;;;;;;;
CCG;01E;E38000227;NHS Greater Preston CCG;22;22;100 311;;46 731;53 426;154;;;;;;;;
CCG;01F;E38000068;NHS Halton CCG;14;14;69 705;;35 382;33 266;1 057;;;;;;;;
CCG;01G;E38000143;NHS Salford CCG;38;34;122 547;;59 644;59 908;2 995;;;;;;;;
CCG;01H;E38000215;NHS North Cumbria CCG;35;35;189 213;;87 692;95 488;6 033;;;;;;;;
CCG;01J;E38000091;NHS Knowsley CCG;25;25;75 741;;41 681;32 818;1 242;;;;;;;;
CCG;01K;E38000228;NHS Morecambe Bay CCG;32;32;164 289;;84 434;77 984;1 871;;;;;;;;
CCG;01T;E38000161;NHS South Sefton CCG;30;29;57 593;;37 561;19 813;219;;;;;;;;
CCG;01V;E38000170;NHS Southport and Formby CCG;17;16;66 110;;30 722;32 341;3 047;;;;;;;;
CCG;01W;E38000174;NHS Stockport CCG;36;36;169 280;;97 943;63 504;7 833;;;;;;;;
CCG;01X;E38000172;NHS St Helens CCG;33;32;86 865;;45 183;40 149;1 533;;;;;;;;
CCG;01Y;E38000182;NHS Tameside and Glossop CCG;37;37;115 974;;52 109;62 009;1 856;;;;;;;;
CCG;02A;E38000187;NHS Trafford CCG;27;27;79 469;;42 706;34 599;2 164;;;;;;;;
CCG;02E;E38000194;NHS Warrington CCG;26;26;103 327;;57 481;42 758;3 088;;;;;;;;
CCG;02G;E38000200;NHS West Lancashire CCG;15;15;53 439;;24 132;28 738;569;;;;;;;;
CCG;02H;E38000205;NHS Wigan Borough CCG;59;58;131 366;;67 796;59 798;3 772;;;;;;;;
CCG;02M;E38000226;NHS Fylde and Wyre CCG;19;19;109 079;;45 298;61 603;2 178;;;;;;;;
CCG;02P;E38000006;NHS Barnsley CCG;32;32;123 113;;56 016;64 816;2 281;;;;;;;;
CCG;02Q;E38000008;NHS Bassetlaw CCG;9;9;61 264;;32 551;27 148;1 565;;;;;;;;
CCG;02T;E38000025;NHS Calderdale CCG;22;21;113 183;;45 335;63 794;4 054;;;;;;;;
CCG;02X;E38000044;NHS Doncaster CCG;38;38;151 380;;60 308;87 296;3 776;;;;;;;;
CCG;02Y;E38000052;NHS East Riding of Yorkshire CCG;29;29;143 238;;63 218;71 295;8 725;;;;;;;;
CCG;03F;E38000085;NHS Hull CCG;32;32;128 742;;55 393;66 973;6 376;;;;;;;;
CCG;03H;E38000119;NHS North East Lincolnshire CCG;25;24;102 455;;37 837;61 207;3 411;;;;;;;;
CCG;03K;E38000122;NHS North Lincolnshire CCG;19;19;97 012;;40 829;53 390;2 793;;;;;;;;
CCG;03L;E38000141;NHS Rotherham CCG;29;29;152 549;;65 741;78 113;8 695;;;;;;;;
CCG;03N;E38000146;NHS Sheffield CCG;76;76;286 179;;139 318;134 585;12 276;;;;;;;;
CCG;03Q;E38000188;NHS Vale of York CCG;26;25;156 576;;71 865;73 562;11 149;;;;;;;;
CCG;03R;E38000190;NHS Wakefield CCG;36;34;205 395;;88 502;110 052;6 841;;;;;;;;
CCG;03W;E38000051;NHS East Leicestershire and Rutland CCG;31;29;185 720;;84 464;92 909;8 347;;;;;;;;
CCG;04C;E38000097;NHS Leicester City CCG;56;56;204 154;;110 389;83 704;10 061;;;;;;;;
CCG;04V;E38000201;NHS West Leicestershire CCG;46;46;214 042;;100 703;105 993;7 346;;;;;;;;
CCG;04Y;E38000028;NHS Cannock Chase CCG;23;22;67 746;;30 640;35 477;1 629;;;;;;;;
CCG;05D;E38000053;NHS East Staffordshire CCG;18;18;66 737;;35 780;27 865;3 092;;;;;;;;
CCG;05G;E38000126;NHS North Staffordshire CCG;30;30;99 399;;50 286;46 981;2 132;;;;;;;;
CCG;05Q;E38000153;NHS South East Staffordshire and Seisdon Peninsula CCG;23;23;95 188;;44 156;49 176;1 856;;;;;;;;
CCG;05V;E38000173;NHS Stafford and Surrounds CCG;14;14;78 682;;32 792;44 086;1 804;;;;;;;;
CCG;05W;E38000175;NHS Stoke on Trent CCG;38;38;125 960;;62 098;61 671;2 191;;;;;;;;
CCG;06H;E38000026;NHS Cambridgeshire and Peterborough CCG;89;85;485 897;;220 100;243 516;22 281;;;;;;;;
CCG;06K;E38000049;NHS East and North Hertfordshire CCG;52;50;271 667;;137 923;123 530;10 214;;;;;;;;
CCG;06L;E38000086;NHS Ipswich and East Suffolk CCG;36;35;224 555;;83 578;127 888;13 089;;;;;;;;
CCG;06N;E38000079;NHS Herts Valley CCG;54;54;298 425;;187 785;103 385;7 255;;;;;;;;
CCG;06Q;E38000106;NHS Mid Essex CCG;41;38;190 381;;88 330;96 750;5 301;;;;;;;;
CCG;06T;E38000117;NHS North East Essex CCG;33;32;182 659;;69 793;106 343;6 523;;;;;;;;
CCG;07G;E38000185;NHS Thurrock CCG;27;27;87 054;;36 321;43 981;6 752;;;;;;;;
CCG;07H;E38000197;NHS West Essex CCG;30;30;133 025;;68 842;60 973;3 210;;;;;;;;
CCG;07K;E38000204;NHS West Suffolk CCG;24;24;124 581;;64 493;52 494;7 594;;;;;;;;
CCG;09D;E38000021;NHS Brighton and Hove CCG;34;34;133 827;;71 179;57 024;5 624;;;;;;;;
CCG;10Q;E38000136;NHS Oxfordshire CCG;67;67;350 847;;202 666;141 572;6 609;;;;;;;;
CCG;10R;E38000137;NHS Portsmouth CCG;13;13;83 800;;33 532;47 305;2 963;;;;;;;;
CCG;11J;E38000045;NHS Dorset CCG;73;73;406 385;;192 630;193 801;19 954;;;;;;;;
CCG;11M;E38000062;NHS Gloucestershire CCG;72;71;337 541;;171 385;148 985;17 171;;;;;;;;
CCG;11N;E38000089;NHS Kernow CCG;57;57;341 365;;150 501;152 784;38 080;;;;;;;;
CCG;11X;E38000150;NHS Somerset CCG;64;63;274 424;;133 114;137 240;4 070;;;;;;;;
CCG;12F;E38000208;NHS Wirral CCG;47;47;216 325;;99 589;102 969;13 767;;;;;;;;
CCG;13T;E38000212;NHS Newcastle Gateshead CCG;60;60;267 631;;123 714;136 468;7 449;;;;;;;;
CCG;14L;E38000217;NHS Manchester CCG;85;83;277 381;;171 633;95 107;10 641;;;;;;;;
CCG;14Y;E38000223;NHS Buckinghamshire CCG;48;47;244 981;;138 511;102 661;3 809;;;;;;;;
CCG;15A;E38000221;NHS Berkshire West CCG;45;44;248 904;;127 953;115 622;5 329;;;;;;;;
CCG;15C;E38000222;NHS Bristol, North Somerset and South Gloucestershire CCG;78;77;470 415;;238 712;224 668;7 035;;;;;;;;
CCG;15E;E38000220;NHS Birmingham and Solihull CCG;161;158;613 198;;358 080;243 509;11 609;;;;;;;;
CCG;15F;E38000225;NHS Leeds CCG;92;92;419 854;;216 091;187 734;16 029;;;;;;;;
CCG;15M;E38000229;NHS Derby and Derbyshire CCG;112;112;548 148;;276 814;244 017;27 317;;;;;;;;
CCG;15N;E38000230;NHS Devon CCG;122;120;720 240;;327 812;354 000;38 428;;;;;;;;
CCG;16C;E38000247;NHS Tees Valley CCG;81;79;352 141;;161 848;174 294;15 999;;;;;;;;
CCG;18C;E38000236;NHS Herefordshire CCG;80;80;465 245;;244 152;214 590;6 503;;;;;;;;
CCG;26A;E38000239;NHS Norfolk and Waveney CCG;106;104;559 935;;231 520;301 145;27 270;;;;;;;;
CCG;27D;E38000233;NHS Cheshire CCG;79;79;386 359;;197 939;184 150;4 270;;;;;;;;
CCG;36J;E38000232;NHS Bradford District and Craven CCG;71;69;370 845;;145 369;207 878;17 598;;;;;;;;
CCG;36L;E38000245;NHS South West London CCG;182;179;687 217;;433 810;248 809;4 598;;;;;;;;
CCG;42D;E38000241;NHS North Yorkshire CCG;51;51;236 194;;113 613;111 032;11 549;;;;;;;;
CCG;52R;E38000243;NHS Nottingham and Nottinghamshire CCG;126;125;548 322;;268 554;249 894;29 874;;;;;;;;
CCG;70F;E38000248;NHS West Sussex CCG;75;75;460 040;;226 202;218 870;14 968;;;;;;;;
CCG;71E;E38000238;NHS Lincolnshire CCG;85;85;388 733;;144 886;225 339;18 508;;;;;;;;
CCG;72Q;E38000244;NHS South East London CCG;207;200;752 114;;470 167;268 390;13 557;;;;;;;;
CCG;78H;E38000242;NHS Northamptonshire CCG;69;68;376 144;;174 284;190 076;11 784;;;;;;;;
CCG;84H;E38000234;NHS County Durham CCG;61;61;323 608;;133 005;175 926;14 677;;;;;;;;
CCG;91Q;E38000237;NHS Kent and Medway CCG;195;195;883 944;;465 554;402 323;16 067;;;;;;;;
CCG;92A;E38000246;NHS Surrey Heartlands CCG;104;103;466 059;;280 342;182 157;3 560;;;;;;;;
CCG;92G;E38000231;NHS Bath and North East Somerset, Swindon and Wiltshire CCG;90;89;501 166;;231 291;250 363;19 512;;;;;;;;
CCG;93C;E38000240;NHS North Central London CCG;187;182;649 700;;399 698;244 904;5 098;;;;;;;;
CCG;97R;E38000235;NHS East Sussex CCG;52;52;296 007;;150 984;139 138;5 885;;;;;;;;
CCG;99A;E38000101;NHS Liverpool CCG;87;85;245 219;;142 231;78 500;24 488;;;;;;;;
CCG;99C;E38000127;NHS North Tyneside CCG;26;25;109 921;;55 306;50 719;3 896;;;;;;;;
CCG;99E;E38000007;NHS Basildon and Brentwood CCG;35;35;126 726;;64 259;58 439;4 028;;;;;;;;
CCG;99F;E38000030;NHS Castle Point and Rochford CCG;23;23;81 057;;42 747;36 506;1 804;;;;;;;;
CCG;99G;E38000168;NHS Southend CCG;26;25;72 091;;39 515;31 209;1 367;;;;;;;;
CCG;A3A8R;E38000255;NHS North East London CCG;277;272;932 977;;558 402;362 806;11 769;;;;;;;;
CCG;B2M3M;E38000251;NHS Coventry and Warwickshire CCG;120;119;474 615;;274 206;189 978;10 431;;;;;;;;
CCG;D2P2L;E38000250;NHS Black Country and West Birmingham CCG;206;206;677 866;;369 817;288 858;19 191;;;;;;;;
CCG;D4U1Y;E38000252;NHS Frimley CCG;73;71;375 809;;221 316;154 148;345;;;;;;;;
CCG;D9Y0V;E38000253;NHS Hampshire, Southampton and Isle of Wight CCG;135;134;811 734;;406 699;380 733;24 302;;;;;;;;
CCG;M1J4Y;E38000249;NHS Bedfordshire, Luton and Milton Keynes CCG;98;96;461 687;;222 556;220 923;18 208;;;;;;;;
CCG;M2L0M;E38000257;NHS Shropshire and Telford and Wrekin CCG;52;51;246 799;;126 426;116 087;4 286;;;;;;;;
CCG;W2U3Z;E38000256;NHS North West London CCG;352;349;1 098 914;;596 802;470 012;32 100;;;;;;;;
CCG;X2C4Y;E38000254;NHS Kirklees CCG;65;64;248 298;;97 360;146 085;4 853;;;;;;;;
;;;;;;;;;;;;;;;;;;
Source: NHS Digital;;;;;;;;;;;;;;;;;;
;;;;;;;;;;;;;;;;;;
Notes:;;;;;;;;;;;;;;;;;;
1;CCGs are only included if there is data for more than one practice within the CCG, therefore the total count of open GP practices by CCG may not equal the national total;;;;;;;;;;;;;;;;;
2;"Blank or missing HCP types are due to the use of generic lists for GPs (e.g. visits and prescription requests) or staff not set up correctly on the system (e.g. medical students and team leaders).
Where HCP Type are included they have been grouped as in Data Quality tab";;;;;;;;;;;;;;;;;
_;See 'Coronavirus Impact' tab for further information;;;;;;;;;;;;;;;;;
Copyright © 2021 Health and Social Care Information Centre. The Health and Social Care Information Centre is a non-departmental body created by statute, also known as NHS Digital.;;;;;;;;;;;;;;;;;;
;;;;;;;;;;;;;;;;;;
;;;;;;;;;;;;;;;;;;
;;;;;;;;;;;;;;;;;;
;;;;;;;;;;;;;;;;;;
;;;;;;;;;;;;;;;;;;
;;;;;;;;;;;;;;;;;;
;;;;;;;;;;;;;;;;;;
;;;;;;;;;;;;;;;;;;
;;;;;;;;;;;;;;;;;;
;;;;;;;;;;;;;;;;;;
;;;;;;;;;;;;;;;;;;
;;;;;;;;;;;;;;;;;;
;;;;;;;;;;;;;;;;;;
;;;;;;;;;;;;;;;;;;
;;;;;;;;;;;;;;;;;;
;;;;;;;;;;;;;;;;;;
;;;;;;;;;;;;;;;;;;
;;;;;;;;;;;;;;;;;;
;;;;;;;;;;;;;;;;;;
;;;;;;;;;;;;;;;;;;
;;;;;;;;;;;;;;;;;;
;;;;;;;;;;;;;;;;;;
;;;;;;;;;;;;;;;;;;
;;;;;;;;;;;;;;;;;;
;;;;;;;;;;;;;;;;;;
;;;;;;;;;;;;;;;;;;
;;;;;;;;;;;;;;;;;;
;;;;;;;;;;;;;;;;;;
;;;;;;;;;;;;;;;;;;
;;;;;;;;;;;;;;;;;;
;;;;;;;;;;;;;;;;;;
;;;;;;;;;;;;;;;;;;
;;;;;;;;;;;;;;;;;;
;;;;;;;;;;;;;;;;;;
;;;;;;;;;;;;;;;;;;
;;;;;;;;;;;;;;;;;;
;;;;;;;;;;;;;;;;;;
;;;;;;;;;;;;;;;;;;
;;;;;;;;;;;;;;;;;;
;;;;;;;;;;;;;;;;;;
;;;;;;;;;;;;;;;;;;
;;;;;;;;;;;;;;;;;;
;;;;;;;;;;;;;;;;;;
;;;;;;;;;;;;;;;;;;
;;;;;;;;;;;;;;;;;;
;;;;;;;;;;;;;;;;;;
;;;;;;;;;;;;;;;;;;
;;;;;;;;;;;;;;;;;;
;;;;;;;;;;;;;;;;;;
;;;;;;;;;;;;;;;;;;
;;;;;;;;;;;;;;;;;;
;;;;;;;;;;;;;;;;;;
;;;;;;;;;;;;;;;;;;
;;;;;;;;;;;;;;;;;;
;;;;;;;;;;;;;;;;;;
;;;;;;;;;;;;;;;;;;
;;;;;;;;;;;;;;;;;;
;;;;;;;;;;;;;;;;;;
;;;;;;;;;;;;;;;;;;
;;;;;;;;;;;;;;;;;;
;;;;;;;;;;;;;;;;;;
;;;;;;;;;;;;;;;;;;
;;;;;;;;;;;;;;;;;;
;;;;;;;;;;;;;;;;;;
;;;;;;;;;;;;;;;;;;
;;;;;;;;;;;;;;;;;;
;;;;;;;;;;;;;;;;;;
;;;;;;;;;;;;;;;;;;
;;;;;;;;;;;;;;;;;;
;;;;;;;;;;;;;;;;;;
;;;;;;;;;;;;;;;;;;
;;;;;;;;;;;;;;;;;;
;;;;;;;;;;;;;;;;;;
;;;;;;;;;;;;;;;;;;
;;;;;;;;;;;;;;;;;;
;;;;;;;;;;;;;;;;;;
;;;;;;;;;;;;;;;;;;
;;;;;;;;;;;;;;;;;;
;;;;;;;;;;;;;;;;;;
;;;;;;;;;;;;;;;;;;
;;;;;;;;;;;;;;;;;;
;;;;;;;;;;;;;;;;;;
;;;;;;;;;;;;;;;;;;
;;;;;;;;;;;;;;;;;;
;;;;;;;;;;;;;;;;;;
;;;;;;;;;;;;;;;;;;
;;;;;;;;;;;;;;;;;;
;;;;;;;;;;;;;;;;;;
;;;;;;;;;;;;;;;;;;
;;;;;;;;;;;;;;;;;;
;;;;;;;;;;;;;;;;;;
;;;;;;;;;;;;;;;;;;
;;;;;;;;;;;;;;;;;;
;;;;;;;;;;;;;;;;;;
;;;;;;;;;;;;;;;;;;
;;;;;;;;;;;;;;;;;;
;;;;;;;;;;;;;;;;;;
;;;;;;;;;;;;;;;;;;
;;;;;;;;;;;;;;;;;;
;;;;;;;;;;;;;;;;;;
;;;;;;;;;;;;;;;;;;
;;;;;;;;;;;;;;;;;;
;;;;;;;;;;;;;;;;;;
;;;;;;;;;;;;;;;;;;
;;;;;;;;;;;;;;;;;;
;;;;;;;;;;;;;;;;;;
;;;;;;;;;;;;;;;;;;
;;;;;;;;;;;;;;;;;;
;;;;;;;;;;;;;;;;;;
;;;;;;;;;;;;;;;;;;
;;;;;;;;;;;;;;;;;;
;;;;;;;;;;;;;;;;;;
;;;;;;;;;;;;;;;;;;
;;;;;;;;;;;;;;;;;;
;;;;;;;;;;;;;;;;;;
;;;;;;;;;;;;;;;;;;
;;;;;;;;;;;;;;;;;;
;;;;;;;;;;;;;;;;;;
;;;;;;;;;;;;;;;;;;
;;;;;;;;;;;;;;;;;;
;;;;;;;;;;;;;;;;;;
;;;;;;;;;;;;;;;;;;
;;;;;;;;;;;;;;;;;;
;;;;;;;;;;;;;;;;;;
;;;;;;;;;;;;;;;;;;
;;;;;;;;;;;;;;;;;;
;;;;;;;;;;;;;;;;;;
;;;;;;;;;;;;;;;;;;
;;;;;;;;;;;;;;;;;;
;;;;;;;;;;;;;;;;;;
;;;;;;;;;;;;;;;;;;
;;;;;;;;;;;;;;;;;;
;;;;;;;;;;;;;;;;;;
;;;;;;;;;;;;;;;;;;
;;;;;;;;;;;;;;;;;;
;;;;;;;;;;;;;;;;;;
;;;;;;;;;;;;;;;;;;
;;;;;;;;;;;;;;;;;;
;;;;;;;;;;;;;;;;;;
;;;;;;;;;;;;;;;;;;
;;;;;;;;;;;;;;;;;;
;;;;;;;;;;;;;;;;;;
;;;;;;;;;;;;;;;;;;
;;;;;;;;;;;;;;;;;;
;;;;;;;;;;;;;;;;;;
;;;;;;;;;;;;;;;;;;
;;;;;;;;;;;;;;;;;;
;;;;;;;;;;;;;;;;;;
;;;;;;;;;;;;;;;;;;
;;;;;;;;;;;;;;;;;;
;;;;;;;;;;;;;;;;;;
;;;;;;;;;;;;;;;;;;
;;;;;;;;;;;;;;;;;;
;;;;;;;;;;;;;;;;;;
;;;;;;;;;;;;;;;;;;
;;;;;;;;;;;;;;;;;;
;;;;;;;;;;;;;;;;;;
;;;;;;;;;;;;;;;;;;
;;;;;;;;;;;;;;;;;;
;;;;;;;;;;;;;;;;;;
;;;;;;;;;;;;;;;;;;
;;;;;;;;;;;;;;;;;;
;;;;;;;;;;;;;;;;;;
;;;;;;;;;;;;;;;;;;
;;;;;;;;;;;;;;;;;;
;;;;;;;;;;;;;;;;;;
;;;;;;;;;;;;;;;;;;
;;;;;;;;;;;;;;;;;;
;;;;;;;;;;;;;;;;;;
;;;;;;;;;;;;;;;;;;
;;;;;;;;;;;;;;;;;;
;;;;;;;;;;;;;;;;;;
;;;;;;;;;;;;;;;;;;
;;;;;;;;;;;;;;;;;;
;;;;;;;;;;;;;;;;;;
;;;;;;;;;;;;;;;;;;
;;;;;;;;;;;;;;;;;;
;;;;;;;;;;;;;;;;;;
;;;;;;;;;;;;;;;;;;
;;;;;;;;;;;;;;;;;;
;;;;;;;;;;;;;;;;;;
;;;;;;;;;;;;;;;;;;
;;;;;;;;;;;;;;;;;;
;;;;;;;;;;;;;;;;;;
;;;;;;;;;;;;;;;;;;
;;;;;;;;;;;;;;;;;;
;;;;;;;;;;;;;;;;;;
;;;;;;;;;;;;;;;;;;
;;;;;;;;;;;;;;;;;;
;;;;;;;;;;;;;;;;;;
;;;;;;;;;;;;;;;;;;
;;;;;;;;;;;;;;;;;;
;;;;;;;;;;;;;;;;;;
;;;;;;;;;;;;;;;;;;
;;;;;;;;;;;;;;;;;;
;;;;;;;;;;;;;;;;;;
;;;;;;;;;;;;;;;;;;
;;;;;;;;;;;;;;;;;;
;;;;;;;;;;;;;;;;;;
;;;;;;;;;;;;;;;;;;
;;;;;;;;;;;;;;;;;;
;;;;;;;;;;;;;;;;;;
;;;;;;;;;;;;;;;;;;
;;;;;;;;;;;;;;;;;;
;;;;;;;;;;;;;;;;;;
;;;;;;;;;;;;;;;;;;
;;;;;;;;;;;;;;;;;;
;;;;;;;;;;;;;;;;;;
;;;;;;;;;;;;;;;;;;
;;;;;;;;;;;;;;;;;;
;;;;;;;;;;;;;;;;;;
;;;;;;;;;;;;;;;;;;
;;;;;;;;;;;;;;;;;;
;;;;;;;;;;;;;;;;;;
;;;;;;;;;;;;;;;;;;
;;;;;;;;;;;;;;;;;;
;;;;;;;;;;;;;;;;;;
;;;;;;;;;;;;;;;;;;
;;;;;;;;;;;;;;;;;;
;;;;;;;;;;;;;;;;;;
;;;;;;;;;;;;;;;;;;
;;;;;;;;;;;;;;;;;;
;;;;;;;;;;;;;;;;;;
;;;;;;;;;;;;;;;;;;
;;;;;;;;;;;;;;;;;;
;;;;;;;;;;;;;;;;;;
;;;;;;;;;;;;;;;;;;
;;;;;;;;;;;;;;;;;;
;;;;;;;;;;;;;;;;;;
;;;;;;;;;;;;;;;;;;
;;;;;;;;;;;;;;;;;;
;;;;;;;;;;;;;;;;;;
;;;;;;;;;;;;;;;;;;
;;;;;;;;;;;;;;;;;;
;;;;;;;;;;;;;;;;;;
;;;;;;;;;;;;;;;;;;
;;;;;;;;;;;;;;;;;;
;;;;;;;;;;;;;;;;;;
;;;;;;;;;;;;;;;;;;
;;;;;;;;;;;;;;;;;;
;;;;;;;;;;;;;;;;;;
;;;;;;;;;;;;;;;;;;
;;;;;;;;;;;;;;;;;;
;;;;;;;;;;;;;;;;;;
;;;;;;;;;;;;;;;;;;
;;;;;;;;;;;;;;;;;;
;;;;;;;;;;;;;;;;;;
;;;;;;;;;;;;;;;;;;
;;;;;;;;;;;;;;;;;;
;;;;;;;;;;;;;;;;;;
;;;;;;;;;;;;;;;;;;
;;;;;;;;;;;;;;;;;;
;;;;;;;;;;;;;;;;;;
;;;;;;;;;;;;;;;;;;
;;;;;;;;;;;;;;;;;;
;;;;;;;;;;;;;;;;;;
;;;;;;;;;;;;;;;;;;
;;;;;;;;;;;;;;;;;;
;;;;;;;;;;;;;;;;;;
;;;;;;;;;;;;;;;;;;
;;;;;;;;;;;;;;;;;;
;;;;;;;;;;;;;;;;;;
;;;;;;;;;;;;;;;;;;
;;;;;;;;;;;;;;;;;;
;;;;;;;;;;;;;;;;;;
;;;;;;;;;;;;;;;;;;
;;;;;;;;;;;;;;;;;;
;;;;;;;;;;;;;;;;;;
;;;;;;;;;;;;;;;;;;
;;;;;;;;;;;;;;;;;;
;;;;;;;;;;;;;;;;;;
;;;;;;;;;;;;;;;;;;
;;;;;;;;;;;;;;;;;;
;;;;;;;;;;;;;;;;;;
;;;;;;;;;;;;;;;;;;
;;;;;;;;;;;;;;;;;;
;;;;;;;;;;;;;;;;;;
;;;;;;;;;;;;;;;;;;
;;;;;;;;;;;;;;;;;;
;;;;;;;;;;;;;;;;;;
;;;;;;;;;;;;;;;;;;
;;;;;;;;;;;;;;;;;;
;;;;;;;;;;;;;;;;;;
;;;;;;;;;;;;;;;;;;
;;;;;;;;;;;;;;;;;;
;;;;;;;;;;;;;;;;;;
;;;;;;;;;;;;;;;;;;
;;;;;;;;;;;;;;;;;;
;;;;;;;;;;;;;;;;;;
;;;;;;;;;;;;;;;;;;
;;;;;;;;;;;;;;;;;;
;;;;;;;;;;;;;;;;;;
;;;;;;;;;;;;;;;;;;
;;;;;;;;;;;;;;;;;;
;;;;;;;;;;;;;;;;;;
;;;;;;;;;;;;;;;;;;
;;;;;;;;;;;;;;;;;;
;;;;;;;;;;;;;;;;;;
;;;;;;;;;;;;;;;;;;
;;;;;;;;;;;;;;;;;;
;;;;;;;;;;;;;;;;;;
;;;;;;;;;;;;;;;;;;
;;;;;;;;;;;;;;;;;;
;;;;;;;;;;;;;;;;;;
;;;;;;;;;;;;;;;;;;
;;;;;;;;;;;;;;;;;;
;;;;;;;;;;;;;;;;;;
;;;;;;;;;;;;;;;;;;
;;;;;;;;;;;;;;;;;;
;;;;;;;;;;;;;;;;;;
;;;;;;;;;;;;;;;;;;
;;;;;;;;;;;;;;;;;;
;;;;;;;;;;;;;;;;;;
;;;;;;;;;;;;;;;;;;
;;;;;;;;;;;;;;;;;;
;;;;;;;;;;;;;;;;;;
;;;;;;;;;;;;;;;;;;
;;;;;;;;;;;;;;;;;;
;;;;;;;;;;;;;;;;;;
;;;;;;;;;;;;;;;;;;
;;;;;;;;;;;;;;;;;;
;;;;;;;;;;;;;;;;;;
;;;;;;;;;;;;;;;;;;
;;;;;;;;;;;;;;;;;;
;;;;;;;;;;;;;;;;;;
;;;;;;;;;;;;;;;;;;
;;;;;;;;;;;;;;;;;;
;;;;;;;;;;;;;;;;;;
;;;;;;;;;;;;;;;;;;
;;;;;;;;;;;;;;;;;;
;;;;;;;;;;;;;;;;;;
;;;;;;;;;;;;;;;;;;
;;;;;;;;;;;;;;;;;;
;;;;;;;;;;;;;;;;;;
;;;;;;;;;;;;;;;;;;
;;;;;;;;;;;;;;;;;;
;;;;;;;;;;;;;;;;;;
;;;;;;;;;;;;;;;;;;
;;;;;;;;;;;;;;;;;;
;;;;;;;;;;;;;;;;;;
;;;;;;;;;;;;;;;;;;
;;;;;;;;;;;;;;;;;;
;;;;;;;;;;;;;;;;;;
;;;;;;;;;;;;;;;;;;
;;;;;;;;;;;;;;;;;;
;;;;;;;;;;;;;;;;;;
;;;;;;;;;;;;;;;;;;
;;;;;;;;;;;;;;;;;;
;;;;;;;;;;;;;;;;;;
;;;;;;;;;;;;;;;;;;
;;;;;;;;;;;;;;;;;;
;;;;;;;;;;;;;;;;;;
;;;;;;;;;;;;;;;;;;
;;;;;;;;;;;;;;;;;;
;;;;;;;;;;;;;;;;;;
;;;;;;;;;;;;;;;;;;
;;;;;;;;;;;;;;;;;;
;;;;;;;;;;;;;;;;;;
;;;;;;;;;;;;;;;;;;
;;;;;;;;;;;;;;;;;;
;;;;;;;;;;;;;;;;;;
;;;;;;;;;;;;;;;;;;
;;;;;;;;;;;;;;;;;;
;;;;;;;;;;;;;;;;;;
;;;;;;;;;;;;;;;;;;
;;;;;;;;;;;;;;;;;;
;;;;;;;;;;;;;;;;;;
;;;;;;;;;;;;;;;;;;
;;;;;;;;;;;;;;;;;;
;;;;;;;;;;;;;;;;;;
;;;;;;;;;;;;;;;;;;
;;;;;;;;;;;;;;;;;;
;;;;;;;;;;;;;;;;;;
;;;;;;;;;;;;;;;;;;
;;;;;;;;;;;;;;;;;;
;;;;;;;;;;;;;;;;;;
;;;;;;;;;;;;;;;;;;
;;;;;;;;;;;;;;;;;;
;;;;;;;;;;;;;;;;;;
;;;;;;;;;;;;;;;;;;
;;;;;;;;;;;;;;;;;;
;;;;;;;;;;;;;;;;;;
;;;;;;;;;;;;;;;;;;
;;;;;;;;;;;;;;;;;;
;;;;;;;;;;;;;;;;;;
;;;;;;;;;;;;;;;;;;
;;;;;;;;;;;;;;;;;;
;;;;;;;;;;;;;;;;;;
;;;;;;;;;;;;;;;;;;
;;;;;;;;;;;;;;;;;;
;;;;;;;;;;;;;;;;;;
;;;;;;;;;;;;;;;;;;
;;;;;;;;;;;;;;;;;;
;;;;;;;;;;;;;;;;;;
;;;;;;;;;;;;;;;;;;
;;;;;;;;;;;;;;;;;;
;;;;;;;;;;;;;;;;;;
;;;;;;;;;;;;;;;;;;
;;;;;;;;;;;;;;;;;;
;;;;;;;;;;;;;;;;;;
;;;;;;;;;;;;;;;;;;
;;;;;;;;;;;;;;;;;;
;;;;;;;;;;;;;;;;;;
;;;;;;;;;;;;;;;;;;
;;;;;;;;;;;;;;;;;;
;;;;;;;;;;;;;;;;;;
;;;;;;;;;;;;;;;;;;
;;;;;;;;;;;;;;;;;;
;;;;;;;;;;;;;;;;;;
;;;;;;;;;;;;;;;;;;
;;;;;;;;;;;;;;;;;;
;;;;;;;;;;;;;;;;;;
;;;;;;;;;;;;;;;;;;
;;;;;;;;;;;;;;;;;;
;;;;;;;;;;;;;;;;;;
;;;;;;;;;;;;;;;;;;
;;;;;;;;;;;;;;;;;;
;;;;;;;;;;;;;;;;;;
;;;;;;;;;;;;;;;;;;
;;;;;;;;;;;;;;;;;;
;;;;;;;;;;;;;;;;;;
;;;;;;;;;;;;;;;;;;
;;;;;;;;;;;;;;;;;;
;;;;;;;;;;;;;;;;;;
;;;;;;;;;;;;;;;;;;
;;;;;;;;;;;;;;;;;;
;;;;;;;;;;;;;;;;;;
;;;;;;;;;;;;;;;;;;
;;;;;;;;;;;;;;;;;;
;;;;;;;;;;;;;;;;;;
;;;;;;;;;;;;;;;;;;
;;;;;;;;;;;;;;;;;;
;;;;;;;;;;;;;;;;;;
;;;;;;;;;;;;;;;;;;
;;;;;;;;;;;;;;;;;;
;;;;;;;;;;;;;;;;;;
;;;;;;;;;;;;;;;;;;
;;;;;;;;;;;;;;;;;;
;;;;;;;;;;;;;;;;;;
;;;;;;;;;;;;;;;;;;
;;;;;;;;;;;;;;;;;;
;;;;;;;;;;;;;;;;;;
;;;;;;;;;;;;;;;;;;
;;;;;;;;;;;;;;;;;;
;;;;;;;;;;;;;;;;;;
;;;;;;;;;;;;;;;;;;
;;;;;;;;;;;;;;;;;;
;;;;;;;;;;;;;;;;;;
;;;;;;;;;;;;;;;;;;
;;;;;;;;;;;;;;;;;;
;;;;;;;;;;;;;;;;;;
;;;;;;;;;;;;;;;;;;
;;;;;;;;;;;;;;;;;;
;;;;;;;;;;;;;;;;;;
;;;;;;;;;;;;;;;;;;
;;;;;;;;;;;;;;;;;;
;;;;;;;;;;;;;;;;;;
;;;;;;;;;;;;;;;;;;
;;;;;;;;;;;;;;;;;;
;;;;;;;;;;;;;;;;;;
;;;;;;;;;;;;;;;;;;
;;;;;;;;;;;;;;;;;;
;;;;;;;;;;;;;;;;;;
;;;;;;;;;;;;;;;;;;
;;;;;;;;;;;;;;;;;;
;;;;;;;;;;;;;;;;;;
;;;;;;;;;;;;;;;;;;
;;;;;;;;;;;;;;;;;;
;;;;;;;;;;;;;;;;;;
;;;;;;;;;;;;;;;;;;
;;;;;;;;;;;;;;;;;;
;;;;;;;;;;;;;;;;;;
;;;;;;;;;;;;;;;;;;
;;;;;;;;;;;;;;;;;;
;;;;;;;;;;;;;;;;;;
;;;;;;;;;;;;;;;;;;
;;;;;;;;;;;;;;;;;;
;;;;;;;;;;;;;;;;;;
;;;;;;;;;;;;;;;;;;
;;;;;;;;;;;;;;;;;;
;;;;;;;;;;;;;;;;;;
;;;;;;;;;;;;;;;;;;
;;;;;;;;;;;;;;;;;;
;;;;;;;;;;;;;;;;;;
;;;;;;;;;;;;;;;;;;
;;;;;;;;;;;;;;;;;;
;;;;;;;;;;;;;;;;;;
;;;;;;;;;;;;;;;;;;
;;;;;;;;;;;;;;;;;;
;;;;;;;;;;;;;;;;;;
;;;;;;;;;;;;;;;;;;
;;;;;;;;;;;;;;;;;;
;;;;;;;;;;;;;;;;;;
;;;;;;;;;;;;;;;;;;
;;;;;;;;;;;;;;;;;;
;;;;;;;;;;;;;;;;;;
;;;;;;;;;;;;;;;;;;
;;;;;;;;;;;;;;;;;;
;;;;;;;;;;;;;;;;;;
;;;;;;;;;;;;;;;;;;
;;;;;;;;;;;;;;;;;;
;;;;;;;;;;;;;;;;;;
;;;;;;;;;;;;;;;;;;
;;;;;;;;;;;;;;;;;;
;;;;;;;;;;;;;;;;;;
;;;;;;;;;;;;;;;;;;
;;;;;;;;;;;;;;;;;;
;;;;;;;;;;;;;;;;;;
;;;;;;;;;;;;;;;;;;
;;;;;;;;;;;;;;;;;;
;;;;;;;;;;;;;;;;;;
;;;;;;;;;;;;;;;;;;
;;;;;;;;;;;;;;;;;;
;;;;;;;;;;;;;;;;;;
;;;;;;;;;;;;;;;;;;
;;;;;;;;;;;;;;;;;;
;;;;;;;;;;;;;;;;;;
;;;;;;;;;;;;;;;;;;
;;;;;;;;;;;;;;;;;;
;;;;;;;;;;;;;;;;;;
;;;;;;;;;;;;;;;;;;
;;;;;;;;;;;;;;;;;;
;;;;;;;;;;;;;;;;;;
;;;;;;;;;;;;;;;;;;
;;;;;;;;;;;;;;;;;;
;;;;;;;;;;;;;;;;;;
;;;;;;;;;;;;;;;;;;
;;;;;;;;;;;;;;;;;;
;;;;;;;;;;;;;;;;;;
;;;;;;;;;;;;;;;;;;
;;;;;;;;;;;;;;;;;;
;;;;;;;;;;;;;;;;;;
;;;;;;;;;;;;;;;;;;
;;;;;;;;;;;;;;;;;;
;;;;;;;;;;;;;;;;;;
;;;;;;;;;;;;;;;;;;
;;;;;;;;;;;;;;;;;;
;;;;;;;;;;;;;;;;;;
;;;;;;;;;;;;;;;;;;
;;;;;;;;;;;;;;;;;;
;;;;;;;;;;;;;;;;;;
;;;;;;;;;;;;;;;;;;
;;;;;;;;;;;;;;;;;;
;;;;;;;;;;;;;;;;;;
;;;;;;;;;;;;;;;;;;
;;;;;;;;;;;;;;;;;;
;;;;;;;;;;;;;;;;;;
;;;;;;;;;;;;;;;;;;
;;;;;;;;;;;;;;;;;;
;;;;;;;;;;;;;;;;;;
;;;;;;;;;;;;;;;;;;
;;;;;;;;;;;;;;;;;;
;;;;;;;;;;;;;;;;;;
;;;;;;;;;;;;;;;;;;
;;;;;;;;;;;;;;;;;;
;;;;;;;;;;;;;;;;;;
;;;;;;;;;;;;;;;;;;
;;;;;;;;;;;;;;;;;;
;;;;;;;;;;;;;;;;;;
;;;;;;;;;;;;;;;;;;
;;;;;;;;;;;;;;;;;;
;;;;;;;;;;;;;;;;;;
;;;;;;;;;;;;;;;;;;
;;;;;;;;;;;;;;;;;;
;;;;;;;;;;;;;;;;;;