Type,NHS_area_code,ONS_code,Name,Count_gp_appointments,Attended,Did_not_attend,Unknown,Month
National,ENG,ENG,England,30 326 400,27 597 610,1 420 529,1 308 261,November
Region,Y56,E40000003,London,4 345 412,3 908 365,246 355,190 692,November
Region,Y58,E40000006,South West,3 348 475,3 051 291,135 522,161 662,November
Region,Y59,E40000005,South East,4 623 014,4 206 369,216 265,200 380,November
Region,Y60,E40000008,Midlands,5 862 953,5 349 374,278 477,235 102,November
Region,Y61,E40000007,East of England,3 480 501,3 217 886,127 998,134 617,November
Region,Y62,E40000010,North West,3 673 145,3 270 707,213 819,188 619,November
Region,Y63,E40000009,North East and Yorkshire,4 992 900,4 593 618,202 093,197 189,November
STP,QE1,E54000048,Healthier Lancashire And South Cumbria  STP,894 241,803 739,48 822,41 680,November
STP,QF7,E54000009,South Yorkshire And Bassetlaw  STP,843 333,774 818,35 946,32 569,November
STP,QGH,E54000019,Herefordshire And Worcestershire  STP,482 784,444 217,21 670,16 897,November
STP,QH8,E54000026,Mid And South Essex  STP,571 143,526 328,19 087,25 728,November
STP,QHG,E54000024,"Bedfordshire, Luton And Milton Keynes  STP",490 665,455 160,19 199,16 306,November
STP,QHL,E54000017,Birmingham And Solihull  STP,647 270,580 331,39 202,27 737,November
STP,QHM,E54000050,Cumbria And North East  STP,1 738 485,1 592 376,74 757,71 352,November
STP,QJ2,E54000012,Joined Up Care Derbyshire  STP,612 838,564 888,22 757,25 193,November
STP,QJG,E54000023,Suffolk And North East Essex  STP,548 450,509 652,20 280,18 518,November
STP,QJK,E54000037,Devon  STP,767 497,702 766,32 686,32 045,November
STP,QJM,E54000013,Lincolnshire  STP,435 060,403 233,15 839,15 988,November
STP,QK1,E54000015,"Leicester, Leicestershire And Rutland  STP",643 907,596 897,24 354,22 656,November
STP,QKK,E54000030,Our Healthier South East London  STP,807 764,719 778,49 864,38 122,November
STP,QKS,E54000032,Kent And Medway  STP,963 115,859 226,54 379,49 510,November
STP,QM7,E54000025,Hertfordshire And West Essex  STP,715 557,656 553,28 899,30 105,November
STP,QMF,E54000029,East London Health And Care Partnership  STP,968 353,866 126,60 190,42 037,November
STP,QMJ,E54000028,North London Partners In Health And Care  STP,690 124,622 651,40 666,26 807,November
STP,QMM,E54000022,Norfolk And Waveney Health And Care Partnership  STP,629 602,582 173,22 318,25 111,November
STP,QNC,E54000010,Staffordshire And Stoke On Trent  STP,553 610,495 549,29 736,28 325,November
STP,QNQ,E54000034,Frimley Health And Care Ics  STP,372 929,341 902,19 369,11 658,November
STP,QNX,E54000053,Sussex Health And Care Partnership  STP,910 026,837 853,34 017,38 156,November
STP,QOC,E54000011,Shropshire And Telford And Wrekin  STP,268 039,246 451,11 404,10 184,November
STP,QOP,E54000007,Greater Manchester Health And Social Care Partnership  STP,1 419 090,1 248 313,87 706,83 071,November
STP,QOQ,E54000051,"Humber, Coast And Vale  STP",937 062,865 353,36 853,34 856,November
STP,QOX,E54000040,"Bath And North East Somerset, Swindon And Wiltshire  STP",544 519,503 846,17 138,23 535,November
STP,QPM,E54000020,Northamptonshire  STP,414 769,387 774,14 410,12 585,November
STP,QR1,E54000043,Gloucestershire  STP,377 960,349 056,13 875,15 029,November
STP,QRL,E54000042,Hampshire And The Isle Of Wight  STP,940 010,859 571,41 870,38 569,November
STP,QRV,E54000027,North West London Health And Care Partnership  STP,1 155 718,1 051 052,53 988,50 678,November
STP,QSL,E54000038,Somerset  STP,305 468,271 440,15 836,18 192,November
STP,QT1,E54000014,Nottingham And Nottinghamshire Health And Care  STP,581 070,531 475,25 579,24 016,November
STP,QT6,E54000036,Cornwall And The Isles Of Scilly Health And Social Care Partnership  STP,389 199,348 116,15 030,26 053,November
STP,QU9,E54000044,"Buckinghamshire, Oxfordshire And Berkshire West  STP",933 900,848 262,43 837,41 801,November
STP,QUA,E54000016,The Black Country And West Birmingham  STP,721 980,642 305,47 892,31 783,November
STP,QUE,E54000021,Cambridgeshire And Peterborough  STP,525 084,488 020,18 215,18 849,November
STP,QUY,E54000039,"Bristol, North Somerset And South Gloucestershire  STP",515 214,463 707,26 521,24 986,November
STP,QVV,E54000041,Dorset  STP,448 618,412 360,14 436,21 822,November
STP,QWE,E54000031,South West London Health And Care Partnership  STP,723 453,648 758,41 647,33 048,November
STP,QWO,E54000054,West Yorkshire And Harrogate (Health And Care Partnership)  STP,1 474 020,1 361 071,54 537,58 412,November
STP,QWU,E54000018,Coventry And Warwickshire  STP,501 626,456 254,25 634,19 738,November
STP,QXU,E54000052,Surrey Heartlands Health And Care Partnership  STP,503 034,459 555,22 793,20 686,November
STP,QYG,E54000008,Cheshire And Merseyside  STP,1 359 814,1 218 655,77 291,63 868,November
CCG,00L,E38000130,NHS Northumberland CCG,189 752,177 498,6 361,5 893,November
CCG,00N,E38000163,NHS South Tyneside CCG,71 475,65 818,3 004,2 653,November
CCG,00P,E38000176,NHS Sunderland CCG,142 879,128 395,8 168,6 316,November
CCG,00Q,E38000014,NHS Blackburn with Darwen CCG,86 332,78 003,4 898,3 431,November
CCG,00R,E38000015,NHS Blackpool CCG,96 628,86 392,6 845,3 391,November
CCG,00T,E38000016,NHS Bolton CCG,163 883,145 285,10 655,7 943,November
CCG,00V,E38000024,NHS Bury CCG,65 127,51 442,3 417,10 268,November
CCG,00X,E38000034,NHS Chorley and South Ribble CCG,83 500,75 384,4 180,3 936,November
CCG,00Y,E38000135,NHS Oldham CCG,118 671,106 189,7 372,5 110,November
CCG,01A,E38000050,NHS East Lancashire CCG,187 890,168 964,10 326,8 600,November
CCG,01D,E38000080,"NHS Heywood, Middleton and Rochdale CCG",110 607,99 301,6 523,4 783,November
CCG,01E,E38000227,NHS Greater Preston CCG,103 856,90 495,6 241,7 120,November
CCG,01F,E38000068,NHS Halton CCG,66 917,59 720,3 668,3 529,November
CCG,01G,E38000143,NHS Salford CCG,136 741,118 577,9 321,8 843,November
CCG,01H,E38000215,NHS North Cumbria CCG,196 255,176 867,7 552,11 836,November
CCG,01J,E38000091,NHS Knowsley CCG,86 107,77 276,5 364,3 467,November
CCG,01K,E38000228,NHS Morecambe Bay CCG,172 544,158 561,7 866,6 117,November
CCG,01T,E38000161,NHS South Sefton CCG,63 765,58 403,3 061,2 301,November
CCG,01V,E38000170,NHS Southport and Formby CCG,65 156,59 459,3 252,2 445,November
CCG,01W,E38000174,NHS Stockport CCG,167 534,152 548,7 678,7 308,November
CCG,01X,E38000172,NHS St Helens CCG,84 844,75 190,4 398,5 256,November
CCG,01Y,E38000182,NHS Tameside and Glossop CCG,120 771,106 607,7 385,6 779,November
CCG,02A,E38000187,NHS Trafford CCG,85 699,74 700,5 180,5 819,November
CCG,02E,E38000194,NHS Warrington CCG,108 892,100 572,3 798,4 522,November
CCG,02G,E38000200,NHS West Lancashire CCG,57 402,51 806,2 837,2 759,November
CCG,02H,E38000205,NHS Wigan Borough CCG,140 874,125 030,7 831,8 013,November
CCG,02M,E38000226,NHS Fylde and Wyre CCG,106 089,94 134,5 629,6 326,November
CCG,02P,E38000006,NHS Barnsley CCG,134 421,121 169,6 336,6 916,November
CCG,02Q,E38000008,NHS Bassetlaw CCG,65 390,61 119,2 178,2 093,November
CCG,02T,E38000025,NHS Calderdale CCG,118 240,109 938,4 198,4 104,November
CCG,02X,E38000044,NHS Doncaster CCG,162 484,148 787,7 987,5 710,November
CCG,02Y,E38000052,NHS East Riding of Yorkshire CCG,154 922,143 267,7 069,4 586,November
CCG,03F,E38000085,NHS Hull CCG,138 851,126 278,7 966,4 607,November
CCG,03H,E38000119,NHS North East Lincolnshire CCG,113 296,104 669,3 907,4 720,November
CCG,03K,E38000122,NHS North Lincolnshire CCG,104 603,95 671,3 642,5 290,November
CCG,03L,E38000141,NHS Rotherham CCG,157 649,146 268,6 235,5 146,November
CCG,03N,E38000146,NHS Sheffield CCG,323 389,297 475,13 210,12 704,November
CCG,03Q,E38000188,NHS Vale of York CCG,170 883,157 574,6 058,7 251,November
CCG,03R,E38000190,NHS Wakefield CCG,229 168,213 080,8 261,7 827,November
CCG,03W,E38000051,NHS East Leicestershire and Rutland CCG,196 200,182 823,7 375,6 002,November
CCG,04C,E38000097,NHS Leicester City CCG,219 371,200 605,9 654,9 112,November
CCG,04V,E38000201,NHS West Leicestershire CCG,228 336,213 469,7 325,7 542,November
CCG,04Y,E38000028,NHS Cannock Chase CCG,69 238,62 923,3 174,3 141,November
CCG,05D,E38000053,NHS East Staffordshire CCG,72 757,65 700,3 135,3 922,November
CCG,05G,E38000126,NHS North Staffordshire CCG,102 114,93 325,4 489,4 300,November
CCG,05Q,E38000153,NHS South East Staffordshire and Seisdon Peninsula CCG,106 675,94 491,5 637,6 547,November
CCG,05V,E38000173,NHS Stafford and Surrounds CCG,74 108,65 760,4 200,4 148,November
CCG,05W,E38000175,NHS Stoke on Trent CCG,128 718,113 350,9 101,6 267,November
CCG,06H,E38000026,NHS Cambridgeshire and Peterborough CCG,525 084,488 020,18 215,18 849,November
CCG,06K,E38000049,NHS East and North Hertfordshire CCG,281 682,260 963,9 640,11 079,November
CCG,06L,E38000086,NHS Ipswich and East Suffolk CCG,222 643,209 189,5 894,7 560,November
CCG,06N,E38000079,NHS Herts Valley CCG,286 874,258 345,13 839,14 690,November
CCG,06Q,E38000106,NHS Mid Essex CCG,186 215,171 802,6 880,7 533,November
CCG,06T,E38000117,NHS North East Essex CCG,190 471,173 467,9 614,7 390,November
CCG,07G,E38000185,NHS Thurrock CCG,91 459,84 103,2 677,4 679,November
CCG,07H,E38000197,NHS West Essex CCG,147 001,137 245,5 420,4 336,November
CCG,07K,E38000204,NHS West Suffolk CCG,135 336,126 996,4 772,3 568,November
CCG,09D,E38000021,NHS Brighton and Hove CCG,144 962,132 082,5 589,7 291,November
CCG,10Q,E38000136,NHS Oxfordshire CCG,396 862,360 291,19 316,17 255,November
CCG,10R,E38000137,NHS Portsmouth CCG,92 804,85 796,4 494,2 514,November
CCG,11J,E38000045,NHS Dorset CCG,448 618,412 360,14 436,21 822,November
CCG,11M,E38000062,NHS Gloucestershire CCG,377 960,349 056,13 875,15 029,November
CCG,11N,E38000089,NHS Kernow CCG,389 199,348 116,15 030,26 053,November
CCG,11X,E38000150,NHS Somerset CCG,305 468,271 440,15 836,18 192,November
CCG,12F,E38000208,NHS Wirral CCG,210 670,188 952,12 151,9 567,November
CCG,13T,E38000212,NHS Newcastle Gateshead CCG,262 029,237 519,14 200,10 310,November
CCG,14L,E38000217,NHS Manchester CCG,309 183,268 634,22 344,18 205,November
CCG,14Y,E38000223,NHS Buckinghamshire CCG,264 825,243 536,11 731,9 558,November
CCG,15A,E38000221,NHS Berkshire West CCG,272 213,244 435,12 790,14 988,November
CCG,15C,E38000222,"NHS Bristol, North Somerset and South Gloucestershire CCG",515 214,463 707,26 521,24 986,November
CCG,15E,E38000220,NHS Birmingham and Solihull CCG,647 270,580 331,39 202,27 737,November
CCG,15F,E38000225,NHS Leeds CCG,468 870,431 735,20 094,17 041,November
CCG,15M,E38000229,NHS Derby and Derbyshire CCG,612 838,564 888,22 757,25 193,November
CCG,15N,E38000230,NHS Devon CCG,767 497,702 766,32 686,32 045,November
CCG,16C,E38000247,NHS Tees Valley CCG,395 914,359 708,18 072,18 134,November
CCG,18C,E38000236,NHS Herefordshire CCG,482 784,444 217,21 670,16 897,November
CCG,26A,E38000239,NHS Norfolk and Waveney CCG,629 602,582 173,22 318,25 111,November
CCG,27D,E38000233,NHS Cheshire CCG,395 519,351 020,22 680,21 819,November
CCG,36J,E38000232,NHS Bradford District and Craven CCG,412 100,378 149,12 859,21 092,November
CCG,36L,E38000245,NHS South West London CCG,723 453,648 758,41 647,33 048,November
CCG,42D,E38000241,NHS North Yorkshire CCG,254 507,237 894,8 211,8 402,November
CCG,52R,E38000243,NHS Nottingham and Nottinghamshire CCG,581 070,531 475,25 579,24 016,November
CCG,70F,E38000248,NHS West Sussex CCG,452 531,423 653,14 084,14 794,November
CCG,71E,E38000238,NHS Lincolnshire CCG,435 060,403 233,15 839,15 988,November
CCG,72Q,E38000244,NHS South East London CCG,807 764,719 778,49 864,38 122,November
CCG,78H,E38000242,NHS Northamptonshire CCG,414 769,387 774,14 410,12 585,November
CCG,84H,E38000234,NHS County Durham CCG,366 351,340 898,12 773,12 680,November
CCG,91Q,E38000237,NHS Kent and Medway CCG,963 115,859 226,54 379,49 510,November
CCG,92A,E38000246,NHS Surrey Heartlands CCG,503 034,459 555,22 793,20 686,November
CCG,92G,E38000231,"NHS Bath and North East Somerset, Swindon and Wiltshire CCG",544 519,503 846,17 138,23 535,November
CCG,93C,E38000240,NHS North Central London CCG,690 124,622 651,40 666,26 807,November
CCG,97R,E38000235,NHS East Sussex CCG,312 533,282 118,14 344,16 071,November
CCG,99A,E38000101,NHS Liverpool CCG,277 944,248 063,18 919,10 962,November
CCG,99C,E38000127,NHS North Tyneside CCG,113 830,105 673,4 627,3 530,November
CCG,99E,E38000007,NHS Basildon and Brentwood CCG,132 868,122 416,3 690,6 762,November
CCG,99F,E38000030,NHS Castle Point and Rochford CCG,79 481,73 652,2 810,3 019,November
CCG,99G,E38000168,NHS Southend CCG,81 120,74 355,3 030,3 735,November
CCG,A3A8R,E38000255,NHS North East London CCG,968 353,866 126,60 190,42 037,November
CCG,B2M3M,E38000251,NHS Coventry and Warwickshire CCG,501 626,456 254,25 634,19 738,November
CCG,D2P2L,E38000250,NHS Black Country and West Birmingham CCG,721 980,642 305,47 892,31 783,November
CCG,D4U1Y,E38000252,NHS Frimley CCG,372 929,341 902,19 369,11 658,November
CCG,D9Y0V,E38000253,"NHS Hampshire, Southampton and Isle of Wight CCG",847 206,773 775,37 376,36 055,November
CCG,M1J4Y,E38000249,"NHS Bedfordshire, Luton and Milton Keynes CCG",490 665,455 160,19 199,16 306,November
CCG,M2L0M,E38000257,NHS Shropshire and Telford and Wrekin CCG,268 039,246 451,11 404,10 184,November
CCG,W2U3Z,E38000256,NHS North West London CCG,1 155 718,1 051 052,53 988,50 678,November
CCG,X2C4Y,E38000254,NHS Kirklees CCG,245 642,228 169,9 125,8 348,November
