Type,NHS_area_code,ONS_code,Name,Count_gp_appointments,Attended,Did_not_attend,Unknown,Month
National,ENG,ENG,England,23 802 512,21 982 976,887 198,932 338,April
Region,Y56,E40000003,London,3 466 205,3 171 941,150 545,143 719,April
Region,Y58,E40000006,South West,2 654 970,2 465 204,88 472,101 294,April
Region,Y59,E40000005,South East,3 612 932,3 340 874,135 498,136 560,April
Region,Y60,E40000008,Midlands,4 497 029,4 146 040,180 353,170 636,April
Region,Y61,E40000007,East of England,2 777 680,2 598 683,81 576,97 421,April
Region,Y62,E40000010,North West,2 805 551,2 540 988,125 825,138 738,April
Region,Y63,E40000009,North East and Yorkshire,3 988 145,3 719 246,124 929,143 970,April
STP,QE1,E54000048,Healthier Lancashire And South Cumbria  STP,687 260,631 476,26 510,29 274,April
STP,QF7,E54000009,South Yorkshire And Bassetlaw  STP,659 632,613 174,23 876,22 582,April
STP,QGH,E54000019,Herefordshire And Worcestershire  STP,361 874,338 585,13 780,9 509,April
STP,QH8,E54000026,Mid And South Essex  STP,469 042,436 827,12 721,19 494,April
STP,QHG,E54000024,"Bedfordshire, Luton And Milton Keynes  STP",387 235,363 445,11 535,12 255,April
STP,QHL,E54000017,Birmingham And Solihull  STP,506 161,462 751,23 849,19 561,April
STP,QHM,E54000050,Cumbria And North East  STP,1 403 219,1 298 277,46 067,58 875,April
STP,QJ2,E54000012,Joined Up Care Derbyshire  STP,471 369,436 457,12 404,22 508,April
STP,QJG,E54000023,Suffolk And North East Essex  STP,443 741,415 586,12 264,15 891,April
STP,QJK,E54000037,Devon  STP,612 585,567 254,24 098,21 233,April
STP,QJM,E54000013,Lincolnshire  STP,325 859,304 987,10 662,10 210,April
STP,QK1,E54000015,"Leicester, Leicestershire And Rutland  STP",497 673,467 291,15 012,15 370,April
STP,QKK,E54000030,Our Healthier South East London  STP,659 951,592 432,32 606,34 913,April
STP,QKS,E54000032,Kent And Medway  STP,741 251,672 774,29 672,38 805,April
STP,QM7,E54000025,Hertfordshire And West Essex  STP,566 906,525 741,17 913,23 252,April
STP,QMF,E54000029,East London Health And Care Partnership  STP,763 305,694 486,36 409,32 410,April
STP,QMJ,E54000028,North London Partners In Health And Care  STP,542 549,501 863,21 841,18 845,April
STP,QMM,E54000022,Norfolk And Waveney Health And Care Partnership  STP,500 433,469 632,15 751,15 050,April
STP,QNC,E54000010,Staffordshire And Stoke On Trent  STP,421 636,376 225,25 666,19 745,April
STP,QNQ,E54000034,Frimley Health And Care Ics  STP,291 120,272 922,10 055,8 143,April
STP,QNX,E54000053,Sussex Health And Care Partnership  STP,710 002,662 148,24 267,23 587,April
STP,QOC,E54000011,Shropshire And Telford And Wrekin  STP,204 339,190 836,6 995,6 508,April
STP,QOP,E54000007,Greater Manchester Health And Social Care Partnership  STP,1 059 958,946 133,54 620,59 205,April
STP,QOQ,E54000051,"Humber, Coast And Vale  STP",759 619,714 569,22 829,22 221,April
STP,QOX,E54000040,"Bath And North East Somerset, Swindon And Wiltshire  STP",445 029,415 658,12 470,16 901,April
STP,QPM,E54000020,Northamptonshire  STP,314 013,297 999,7 699,8 315,April
STP,QR1,E54000043,Gloucestershire  STP,291 160,277 285,6 970,6 905,April
STP,QRL,E54000042,Hampshire And The Isle Of Wight  STP,747 862,698 442,24 947,24 473,April
STP,QRV,E54000027,North West London Health And Care Partnership  STP,914 567,845 980,33 565,35 022,April
STP,QSL,E54000038,Somerset  STP,247 901,226 602,10 561,10 738,April
STP,QT1,E54000014,Nottingham And Nottinghamshire Health And Care  STP,461 437,432 908,15 549,12 980,April
STP,QT6,E54000036,Cornwall And The Isles Of Scilly Health And Social Care Partnership  STP,309 556,285 273,8 625,15 658,April
STP,QU9,E54000044,"Buckinghamshire, Oxfordshire And Berkshire West  STP",727 209,667 970,31 739,27 500,April
STP,QUA,E54000016,The Black Country And West Birmingham  STP,547 689,484 151,31 116,32 422,April
STP,QUE,E54000021,Cambridgeshire And Peterborough  STP,410 323,387 452,11 392,11 479,April
STP,QUY,E54000039,"Bristol, North Somerset And South Gloucestershire  STP",398 628,370 390,15 903,12 335,April
STP,QVV,E54000041,Dorset  STP,350 111,322 742,9 845,17 524,April
STP,QWE,E54000031,South West London Health And Care Partnership  STP,585 833,537 180,26 124,22 529,April
STP,QWO,E54000054,West Yorkshire And Harrogate (Health And Care Partnership)  STP,1 165 675,1 093 226,32 157,40 292,April
STP,QWU,E54000018,Coventry And Warwickshire  STP,384 979,353 850,17 621,13 508,April
STP,QXU,E54000052,Surrey Heartlands Health And Care Partnership  STP,395 488,366 618,14 818,14 052,April
STP,QYG,E54000008,Cheshire And Merseyside  STP,1 058 333,963 379,44 695,50 259,April
CCG,00L,E38000130,NHS Northumberland CCG,149 739,142 927,3 540,3 272,April
CCG,00N,E38000163,NHS South Tyneside CCG,56 173,52 519,1 840,1 814,April
CCG,00P,E38000176,NHS Sunderland CCG,112 434,104 060,5 150,3 224,April
CCG,00Q,E38000014,NHS Blackburn with Darwen CCG,67 489,62 263,2 563,2 663,April
CCG,00R,E38000015,NHS Blackpool CCG,78 112,72 141,3 774,2 197,April
CCG,00T,E38000016,NHS Bolton CCG,129 785,114 417,7 524,7 844,April
CCG,00V,E38000024,NHS Bury CCG,33 167,24 749,2 384,6 034,April
CCG,00X,E38000034,NHS Chorley and South Ribble CCG,64 941,59 247,2 781,2 913,April
CCG,00Y,E38000135,NHS Oldham CCG,92 134,84 963,4 271,2 900,April
CCG,01A,E38000050,NHS East Lancashire CCG,141 275,129 507,5 483,6 285,April
CCG,01D,E38000080,"NHS Heywood, Middleton and Rochdale CCG",82 088,76 081,3 634,2 373,April
CCG,01E,E38000227,NHS Greater Preston CCG,75 869,69 990,2 670,3 209,April
CCG,01F,E38000068,NHS Halton CCG,49 998,44 840,2 111,3 047,April
CCG,01G,E38000143,NHS Salford CCG,102 730,89 599,5 251,7 880,April
CCG,01H,E38000215,NHS North Cumbria CCG,162 423,143 496,4 864,14 063,April
CCG,01J,E38000091,NHS Knowsley CCG,64 443,59 464,2 818,2 161,April
CCG,01K,E38000228,NHS Morecambe Bay CCG,132 880,123 363,4 735,4 782,April
CCG,01T,E38000161,NHS South Sefton CCG,49 573,46 147,1 777,1 649,April
CCG,01V,E38000170,NHS Southport and Formby CCG,50 371,46 697,1 469,2 205,April
CCG,01W,E38000174,NHS Stockport CCG,130 004,118 337,5 201,6 466,April
CCG,01X,E38000172,NHS St Helens CCG,64 401,58 881,2 561,2 959,April
CCG,01Y,E38000182,NHS Tameside and Glossop CCG,99 350,88 199,5 194,5 957,April
CCG,02A,E38000187,NHS Trafford CCG,60 313,53 182,3 472,3 659,April
CCG,02E,E38000194,NHS Warrington CCG,89 642,84 200,2 023,3 419,April
CCG,02G,E38000200,NHS West Lancashire CCG,42 149,38 851,1 389,1 909,April
CCG,02H,E38000205,NHS Wigan Borough CCG,95 804,85 357,3 842,6 605,April
CCG,02M,E38000226,NHS Fylde and Wyre CCG,84 545,76 114,3 115,5 316,April
CCG,02P,E38000006,NHS Barnsley CCG,112 713,103 470,4 240,5 003,April
CCG,02Q,E38000008,NHS Bassetlaw CCG,50 108,47 609,1 498,1 001,April
CCG,02T,E38000025,NHS Calderdale CCG,90 355,85 266,2 452,2 637,April
CCG,02X,E38000044,NHS Doncaster CCG,125 822,116 291,5 523,4 008,April
CCG,02Y,E38000052,NHS East Riding of Yorkshire CCG,134 324,125 994,5 174,3 156,April
CCG,03F,E38000085,NHS Hull CCG,106 874,98 883,5 124,2 867,April
CCG,03H,E38000119,NHS North East Lincolnshire CCG,86 388,80 899,2 329,3 160,April
CCG,03K,E38000122,NHS North Lincolnshire CCG,88 007,81 907,1 729,4 371,April
CCG,03L,E38000141,NHS Rotherham CCG,116 530,108 816,3 691,4 023,April
CCG,03N,E38000146,NHS Sheffield CCG,254 459,236 988,8 924,8 547,April
CCG,03Q,E38000188,NHS Vale of York CCG,136 058,129 742,3 604,2 712,April
CCG,03R,E38000190,NHS Wakefield CCG,175 205,165 757,4 399,5 049,April
CCG,03W,E38000051,NHS East Leicestershire and Rutland CCG,153 354,144 375,4 554,4 425,April
CCG,04C,E38000097,NHS Leicester City CCG,171 131,159 669,5 622,5 840,April
CCG,04V,E38000201,NHS West Leicestershire CCG,173 188,163 247,4 836,5 105,April
CCG,04Y,E38000028,NHS Cannock Chase CCG,52 339,46 536,2 994,2 809,April
CCG,05D,E38000053,NHS East Staffordshire CCG,56 442,50 283,2 135,4 024,April
CCG,05G,E38000126,NHS North Staffordshire CCG,74 418,68 095,2 705,3 618,April
CCG,05Q,E38000153,NHS South East Staffordshire and Seisdon Peninsula CCG,79 397,70 886,6 289,2 222,April
CCG,05V,E38000173,NHS Stafford and Surrounds CCG,60 394,55 968,2 035,2 391,April
CCG,05W,E38000175,NHS Stoke on Trent CCG,98 646,84 457,9 508,4 681,April
CCG,06H,E38000026,NHS Cambridgeshire and Peterborough CCG,410 323,387 452,11 392,11 479,April
CCG,06K,E38000049,NHS East and North Hertfordshire CCG,226 309,210 068,5 531,10 710,April
CCG,06L,E38000086,NHS Ipswich and East Suffolk CCG,178 359,170 513,3 282,4 564,April
CCG,06N,E38000079,NHS Herts Valley CCG,230 199,212 275,8 387,9 537,April
CCG,06Q,E38000106,NHS Mid Essex CCG,154 635,147 683,3 166,3 786,April
CCG,06T,E38000117,NHS North East Essex CCG,156 413,145 235,6 894,4 284,April
CCG,07G,E38000185,NHS Thurrock CCG,68 540,64 618,1 205,2 717,April
CCG,07H,E38000197,NHS West Essex CCG,110 398,103 398,3 995,3 005,April
CCG,07K,E38000204,NHS West Suffolk CCG,108 969,99 838,2 088,7 043,April
CCG,09D,E38000021,NHS Brighton and Hove CCG,116 715,109 510,3 306,3 899,April
CCG,10Q,E38000136,NHS Oxfordshire CCG,316 969,288 271,17 616,11 082,April
CCG,10R,E38000137,NHS Portsmouth CCG,77 915,72 085,2 636,3 194,April
CCG,11J,E38000045,NHS Dorset CCG,350 111,322 742,9 845,17 524,April
CCG,11M,E38000062,NHS Gloucestershire CCG,291 160,277 285,6 970,6 905,April
CCG,11N,E38000089,NHS Kernow CCG,309 556,285 273,8 625,15 658,April
CCG,11X,E38000150,NHS Somerset CCG,247 901,226 602,10 561,10 738,April
CCG,12F,E38000208,NHS Wirral CCG,158 250,143 527,6 735,7 988,April
CCG,13T,E38000212,NHS Newcastle Gateshead CCG,215 536,195 433,8 963,11 140,April
CCG,14L,E38000217,NHS Manchester CCG,234 583,211 249,13 847,9 487,April
CCG,14Y,E38000223,NHS Buckinghamshire CCG,204 304,190 960,5 925,7 419,April
CCG,15A,E38000221,NHS Berkshire West CCG,205 936,188 739,8 198,8 999,April
CCG,15C,E38000222,"NHS Bristol, North Somerset and South Gloucestershire CCG",398 628,370 390,15 903,12 335,April
CCG,15E,E38000220,NHS Birmingham and Solihull CCG,506 161,462 751,23 849,19 561,April
CCG,15F,E38000225,NHS Leeds CCG,376 645,351 854,12 316,12 475,April
CCG,15M,E38000229,NHS Derby and Derbyshire CCG,471 369,436 457,12 404,22 508,April
CCG,15N,E38000230,NHS Devon CCG,612 585,567 254,24 098,21 233,April
CCG,16C,E38000247,NHS Tees Valley CCG,316 647,291 220,10 583,14 844,April
CCG,18C,E38000236,NHS Herefordshire CCG,361 874,338 585,13 780,9 509,April
CCG,26A,E38000239,NHS Norfolk and Waveney CCG,500 433,469 632,15 751,15 050,April
CCG,27D,E38000233,NHS Cheshire CCG,310 489,279 517,14 108,16 864,April
CCG,36J,E38000232,NHS Bradford District and Craven CCG,329 872,306 894,8 173,14 805,April
CCG,36L,E38000245,NHS South West London CCG,585 833,537 180,26 124,22 529,April
CCG,42D,E38000241,NHS North Yorkshire CCG,207 968,197 144,4 869,5 955,April
CCG,52R,E38000243,NHS Nottingham and Nottinghamshire CCG,461 437,432 908,15 549,12 980,April
CCG,70F,E38000248,NHS West Sussex CCG,351 804,332 851,8 419,10 534,April
CCG,71E,E38000238,NHS Lincolnshire CCG,325 859,304 987,10 662,10 210,April
CCG,72Q,E38000244,NHS South East London CCG,659 951,592 432,32 606,34 913,April
CCG,78H,E38000242,NHS Northamptonshire CCG,314 013,297 999,7 699,8 315,April
CCG,84H,E38000234,NHS County Durham CCG,298 936,282 709,8 039,8 188,April
CCG,91Q,E38000237,NHS Kent and Medway CCG,741 251,672 774,29 672,38 805,April
CCG,92A,E38000246,NHS Surrey Heartlands CCG,395 488,366 618,14 818,14 052,April
CCG,92G,E38000231,"NHS Bath and North East Somerset, Swindon and Wiltshire CCG",445 029,415 658,12 470,16 901,April
CCG,93C,E38000240,NHS North Central London CCG,542 549,501 863,21 841,18 845,April
CCG,97R,E38000235,NHS East Sussex CCG,241 483,219 787,12 542,9 154,April
CCG,99A,E38000101,NHS Liverpool CCG,221 166,200 106,11 093,9 967,April
CCG,99C,E38000127,NHS North Tyneside CCG,91 331,85 913,3 088,2 330,April
CCG,99E,E38000007,NHS Basildon and Brentwood CCG,101 038,94 941,1 956,4 141,April
CCG,99F,E38000030,NHS Castle Point and Rochford CCG,72 318,67 501,2 470,2 347,April
CCG,99G,E38000168,NHS Southend CCG,72 511,62 084,3 924,6 503,April
CCG,A3A8R,E38000255,NHS North East London CCG,763 305,694 486,36 409,32 410,April
CCG,B2M3M,E38000251,NHS Coventry and Warwickshire CCG,384 979,353 850,17 621,13 508,April
CCG,D2P2L,E38000250,NHS Black Country and West Birmingham CCG,547 689,484 151,31 116,32 422,April
CCG,D4U1Y,E38000252,NHS Frimley CCG,291 120,272 922,10 055,8 143,April
CCG,D9Y0V,E38000253,"NHS Hampshire, Southampton and Isle of Wight CCG",669 947,626 357,22 311,21 279,April
CCG,M1J4Y,E38000249,"NHS Bedfordshire, Luton and Milton Keynes CCG",387 235,363 445,11 535,12 255,April
CCG,M2L0M,E38000257,NHS Shropshire and Telford and Wrekin CCG,204 339,190 836,6 995,6 508,April
CCG,W2U3Z,E38000256,NHS North West London CCG,914 567,845 980,33 565,35 022,April
CCG,X2C4Y,E38000254,NHS Kirklees CCG,193 598,183 455,4 817,5 326,April
