﻿;;;;;;;;;;
;;;;;;;;;;
;;;;;;;;;;
;;;;;;;;;;
;;;;;;;;;;
Return to Contents;;;;;;;;;;
_;;;;;;;;;;
Table 3a: Appointments by Status, at National, Regional, STP and CCG level, England, April 2021;;;;;;;;;;
;;;;Count of Open GP Practices1;Count of Included GP Practices;Count of Appointments;;"Count of Appointments by 
Appointment Status";;
Type;NHS Area Code;ONS Code;Name;;;Total;;Attended;DNA;Unknown2
Type;NHS Area Code;ONS Code;Name;Open Active Practices;Included Practices;Total;_;Attended;DNA;Unknown
National;ENG;ENG;England;6 632;6 519;23 802 512;;21 982 976;887 198;932 338
Region;Y56;E40000003;London;1 215;1 189;3 466 205;;3 171 941;150 545;143 719
Region;Y58;E40000006;South West;570;561;2 654 970;;2 465 204;88 472;101 294
Region;Y59;E40000005;South East;851;845;3 612 932;;3 340 874;135 498;136 560
Region;Y60;E40000008;Midlands;1 302;1 290;4 497 029;;4 146 040;180 353;170 636
Region;Y61;E40000007;East of England;676;663;2 777 680;;2 598 683;81 576;97 421
Region;Y62;E40000010;North West;1 002;969;2 805 551;;2 540 988;125 825;138 738
Region;Y63;E40000009;North East and Yorkshire;1 016;1 002;3 988 145;;3 719 246;124 929;143 970
STP;QE1;E54000048;Healthier Lancashire And South Cumbria  STP;203;201;687 260;;631 476;26 510;29 274
STP;QF7;E54000009;South Yorkshire And Bassetlaw  STP;186;185;659 632;;613 174;23 876;22 582
STP;QGH;E54000019;Herefordshire And Worcestershire  STP;81;81;361 874;;338 585;13 780;9 509
STP;QH8;E54000026;Mid And South Essex  STP;153;149;469 042;;436 827;12 721;19 494
STP;QHG;E54000024;Bedfordshire, Luton And Milton Keynes  STP;98;96;387 235;;363 445;11 535;12 255
STP;QHL;E54000017;Birmingham And Solihull  STP;162;159;506 161;;462 751;23 849;19 561
STP;QHM;E54000050;Cumbria And North East  STP;361;356;1 403 219;;1 298 277;46 067;58 875
STP;QJ2;E54000012;Joined Up Care Derbyshire  STP;112;112;471 369;;436 457;12 404;22 508
STP;QJG;E54000023;Suffolk And North East Essex  STP;96;94;443 741;;415 586;12 264;15 891
STP;QJK;E54000037;Devon  STP;123;121;612 585;;567 254;24 098;21 233
STP;QJM;E54000013;Lincolnshire  STP;85;85;325 859;;304 987;10 662;10 210
STP;QK1;E54000015;Leicester, Leicestershire And Rutland  STP;134;131;497 673;;467 291;15 012;15 370
STP;QKK;E54000030;Our Healthier South East London  STP;209;200;659 951;;592 432;32 606;34 913
STP;QKS;E54000032;Kent And Medway  STP;198;197;741 251;;672 774;29 672;38 805
STP;QM7;E54000025;Hertfordshire And West Essex  STP;137;135;566 906;;525 741;17 913;23 252
STP;QMF;E54000029;East London Health And Care Partnership  STP;280;276;763 305;;694 486;36 409;32 410
STP;QMJ;E54000028;North London Partners In Health And Care  STP;190;184;542 549;;501 863;21 841;18 845
STP;QMM;E54000022;Norfolk And Waveney Health And Care Partnership  STP;106;104;500 433;;469 632;15 751;15 050
STP;QNC;E54000010;Staffordshire And Stoke On Trent  STP;148;147;421 636;;376 225;25 666;19 745
STP;QNQ;E54000034;Frimley Health And Care Ics  STP;74;72;291 120;;272 922;10 055;8 143
STP;QNX;E54000053;Sussex Health And Care Partnership  STP;166;166;710 002;;662 148;24 267;23 587
STP;QOC;E54000011;Shropshire And Telford And Wrekin  STP;54;52;204 339;;190 836;6 995;6 508
STP;QOP;E54000007;Greater Manchester Health And Social Care Partnership  STP;440;413;1 059 958;;946 133;54 620;59 205
STP;QOQ;E54000051;Humber, Coast And Vale  STP;182;181;759 619;;714 569;22 829;22 221
STP;QOX;E54000040;Bath And North East Somerset, Swindon And Wiltshire  STP;93;90;445 029;;415 658;12 470;16 901
STP;QPM;E54000020;Northamptonshire  STP;70;68;314 013;;297 999;7 699;8 315
STP;QR1;E54000043;Gloucestershire  STP;73;72;291 160;;277 285;6 970;6 905
STP;QRL;E54000042;Hampshire And The Isle Of Wight  STP;149;148;747 862;;698 442;24 947;24 473
STP;QRV;E54000027;North West London Health And Care Partnership  STP;353;350;914 567;;845 980;33 565;35 022
STP;QSL;E54000038;Somerset  STP;65;65;247 901;;226 602;10 561;10 738
STP;QT1;E54000014;Nottingham And Nottinghamshire Health And Care  STP;127;126;461 437;;432 908;15 549;12 980
STP;QT6;E54000036;Cornwall And The Isles Of Scilly Health And Social Care Partnership  STP;59;59;309 556;;285 273;8 625;15 658
STP;QU9;E54000044;Buckinghamshire, Oxfordshire And Berkshire West  STP;160;159;727 209;;667 970;31 739;27 500
STP;QUA;E54000016;The Black Country And West Birmingham  STP;207;207;547 689;;484 151;31 116;32 422
STP;QUE;E54000021;Cambridgeshire And Peterborough  STP;86;85;410 323;;387 452;11 392;11 479
STP;QUY;E54000039;Bristol, North Somerset And South Gloucestershire  STP;78;77;398 628;;370 390;15 903;12 335
STP;QVV;E54000041;Dorset  STP;79;77;350 111;;322 742;9 845;17 524
STP;QWE;E54000031;South West London Health And Care Partnership  STP;183;179;585 833;;537 180;26 124;22 529
STP;QWO;E54000054;West Yorkshire And Harrogate (Health And Care Partnership)  STP;287;280;1 165 675;;1 093 226;32 157;40 292
STP;QWU;E54000018;Coventry And Warwickshire  STP;122;122;384 979;;353 850;17 621;13 508
STP;QXU;E54000052;Surrey Heartlands Health And Care Partnership  STP;104;103;395 488;;366 618;14 818;14 052
STP;QYG;E54000008;Cheshire And Merseyside  STP;359;355;1 058 333;;963 379;44 695;50 259
CCG;00L;E38000130;NHS Northumberland CCG;38;37;149 739;;142 927;3 540;3 272
CCG;00N;E38000163;NHS South Tyneside CCG;21;21;56 173;;52 519;1 840;1 814
CCG;00P;E38000176;NHS Sunderland CCG;39;38;112 434;;104 060;5 150;3 224
CCG;00Q;E38000014;NHS Blackburn with Darwen CCG;23;23;67 489;;62 263;2 563;2 663
CCG;00R;E38000015;NHS Blackpool CCG;18;17;78 112;;72 141;3 774;2 197
CCG;00T;E38000016;NHS Bolton CCG;49;49;129 785;;114 417;7 524;7 844
CCG;00V;E38000024;NHS Bury CCG;26;13;33 167;;24 749;2 384;6 034
CCG;00X;E38000034;NHS Chorley and South Ribble CCG;26;26;64 941;;59 247;2 781;2 913
CCG;00Y;E38000135;NHS Oldham CCG;40;40;92 134;;84 963;4 271;2 900
CCG;01A;E38000050;NHS East Lancashire CCG;48;48;141 275;;129 507;5 483;6 285
CCG;01D;E38000080;NHS Heywood, Middleton and Rochdale CCG;41;36;82 088;;76 081;3 634;2 373
CCG;01E;E38000227;NHS Greater Preston CCG;22;22;75 869;;69 990;2 670;3 209
CCG;01F;E38000068;NHS Halton CCG;14;14;49 998;;44 840;2 111;3 047
CCG;01G;E38000143;NHS Salford CCG;38;34;102 730;;89 599;5 251;7 880
CCG;01H;E38000215;NHS North Cumbria CCG;35;35;162 423;;143 496;4 864;14 063
CCG;01J;E38000091;NHS Knowsley CCG;25;25;64 443;;59 464;2 818;2 161
CCG;01K;E38000228;NHS Morecambe Bay CCG;32;32;132 880;;123 363;4 735;4 782
CCG;01T;E38000161;NHS South Sefton CCG;31;30;49 573;;46 147;1 777;1 649
CCG;01V;E38000170;NHS Southport and Formby CCG;17;17;50 371;;46 697;1 469;2 205
CCG;01W;E38000174;NHS Stockport CCG;36;36;130 004;;118 337;5 201;6 466
CCG;01X;E38000172;NHS St Helens CCG;33;32;64 401;;58 881;2 561;2 959
CCG;01Y;E38000182;NHS Tameside and Glossop CCG;37;37;99 350;;88 199;5 194;5 957
CCG;02A;E38000187;NHS Trafford CCG;29;28;60 313;;53 182;3 472;3 659
CCG;02E;E38000194;NHS Warrington CCG;26;26;89 642;;84 200;2 023;3 419
CCG;02G;E38000200;NHS West Lancashire CCG;15;15;42 149;;38 851;1 389;1 909
CCG;02H;E38000205;NHS Wigan Borough CCG;59;56;95 804;;85 357;3 842;6 605
CCG;02M;E38000226;NHS Fylde and Wyre CCG;19;18;84 545;;76 114;3 115;5 316
CCG;02P;E38000006;NHS Barnsley CCG;32;32;112 713;;103 470;4 240;5 003
CCG;02Q;E38000008;NHS Bassetlaw CCG;9;9;50 108;;47 609;1 498;1 001
CCG;02T;E38000025;NHS Calderdale CCG;22;21;90 355;;85 266;2 452;2 637
CCG;02X;E38000044;NHS Doncaster CCG;39;39;125 822;;116 291;5 523;4 008
CCG;02Y;E38000052;NHS East Riding of Yorkshire CCG;29;29;134 324;;125 994;5 174;3 156
CCG;03F;E38000085;NHS Hull CCG;32;32;106 874;;98 883;5 124;2 867
CCG;03H;E38000119;NHS North East Lincolnshire CCG;25;25;86 388;;80 899;2 329;3 160
CCG;03K;E38000122;NHS North Lincolnshire CCG;19;19;88 007;;81 907;1 729;4 371
CCG;03L;E38000141;NHS Rotherham CCG;29;29;116 530;;108 816;3 691;4 023
CCG;03N;E38000146;NHS Sheffield CCG;77;76;254 459;;236 988;8 924;8 547
CCG;03Q;E38000188;NHS Vale of York CCG;26;25;136 058;;129 742;3 604;2 712
CCG;03R;E38000190;NHS Wakefield CCG;36;34;175 205;;165 757;4 399;5 049
CCG;03W;E38000051;NHS East Leicestershire and Rutland CCG;31;29;153 354;;144 375;4 554;4 425
CCG;04C;E38000097;NHS Leicester City CCG;57;56;171 131;;159 669;5 622;5 840
CCG;04V;E38000201;NHS West Leicestershire CCG;46;46;173 188;;163 247;4 836;5 105
CCG;04Y;E38000028;NHS Cannock Chase CCG;23;22;52 339;;46 536;2 994;2 809
CCG;05D;E38000053;NHS East Staffordshire CCG;18;18;56 442;;50 283;2 135;4 024
CCG;05G;E38000126;NHS North Staffordshire CCG;30;30;74 418;;68 095;2 705;3 618
CCG;05Q;E38000153;NHS South East Staffordshire and Seisdon Peninsula CCG;24;24;79 397;;70 886;6 289;2 222
CCG;05V;E38000173;NHS Stafford and Surrounds CCG;14;14;60 394;;55 968;2 035;2 391
CCG;05W;E38000175;NHS Stoke on Trent CCG;39;39;98 646;;84 457;9 508;4 681
CCG;06H;E38000026;NHS Cambridgeshire and Peterborough CCG;86;85;410 323;;387 452;11 392;11 479
CCG;06K;E38000049;NHS East and North Hertfordshire CCG;52;50;226 309;;210 068;5 531;10 710
CCG;06L;E38000086;NHS Ipswich and East Suffolk CCG;39;38;178 359;;170 513;3 282;4 564
CCG;06N;E38000079;NHS Herts Valley CCG;55;55;230 199;;212 275;8 387;9 537
CCG;06Q;E38000106;NHS Mid Essex CCG;42;39;154 635;;147 683;3 166;3 786
CCG;06T;E38000117;NHS North East Essex CCG;33;32;156 413;;145 235;6 894;4 284
CCG;07G;E38000185;NHS Thurrock CCG;27;27;68 540;;64 618;1 205;2 717
CCG;07H;E38000197;NHS West Essex CCG;30;30;110 398;;103 398;3 995;3 005
CCG;07K;E38000204;NHS West Suffolk CCG;24;24;108 969;;99 838;2 088;7 043
CCG;09D;E38000021;NHS Brighton and Hove CCG;34;34;116 715;;109 510;3 306;3 899
CCG;10Q;E38000136;NHS Oxfordshire CCG;67;67;316 969;;288 271;17 616;11 082
CCG;10R;E38000137;NHS Portsmouth CCG;13;13;77 915;;72 085;2 636;3 194
CCG;11J;E38000045;NHS Dorset CCG;79;77;350 111;;322 742;9 845;17 524
CCG;11M;E38000062;NHS Gloucestershire CCG;73;72;291 160;;277 285;6 970;6 905
CCG;11N;E38000089;NHS Kernow CCG;59;59;309 556;;285 273;8 625;15 658
CCG;11X;E38000150;NHS Somerset CCG;65;65;247 901;;226 602;10 561;10 738
CCG;12F;E38000208;NHS Wirral CCG;47;47;158 250;;143 527;6 735;7 988
CCG;13T;E38000212;NHS Newcastle Gateshead CCG;60;60;215 536;;195 433;8 963;11 140
CCG;14L;E38000217;NHS Manchester CCG;85;84;234 583;;211 249;13 847;9 487
CCG;14Y;E38000223;NHS Buckinghamshire CCG;48;48;204 304;;190 960;5 925;7 419
CCG;15A;E38000221;NHS Berkshire West CCG;45;44;205 936;;188 739;8 198;8 999
CCG;15C;E38000222;NHS Bristol, North Somerset and South Gloucestershire CCG;78;77;398 628;;370 390;15 903;12 335
CCG;15E;E38000220;NHS Birmingham and Solihull CCG;162;159;506 161;;462 751;23 849;19 561
CCG;15F;E38000225;NHS Leeds CCG;93;92;376 645;;351 854;12 316;12 475
CCG;15M;E38000229;NHS Derby and Derbyshire CCG;112;112;471 369;;436 457;12 404;22 508
CCG;15N;E38000230;NHS Devon CCG;123;121;612 585;;567 254;24 098;21 233
CCG;16C;E38000247;NHS Tees Valley CCG;81;79;316 647;;291 220;10 583;14 844
CCG;18C;E38000236;NHS Herefordshire CCG;81;81;361 874;;338 585;13 780;9 509
CCG;26A;E38000239;NHS Norfolk and Waveney CCG;106;104;500 433;;469 632;15 751;15 050
CCG;27D;E38000233;NHS Cheshire CCG;79;79;310 489;;279 517;14 108;16 864
CCG;36J;E38000232;NHS Bradford District and Craven CCG;71;69;329 872;;306 894;8 173;14 805
CCG;36L;E38000245;NHS South West London CCG;183;179;585 833;;537 180;26 124;22 529
CCG;42D;E38000241;NHS North Yorkshire CCG;51;51;207 968;;197 144;4 869;5 955
CCG;52R;E38000243;NHS Nottingham and Nottinghamshire CCG;127;126;461 437;;432 908;15 549;12 980
CCG;70F;E38000248;NHS West Sussex CCG;78;78;351 804;;332 851;8 419;10 534
CCG;71E;E38000238;NHS Lincolnshire CCG;85;85;325 859;;304 987;10 662;10 210
CCG;72Q;E38000244;NHS South East London CCG;209;200;659 951;;592 432;32 606;34 913
CCG;78H;E38000242;NHS Northamptonshire CCG;70;68;314 013;;297 999;7 699;8 315
CCG;84H;E38000234;NHS County Durham CCG;61;61;298 936;;282 709;8 039;8 188
CCG;91Q;E38000237;NHS Kent and Medway CCG;198;197;741 251;;672 774;29 672;38 805
CCG;92A;E38000246;NHS Surrey Heartlands CCG;104;103;395 488;;366 618;14 818;14 052
CCG;92G;E38000231;NHS Bath and North East Somerset, Swindon and Wiltshire CCG;93;90;445 029;;415 658;12 470;16 901
CCG;93C;E38000240;NHS North Central London CCG;190;184;542 549;;501 863;21 841;18 845
CCG;97R;E38000235;NHS East Sussex CCG;54;54;241 483;;219 787;12 542;9 154
CCG;99A;E38000101;NHS Liverpool CCG;87;85;221 166;;200 106;11 093;9 967
CCG;99C;E38000127;NHS North Tyneside CCG;26;25;91 331;;85 913;3 088;2 330
CCG;99E;E38000007;NHS Basildon and Brentwood CCG;35;35;101 038;;94 941;1 956;4 141
CCG;99F;E38000030;NHS Castle Point and Rochford CCG;23;23;72 318;;67 501;2 470;2 347
CCG;99G;E38000168;NHS Southend CCG;26;25;72 511;;62 084;3 924;6 503
CCG;A3A8R;E38000255;NHS North East London CCG;280;276;763 305;;694 486;36 409;32 410
CCG;B2M3M;E38000251;NHS Coventry and Warwickshire CCG;122;122;384 979;;353 850;17 621;13 508
CCG;D2P2L;E38000250;NHS Black Country and West Birmingham CCG;207;207;547 689;;484 151;31 116;32 422
CCG;D4U1Y;E38000252;NHS Frimley CCG;74;72;291 120;;272 922;10 055;8 143
CCG;D9Y0V;E38000253;NHS Hampshire, Southampton and Isle of Wight CCG;136;135;669 947;;626 357;22 311;21 279
CCG;M1J4Y;E38000249;NHS Bedfordshire, Luton and Milton Keynes CCG;98;96;387 235;;363 445;11 535;12 255
CCG;M2L0M;E38000257;NHS Shropshire and Telford and Wrekin CCG;54;52;204 339;;190 836;6 995;6 508
CCG;W2U3Z;E38000256;NHS North West London CCG;353;350;914 567;;845 980;33 565;35 022
CCG;X2C4Y;E38000254;NHS Kirklees CCG;65;64;193 598;;183 455;4 817;5 326
;;;;;;;;;;
;;;;;;;;;;
;;;;;;;;;;
;;;;;;;;;;
;;;;;;;;;;
;;;;;;;;;;
;;;;;;;;;;
;;;;;;;;;;
;;;;;;;;;;
;;;;;;;;;;
;;;;;;;;;;
;;;;;;;;;;
;;;;;;;;;;
;;;;;;;;;;
;;;;;;;;;;
;;;;;;;;;;
;;;;;;;;;;
;;;;;;;;;;
;;;;;;;;;;
;;;;;;;;;;
;;;;;;;;;;
;;;;;;;;;;
;;;;;;;;;;
;;;;;;;;;;
;;;;;;;;;;
;;;;;;;;;;
;;;;;;;;;;
;;;;;;;;;;
;;;;;;;;;;
;;;;;;;;;;
;;;;;;;;;;
;;;;;;;;;;
Notes:;;;;;;;;;;
1;CCGs are only included if there is data for more than one practice within the CCG, therefore the total count of open GP practices by CCG may not equal the national total;;;;;;;;;
2;"At the time of the appointment a ‘Booked’ status will usually be changed to either ‘Attended’ or ‘DNA’. In some cases (4-7% of monthly appointments), the final status of an appointment remains as ‘Booked’. It is not known from the data whether these appointments were actually attended or not. From a sample audit these were found to be consultations where the status has not been updated to say if patients had attended or not. 
For this reason, these appointments are reported as ""Unknown"" status";;;;;;;;;
_;See 'Coronavirus Impact' tab for further information;;;;;;;;;
Copyright © 2021 Health and Social Care Information Centre. The Health and Social Care Information Centre is a non-departmental body created by statute, also known as NHS Digital.;;;;;;;;;;
;;;;;;;;;;
;;;;;;;;;;
;;;;;;;;;;
;;;;;;;;;;
;;;;;;;;;;
;;;;;;;;;;
;;;;;;;;;;
;;;;;;;;;;
;;;;;;;;;;
;;;;;;;;;;
;;;;;;;;;;
;;;;;;;;;;
;;;;;;;;;;
;;;;;;;;;;
;;;;;;;;;;
;;;;;;;;;;
;;;;;;;;;;
;;;;;;;;;;
;;;;;;;;;;
;;;;;;;;;;
;;;;;;;;;;
;;;;;;;;;;
;;;;;;;;;;
;;;;;;;;;;
;;;;;;;;;;
;;;;;;;;;;
;;;;;;;;;;
;;;;;;;;;;
;;;;;;;;;;
;;;;;;;;;;
;;;;;;;;;;
;;;;;;;;;;
;;;;;;;;;;
;;;;;;;;;;
;;;;;;;;;;
;;;;;;;;;;
;;;;;;;;;;
;;;;;;;;;;
;;;;;;;;;;
;;;;;;;;;;
;;;;;;;;;;
;;;;;;;;;;
;;;;;;;;;;
;;;;;;;;;;
;;;;;;;;;;
;;;;;;;;;;
;;;;;;;;;;
;;;;;;;;;;
;;;;;;;;;;
;;;;;;;;;;
;;;;;;;;;;
;;;;;;;;;;
;;;;;;;;;;
;;;;;;;;;;
;;;;;;;;;;
;;;;;;;;;;
;;;;;;;;;;
;;;;;;;;;;
;;;;;;;;;;
;;;;;;;;;;
;;;;;;;;;;
;;;;;;;;;;
;;;;;;;;;;
;;;;;;;;;;
;;;;;;;;;;
;;;;;;;;;;
;;;;;;;;;;
;;;;;;;;;;
;;;;;;;;;;
;;;;;;;;;;
;;;;;;;;;;
;;;;;;;;;;
;;;;;;;;;;
;;;;;;;;;;
;;;;;;;;;;
;;;;;;;;;;
;;;;;;;;;;
;;;;;;;;;;
;;;;;;;;;;
;;;;;;;;;;
;;;;;;;;;;
;;;;;;;;;;
;;;;;;;;;;
;;;;;;;;;;
;;;;;;;;;;
;;;;;;;;;;
;;;;;;;;;;
;;;;;;;;;;
;;;;;;;;;;
;;;;;;;;;;
;;;;;;;;;;
;;;;;;;;;;
;;;;;;;;;;
;;;;;;;;;;
;;;;;;;;;;
;;;;;;;;;;
;;;;;;;;;;
;;;;;;;;;;
;;;;;;;;;;
;;;;;;;;;;
;;;;;;;;;;
;;;;;;;;;;
;;;;;;;;;;
;;;;;;;;;;
;;;;;;;;;;
;;;;;;;;;;
;;;;;;;;;;
;;;;;;;;;;
;;;;;;;;;;
;;;;;;;;;;
;;;;;;;;;;
;;;;;;;;;;
;;;;;;;;;;
;;;;;;;;;;
;;;;;;;;;;
;;;;;;;;;;
;;;;;;;;;;
;;;;;;;;;;
;;;;;;;;;;
;;;;;;;;;;
;;;;;;;;;;
;;;;;;;;;;
;;;;;;;;;;
;;;;;;;;;;
;;;;;;;;;;
;;;;;;;;;;
;;;;;;;;;;
;;;;;;;;;;
;;;;;;;;;;
;;;;;;;;;;
;;;;;;;;;;
;;;;;;;;;;
;;;;;;;;;;
;;;;;;;;;;
;;;;;;;;;;
;;;;;;;;;;
;;;;;;;;;;
;;;;;;;;;;
;;;;;;;;;;
;;;;;;;;;;
;;;;;;;;;;
;;;;;;;;;;
;;;;;;;;;;
;;;;;;;;;;
;;;;;;;;;;
;;;;;;;;;;
;;;;;;;;;;
;;;;;;;;;;
;;;;;;;;;;
;;;;;;;;;;
;;;;;;;;;;
;;;;;;;;;;
;;;;;;;;;;
;;;;;;;;;;
;;;;;;;;;;
;;;;;;;;;;
;;;;;;;;;;
;;;;;;;;;;
;;;;;;;;;;
;;;;;;;;;;
;;;;;;;;;;
;;;;;;;;;;
;;;;;;;;;;
;;;;;;;;;;
;;;;;;;;;;
;;;;;;;;;;
;;;;;;;;;;
;;;;;;;;;;
;;;;;;;;;;
;;;;;;;;;;
;;;;;;;;;;
;;;;;;;;;;
;;;;;;;;;;
;;;;;;;;;;
;;;;;;;;;;
;;;;;;;;;;
;;;;;;;;;;
;;;;;;;;;;
;;;;;;;;;;
;;;;;;;;;;
;;;;;;;;;;
;;;;;;;;;;
;;;;;;;;;;
;;;;;;;;;;
;;;;;;;;;;
;;;;;;;;;;
;;;;;;;;;;
;;;;;;;;;;
;;;;;;;;;;
;;;;;;;;;;
;;;;;;;;;;
;;;;;;;;;;
;;;;;;;;;;
;;;;;;;;;;
;;;;;;;;;;
;;;;;;;;;;
;;;;;;;;;;
;;;;;;;;;;
;;;;;;;;;;
;;;;;;;;;;
;;;;;;;;;;
;;;;;;;;;;
;;;;;;;;;;
;;;;;;;;;;
;;;;;;;;;;
;;;;;;;;;;
;;;;;;;;;;
;;;;;;;;;;
;;;;;;;;;;
;;;;;;;;;;
;;;;;;;;;;
;;;;;;;;;;
;;;;;;;;;;
;;;;;;;;;;
;;;;;;;;;;
;;;;;;;;;;
;;;;;;;;;;
;;;;;;;;;;
;;;;;;;;;;
;;;;;;;;;;
;;;;;;;;;;
;;;;;;;;;;
;;;;;;;;;;
;;;;;;;;;;
;;;;;;;;;;
;;;;;;;;;;
;;;;;;;;;;
;;;;;;;;;;
;;;;;;;;;;
;;;;;;;;;;
;;;;;;;;;;
;;;;;;;;;;
;;;;;;;;;;
;;;;;;;;;;
;;;;;;;;;;
;;;;;;;;;;
;;;;;;;;;;
;;;;;;;;;;
;;;;;;;;;;
;;;;;;;;;;
;;;;;;;;;;
;;;;;;;;;;
;;;;;;;;;;
;;;;;;;;;;
;;;;;;;;;;
;;;;;;;;;;
;;;;;;;;;;
;;;;;;;;;;
;;;;;;;;;;
;;;;;;;;;;
;;;;;;;;;;
;;;;;;;;;;
;;;;;;;;;;
;;;;;;;;;;
;;;;;;;;;;
;;;;;;;;;;
;;;;;;;;;;
;;;;;;;;;;
;;;;;;;;;;
;;;;;;;;;;
;;;;;;;;;;
;;;;;;;;;;
;;;;;;;;;;
;;;;;;;;;;
;;;;;;;;;;
;;;;;;;;;;
;;;;;;;;;;
;;;;;;;;;;
;;;;;;;;;;
;;;;;;;;;;
;;;;;;;;;;
;;;;;;;;;;
;;;;;;;;;;
;;;;;;;;;;
;;;;;;;;;;
;;;;;;;;;;
;;;;;;;;;;
;;;;;;;;;;
;;;;;;;;;;
;;;;;;;;;;
;;;;;;;;;;
;;;;;;;;;;
;;;;;;;;;;
;;;;;;;;;;
;;;;;;;;;;
;;;;;;;;;;
;;;;;;;;;;
;;;;;;;;;;
;;;;;;;;;;
;;;;;;;;;;
;;;;;;;;;;
;;;;;;;;;;
;;;;;;;;;;
;;;;;;;;;;
;;;;;;;;;;
;;;;;;;;;;
;;;;;;;;;;
;;;;;;;;;;
;;;;;;;;;;
;;;;;;;;;;
;;;;;;;;;;
;;;;;;;;;;
;;;;;;;;;;
;;;;;;;;;;
;;;;;;;;;;
;;;;;;;;;;
;;;;;;;;;;
;;;;;;;;;;
;;;;;;;;;;
;;;;;;;;;;
;;;;;;;;;;
;;;;;;;;;;
;;;;;;;;;;
;;;;;;;;;;
;;;;;;;;;;
;;;;;;;;;;
;;;;;;;;;;
;;;;;;;;;;
;;;;;;;;;;
;;;;;;;;;;
;;;;;;;;;;
;;;;;;;;;;
;;;;;;;;;;
;;;;;;;;;;
;;;;;;;;;;
;;;;;;;;;;
;;;;;;;;;;
;;;;;;;;;;
;;;;;;;;;;
;;;;;;;;;;
;;;;;;;;;;
;;;;;;;;;;
;;;;;;;;;;
;;;;;;;;;;
;;;;;;;;;;
;;;;;;;;;;
;;;;;;;;;;
;;;;;;;;;;
;;;;;;;;;;
;;;;;;;;;;
;;;;;;;;;;
;;;;;;;;;;
;;;;;;;;;;
;;;;;;;;;;
;;;;;;;;;;
;;;;;;;;;;
;;;;;;;;;;
;;;;;;;;;;
;;;;;;;;;;
;;;;;;;;;;
;;;;;;;;;;
;;;;;;;;;;
;;;;;;;;;;
;;;;;;;;;;
;;;;;;;;;;
;;;;;;;;;;
;;;;;;;;;;
;;;;;;;;;;
;;;;;;;;;;
;;;;;;;;;;
;;;;;;;;;;
;;;;;;;;;;
;;;;;;;;;;
;;;;;;;;;;
;;;;;;;;;;
;;;;;;;;;;
;;;;;;;;;;
;;;;;;;;;;
;;;;;;;;;;
;;;;;;;;;;
;;;;;;;;;;
;;;;;;;;;;
;;;;;;;;;;
;;;;;;;;;;
;;;;;;;;;;
;;;;;;;;;;
;;;;;;;;;;
;;;;;;;;;;
;;;;;;;;;;
;;;;;;;;;;
;;;;;;;;;;
;;;;;;;;;;
;;;;;;;;;;
;;;;;;;;;;
;;;;;;;;;;
;;;;;;;;;;
;;;;;;;;;;
;;;;;;;;;;
;;;;;;;;;;
;;;;;;;;;;
;;;;;;;;;;
;;;;;;;;;;
;;;;;;;;;;
;;;;;;;;;;
;;;;;;;;;;
;;;;;;;;;;
;;;;;;;;;;
;;;;;;;;;;
;;;;;;;;;;
;;;;;;;;;;
;;;;;;;;;;
;;;;;;;;;;
;;;;;;;;;;
;;;;;;;;;;
;;;;;;;;;;
;;;;;;;;;;
;;;;;;;;;;
;;;;;;;;;;
;;;;;;;;;;
;;;;;;;;;;
;;;;;;;;;;
;;;;;;;;;;
;;;;;;;;;;
;;;;;;;;;;
;;;;;;;;;;
;;;;;;;;;;
;;;;;;;;;;
;;;;;;;;;;
;;;;;;;;;;
;;;;;;;;;;
;;;;;;;;;;
;;;;;;;;;;
;;;;;;;;;;
;;;;;;;;;;
;;;;;;;;;;
;;;;;;;;;;
;;;;;;;;;;
;;;;;;;;;;
;;;;;;;;;;
;;;;;;;;;;
;;;;;;;;;;
;;;;;;;;;;
;;;;;;;;;;
;;;;;;;;;;
;;;;;;;;;;
;;;;;;;;;;
;;;;;;;;;;
;;;;;;;;;;
;;;;;;;;;;
;;;;;;;;;;
;;;;;;;;;;
;;;;;;;;;;
;;;;;;;;;;
;;;;;;;;;;
;;;;;;;;;;
;;;;;;;;;;
;;;;;;;;;;
;;;;;;;;;;
;;;;;;;;;;
;;;;;;;;;;
;;;;;;;;;;
;;;;;;;;;;
;;;;;;;;;;
;;;;;;;;;;
;;;;;;;;;;
;;;;;;;;;;
;;;;;;;;;;
;;;;;;;;;;
;;;;;;;;;;
;;;;;;;;;;
;;;;;;;;;;
;;;;;;;;;;
;;;;;;;;;;
;;;;;;;;;;
;;;;;;;;;;
;;;;;;;;;;
;;;;;;;;;;
;;;;;;;;;;
;;;;;;;;;;
;;;;;;;;;;
;;;;;;;;;;
;;;;;;;;;;
;;;;;;;;;;
;;;;;;;;;;
;;;;;;;;;;
;;;;;;;;;;
;;;;;;;;;;
;;;;;;;;;;
;;;;;;;;;;
;;;;;;;;;;
;;;;;;;;;;
;;;;;;;;;;
;;;;;;;;;;
;;;;;;;;;;
;;;;;;;;;;
;;;;;;;;;;
;;;;;;;;;;
;;;;;;;;;;
;;;;;;;;;;
;;;;;;;;;;
;;;;;;;;;;
;;;;;;;;;;
;;;;;;;;;;
;;;;;;;;;;
;;;;;;;;;;
;;;;;;;;;;
;;;;;;;;;;
;;;;;;;;;;
;;;;;;;;;;
;;;;;;;;;;
;;;;;;;;;;
;;;;;;;;;;
;;;;;;;;;;
;;;;;;;;;;
;;;;;;;;;;
;;;;;;;;;;
;;;;;;;;;;
;;;;;;;;;;
;;;;;;;;;;
;;;;;;;;;;
;;;;;;;;;;
;;;;;;;;;;
;;;;;;;;;;
;;;;;;;;;;
;;;;;;;;;;
;;;;;;;;;;
;;;;;;;;;;
;;;;;;;;;;
;;;;;;;;;;
;;;;;;;;;;
;;;;;;;;;;
;;;;;;;;;;
;;;;;;;;;;
;;;;;;;;;;
;;;;;;;;;;
;;;;;;;;;;
;;;;;;;;;;
;;;;;;;;;;
;;;;;;;;;;
;;;;;;;;;;
;;;;;;;;;;
;;;;;;;;;;
;;;;;;;;;;
;;;;;;;;;;
;;;;;;;;;;
;;;;;;;;;;
;;;;;;;;;;
;;;;;;;;;;
;;;;;;;;;;
;;;;;;;;;;
;;;;;;;;;;
;;;;;;;;;;
;;;;;;;;;;
;;;;;;;;;;
;;;;;;;;;;
;;;;;;;;;;
;;;;;;;;;;
;;;;;;;;;;
;;;;;;;;;;
;;;;;;;;;;
;;;;;;;;;;
;;;;;;;;;;
;;;;;;;;;;
;;;;;;;;;;
;;;;;;;;;;
;;;;;;;;;;
;;;;;;;;;;
;;;;;;;;;;
;;;;;;;;;;
;;;;;;;;;;
;;;;;;;;;;
;;;;;;;;;;
;;;;;;;;;;
;;;;;;;;;;
;;;;;;;;;;
;;;;;;;;;;