Type,NHS_area_code,ONS_code,Name,Count_gp_appointments,Attended,Did_not_attend,Unknown,Month
National,ENG,ENG,England,28 377 307,25 999 016,1 105 482,1 272 809,March
Region,Y56,E40000003,London,3 967 693,3 633 505,169 567,164 621,March
Region,Y58,E40000006,South West,3 164 146,2 922 956,104 353,136 837,March
Region,Y59,E40000005,South East,4 367 358,3 972 920,170 986,223 452,March
Region,Y60,E40000008,Midlands,5 436 737,4 953 369,239 977,243 391,March
Region,Y61,E40000007,East of England,3 260 374,3 039 919,102 034,118 421,March
Region,Y62,E40000010,North West,3 362 686,3 021 926,165 048,175 712,March
Region,Y63,E40000009,North East and Yorkshire,4 818 313,4 454 421,153 517,210 375,March
STP,QE1,E54000048,Healthier Lancashire And South Cumbria  STP,818 296,744 079,33 917,40 300,March
STP,QF7,E54000009,South Yorkshire And Bassetlaw  STP,792 733,732 966,27 943,31 824,March
STP,QGH,E54000019,Herefordshire And Worcestershire  STP,451 651,414 017,21 511,16 123,March
STP,QH8,E54000026,Mid And South Essex  STP,568 318,514 792,20 504,33 022,March
STP,QHG,E54000024,"Bedfordshire, Luton And Milton Keynes  STP",449 451,424 515,13 510,11 426,March
STP,QHL,E54000017,Birmingham And Solihull  STP,662 451,594 578,32 218,35 655,March
STP,QHM,E54000050,Cumbria And North East  STP,1 705 638,1 549 706,59 618,96 314,March
STP,QJ2,E54000012,Joined Up Care Derbyshire  STP,544 622,507 141,14 761,22 720,March
STP,QJG,E54000023,Suffolk And North East Essex  STP,532 189,502 907,14 373,14 909,March
STP,QJK,E54000037,Devon  STP,747 553,693 422,24 815,29 316,March
STP,QJM,E54000013,Lincolnshire  STP,386 524,361 020,12 075,13 429,March
STP,QK1,E54000015,"Leicester, Leicestershire And Rutland  STP",597 181,560 716,18 450,18 015,March
STP,QKK,E54000030,Our Healthier South East London  STP,761 525,686 290,36 524,38 711,March
STP,QKS,E54000032,Kent And Medway  STP,895 505,801 435,38 693,55 377,March
STP,QM7,E54000025,Hertfordshire And West Essex  STP,672 008,617 648,25 301,29 059,March
STP,QMF,E54000029,East London Health And Care Partnership  STP,878 343,801 057,42 442,34 844,March
STP,QMJ,E54000028,North London Partners In Health And Care  STP,615 536,570 948,23 917,20 671,March
STP,QMM,E54000022,Norfolk And Waveney Health And Care Partnership  STP,576 549,542 956,15 997,17 596,March
STP,QNC,E54000010,Staffordshire And Stoke On Trent  STP,504 046,451 371,27 454,25 221,March
STP,QNQ,E54000034,Frimley Health And Care Ics  STP,335 363,315 167,11 104,9 092,March
STP,QNX,E54000053,Sussex And East Surrey Health And Care Partnership  STP,864 216,795 708,25 854,42 654,March
STP,QOC,E54000011,Shropshire And Telford And Wrekin  STP,256 006,234 220,8 052,13 734,March
STP,QOP,E54000007,Greater Manchester Health And Social Care Partnership  STP,1 249 256,1 109 308,70 057,69 891,March
STP,QOQ,E54000051,"Humber, Coast And Vale  STP",906 536,848 210,26 117,32 209,March
STP,QOX,E54000040,"Bath And North East Somerset, Swindon And Wiltshire  STP",508 988,477 249,14 023,17 716,March
STP,QPM,E54000020,Northamptonshire  STP,367 994,347 585,8 522,11 887,March
STP,QR1,E54000043,Gloucestershire  STP,339 645,319 501,7 868,12 276,March
STP,QRL,E54000042,Hampshire And The Isle Of Wight  STP,915 769,841 901,32 984,40 884,March
STP,QRV,E54000027,North West London Health And Care Partnership  STP,1 017 648,943 063,36 106,38 479,March
STP,QSL,E54000038,Somerset  STP,296 668,269 111,14 057,13 500,March
STP,QT1,E54000014,Nottingham And Nottinghamshire Health And Care  STP,534 353,501 091,16 993,16 269,March
STP,QT6,E54000036,Cornwall And The Isles Of Scilly Health And Social Care Partnership  STP,360 020,328 025,11 194,20 801,March
STP,QU9,E54000044,"Buckinghamshire, Oxfordshire And Berkshire West  STP",897 632,793 704,46 421,57 507,March
STP,QUA,E54000016,The Black Country And West Birmingham  STP,676 437,569 202,55 863,51 372,March
STP,QUE,E54000021,Cambridgeshire And Peterborough  STP,461 859,437 101,12 349,12 409,March
STP,QUY,E54000039,"Bristol, North Somerset And South Gloucestershire  STP",482 900,437 665,22 388,22 847,March
STP,QVV,E54000041,Dorset  STP,428 372,397 983,10 008,20 381,March
STP,QWE,E54000031,South West London Health And Care Partnership  STP,694 641,632 147,30 578,31 916,March
STP,QWO,E54000054,West Yorkshire And Harrogate (Health And Care Partnership)  STP,1 413 406,1 323 539,39 839,50 028,March
STP,QWU,E54000018,Coventry And Warwickshire  STP,455 472,412 428,24 078,18 966,March
STP,QXU,E54000052,Surrey Heartlands Health And Care Partnership  STP,458 873,425 005,15 930,17 938,March
STP,QYG,E54000008,Cheshire And Merseyside  STP,1 295 134,1 168 539,61 074,65 521,March
CCG,00L,E38000130,NHS Northumberland CCG,189 075,173 318,4 090,11 667,March
CCG,00N,E38000163,NHS South Tyneside CCG,66 546,62 343,2 001,2 202,March
CCG,00P,E38000176,NHS Sunderland CCG,128 459,119 795,5 287,3 377,March
CCG,00Q,E38000014,NHS Blackburn with Darwen CCG,85 038,78 889,3 412,2 737,March
CCG,00R,E38000015,NHS Blackpool CCG,86 791,80 245,3 586,2 960,March
CCG,00T,E38000016,NHS Bolton CCG,159 504,135 218,14 847,9 439,March
CCG,00V,E38000024,NHS Bury CCG,35 977,27 213,2 718,6 046,March
CCG,00X,E38000034,NHS Chorley and South Ribble CCG,81 935,75 683,3 036,3 216,March
CCG,00Y,E38000135,NHS Oldham CCG,111 750,101 325,5 536,4 889,March
CCG,01A,E38000050,NHS East Lancashire CCG,159 975,147 833,5 761,6 381,March
CCG,01D,E38000080,"NHS Heywood, Middleton & Rochdale CCG",100 786,94 020,4 412,2 354,March
CCG,01E,E38000065,NHS Greater Preston CCG,91 550,82 381,2 981,6 188,March
CCG,01F,E38000068,NHS Halton CCG,65 385,58 847,3 685,2 853,March
CCG,01G,E38000143,NHS Salford CCG,116 903,102 793,5 971,8 139,March
CCG,01H,E38000041,NHS Cumbria CCG,198 879,174 330,6 875,17 674,March
CCG,01J,E38000091,NHS Knowsley CCG,77 494,69 282,5 671,2 541,March
CCG,01K,E38000093,NHS Lancashire North CCG,155 296,141 778,5 032,8 486,March
CCG,01T,E38000161,NHS South Sefton CCG,57 665,54 235,1 854,1 576,March
CCG,01V,E38000170,NHS Southport and Formby CCG,57 433,53 868,1 469,2 096,March
CCG,01W,E38000174,NHS Stockport CCG,148 934,134 953,5 899,8 082,March
CCG,01X,E38000172,NHS St Helens CCG,73 054,66 936,2 866,3 252,March
CCG,01Y,E38000182,NHS Tameside and Glossop CCG,116 076,104 340,6 082,5 654,March
CCG,02A,E38000187,NHS Trafford CCG,74 117,62 708,4 420,6 989,March
CCG,02E,E38000194,NHS Warrington CCG,105 968,98 977,2 198,4 793,March
CCG,02G,E38000200,NHS West Lancashire CCG,52 002,47 202,2 885,1 915,March
CCG,02H,E38000205,NHS Wigan Borough CCG,108 666,96 636,4 402,7 628,March
CCG,02M,E38000060,NHS Fylde & Wyre CCG,105 709,90 068,7 224,8 417,March
CCG,02P,E38000006,NHS Barnsley CCG,142 677,128 781,5 557,8 339,March
CCG,02Q,E38000008,NHS Bassetlaw CCG,60 136,56 089,1 765,2 282,March
CCG,02T,E38000025,NHS Calderdale CCG,108 441,100 220,4 894,3 327,March
CCG,02X,E38000044,NHS Doncaster CCG,140 797,130 557,5 903,4 337,March
CCG,02Y,E38000052,NHS East Riding of Yorkshire CCG,156 806,145 553,5 901,5 352,March
CCG,03A,E38000064,NHS Greater Huddersfield CCG,120 595,113 783,3 569,3 243,March
CCG,03F,E38000085,NHS Hull CCG,126 484,116 921,5 031,4 532,March
CCG,03H,E38000119,NHS North East Lincolnshire CCG,98 754,92 486,2 526,3 742,March
CCG,03J,E38000121,NHS North Kirklees CCG,101 083,95 345,2 588,3 150,March
CCG,03K,E38000122,NHS North Lincolnshire CCG,115 635,108 519,2 029,5 087,March
CCG,03L,E38000141,NHS Rotherham CCG,137 123,128 527,4 023,4 573,March
CCG,03N,E38000146,NHS Sheffield CCG,312 000,289 012,10 695,12 293,March
CCG,03Q,E38000188,NHS Vale of York CCG,167 312,157 366,4 213,5 733,March
CCG,03R,E38000190,NHS Wakefield CCG,202 473,192 218,4 839,5 416,March
CCG,03W,E38000051,NHS East Leicestershire and Rutland CCG,182 307,171 170,5 613,5 524,March
CCG,04C,E38000097,NHS Leicester City CCG,210 321,196 135,7 124,7 062,March
CCG,04F,E38000107,NHS Milton Keynes CCG,128 099,121 198,4 386,2 515,March
CCG,04V,E38000201,NHS West Leicestershire CCG,204 553,193 411,5 713,5 429,March
CCG,04Y,E38000028,NHS Cannock Chase CCG,64 837,58 514,2 827,3 496,March
CCG,05A,E38000038,NHS Coventry and Rugby CCG,211 087,194 839,8 910,7 338,March
CCG,05C,E38000046,NHS Dudley CCG,163 405,125 755,12 675,24 975,March
CCG,05D,E38000053,NHS East Staffordshire CCG,64 950,57 005,2 749,5 196,March
CCG,05G,E38000126,NHS North Staffordshire CCG,98 899,87 060,5 698,6 141,March
CCG,05H,E38000195,NHS Warwickshire North CCG,93 858,78 947,10 869,4 042,March
CCG,05L,E38000144,NHS Sandwell and West Birmingham CCG,248 132,223 539,13 090,11 503,March
CCG,05N,E38000147,NHS Shropshire CCG,167 143,151 336,5 306,10 501,March
CCG,05Q,E38000153,NHS South East Staffs and Seisdon and Peninsular CCG,88 384,81 780,3 458,3 146,March
CCG,05R,E38000164,NHS South Warwickshire CCG,150 527,138 642,4 299,7 586,March
CCG,05V,E38000173,NHS Stafford and Surrounds CCG,70 113,65 484,2 298,2 331,March
CCG,05W,E38000175,NHS Stoke on Trent CCG,116 863,101 528,10 424,4 911,March
CCG,05X,E38000183,NHS Telford & Wrekin CCG,88 863,82 884,2 746,3 233,March
CCG,05Y,E38000191,NHS Walsall CCG,161 376,126 331,25 705,9 340,March
CCG,06A,E38000210,NHS Wolverhampton CCG,103 524,93 577,4 393,5 554,March
CCG,06F,E38000010,NHS Bedfordshire CCG,227 211,215 560,5 768,5 883,March
CCG,06H,E38000026,NHS Cambridgeshire and Peterborough CCG,461 859,437 101,12 349,12 409,March
CCG,06K,E38000049,NHS East and North Hertfordshire CCG,270 206,246 123,10 245,13 838,March
CCG,06L,E38000086,NHS Ipswich and East Suffolk CCG,221 972,212 706,4 189,5 077,March
CCG,06N,E38000079,NHS Herts Valleys CCG,269 166,247 452,9 602,12 112,March
CCG,06P,E38000102,NHS Luton CCG,94 141,87 757,3 356,3 028,March
CCG,06Q,E38000106,NHS Mid Essex CCG,195 191,173 294,9 514,12 383,March
CCG,06T,E38000117,NHS North East Essex CCG,181 404,169 378,7 786,4 240,March
CCG,07G,E38000185,NHS Thurrock CCG,87 474,82 026,1 687,3 761,March
CCG,07H,E38000197,NHS West Essex CCG,132 636,124 073,5 454,3 109,March
CCG,07K,E38000204,NHS West Suffolk CCG,128 813,120 823,2 398,5 592,March
CCG,07L,E38000004,NHS Barking & Dagenham CCG,80 191,71 765,3 952,4 474,March
CCG,07P,E38000020,NHS Brent CCG,163 256,144 970,7 447,10 839,March
CCG,07T,E38000035,NHS City and Hackney CCG,144 781,132 926,7 492,4 363,March
CCG,07W,E38000048,NHS Ealing CCG,186 672,177 585,5 457,3 630,March
CCG,07Y,E38000084,NHS Hounslow CCG,120 023,112 573,4 072,3 378,March
CCG,08C,E38000070,NHS Hammersmith and Fulham CCG,98 369,92 244,2 166,3 959,March
CCG,08E,E38000074,NHS Harrow CCG,115 319,103 959,5 110,6 250,March
CCG,08F,E38000077,NHS Havering CCG,98 877,88 820,4 284,5 773,March
CCG,08G,E38000082,NHS Hillingdon CCG,126 176,117 683,4 875,3 618,March
CCG,08M,E38000113,NHS Newham CCG,150 783,138 043,8 099,4 641,March
CCG,08N,E38000138,NHS Redbridge CCG,139 497,124 498,7 397,7 602,March
CCG,08V,E38000186,NHS Tower Hamlets CCG,158 746,146 124,7 775,4 847,March
CCG,08W,E38000192,NHS Waltham Forest CCG,105 468,98 881,3 443,3 144,March
CCG,08Y,E38000202,"NHS West London (Kensington and Chelsea, Queen’s Park and Paddington)",120 800,112 127,3 884,4 789,March
CCG,09A,E38000031,NHS Central London (Westminster) CCG,87 033,81 922,3 095,2 016,March
CCG,09D,E38000021,NHS Brighton & Hove CCG,134 750,126 663,3 649,4 438,March
CCG,10C,E38000178,NHS Surrey Heath CCG,44 849,42 746,1 163,940,March
CCG,10J,E38000120,NHS North Hampshire CCG,106 706,101 229,2 785,2 692,March
CCG,10K,E38000059,NHS Fareham and Gosport CCG,102 717,92 951,3 773,5 993,March
CCG,10L,E38000087,NHS Isle of Wight CCG,94 926,86 435,4 239,4 252,March
CCG,10Q,E38000136,NHS Oxfordshire CCG,397 704,343 354,29 282,25 068,March
CCG,10R,E38000137,NHS Portsmouth CCG,101 694,92 286,4 378,5 030,March
CCG,10V,E38000154,NHS South Eastern Hampshire CCG,101 235,92 341,4 014,4 880,March
CCG,10X,E38000167,NHS Southampton CCG,134 883,126 892,4 315,3 676,March
CCG,11A,E38000198,NHS West Hampshire CCG,273 608,249 767,9 480,14 361,March
CCG,11J,E38000045,NHS Dorset CCG,428 372,397 983,10 008,20 381,March
CCG,11M,E38000062,NHS Gloucestershire CCG,339 645,319 501,7 868,12 276,March
CCG,11N,E38000089,NHS Kernow CCG,360 020,328 025,11 194,20 801,March
CCG,11X,E38000150,NHS Somerset CCG,296 668,269 111,14 057,13 500,March
CCG,12F,E38000208,NHS Wirral CCG,212 085,191 973,10 254,9 858,March
CCG,13T,E38000212,NHS Newcastle Gateshead CCG,272 844,231 388,12 803,28 653,March
CCG,14L,E38000217,NHS Manchester CCG,276 543,250 102,15 770,10 671,March
CCG,14Y,E38000223,NHS Buckinghamshire CCG,245 504,223 347,7 651,14 506,March
CCG,15A,E38000221,NHS Berkshire West CCG,254 424,227 003,9 488,17 933,March
CCG,15C,E38000222,"NHS Bristol, North Somerset and South Gloucestershire CCG",482 900,437 665,22 388,22 847,March
