﻿;;;;;;;;;;
;;;;;;;;;;
;;;;;;;;;;
;;;;;;;;;;
;;;;;;;;;;
Return to Contents;;;;;;;;;;
_;;;;;;;;;;
Table 3a: Appointments by Status, at National, Regional, STP and CCG level, England, July 2021;;;;;;;;;;
;;;;Count of Open GP Practices1;Count of Included GP Practices;Count of Appointments;;"Count of Appointments by 
Appointment Status";;
Type;NHS Area Code;ONS Code;Name;;;Total;;Attended;DNA;Unknown2
Type;NHS Area Code;ONS Code;Name;Open Active Practices;Included Practices;Total;_;Attended;DNA;Unknown
National;ENG;ENG;England;6 608;6 474;25 535 481;;23 588 983;1 015 516;930 982
Region;Y56;E40000003;London;1 212;1 182;3 785 510;;3 437 479;189 359;158 672
Region;Y58;E40000006;South West;565;548;2 791 887;;2 606 667;93 971;91 249
Region;Y59;E40000005;South East;847;841;3 914 243;;3 625 506;149 756;138 981
Region;Y60;E40000008;Midlands;1 294;1 282;4 894 408;;4 529 796;198 281;166 331
Region;Y61;E40000007;East of England;678;658;2 949 556;;2 762 156;88 238;99 162
Region;Y62;E40000010;North West;999;963;2 989 664;;2 710 351;149 241;130 072
Region;Y63;E40000009;North East and Yorkshire;1 013;1 000;4 210 213;;3 917 028;146 670;146 515
STP;QE1;E54000048;Healthier Lancashire And South Cumbria  STP;202;201;743 891;;679 495;32 854;31 542
STP;QF7;E54000009;South Yorkshire And Bassetlaw  STP;184;184;702 495;;651 201;26 968;24 326
STP;QGH;E54000019;Herefordshire And Worcestershire  STP;80;80;406 961;;380 934;15 831;10 196
STP;QH8;E54000026;Mid And South Essex  STP;153;148;483 273;;453 787;12 144;17 342
STP;QHG;E54000024;Bedfordshire, Luton And Milton Keynes  STP;99;96;423 502;;394 899;13 841;14 762
STP;QHL;E54000017;Birmingham And Solihull  STP;162;159;547 759;;496 499;30 702;20 558
STP;QHM;E54000050;Cumbria And North East  STP;361;356;1 451 738;;1 344 668;55 310;51 760
STP;QJ2;E54000012;Joined Up Care Derbyshire  STP;112;112;501 234;;467 194;14 764;19 276
STP;QJG;E54000023;Suffolk And North East Essex  STP;96;91;460 994;;434 753;13 487;12 754
STP;QJK;E54000037;Devon  STP;123;120;651 123;;608 282;21 026;21 815
STP;QJM;E54000013;Lincolnshire  STP;85;85;358 801;;334 690;11 645;12 466
STP;QK1;E54000015;Leicester, Leicestershire And Rutland  STP;133;131;526 792;;492 352;17 897;16 543
STP;QKK;E54000030;Our Healthier South East London  STP;209;198;683 960;;615 946;35 251;32 763
STP;QKS;E54000032;Kent And Medway  STP;196;196;811 524;;743 232;33 815;34 477
STP;QM7;E54000025;Hertfordshire And West Essex  STP;137;134;606 835;;563 140;19 653;24 042
STP;QMF;E54000029;East London Health And Care Partnership  STP;280;273;839 486;;758 038;47 961;33 487
STP;QMJ;E54000028;North London Partners In Health And Care  STP;188;182;*;;*;*;*
STP;QMM;E54000022;Norfolk And Waveney Health And Care Partnership  STP;106;104;524 446;;492 604;15 648;16 194
STP;QNC;E54000010;Staffordshire And Stoke On Trent  STP;146;145;456 401;;417 935;20 302;18 164
STP;QNQ;E54000034;Frimley Health And Care Ics  STP;73;71;315 721;;294 821;12 658;8 242
STP;QNX;E54000053;Sussex Health And Care Partnership  STP;166;165;769 496;;714 585;24 783;30 128
STP;QOC;E54000011;Shropshire And Telford And Wrekin  STP;52;51;*;;*;*;*
STP;QOP;E54000007;Greater Manchester Health And Social Care Partnership  STP;439;409;1 107 417;;994 525;62 228;50 664
STP;QOQ;E54000051;Humber, Coast And Vale  STP;182;180;800 069;;747 507;24 701;27 861
STP;QOX;E54000040;Bath And North East Somerset, Swindon And Wiltshire  STP;91;89;462 128;;433 599;14 127;14 402
STP;QPM;E54000020;Northamptonshire  STP;69;68;347 872;;330 715;8 726;8 431
STP;QR1;E54000043;Gloucestershire  STP;73;72;318 893;;299 565;9 454;9 874
STP;QRL;E54000042;Hampshire And The Isle Of Wight  STP;148;148;806 029;;750 529;30 423;25 077
STP;QRV;E54000027;North West London Health And Care Partnership  STP;352;349;1 026 577;;934 121;43 165;49 291
STP;QSL;E54000038;Somerset  STP;65;60;227 471;;208 976;9 950;8 545
STP;QT1;E54000014;Nottingham And Nottinghamshire Health And Care  STP;126;125;492 711;;458 457;17 374;16 880
STP;QT6;E54000036;Cornwall And The Isles Of Scilly Health And Social Care Partnership  STP;58;57;326 570;;303 956;10 205;12 409
STP;QU9;E54000044;Buckinghamshire, Oxfordshire And Berkshire West  STP;160;158;783 573;;727 087;30 383;26 103
STP;QUA;E54000016;The Black Country And West Birmingham  STP;207;207;613 062;;554 747;34 016;24 299
STP;QUE;E54000021;Cambridgeshire And Peterborough  STP;87;85;450 506;;422 973;13 465;14 068
STP;QUY;E54000039;Bristol, North Somerset And South Gloucestershire  STP;78;77;424 068;;391 284;18 932;13 852
STP;QVV;E54000041;Dorset  STP;77;73;381 634;;361 005;10 277;10 352
STP;QWE;E54000031;South West London Health And Care Partnership  STP;183;180;626 304;;571 966;32 931;21 407
STP;QWO;E54000054;West Yorkshire And Harrogate (Health And Care Partnership)  STP;286;280;1 255 911;;1 173 652;39 691;42 568
STP;QWU;E54000018;Coventry And Warwickshire  STP;122;119;428 163;;394 928;19 780;13 455
STP;QXU;E54000052;Surrey Heartlands Health And Care Partnership  STP;104;103;*;;*;*;*
STP;QYG;E54000008;Cheshire And Merseyside  STP;358;353;1 138 356;;1 036 331;54 159;47 866
CCG;00L;E38000130;NHS Northumberland CCG;38;37;153 855;;145 276;4 523;4 056
CCG;00N;E38000163;NHS South Tyneside CCG;21;21;63 427;;58 884;2 351;2 192
CCG;00P;E38000176;NHS Sunderland CCG;39;38;120 051;;109 324;6 504;4 223
CCG;00Q;E38000014;NHS Blackburn with Darwen CCG;22;22;73 703;;67 577;3 555;2 571
CCG;00R;E38000015;NHS Blackpool CCG;18;17;82 027;;75 415;4 015;2 597
CCG;00T;E38000016;NHS Bolton CCG;49;49;133 299;;120 739;7 507;5 053
CCG;00V;E38000024;NHS Bury CCG;26;10;10 702;;8 664;591;1 447
CCG;00X;E38000034;NHS Chorley and South Ribble CCG;26;26;71 942;;65 676;3 183;3 083
CCG;00Y;E38000135;NHS Oldham CCG;40;39;98 293;;89 675;5 179;3 439
CCG;01A;E38000050;NHS East Lancashire CCG;48;48;153 064;;139 179;7 437;6 448
CCG;01D;E38000080;NHS Heywood, Middleton and Rochdale CCG;41;36;90 371;;82 677;4 728;2 966
CCG;01E;E38000227;NHS Greater Preston CCG;22;22;84 114;;75 782;3 403;4 929
CCG;01F;E38000068;NHS Halton CCG;14;14;58 382;;52 389;3 023;2 970
CCG;01G;E38000143;NHS Salford CCG;38;34;98 874;;86 847;5 679;6 348
CCG;01H;E38000215;NHS North Cumbria CCG;35;35;164 743;;152 416;5 696;6 631
CCG;01J;E38000091;NHS Knowsley CCG;25;25;69 615;;63 176;3 541;2 898
CCG;01K;E38000228;NHS Morecambe Bay CCG;32;32;142 247;;131 132;6 446;4 669
CCG;01T;E38000161;NHS South Sefton CCG;30;29;52 265;;48 563;2 048;1 654
CCG;01V;E38000170;NHS Southport and Formby CCG;17;16;56 282;;52 093;1 966;2 223
CCG;01W;E38000174;NHS Stockport CCG;36;36;139 535;;127 969;6 512;5 054
CCG;01X;E38000172;NHS St Helens CCG;33;32;71 841;;64 884;3 315;3 642
CCG;01Y;E38000182;NHS Tameside and Glossop CCG;37;37;104 827;;92 636;5 916;6 275
CCG;02A;E38000187;NHS Trafford CCG;28;27;70 474;;62 184;4 455;3 835
CCG;02E;E38000194;NHS Warrington CCG;26;26;93 888;;88 307;2 508;3 073
CCG;02G;E38000200;NHS West Lancashire CCG;15;15;47 029;;43 436;1 694;1 899
CCG;02H;E38000205;NHS Wigan Borough CCG;59;57;109 039;;98 301;4 994;5 744
CCG;02M;E38000226;NHS Fylde and Wyre CCG;19;19;89 765;;81 298;3 121;5 346
CCG;02P;E38000006;NHS Barnsley CCG;32;32;*;;*;*;*
CCG;02Q;E38000008;NHS Bassetlaw CCG;9;9;56 083;;52 521;1 898;1 664
CCG;02T;E38000025;NHS Calderdale CCG;22;21;101 169;;94 878;3 357;2 934
CCG;02X;E38000044;NHS Doncaster CCG;38;38;*;;*;*;*
CCG;02Y;E38000052;NHS East Riding of Yorkshire CCG;29;29;133 940;;125 476;3 970;4 494
CCG;03F;E38000085;NHS Hull CCG;32;32;118 657;;108 360;5 795;4 502
CCG;03H;E38000119;NHS North East Lincolnshire CCG;25;24;94 779;;88 011;2 846;3 922
CCG;03K;E38000122;NHS North Lincolnshire CCG;19;19;91 773;;85 231;2 392;4 150
CCG;03L;E38000141;NHS Rotherham CCG;29;29;130 518;;121 732;4 638;4 148
CCG;03N;E38000146;NHS Sheffield CCG;76;76;267 069;;248 362;9 788;8 919
CCG;03Q;E38000188;NHS Vale of York CCG;26;25;144 187;;135 951;4 272;3 964
CCG;03R;E38000190;NHS Wakefield CCG;36;34;189 452;;178 136;5 286;6 030
CCG;03W;E38000051;NHS East Leicestershire and Rutland CCG;31;29;160 298;;150 218;5 749;4 331
CCG;04C;E38000097;NHS Leicester City CCG;56;56;184 839;;169 957;7 128;7 754
CCG;04V;E38000201;NHS West Leicestershire CCG;46;46;181 655;;172 177;5 020;4 458
CCG;04Y;E38000028;NHS Cannock Chase CCG;23;22;*;;*;*;*
CCG;05D;E38000053;NHS East Staffordshire CCG;18;18;*;;*;*;*
CCG;05G;E38000126;NHS North Staffordshire CCG;30;30;82 585;;76 709;3 058;2 818
CCG;05Q;E38000153;NHS South East Staffordshire and Seisdon Peninsula CCG;23;23;84 618;;78 834;3 555;2 229
CCG;05V;E38000173;NHS Stafford and Surrounds CCG;14;14;66 714;;61 585;2 812;2 317
CCG;05W;E38000175;NHS Stoke on Trent CCG;38;38;107 291;;96 701;6 259;4 331
CCG;06H;E38000026;NHS Cambridgeshire and Peterborough CCG;87;85;450 506;;422 973;13 465;14 068
CCG;06K;E38000049;NHS East and North Hertfordshire CCG;52;50;237 661;;221 721;6 105;9 835
CCG;06L;E38000086;NHS Ipswich and East Suffolk CCG;39;35;187 672;;178 721;3 596;5 355
CCG;06N;E38000079;NHS Herts Valley CCG;55;54;245 119;;224 130;9 705;11 284
CCG;06Q;E38000106;NHS Mid Essex CCG;42;38;160 632;;151 365;4 105;5 162
CCG;06T;E38000117;NHS North East Essex CCG;33;32;163 386;;150 289;7 622;5 475
CCG;07G;E38000185;NHS Thurrock CCG;27;27;77 032;;71 506;1 667;3 859
CCG;07H;E38000197;NHS West Essex CCG;30;30;124 055;;117 289;3 843;2 923
CCG;07K;E38000204;NHS West Suffolk CCG;24;24;109 936;;105 743;2 269;1 924
CCG;09D;E38000021;NHS Brighton and Hove CCG;34;34;124 951;;116 106;4 398;4 447
CCG;10Q;E38000136;NHS Oxfordshire CCG;67;66;332 443;;306 230;14 765;11 448
CCG;10R;E38000137;NHS Portsmouth CCG;13;13;80 683;;75 319;3 467;1 897
CCG;11J;E38000045;NHS Dorset CCG;77;73;381 634;;361 005;10 277;10 352
CCG;11M;E38000062;NHS Gloucestershire CCG;73;72;318 893;;299 565;9 454;9 874
CCG;11N;E38000089;NHS Kernow CCG;58;57;326 570;;303 956;10 205;12 409
CCG;11X;E38000150;NHS Somerset CCG;65;60;227 471;;208 976;9 950;8 545
CCG;12F;E38000208;NHS Wirral CCG;47;47;176 739;;159 719;8 736;8 284
CCG;13T;E38000212;NHS Newcastle Gateshead CCG;60;60;226 580;;206 727;10 330;9 523
CCG;14L;E38000217;NHS Manchester CCG;85;84;252 003;;224 833;16 667;10 503
CCG;14Y;E38000223;NHS Buckinghamshire CCG;48;48;228 162;;213 675;7 127;7 360
CCG;15A;E38000221;NHS Berkshire West CCG;45;44;222 968;;207 182;8 491;7 295
CCG;15C;E38000222;NHS Bristol, North Somerset and South Gloucestershire CCG;78;77;424 068;;391 284;18 932;13 852
CCG;15E;E38000220;NHS Birmingham and Solihull CCG;162;159;547 759;;496 499;30 702;20 558
CCG;15F;E38000225;NHS Leeds CCG;92;92;404 807;;376 841;14 408;13 558
CCG;15M;E38000229;NHS Derby and Derbyshire CCG;112;112;501 234;;467 194;14 764;19 276
CCG;15N;E38000230;NHS Devon CCG;123;120;651 123;;608 282;21 026;21 815
CCG;16C;E38000247;NHS Tees Valley CCG;81;79;322 425;;297 492;12 438;12 495
CCG;18C;E38000236;NHS Herefordshire CCG;80;80;406 961;;380 934;15 831;10 196
CCG;26A;E38000239;NHS Norfolk and Waveney CCG;106;104;524 446;;492 604;15 648;16 194
CCG;27D;E38000233;NHS Cheshire CCG;79;79;331 377;;300 970;16 030;14 377
CCG;36J;E38000232;NHS Bradford District and Craven CCG;71;69;344 924;;321 428;10 366;13 130
CCG;36L;E38000245;NHS South West London CCG;183;180;626 304;;571 966;32 931;21 407
CCG;42D;E38000241;NHS North Yorkshire CCG;51;51;216 733;;204 478;5 426;6 829
CCG;52R;E38000243;NHS Nottingham and Nottinghamshire CCG;126;125;492 711;;458 457;17 374;16 880
CCG;70F;E38000248;NHS West Sussex CCG;78;78;381 367;;356 745;10 368;14 254
CCG;71E;E38000238;NHS Lincolnshire CCG;85;85;358 801;;334 690;11 645;12 466
CCG;72Q;E38000244;NHS South East London CCG;209;198;683 960;;615 946;35 251;32 763
CCG;78H;E38000242;NHS Northamptonshire CCG;69;68;347 872;;330 715;8 726;8 431
CCG;84H;E38000234;NHS County Durham CCG;61;61;300 531;;281 796;9 338;9 397
CCG;91Q;E38000237;NHS Kent and Medway CCG;196;196;811 524;;743 232;33 815;34 477
CCG;92A;E38000246;NHS Surrey Heartlands CCG;104;103;*;;*;*;*
CCG;92G;E38000231;NHS Bath and North East Somerset, Swindon and Wiltshire CCG;91;89;462 128;;433 599;14 127;14 402
CCG;93C;E38000240;NHS North Central London CCG;188;182;*;;*;*;*
CCG;97R;E38000235;NHS East Sussex CCG;54;53;263 178;;241 734;10 017;11 427
CCG;99A;E38000101;NHS Liverpool CCG;87;85;227 967;;206 230;12 992;8 745
CCG;99C;E38000127;NHS North Tyneside CCG;26;25;100 126;;92 753;4 130;3 243
CCG;99E;E38000007;NHS Basildon and Brentwood CCG;35;35;109 305;;102 375;2 654;4 276
CCG;99F;E38000030;NHS Castle Point and Rochford CCG;23;23;68 394;;64 805;1 703;1 886
CCG;99G;E38000168;NHS Southend CCG;26;25;67 910;;63 736;2 015;2 159
CCG;A3A8R;E38000255;NHS North East London CCG;280;273;839 486;;758 038;47 961;33 487
CCG;B2M3M;E38000251;NHS Coventry and Warwickshire CCG;122;119;428 163;;394 928;19 780;13 455
CCG;D2P2L;E38000250;NHS Black Country and West Birmingham CCG;207;207;613 062;;554 747;34 016;24 299
CCG;D4U1Y;E38000252;NHS Frimley CCG;73;71;315 721;;294 821;12 658;8 242
CCG;D9Y0V;E38000253;NHS Hampshire, Southampton and Isle of Wight CCG;135;135;725 346;;675 210;26 956;23 180
CCG;M1J4Y;E38000249;NHS Bedfordshire, Luton and Milton Keynes CCG;99;96;423 502;;394 899;13 841;14 762
CCG;M2L0M;E38000257;NHS Shropshire and Telford and Wrekin CCG;52;51;*;;*;*;*
CCG;W2U3Z;E38000256;NHS North West London CCG;352;349;1 026 577;;934 121;43 165;49 291
CCG;X2C4Y;E38000254;NHS Kirklees CCG;65;64;215 559;;202 369;6 274;6 916
;;;;;;;;;;
;;;;;;;;;;
;;;;;;;;;;
;;;;;;;;;;
;;;;;;;;;;
;;;;;;;;;;
;;;;;;;;;;
Notes:;;;;;;;;;;
1;CCGs are only included if there is data for more than one practice within the CCG, therefore the total count of open GP practices by CCG may not equal the national total;;;;;;;;;
2;"At the time of the appointment a ‘Booked’ status will usually be changed to either ‘Attended’ or ‘DNA’. In some cases (4-7% of monthly appointments), the final status of an appointment remains as ‘Booked’. It is not known from the data whether these appointments were actually attended or not. From a sample audit these were found to be consultations where the status has not been updated to say if patients had attended or not. 
For this reason, these appointments are reported as ""Unknown"" status";;;;;;;;;
3;Data for July 2021 from Vision practices has not been included in this release due to technical issues, thus these values have been suppressed.;;;;;;;;;
_;See 'Coronavirus Impact' tab for further information;;;;;;;;;
Copyright © 2021 Health and Social Care Information Centre. The Health and Social Care Information Centre is a non-departmental body created by statute, also known as NHS Digital.;;;;;;;;;;
;;;;;;;;;;
;;;;;;;;;;
;;;;;;;;;;
;;;;;;;;;;
;;;;;;;;;;
;;;;;;;;;;
;;;;;;;;;;
;;;;;;;;;;
;;;;;;;;;;
;;;;;;;;;;
;;;;;;;;;;
;;;;;;;;;;
;;;;;;;;;;
;;;;;;;;;;
;;;;;;;;;;
;;;;;;;;;;
;;;;;;;;;;
;;;;;;;;;;
;;;;;;;;;;
;;;;;;;;;;
;;;;;;;;;;
;;;;;;;;;;
;;;;;;;;;;
;;;;;;;;;;
;;;;;;;;;;
;;;;;;;;;;
;;;;;;;;;;
;;;;;;;;;;
;;;;;;;;;;
;;;;;;;;;;
;;;;;;;;;;
;;;;;;;;;;
;;;;;;;;;;
;;;;;;;;;;
;;;;;;;;;;
;;;;;;;;;;
;;;;;;;;;;
;;;;;;;;;;
;;;;;;;;;;
;;;;;;;;;;
;;;;;;;;;;
;;;;;;;;;;
;;;;;;;;;;
;;;;;;;;;;
;;;;;;;;;;
;;;;;;;;;;
;;;;;;;;;;
;;;;;;;;;;
;;;;;;;;;;
;;;;;;;;;;
;;;;;;;;;;
;;;;;;;;;;
;;;;;;;;;;
;;;;;;;;;;
;;;;;;;;;;
;;;;;;;;;;
;;;;;;;;;;
;;;;;;;;;;
;;;;;;;;;;
;;;;;;;;;;
;;;;;;;;;;
;;;;;;;;;;
;;;;;;;;;;
;;;;;;;;;;
;;;;;;;;;;
;;;;;;;;;;
;;;;;;;;;;
;;;;;;;;;;
;;;;;;;;;;
;;;;;;;;;;
;;;;;;;;;;
;;;;;;;;;;
;;;;;;;;;;
;;;;;;;;;;
;;;;;;;;;;
;;;;;;;;;;
;;;;;;;;;;
;;;;;;;;;;
;;;;;;;;;;
;;;;;;;;;;
;;;;;;;;;;
;;;;;;;;;;
;;;;;;;;;;
;;;;;;;;;;
;;;;;;;;;;
;;;;;;;;;;
;;;;;;;;;;
;;;;;;;;;;
;;;;;;;;;;
;;;;;;;;;;
;;;;;;;;;;
;;;;;;;;;;
;;;;;;;;;;
;;;;;;;;;;
;;;;;;;;;;
;;;;;;;;;;
;;;;;;;;;;
;;;;;;;;;;
;;;;;;;;;;
;;;;;;;;;;
;;;;;;;;;;
;;;;;;;;;;
;;;;;;;;;;
;;;;;;;;;;
;;;;;;;;;;
;;;;;;;;;;
;;;;;;;;;;
;;;;;;;;;;
;;;;;;;;;;
;;;;;;;;;;
;;;;;;;;;;
;;;;;;;;;;
;;;;;;;;;;
;;;;;;;;;;
;;;;;;;;;;
;;;;;;;;;;
;;;;;;;;;;
;;;;;;;;;;
;;;;;;;;;;
;;;;;;;;;;
;;;;;;;;;;
;;;;;;;;;;
;;;;;;;;;;
;;;;;;;;;;
;;;;;;;;;;
;;;;;;;;;;
;;;;;;;;;;
;;;;;;;;;;
;;;;;;;;;;
;;;;;;;;;;
;;;;;;;;;;
;;;;;;;;;;
;;;;;;;;;;
;;;;;;;;;;
;;;;;;;;;;
;;;;;;;;;;
;;;;;;;;;;
;;;;;;;;;;
;;;;;;;;;;
;;;;;;;;;;
;;;;;;;;;;
;;;;;;;;;;
;;;;;;;;;;
;;;;;;;;;;
;;;;;;;;;;
;;;;;;;;;;
;;;;;;;;;;
;;;;;;;;;;
;;;;;;;;;;
;;;;;;;;;;
;;;;;;;;;;
;;;;;;;;;;
;;;;;;;;;;
;;;;;;;;;;
;;;;;;;;;;
;;;;;;;;;;
;;;;;;;;;;
;;;;;;;;;;
;;;;;;;;;;
;;;;;;;;;;
;;;;;;;;;;
;;;;;;;;;;
;;;;;;;;;;
;;;;;;;;;;
;;;;;;;;;;
;;;;;;;;;;
;;;;;;;;;;
;;;;;;;;;;
;;;;;;;;;;
;;;;;;;;;;
;;;;;;;;;;
;;;;;;;;;;
;;;;;;;;;;
;;;;;;;;;;
;;;;;;;;;;
;;;;;;;;;;
;;;;;;;;;;
;;;;;;;;;;
;;;;;;;;;;
;;;;;;;;;;
;;;;;;;;;;
;;;;;;;;;;
;;;;;;;;;;
;;;;;;;;;;
;;;;;;;;;;
;;;;;;;;;;
;;;;;;;;;;
;;;;;;;;;;
;;;;;;;;;;
;;;;;;;;;;
;;;;;;;;;;
;;;;;;;;;;
;;;;;;;;;;
;;;;;;;;;;
;;;;;;;;;;
;;;;;;;;;;
;;;;;;;;;;
;;;;;;;;;;
;;;;;;;;;;
;;;;;;;;;;
;;;;;;;;;;
;;;;;;;;;;
;;;;;;;;;;
;;;;;;;;;;
;;;;;;;;;;
;;;;;;;;;;
;;;;;;;;;;
;;;;;;;;;;
;;;;;;;;;;
;;;;;;;;;;
;;;;;;;;;;
;;;;;;;;;;
;;;;;;;;;;
;;;;;;;;;;
;;;;;;;;;;
;;;;;;;;;;
;;;;;;;;;;
;;;;;;;;;;
;;;;;;;;;;
;;;;;;;;;;
;;;;;;;;;;
;;;;;;;;;;
;;;;;;;;;;
;;;;;;;;;;
;;;;;;;;;;
;;;;;;;;;;
;;;;;;;;;;
;;;;;;;;;;
;;;;;;;;;;
;;;;;;;;;;
;;;;;;;;;;
;;;;;;;;;;
;;;;;;;;;;
;;;;;;;;;;
;;;;;;;;;;
;;;;;;;;;;
;;;;;;;;;;
;;;;;;;;;;
;;;;;;;;;;
;;;;;;;;;;
;;;;;;;;;;
;;;;;;;;;;
;;;;;;;;;;
;;;;;;;;;;
;;;;;;;;;;
;;;;;;;;;;
;;;;;;;;;;
;;;;;;;;;;
;;;;;;;;;;
;;;;;;;;;;
;;;;;;;;;;
;;;;;;;;;;
;;;;;;;;;;
;;;;;;;;;;
;;;;;;;;;;
;;;;;;;;;;
;;;;;;;;;;
;;;;;;;;;;
;;;;;;;;;;
;;;;;;;;;;
;;;;;;;;;;
;;;;;;;;;;
;;;;;;;;;;
;;;;;;;;;;
;;;;;;;;;;
;;;;;;;;;;
;;;;;;;;;;
;;;;;;;;;;
;;;;;;;;;;
;;;;;;;;;;
;;;;;;;;;;
;;;;;;;;;;
;;;;;;;;;;
;;;;;;;;;;
;;;;;;;;;;
;;;;;;;;;;
;;;;;;;;;;
;;;;;;;;;;
;;;;;;;;;;
;;;;;;;;;;
;;;;;;;;;;
;;;;;;;;;;
;;;;;;;;;;
;;;;;;;;;;
;;;;;;;;;;
;;;;;;;;;;
;;;;;;;;;;
;;;;;;;;;;
;;;;;;;;;;
;;;;;;;;;;
;;;;;;;;;;
;;;;;;;;;;
;;;;;;;;;;
;;;;;;;;;;
;;;;;;;;;;
;;;;;;;;;;
;;;;;;;;;;
;;;;;;;;;;
;;;;;;;;;;
;;;;;;;;;;
;;;;;;;;;;
;;;;;;;;;;
;;;;;;;;;;
;;;;;;;;;;
;;;;;;;;;;
;;;;;;;;;;
;;;;;;;;;;
;;;;;;;;;;
;;;;;;;;;;
;;;;;;;;;;
;;;;;;;;;;
;;;;;;;;;;
;;;;;;;;;;
;;;;;;;;;;
;;;;;;;;;;
;;;;;;;;;;
;;;;;;;;;;
;;;;;;;;;;
;;;;;;;;;;
;;;;;;;;;;
;;;;;;;;;;
;;;;;;;;;;
;;;;;;;;;;
;;;;;;;;;;
;;;;;;;;;;
;;;;;;;;;;
;;;;;;;;;;
;;;;;;;;;;
;;;;;;;;;;
;;;;;;;;;;
;;;;;;;;;;
;;;;;;;;;;
;;;;;;;;;;
;;;;;;;;;;
;;;;;;;;;;
;;;;;;;;;;
;;;;;;;;;;
;;;;;;;;;;
;;;;;;;;;;
;;;;;;;;;;
;;;;;;;;;;
;;;;;;;;;;
;;;;;;;;;;
;;;;;;;;;;
;;;;;;;;;;
;;;;;;;;;;
;;;;;;;;;;
;;;;;;;;;;
;;;;;;;;;;
;;;;;;;;;;
;;;;;;;;;;
;;;;;;;;;;
;;;;;;;;;;
;;;;;;;;;;
;;;;;;;;;;
;;;;;;;;;;
;;;;;;;;;;
;;;;;;;;;;
;;;;;;;;;;
;;;;;;;;;;
;;;;;;;;;;
;;;;;;;;;;
;;;;;;;;;;
;;;;;;;;;;
;;;;;;;;;;
;;;;;;;;;;
;;;;;;;;;;
;;;;;;;;;;
;;;;;;;;;;
;;;;;;;;;;
;;;;;;;;;;
;;;;;;;;;;
;;;;;;;;;;
;;;;;;;;;;
;;;;;;;;;;
;;;;;;;;;;
;;;;;;;;;;
;;;;;;;;;;
;;;;;;;;;;
;;;;;;;;;;
;;;;;;;;;;
;;;;;;;;;;
;;;;;;;;;;
;;;;;;;;;;
;;;;;;;;;;
;;;;;;;;;;
;;;;;;;;;;
;;;;;;;;;;
;;;;;;;;;;
;;;;;;;;;;
;;;;;;;;;;
;;;;;;;;;;
;;;;;;;;;;
;;;;;;;;;;
;;;;;;;;;;
;;;;;;;;;;
;;;;;;;;;;
;;;;;;;;;;
;;;;;;;;;;
;;;;;;;;;;
;;;;;;;;;;
;;;;;;;;;;
;;;;;;;;;;
;;;;;;;;;;
;;;;;;;;;;
;;;;;;;;;;
;;;;;;;;;;
;;;;;;;;;;
;;;;;;;;;;
;;;;;;;;;;
;;;;;;;;;;
;;;;;;;;;;
;;;;;;;;;;
;;;;;;;;;;
;;;;;;;;;;
;;;;;;;;;;
;;;;;;;;;;
;;;;;;;;;;
;;;;;;;;;;
;;;;;;;;;;
;;;;;;;;;;
;;;;;;;;;;
;;;;;;;;;;
;;;;;;;;;;
;;;;;;;;;;
;;;;;;;;;;
;;;;;;;;;;
;;;;;;;;;;
;;;;;;;;;;
;;;;;;;;;;
;;;;;;;;;;
;;;;;;;;;;
;;;;;;;;;;
;;;;;;;;;;
;;;;;;;;;;
;;;;;;;;;;
;;;;;;;;;;
;;;;;;;;;;
;;;;;;;;;;
;;;;;;;;;;
;;;;;;;;;;
;;;;;;;;;;
;;;;;;;;;;
;;;;;;;;;;
;;;;;;;;;;
;;;;;;;;;;
;;;;;;;;;;
;;;;;;;;;;
;;;;;;;;;;
;;;;;;;;;;
;;;;;;;;;;
;;;;;;;;;;
;;;;;;;;;;
;;;;;;;;;;
;;;;;;;;;;
;;;;;;;;;;
;;;;;;;;;;
;;;;;;;;;;
;;;;;;;;;;
;;;;;;;;;;
;;;;;;;;;;
;;;;;;;;;;
;;;;;;;;;;
;;;;;;;;;;
;;;;;;;;;;
;;;;;;;;;;
;;;;;;;;;;
;;;;;;;;;;
;;;;;;;;;;
;;;;;;;;;;
;;;;;;;;;;
;;;;;;;;;;
;;;;;;;;;;
;;;;;;;;;;
;;;;;;;;;;
;;;;;;;;;;
;;;;;;;;;;
;;;;;;;;;;
;;;;;;;;;;
;;;;;;;;;;
;;;;;;;;;;
;;;;;;;;;;
;;;;;;;;;;
;;;;;;;;;;
;;;;;;;;;;
;;;;;;;;;;
;;;;;;;;;;
;;;;;;;;;;
;;;;;;;;;;
;;;;;;;;;;
;;;;;;;;;;
;;;;;;;;;;
;;;;;;;;;;
;;;;;;;;;;
;;;;;;;;;;
;;;;;;;;;;
;;;;;;;;;;
;;;;;;;;;;
;;;;;;;;;;
;;;;;;;;;;
;;;;;;;;;;
;;;;;;;;;;
;;;;;;;;;;
;;;;;;;;;;
;;;;;;;;;;
;;;;;;;;;;
;;;;;;;;;;
;;;;;;;;;;
;;;;;;;;;;
;;;;;;;;;;
;;;;;;;;;;
;;;;;;;;;;
;;;;;;;;;;
;;;;;;;;;;
;;;;;;;;;;
;;;;;;;;;;
;;;;;;;;;;
;;;;;;;;;;
;;;;;;;;;;
;;;;;;;;;;
;;;;;;;;;;
;;;;;;;;;;
;;;;;;;;;;
;;;;;;;;;;
;;;;;;;;;;
;;;;;;;;;;
;;;;;;;;;;
;;;;;;;;;;
;;;;;;;;;;
;;;;;;;;;;
;;;;;;;;;;
;;;;;;;;;;
;;;;;;;;;;
;;;;;;;;;;
;;;;;;;;;;
;;;;;;;;;;
;;;;;;;;;;
;;;;;;;;;;
;;;;;;;;;;
;;;;;;;;;;
;;;;;;;;;;
;;;;;;;;;;
;;;;;;;;;;
;;;;;;;;;;
;;;;;;;;;;
;;;;;;;;;;
;;;;;;;;;;
;;;;;;;;;;
;;;;;;;;;;
;;;;;;;;;;
;;;;;;;;;;
;;;;;;;;;;
;;;;;;;;;;
;;;;;;;;;;
;;;;;;;;;;
;;;;;;;;;;
;;;;;;;;;;
;;;;;;;;;;
;;;;;;;;;;
;;;;;;;;;;
;;;;;;;;;;
;;;;;;;;;;
;;;;;;;;;;
;;;;;;;;;;
;;;;;;;;;;
;;;;;;;;;;