﻿;;;;;;;;;;
;;;;;;;;;;
;;;;;;;;;;
;;;;;;;;;;
;;;;;;;;;;
Return to Contents;;;;;;;;;;
_;;;;;;;;;;
Table 3a: Appointments by Status, at National, Regional, STP and CCG level, England, August 2021;;;;;;;;;;
;;;;Count of Open GP Practices1;Count of Included GP Practices;Count of Appointments;;"Count of Appointments by 
Appointment Status";;
Type;NHS Area Code;ONS Code;Name;;;Total;;Attended;DNA;Unknown2
Type;NHS Area Code;ONS Code;Name;Open Active Practices;Included Practices;Total;_;Attended;DNA;Unknown
National;ENG;ENG;England;6 583;6 473;23 753 983;;21 991 555;941 676;820 752
Region;Y56;E40000003;London;1 206;1 181;3 497 172;;3 180 988;177 120;139 064
Region;Y58;E40000006;South West;557;547;2 572 807;;2 405 342;86 142;81 323
Region;Y59;E40000005;South East;845;836;3 625 106;;3 367 971;136 335;120 800
Region;Y60;E40000008;Midlands;1 291;1 280;4 587 252;;4 253 285;183 369;150 598
Region;Y61;E40000007;East of England;673;658;2 723 690;;2 556 871;80 922;85 897
Region;Y62;E40000010;North West;998;970;2 844 260;;2 584 441;141 891;117 928
Region;Y63;E40000009;North East and Yorkshire;1 013;1 001;3 903 696;;3 642 657;135 897;125 142
STP;QE1;E54000048;Healthier Lancashire And South Cumbria  STP;202;201;701 260;;644 262;30 344;26 654
STP;QF7;E54000009;South Yorkshire And Bassetlaw  STP;184;184;655 930;;608 342;25 403;22 185
STP;QGH;E54000019;Herefordshire And Worcestershire  STP;80;80;376 579;;353 749;14 657;8 173
STP;QH8;E54000026;Mid And South Essex  STP;152;148;446 205;;420 179;10 621;15 405
STP;QHG;E54000024;Bedfordshire, Luton And Milton Keynes  STP;98;96;388 777;;364 780;12 659;11 338
STP;QHL;E54000017;Birmingham And Solihull  STP;161;158;523 279;;474 607;28 919;19 753
STP;QHM;E54000050;Cumbria And North East  STP;361;356;1 341 323;;1 248 992;50 267;42 064
STP;QJ2;E54000012;Joined Up Care Derbyshire  STP;112;112;468 413;;438 118;13 467;16 828
STP;QJG;E54000023;Suffolk And North East Essex  STP;93;91;424 559;;400 325;12 830;11 404
STP;QJK;E54000037;Devon  STP;122;120;597 165;;559 533;18 940;18 692
STP;QJM;E54000013;Lincolnshire  STP;85;85;332 627;;310 949;10 866;10 812
STP;QK1;E54000015;Leicester, Leicestershire And Rutland  STP;133;131;507 035;;475 691;16 661;14 683
STP;QKK;E54000030;Our Healthier South East London  STP;207;197;641 756;;579 850;33 735;28 171
STP;QKS;E54000032;Kent And Medway  STP;195;195;747 485;;683 780;32 543;31 162
STP;QM7;E54000025;Hertfordshire And West Essex  STP;136;134;563 587;;523 318;17 674;22 595
STP;QMF;E54000029;East London Health And Care Partnership  STP;277;273;777 889;;703 484;44 795;29 610
STP;QMJ;E54000028;North London Partners In Health And Care  STP;187;182;551 845;;503 861;28 488;19 496
STP;QMM;E54000022;Norfolk And Waveney Health And Care Partnership  STP;106;104;482 993;;455 366;14 766;12 861
STP;QNC;E54000010;Staffordshire And Stoke On Trent  STP;146;145;429 885;;393 626;18 984;17 275
STP;QNQ;E54000034;Frimley Health And Care Ics  STP;73;71;302 873;;283 896;11 982;6 995
STP;QNX;E54000053;Sussex Health And Care Partnership  STP;165;162;717 725;;671 491;22 794;23 440
STP;QOC;E54000011;Shropshire And Telford And Wrekin  STP;52;51;209 824;;196 788;7 088;5 948
STP;QOP;E54000007;Greater Manchester Health And Social Care Partnership  STP;438;416;1 085 000;;973 599;61 428;49 973
STP;QOQ;E54000051;Humber, Coast And Vale  STP;182;181;741 604;;695 637;22 633;23 334
STP;QOX;E54000040;Bath And North East Somerset, Swindon And Wiltshire  STP;90;89;426 802;;399 963;13 060;13 779
STP;QPM;E54000020;Northamptonshire  STP;69;68;321 847;;305 991;8 449;7 407
STP;QR1;E54000043;Gloucestershire  STP;72;71;295 123;;278 595;8 259;8 269
STP;QRL;E54000042;Hampshire And The Isle Of Wight  STP;148;146;735 085;;686 726;27 439;20 920
STP;QRV;E54000027;North West London Health And Care Partnership  STP;352;349;938 689;;858 122;39 528;41 039
STP;QSL;E54000038;Somerset  STP;65;60;208 837;;191 556;9 135;8 146
STP;QT1;E54000014;Nottingham And Nottinghamshire Health And Care  STP;126;125;454 315;;423 209;16 240;14 866
STP;QT6;E54000036;Cornwall And The Isles Of Scilly Health And Social Care Partnership  STP;57;57;303 822;;283 269;9 845;10 708
STP;QU9;E54000044;Buckinghamshire, Oxfordshire And Berkshire West  STP;160;159;725 490;;675 087;25 836;24 567
STP;QUA;E54000016;The Black Country And West Birmingham  STP;207;206;570 191;;516 053;31 094;23 044
STP;QUE;E54000021;Cambridgeshire And Peterborough  STP;88;85;417 569;;392 903;12 372;12 294
STP;QUY;E54000039;Bristol, North Somerset And South Gloucestershire  STP;78;77;391 478;;361 171;17 786;12 521
STP;QVV;E54000041;Dorset  STP;73;73;349 580;;331 255;9 117;9 208
STP;QWE;E54000031;South West London Health And Care Partnership  STP;183;180;586 993;;535 671;30 574;20 748
STP;QWO;E54000054;West Yorkshire And Harrogate (Health And Care Partnership)  STP;286;280;1 164 839;;1 089 686;37 594;37 559
STP;QWU;E54000018;Coventry And Warwickshire  STP;120;119;393 257;;364 504;16 944;11 809
STP;QXU;E54000052;Surrey Heartlands Health And Care Partnership  STP;104;103;396 448;;366 991;15 741;13 716
STP;QYG;E54000008;Cheshire And Merseyside  STP;358;353;1 058 000;;966 580;50 119;41 301
CCG;00L;E38000130;NHS Northumberland CCG;38;37;146 311;;138 835;4 265;3 211
CCG;00N;E38000163;NHS South Tyneside CCG;21;21;56 832;;52 829;2 136;1 867
CCG;00P;E38000176;NHS Sunderland CCG;39;38;109 882;;100 831;5 849;3 202
CCG;00Q;E38000014;NHS Blackburn with Darwen CCG;22;22;69 030;;64 003;3 106;1 921
CCG;00R;E38000015;NHS Blackpool CCG;18;17;75 740;;69 688;3 799;2 253
CCG;00T;E38000016;NHS Bolton CCG;49;49;131 462;;119 556;7 221;4 685
CCG;00V;E38000024;NHS Bury CCG;26;16;40 688;;31 522;2 585;6 581
CCG;00X;E38000034;NHS Chorley and South Ribble CCG;26;26;66 309;;61 047;3 002;2 260
CCG;00Y;E38000135;NHS Oldham CCG;40;39;91 876;;84 244;5 125;2 507
CCG;01A;E38000050;NHS East Lancashire CCG;48;48;144 978;;132 450;6 951;5 577
CCG;01D;E38000080;NHS Heywood, Middleton and Rochdale CCG;41;36;85 185;;78 427;4 351;2 407
CCG;01E;E38000227;NHS Greater Preston CCG;22;22;81 895;;73 855;3 346;4 694
CCG;01F;E38000068;NHS Halton CCG;14;14;54 631;;48 964;2 776;2 891
CCG;01G;E38000143;NHS Salford CCG;38;34;106 494;;93 119;6 538;6 837
CCG;01H;E38000215;NHS North Cumbria CCG;35;35;155 009;;143 672;5 314;6 023
CCG;01J;E38000091;NHS Knowsley CCG;25;25;63 466;;57 783;3 404;2 279
CCG;01K;E38000228;NHS Morecambe Bay CCG;32;32;134 386;;125 159;5 713;3 514
CCG;01T;E38000161;NHS South Sefton CCG;30;29;49 754;;46 269;2 044;1 441
CCG;01V;E38000170;NHS Southport and Formby CCG;17;16;51 565;;47 795;1 793;1 977
CCG;01W;E38000174;NHS Stockport CCG;36;36;129 296;;119 419;5 620;4 257
CCG;01X;E38000172;NHS St Helens CCG;33;32;67 130;;60 852;3 077;3 201
CCG;01Y;E38000182;NHS Tameside and Glossop CCG;37;37;94 931;;85 942;5 524;3 465
CCG;02A;E38000187;NHS Trafford CCG;27;27;65 818;;58 550;3 896;3 372
CCG;02E;E38000194;NHS Warrington CCG;26;26;87 043;;82 032;2 301;2 710
CCG;02G;E38000200;NHS West Lancashire CCG;15;15;44 685;;41 278;1 748;1 659
CCG;02H;E38000205;NHS Wigan Borough CCG;59;58;103 289;;92 218;5 183;5 888
CCG;02M;E38000226;NHS Fylde and Wyre CCG;19;19;84 237;;76 782;2 679;4 776
CCG;02P;E38000006;NHS Barnsley CCG;32;32;106 688;;97 558;4 445;4 685
CCG;02Q;E38000008;NHS Bassetlaw CCG;9;9;50 572;;47 467;1 639;1 466
CCG;02T;E38000025;NHS Calderdale CCG;22;21;95 118;;89 305;3 034;2 779
CCG;02X;E38000044;NHS Doncaster CCG;38;38;127 335;;117 888;5 556;3 891
CCG;02Y;E38000052;NHS East Riding of Yorkshire CCG;29;29;123 370;;116 298;3 629;3 443
CCG;03F;E38000085;NHS Hull CCG;32;32;111 248;;102 063;5 497;3 688
CCG;03H;E38000119;NHS North East Lincolnshire CCG;25;25;88 315;;82 572;2 623;3 120
CCG;03K;E38000122;NHS North Lincolnshire CCG;19;19;84 499;;78 421;2 071;4 007
CCG;03L;E38000141;NHS Rotherham CCG;29;29;122 789;;114 027;4 478;4 284
CCG;03N;E38000146;NHS Sheffield CCG;76;76;248 546;;231 402;9 285;7 859
CCG;03Q;E38000188;NHS Vale of York CCG;26;25;132 574;;125 720;3 836;3 018
CCG;03R;E38000190;NHS Wakefield CCG;36;34;178 181;;167 488;5 366;5 327
CCG;03W;E38000051;NHS East Leicestershire and Rutland CCG;31;29;156 597;;147 202;5 178;4 217
CCG;04C;E38000097;NHS Leicester City CCG;56;56;174 737;;161 500;6 697;6 540
CCG;04V;E38000201;NHS West Leicestershire CCG;46;46;175 701;;166 989;4 786;3 926
CCG;04Y;E38000028;NHS Cannock Chase CCG;23;22;50 746;;46 374;1 758;2 614
CCG;05D;E38000053;NHS East Staffordshire CCG;18;18;59 078;;53 069;2 276;3 733
CCG;05G;E38000126;NHS North Staffordshire CCG;30;30;78 710;;72 348;2 977;3 385
CCG;05Q;E38000153;NHS South East Staffordshire and Seisdon Peninsula CCG;23;23;79 099;;73 916;3 234;1 949
CCG;05V;E38000173;NHS Stafford and Surrounds CCG;14;14;59 428;;55 290;2 392;1 746
CCG;05W;E38000175;NHS Stoke on Trent CCG;38;38;102 824;;92 629;6 347;3 848
CCG;06H;E38000026;NHS Cambridgeshire and Peterborough CCG;88;85;417 569;;392 903;12 372;12 294
CCG;06K;E38000049;NHS East and North Hertfordshire CCG;52;50;222 283;;207 411;5 732;9 140
CCG;06L;E38000086;NHS Ipswich and East Suffolk CCG;36;35;173 126;;164 603;3 554;4 969
CCG;06N;E38000079;NHS Herts Valley CCG;54;54;227 095;;207 952;8 720;10 423
CCG;06Q;E38000106;NHS Mid Essex CCG;41;38;146 737;;139 239;3 483;4 015
CCG;06T;E38000117;NHS North East Essex CCG;33;32;149 607;;137 701;7 145;4 761
CCG;07G;E38000185;NHS Thurrock CCG;27;27;71 730;;66 165;1 568;3 997
CCG;07H;E38000197;NHS West Essex CCG;30;30;114 209;;107 955;3 222;3 032
CCG;07K;E38000204;NHS West Suffolk CCG;24;24;101 826;;98 021;2 131;1 674
CCG;09D;E38000021;NHS Brighton and Hove CCG;34;34;115 111;;107 211;4 158;3 742
CCG;10Q;E38000136;NHS Oxfordshire CCG;67;67;307 529;;287 449;11 325;8 755
CCG;10R;E38000137;NHS Portsmouth CCG;13;12;73 304;;68 722;3 036;1 546
CCG;11J;E38000045;NHS Dorset CCG;73;73;349 580;;331 255;9 117;9 208
CCG;11M;E38000062;NHS Gloucestershire CCG;72;71;295 123;;278 595;8 259;8 269
CCG;11N;E38000089;NHS Kernow CCG;57;57;303 822;;283 269;9 845;10 708
CCG;11X;E38000150;NHS Somerset CCG;65;60;208 837;;191 556;9 135;8 146
CCG;12F;E38000208;NHS Wirral CCG;47;47;164 577;;149 506;8 389;6 682
CCG;13T;E38000212;NHS Newcastle Gateshead CCG;60;60;208 422;;191 490;9 534;7 398
CCG;14L;E38000217;NHS Manchester CCG;85;84;235 961;;210 602;15 385;9 974
CCG;14Y;E38000223;NHS Buckinghamshire CCG;48;48;206 735;;192 731;6 677;7 327
CCG;15A;E38000221;NHS Berkshire West CCG;45;44;211 226;;194 907;7 834;8 485
CCG;15C;E38000222;NHS Bristol, North Somerset and South Gloucestershire CCG;78;77;391 478;;361 171;17 786;12 521
CCG;15E;E38000220;NHS Birmingham and Solihull CCG;161;158;523 279;;474 607;28 919;19 753
CCG;15F;E38000225;NHS Leeds CCG;92;92;368 081;;344 338;13 044;10 699
CCG;15M;E38000229;NHS Derby and Derbyshire CCG;112;112;468 413;;438 118;13 467;16 828
CCG;15N;E38000230;NHS Devon CCG;122;120;597 165;;559 533;18 940;18 692
CCG;16C;E38000247;NHS Tees Valley CCG;81;79;299 601;;278 230;11 455;9 916
CCG;18C;E38000236;NHS Herefordshire CCG;80;80;376 579;;353 749;14 657;8 173
CCG;26A;E38000239;NHS Norfolk and Waveney CCG;106;104;482 993;;455 366;14 766;12 861
CCG;27D;E38000233;NHS Cheshire CCG;79;79;304 990;;278 091;14 399;12 500
CCG;36J;E38000232;NHS Bradford District and Craven CCG;71;69;325 637;;302 515;10 129;12 993
CCG;36L;E38000245;NHS South West London CCG;183;180;586 993;;535 671;30 574;20 748
CCG;42D;E38000241;NHS North Yorkshire CCG;51;51;201 598;;190 563;4 977;6 058
CCG;52R;E38000243;NHS Nottingham and Nottinghamshire CCG;126;125;454 315;;423 209;16 240;14 866
CCG;70F;E38000248;NHS West Sussex CCG;78;75;358 881;;338 907;9 620;10 354
CCG;71E;E38000238;NHS Lincolnshire CCG;85;85;332 627;;310 949;10 866;10 812
CCG;72Q;E38000244;NHS South East London CCG;207;197;641 756;;579 850;33 735;28 171
CCG;78H;E38000242;NHS Northamptonshire CCG;69;68;321 847;;305 991;8 449;7 407
CCG;84H;E38000234;NHS County Durham CCG;61;61;272 302;;256 687;8 093;7 522
CCG;91Q;E38000237;NHS Kent and Medway CCG;195;195;747 485;;683 780;32 543;31 162
CCG;92A;E38000246;NHS Surrey Heartlands CCG;104;103;396 448;;366 991;15 741;13 716
CCG;92G;E38000231;NHS Bath and North East Somerset, Swindon and Wiltshire CCG;90;89;426 802;;399 963;13 060;13 779
CCG;93C;E38000240;NHS North Central London CCG;187;182;551 845;;503 861;28 488;19 496
CCG;97R;E38000235;NHS East Sussex CCG;53;53;243 733;;225 373;9 016;9 344
CCG;99A;E38000101;NHS Liverpool CCG;87;85;214 844;;195 288;11 936;7 620
CCG;99C;E38000127;NHS North Tyneside CCG;26;25;92 964;;86 418;3 621;2 925
CCG;99E;E38000007;NHS Basildon and Brentwood CCG;35;35;103 321;;97 160;2 351;3 810
CCG;99F;E38000030;NHS Castle Point and Rochford CCG;23;23;62 086;;58 919;1 490;1 677
CCG;99G;E38000168;NHS Southend CCG;26;25;62 331;;58 696;1 729;1 906
CCG;A3A8R;E38000255;NHS North East London CCG;277;273;777 889;;703 484;44 795;29 610
CCG;B2M3M;E38000251;NHS Coventry and Warwickshire CCG;120;119;393 257;;364 504;16 944;11 809
CCG;D2P2L;E38000250;NHS Black Country and West Birmingham CCG;207;206;570 191;;516 053;31 094;23 044
CCG;D4U1Y;E38000252;NHS Frimley CCG;73;71;302 873;;283 896;11 982;6 995
CCG;D9Y0V;E38000253;NHS Hampshire, Southampton and Isle of Wight CCG;135;134;661 781;;618 004;24 403;19 374
CCG;M1J4Y;E38000249;NHS Bedfordshire, Luton and Milton Keynes CCG;98;96;388 777;;364 780;12 659;11 338
CCG;M2L0M;E38000257;NHS Shropshire and Telford and Wrekin CCG;52;51;209 824;;196 788;7 088;5 948
CCG;W2U3Z;E38000256;NHS North West London CCG;352;349;938 689;;858 122;39 528;41 039
CCG;X2C4Y;E38000254;NHS Kirklees CCG;65;64;197 822;;186 040;6 021;5 761
;;;;;;;;;;
;;;;;;;;;;
;;;;;;;;;;
;;;;;;;;;;
;;;;;;;;;;
;;;;;;;;;;
;;;;;;;;;;
;;;;;;;;;;
;;;;;;;;;;
;;;;;;;;;;
;;;;;;;;;;
;;;;;;;;;;
;;;;;;;;;;
;;;;;;;;;;
;;;;;;;;;;
;;;;;;;;;;
;;;;;;;;;;
;;;;;;;;;;
;;;;;;;;;;
;;;;;;;;;;
;;;;;;;;;;
;;;;;;;;;;
;;;;;;;;;;
;;;;;;;;;;
;;;;;;;;;;
;;;;;;;;;;
;;;;;;;;;;
;;;;;;;;;;
;;;;;;;;;;
;;;;;;;;;;
;;;;;;;;;;
;;;;;;;;;;
Notes:;;;;;;;;;;
1;CCGs are only included if there is data for more than one practice within the CCG, therefore the total count of open GP practices by CCG may not equal the national total;;;;;;;;;
2;"At the time of the appointment a ‘Booked’ status will usually be changed to either ‘Attended’ or ‘DNA’. In some cases (4-7% of monthly appointments), the final status of an appointment remains as ‘Booked’. It is not known from the data whether these appointments were actually attended or not. From a sample audit these were found to be consultations where the status has not been updated to say if patients had attended or not. 
For this reason, these appointments are reported as ""Unknown"" status";;;;;;;;;
_;See 'Coronavirus Impact' tab for further information;;;;;;;;;
Copyright © 2021 Health and Social Care Information Centre. The Health and Social Care Information Centre is a non-departmental body created by statute, also known as NHS Digital.;;;;;;;;;;
;;;;;;;;;;
;;;;;;;;;;
;;;;;;;;;;
;;;;;;;;;;
;;;;;;;;;;
;;;;;;;;;;
;;;;;;;;;;
;;;;;;;;;;
;;;;;;;;;;
;;;;;;;;;;
;;;;;;;;;;
;;;;;;;;;;
;;;;;;;;;;
;;;;;;;;;;
;;;;;;;;;;
;;;;;;;;;;
;;;;;;;;;;
;;;;;;;;;;
;;;;;;;;;;
;;;;;;;;;;
;;;;;;;;;;
;;;;;;;;;;
;;;;;;;;;;
;;;;;;;;;;
;;;;;;;;;;
;;;;;;;;;;
;;;;;;;;;;
;;;;;;;;;;
;;;;;;;;;;
;;;;;;;;;;
;;;;;;;;;;
;;;;;;;;;;
;;;;;;;;;;
;;;;;;;;;;
;;;;;;;;;;
;;;;;;;;;;
;;;;;;;;;;
;;;;;;;;;;
;;;;;;;;;;
;;;;;;;;;;
;;;;;;;;;;
;;;;;;;;;;
;;;;;;;;;;
;;;;;;;;;;
;;;;;;;;;;
;;;;;;;;;;
;;;;;;;;;;
;;;;;;;;;;
;;;;;;;;;;
;;;;;;;;;;
;;;;;;;;;;
;;;;;;;;;;
;;;;;;;;;;
;;;;;;;;;;
;;;;;;;;;;
;;;;;;;;;;
;;;;;;;;;;
;;;;;;;;;;
;;;;;;;;;;
;;;;;;;;;;
;;;;;;;;;;
;;;;;;;;;;
;;;;;;;;;;
;;;;;;;;;;
;;;;;;;;;;
;;;;;;;;;;
;;;;;;;;;;
;;;;;;;;;;
;;;;;;;;;;
;;;;;;;;;;
;;;;;;;;;;
;;;;;;;;;;
;;;;;;;;;;
;;;;;;;;;;
;;;;;;;;;;
;;;;;;;;;;
;;;;;;;;;;
;;;;;;;;;;
;;;;;;;;;;
;;;;;;;;;;
;;;;;;;;;;
;;;;;;;;;;
;;;;;;;;;;
;;;;;;;;;;
;;;;;;;;;;
;;;;;;;;;;
;;;;;;;;;;
;;;;;;;;;;
;;;;;;;;;;
;;;;;;;;;;
;;;;;;;;;;
;;;;;;;;;;
;;;;;;;;;;
;;;;;;;;;;
;;;;;;;;;;
;;;;;;;;;;
;;;;;;;;;;
;;;;;;;;;;
;;;;;;;;;;
;;;;;;;;;;
;;;;;;;;;;
;;;;;;;;;;
;;;;;;;;;;
;;;;;;;;;;
;;;;;;;;;;
;;;;;;;;;;
;;;;;;;;;;
;;;;;;;;;;
;;;;;;;;;;
;;;;;;;;;;
;;;;;;;;;;
;;;;;;;;;;
;;;;;;;;;;
;;;;;;;;;;
;;;;;;;;;;
;;;;;;;;;;
;;;;;;;;;;
;;;;;;;;;;
;;;;;;;;;;
;;;;;;;;;;
;;;;;;;;;;
;;;;;;;;;;
;;;;;;;;;;
;;;;;;;;;;
;;;;;;;;;;
;;;;;;;;;;
;;;;;;;;;;
;;;;;;;;;;
;;;;;;;;;;
;;;;;;;;;;
;;;;;;;;;;
;;;;;;;;;;
;;;;;;;;;;
;;;;;;;;;;
;;;;;;;;;;
;;;;;;;;;;
;;;;;;;;;;
;;;;;;;;;;
;;;;;;;;;;
;;;;;;;;;;
;;;;;;;;;;
;;;;;;;;;;
;;;;;;;;;;
;;;;;;;;;;
;;;;;;;;;;
;;;;;;;;;;
;;;;;;;;;;
;;;;;;;;;;
;;;;;;;;;;
;;;;;;;;;;
;;;;;;;;;;
;;;;;;;;;;
;;;;;;;;;;
;;;;;;;;;;
;;;;;;;;;;
;;;;;;;;;;
;;;;;;;;;;
;;;;;;;;;;
;;;;;;;;;;
;;;;;;;;;;
;;;;;;;;;;
;;;;;;;;;;
;;;;;;;;;;
;;;;;;;;;;
;;;;;;;;;;
;;;;;;;;;;
;;;;;;;;;;
;;;;;;;;;;
;;;;;;;;;;
;;;;;;;;;;
;;;;;;;;;;
;;;;;;;;;;
;;;;;;;;;;
;;;;;;;;;;
;;;;;;;;;;
;;;;;;;;;;
;;;;;;;;;;
;;;;;;;;;;
;;;;;;;;;;
;;;;;;;;;;
;;;;;;;;;;
;;;;;;;;;;
;;;;;;;;;;
;;;;;;;;;;
;;;;;;;;;;
;;;;;;;;;;
;;;;;;;;;;
;;;;;;;;;;
;;;;;;;;;;
;;;;;;;;;;
;;;;;;;;;;
;;;;;;;;;;
;;;;;;;;;;
;;;;;;;;;;
;;;;;;;;;;
;;;;;;;;;;
;;;;;;;;;;
;;;;;;;;;;
;;;;;;;;;;
;;;;;;;;;;
;;;;;;;;;;
;;;;;;;;;;
;;;;;;;;;;
;;;;;;;;;;
;;;;;;;;;;
;;;;;;;;;;
;;;;;;;;;;
;;;;;;;;;;
;;;;;;;;;;
;;;;;;;;;;
;;;;;;;;;;
;;;;;;;;;;
;;;;;;;;;;
;;;;;;;;;;
;;;;;;;;;;
;;;;;;;;;;
;;;;;;;;;;
;;;;;;;;;;
;;;;;;;;;;
;;;;;;;;;;
;;;;;;;;;;
;;;;;;;;;;
;;;;;;;;;;
;;;;;;;;;;
;;;;;;;;;;
;;;;;;;;;;
;;;;;;;;;;
;;;;;;;;;;
;;;;;;;;;;
;;;;;;;;;;
;;;;;;;;;;
;;;;;;;;;;
;;;;;;;;;;
;;;;;;;;;;
;;;;;;;;;;
;;;;;;;;;;
;;;;;;;;;;
;;;;;;;;;;
;;;;;;;;;;
;;;;;;;;;;
;;;;;;;;;;
;;;;;;;;;;
;;;;;;;;;;
;;;;;;;;;;
;;;;;;;;;;
;;;;;;;;;;
;;;;;;;;;;
;;;;;;;;;;
;;;;;;;;;;
;;;;;;;;;;
;;;;;;;;;;
;;;;;;;;;;
;;;;;;;;;;
;;;;;;;;;;
;;;;;;;;;;
;;;;;;;;;;
;;;;;;;;;;
;;;;;;;;;;
;;;;;;;;;;
;;;;;;;;;;
;;;;;;;;;;
;;;;;;;;;;
;;;;;;;;;;
;;;;;;;;;;
;;;;;;;;;;
;;;;;;;;;;
;;;;;;;;;;
;;;;;;;;;;
;;;;;;;;;;
;;;;;;;;;;
;;;;;;;;;;
;;;;;;;;;;
;;;;;;;;;;
;;;;;;;;;;
;;;;;;;;;;
;;;;;;;;;;
;;;;;;;;;;
;;;;;;;;;;
;;;;;;;;;;
;;;;;;;;;;
;;;;;;;;;;
;;;;;;;;;;
;;;;;;;;;;
;;;;;;;;;;
;;;;;;;;;;
;;;;;;;;;;
;;;;;;;;;;
;;;;;;;;;;
;;;;;;;;;;
;;;;;;;;;;
;;;;;;;;;;
;;;;;;;;;;
;;;;;;;;;;
;;;;;;;;;;
;;;;;;;;;;
;;;;;;;;;;
;;;;;;;;;;
;;;;;;;;;;
;;;;;;;;;;
;;;;;;;;;;
;;;;;;;;;;
;;;;;;;;;;
;;;;;;;;;;
;;;;;;;;;;
;;;;;;;;;;
;;;;;;;;;;
;;;;;;;;;;
;;;;;;;;;;
;;;;;;;;;;
;;;;;;;;;;
;;;;;;;;;;
;;;;;;;;;;
;;;;;;;;;;
;;;;;;;;;;
;;;;;;;;;;
;;;;;;;;;;
;;;;;;;;;;
;;;;;;;;;;
;;;;;;;;;;
;;;;;;;;;;
;;;;;;;;;;
;;;;;;;;;;
;;;;;;;;;;
;;;;;;;;;;
;;;;;;;;;;
;;;;;;;;;;
;;;;;;;;;;
;;;;;;;;;;
;;;;;;;;;;
;;;;;;;;;;
;;;;;;;;;;
;;;;;;;;;;
;;;;;;;;;;
;;;;;;;;;;
;;;;;;;;;;
;;;;;;;;;;
;;;;;;;;;;
;;;;;;;;;;
;;;;;;;;;;
;;;;;;;;;;
;;;;;;;;;;
;;;;;;;;;;
;;;;;;;;;;
;;;;;;;;;;
;;;;;;;;;;
;;;;;;;;;;
;;;;;;;;;;
;;;;;;;;;;
;;;;;;;;;;
;;;;;;;;;;
;;;;;;;;;;
;;;;;;;;;;
;;;;;;;;;;
;;;;;;;;;;
;;;;;;;;;;
;;;;;;;;;;
;;;;;;;;;;
;;;;;;;;;;
;;;;;;;;;;
;;;;;;;;;;
;;;;;;;;;;
;;;;;;;;;;
;;;;;;;;;;
;;;;;;;;;;
;;;;;;;;;;
;;;;;;;;;;
;;;;;;;;;;
;;;;;;;;;;
;;;;;;;;;;
;;;;;;;;;;
;;;;;;;;;;
;;;;;;;;;;
;;;;;;;;;;
;;;;;;;;;;
;;;;;;;;;;
;;;;;;;;;;
;;;;;;;;;;
;;;;;;;;;;
;;;;;;;;;;
;;;;;;;;;;
;;;;;;;;;;
;;;;;;;;;;
;;;;;;;;;;
;;;;;;;;;;
;;;;;;;;;;
;;;;;;;;;;
;;;;;;;;;;
;;;;;;;;;;
;;;;;;;;;;
;;;;;;;;;;
;;;;;;;;;;
;;;;;;;;;;
;;;;;;;;;;
;;;;;;;;;;
;;;;;;;;;;
;;;;;;;;;;
;;;;;;;;;;
;;;;;;;;;;
;;;;;;;;;;
;;;;;;;;;;
;;;;;;;;;;
;;;;;;;;;;
;;;;;;;;;;
;;;;;;;;;;
;;;;;;;;;;
;;;;;;;;;;
;;;;;;;;;;
;;;;;;;;;;
;;;;;;;;;;
;;;;;;;;;;
;;;;;;;;;;
;;;;;;;;;;
;;;;;;;;;;
;;;;;;;;;;
;;;;;;;;;;
;;;;;;;;;;
;;;;;;;;;;
;;;;;;;;;;
;;;;;;;;;;
;;;;;;;;;;
;;;;;;;;;;
;;;;;;;;;;
;;;;;;;;;;
;;;;;;;;;;
;;;;;;;;;;
;;;;;;;;;;
;;;;;;;;;;
;;;;;;;;;;
;;;;;;;;;;
;;;;;;;;;;
;;;;;;;;;;
;;;;;;;;;;
;;;;;;;;;;
;;;;;;;;;;
;;;;;;;;;;
;;;;;;;;;;
;;;;;;;;;;
;;;;;;;;;;
;;;;;;;;;;
;;;;;;;;;;
;;;;;;;;;;
;;;;;;;;;;
;;;;;;;;;;
;;;;;;;;;;
;;;;;;;;;;
;;;;;;;;;;
;;;;;;;;;;
;;;;;;;;;;
;;;;;;;;;;
;;;;;;;;;;
;;;;;;;;;;
;;;;;;;;;;
;;;;;;;;;;
;;;;;;;;;;
;;;;;;;;;;
;;;;;;;;;;
;;;;;;;;;;
;;;;;;;;;;
;;;;;;;;;;
;;;;;;;;;;
;;;;;;;;;;
;;;;;;;;;;
;;;;;;;;;;
;;;;;;;;;;
;;;;;;;;;;
;;;;;;;;;;
;;;;;;;;;;
;;;;;;;;;;
;;;;;;;;;;
;;;;;;;;;;
;;;;;;;;;;
;;;;;;;;;;
;;;;;;;;;;
;;;;;;;;;;
;;;;;;;;;;
;;;;;;;;;;
;;;;;;;;;;
;;;;;;;;;;
;;;;;;;;;;
;;;;;;;;;;
;;;;;;;;;;
;;;;;;;;;;
;;;;;;;;;;
;;;;;;;;;;
;;;;;;;;;;
;;;;;;;;;;
;;;;;;;;;;
;;;;;;;;;;
;;;;;;;;;;
;;;;;;;;;;
;;;;;;;;;;
;;;;;;;;;;
;;;;;;;;;;
;;;;;;;;;;
;;;;;;;;;;
;;;;;;;;;;
;;;;;;;;;;
;;;;;;;;;;
;;;;;;;;;;
;;;;;;;;;;
;;;;;;;;;;
;;;;;;;;;;
;;;;;;;;;;
;;;;;;;;;;
;;;;;;;;;;
;;;;;;;;;;
;;;;;;;;;;
;;;;;;;;;;
;;;;;;;;;;
;;;;;;;;;;
;;;;;;;;;;
;;;;;;;;;;
;;;;;;;;;;
;;;;;;;;;;
;;;;;;;;;;
;;;;;;;;;;
;;;;;;;;;;
;;;;;;;;;;
;;;;;;;;;;
;;;;;;;;;;
;;;;;;;;;;
;;;;;;;;;;
;;;;;;;;;;
;;;;;;;;;;
;;;;;;;;;;
;;;;;;;;;;
;;;;;;;;;;
;;;;;;;;;;
;;;;;;;;;;
;;;;;;;;;;
;;;;;;;;;;
;;;;;;;;;;
;;;;;;;;;;
;;;;;;;;;;
;;;;;;;;;;
;;;;;;;;;;
;;;;;;;;;;
;;;;;;;;;;
;;;;;;;;;;
;;;;;;;;;;
;;;;;;;;;;
;;;;;;;;;;
;;;;;;;;;;
;;;;;;;;;;
;;;;;;;;;;
;;;;;;;;;;
;;;;;;;;;;
;;;;;;;;;;
;;;;;;;;;;
;;;;;;;;;;
;;;;;;;;;;
;;;;;;;;;;
;;;;;;;;;;
;;;;;;;;;;
;;;;;;;;;;
;;;;;;;;;;
;;;;;;;;;;
;;;;;;;;;;
;;;;;;;;;;
;;;;;;;;;;
;;;;;;;;;;
;;;;;;;;;;
;;;;;;;;;;
;;;;;;;;;;
;;;;;;;;;;
;;;;;;;;;;