CCG_CODE,CCG_ONS_CODE,CCG_NAME,SUBREGION_ONS_CODE,REGION_ONS_CODE,Total,Month
00C,E38000042,NHS Darlington CCG,E39000039,E40000001,45846,September
00D,E38000047,"NHS Durham Dales, Easington and Sedgefield CCG",E39000039,E40000001,158105,September
00J,E38000116,NHS North Durham CCG,E39000039,E40000001,126169,September
00K,E38000075,NHS Hartlepool and Stockton-on-Tees CCG,E39000039,E40000001,119195,September
00L,E38000130,NHS Northumberland CCG,E39000039,E40000001,156786,September
00M,E38000162,NHS South Tees CCG,E39000039,E40000001,131739,September
00N,E38000163,NHS South Tyneside CCG,E39000039,E40000001,60414,September
00P,E38000176,NHS Sunderland CCG,E39000039,E40000001,113944,September
00Q,E38000014,NHS Blackburn with Darwen CCG,E39000040,E40000001,64009,September
00R,E38000015,NHS Blackpool CCG,E39000040,E40000001,63763,September
00T,E38000016,NHS Bolton CCG,E39000037,E40000001,86495,September
00X,E38000034,NHS Chorley and South Ribble CCG,E39000040,E40000001,57916,September
00Y,E38000135,NHS Oldham CCG,E39000037,E40000001,89859,September
01A,E38000050,NHS East Lancashire CCG,E39000040,E40000001,129129,September
01C,E38000056,NHS Eastern Cheshire CCG,E39000026,E40000001,76671,September
01D,E38000080,"NHS Heywood, Middleton and Rochdale CCG",E39000037,E40000001,93851,September
01E,E38000227,NHS Greater Preston CCG,E39000040,E40000001,57794,September
01F,E38000068,NHS Halton CCG,E39000026,E40000001,55444,September
01G,E38000143,NHS Salford CCG,E39000037,E40000001,44583,September
01H,E38000215,NHS North Cumbria CCG,E39000039,E40000001,154687,September
01J,E38000091,NHS Knowsley CCG,E39000026,E40000001,64470,September
01K,E38000228,NHS Morecambe Bay CCG,E39000040,E40000001,144333,September
01R,E38000151,NHS South Cheshire CCG,E39000026,E40000001,77417,September
01T,E38000161,NHS South Sefton CCG,E39000026,E40000001,46839,September
01V,E38000170,NHS Southport and Formby CCG,E39000026,E40000001,49877,September
01W,E38000174,NHS Stockport CCG,E39000037,E40000001,110357,September
01X,E38000172,NHS St Helens CCG,E39000026,E40000001,67288,September
01Y,E38000182,NHS Tameside and Glossop CCG,E39000037,E40000001,105530,September
02A,E38000187,NHS Trafford CCG,E39000037,E40000001,67966,September
02D,E38000189,NHS Vale Royal CCG,E39000026,E40000001,42519,September
02E,E38000194,NHS Warrington CCG,E39000026,E40000001,78143,September
02F,E38000196,NHS West Cheshire CCG,E39000026,E40000001,105184,September
02G,E38000200,NHS West Lancashire CCG,E39000040,E40000001,43804,September
02H,E38000205,NHS Wigan Borough CCG,E39000037,E40000001,101942,September
02M,E38000226,NHS Fylde and Wyre CCG,E39000040,E40000001,80478,September
02N,E38000001,"NHS Airedale, Wharfedale and Craven CCG",E39000029,E40000001,82443,September
02P,E38000006,NHS Barnsley CCG,E39000029,E40000001,110795,September
02Q,E38000008,NHS Bassetlaw CCG,E39000029,E40000001,50880,September
02R,E38000019,NHS Bradford Districts CCG,E39000029,E40000001,157972,September
02T,E38000025,NHS Calderdale CCG,E39000029,E40000001,95913,September
02W,E38000018,NHS Bradford City CCG,E39000029,E40000001,61094,September
02X,E38000044,NHS Doncaster CCG,E39000029,E40000001,147091,September
02Y,E38000052,NHS East Riding of Yorkshire CCG,E39000029,E40000001,123932,September
03A,E38000064,NHS Greater Huddersfield CCG,E39000029,E40000001,100084,September
03D,E38000069,"NHS Hambleton, Richmondshire and Whitby CCG",E39000029,E40000001,63760,September
03E,E38000073,NHS Harrogate and Rural District CCG,E39000029,E40000001,71817,September
03F,E38000085,NHS Hull CCG,E39000029,E40000001,101356,September
03H,E38000119,NHS North East Lincolnshire CCG,E39000029,E40000001,84119,September
03J,E38000121,NHS North Kirklees CCG,E39000029,E40000001,84793,September
03K,E38000122,NHS North Lincolnshire CCG,E39000029,E40000001,82660,September
03L,E38000141,NHS Rotherham CCG,E39000029,E40000001,118746,September
03M,E38000145,NHS Scarborough and Ryedale CCG,E39000029,E40000001,51962,September
03N,E38000146,NHS Sheffield CCG,E39000029,E40000001,266161,September
03Q,E38000188,NHS Vale of York CCG,E39000029,E40000001,135733,September
03R,E38000190,NHS Wakefield CCG,E39000029,E40000001,177646,September
03T,E38000099,NHS Lincolnshire East CCG,E39000030,E40000002,115859,September
03V,E38000037,NHS Corby CCG,E39000030,E40000002,26969,September
03W,E38000051,NHS East Leicestershire and Rutland CCG,E39000030,E40000002,162066,September
03X,E38000058,NHS Erewash CCG,E39000032,E40000002,45324,September
03Y,E38000071,NHS Hardwick CCG,E39000032,E40000002,54367,September
04C,E38000097,NHS Leicester City CCG,E39000030,E40000002,159265,September
04D,E38000100,NHS Lincolnshire West CCG,E39000030,E40000002,79032,September
04E,E38000103,NHS Mansfield and Ashfield CCG,E39000032,E40000002,87748,September
04F,E38000107,NHS Milton Keynes CCG,E39000030,E40000002,116673,September
04G,E38000108,NHS Nene CCG,E39000030,E40000002,277263,September
04H,E38000109,NHS Newark and Sherwood CCG,E39000032,E40000002,59175,September
04J,E38000115,NHS North Derbyshire CCG,E39000032,E40000002,143399,September
04K,E38000132,NHS Nottingham City CCG,E39000032,E40000002,132478,September
04L,E38000133,NHS Nottingham North and East CCG,E39000032,E40000002,61735,September
04M,E38000134,NHS Nottingham West CCG,E39000032,E40000002,48515,September
04N,E38000142,NHS Rushcliffe CCG,E39000032,E40000002,61596,September
04Q,E38000165,NHS South West Lincolnshire CCG,E39000030,E40000002,60791,September
04R,E38000169,NHS Southern Derbyshire CCG,E39000032,E40000002,226326,September
04V,E38000201,NHS West Leicestershire CCG,E39000030,E40000002,174858,September
04Y,E38000028,NHS Cannock Chase CCG,E39000032,E40000002,54198,September
05A,E38000038,NHS Coventry and Rugby CCG,E39000033,E40000002,165009,September
05C,E38000046,NHS Dudley CCG,E39000033,E40000002,125238,September
05D,E38000053,NHS East Staffordshire CCG,E39000032,E40000002,43892,September
05F,E38000078,NHS Herefordshire CCG,E39000033,E40000002,80367,September
05G,E38000126,NHS North Staffordshire CCG,E39000032,E40000002,82674,September
05H,E38000195,NHS Warwickshire North CCG,E39000033,E40000002,27599,September
05J,E38000139,NHS Redditch and Bromsgrove CCG,E39000033,E40000002,76108,September
05L,E38000144,NHS Sandwell and West Birmingham CCG,E39000033,E40000002,226115,September
05N,E38000147,NHS Shropshire CCG,E39000032,E40000002,134131,September
05Q,E38000153,NHS South East Staffordshire and Seisdon Peninsula CCG,E39000032,E40000002,85448,September
05R,E38000164,NHS South Warwickshire CCG,E39000033,E40000002,126393,September
05T,E38000166,NHS South Worcestershire CCG,E39000033,E40000002,129680,September
05V,E38000173,NHS Stafford and Surrounds CCG,E39000032,E40000002,66338,September
05W,E38000175,NHS Stoke on Trent CCG,E39000032,E40000002,98241,September
05X,E38000183,NHS Telford and Wrekin CCG,E39000032,E40000002,77401,September
05Y,E38000191,NHS Walsall CCG,E39000033,E40000002,120939,September
06A,E38000210,NHS Wolverhampton CCG,E39000033,E40000002,95807,September
06D,E38000211,NHS Wyre Forest CCG,E39000033,E40000002,70647,September
06F,E38000010,NHS Bedfordshire CCG,E39000030,E40000002,188508,September
06H,E38000026,NHS Cambridgeshire and Peterborough CCG,E39000031,E40000002,425966,September
06K,E38000049,NHS East and North Hertfordshire CCG,E39000030,E40000002,202431,September
06L,E38000086,NHS Ipswich and East Suffolk CCG,E39000031,E40000002,176849,September
06M,E38000063,NHS Great Yarmouth and Waveney CCG,E39000031,E40000002,102994,September
06N,E38000079,NHS Herts Valleys CCG,E39000030,E40000002,201688,September
06P,E38000102,NHS Luton CCG,E39000030,E40000002,85284,September
06Q,E38000106,NHS Mid Essex CCG,E39000031,E40000002,154934,September
06T,E38000117,NHS North East Essex CCG,E39000031,E40000002,142294,September
06V,E38000124,NHS North Norfolk CCG,E39000031,E40000002,89734,September
06W,E38000218,NHS Norwich CCG,E39000031,E40000002,101593,September
06Y,E38000219,NHS South Norfolk CCG,E39000031,E40000002,102251,September
07G,E38000185,NHS Thurrock CCG,E39000031,E40000002,64241,September
07H,E38000197,NHS West Essex CCG,E39000031,E40000002,104353,September
07J,E38000203,NHS West Norfolk CCG,E39000031,E40000002,94182,September
07K,E38000204,NHS West Suffolk CCG,E39000031,E40000002,103191,September
07L,E38000004,NHS Barking and Dagenham CCG,E39000018,E40000003,49989,September
07M,E38000005,NHS Barnet CCG,E39000018,E40000003,94835,September
07N,E38000011,NHS Bexley CCG,E39000018,E40000003,18017,September
07P,E38000020,NHS Brent CCG,E39000018,E40000003,131122,September
07Q,E38000023,NHS Bromley CCG,E39000018,E40000003,92623,September
07R,E38000027,NHS Camden CCG,E39000018,E40000003,80097,September
07T,E38000035,NHS City and Hackney CCG,E39000018,E40000003,118802,September
07V,E38000040,NHS Croydon CCG,E39000018,E40000003,128806,September
07W,E38000048,NHS Ealing CCG,E39000018,E40000003,152485,September
07X,E38000057,NHS Enfield CCG,E39000018,E40000003,82296,September
07Y,E38000084,NHS Hounslow CCG,E39000018,E40000003,111302,September
08A,E38000066,NHS Greenwich CCG,E39000018,E40000003,28638,September
08C,E38000070,NHS Hammersmith and Fulham CCG,E39000018,E40000003,70348,September
08D,E38000072,NHS Haringey CCG,E39000018,E40000003,85399,September
08E,E38000074,NHS Harrow CCG,E39000018,E40000003,93550,September
08F,E38000077,NHS Havering CCG,E39000018,E40000003,68532,September
08G,E38000082,NHS Hillingdon CCG,E39000018,E40000003,92197,September
08H,E38000088,NHS Islington CCG,E39000018,E40000003,72042,September
08J,E38000090,NHS Kingston CCG,E39000018,E40000003,60389,September
08K,E38000092,NHS Lambeth CCG,E39000018,E40000003,120828,September
08L,E38000098,NHS Lewisham CCG,E39000018,E40000003,104743,September
08M,E38000113,NHS Newham CCG,E39000018,E40000003,117335,September
08N,E38000138,NHS Redbridge CCG,E39000018,E40000003,99698,September
08P,E38000140,NHS Richmond CCG,E39000018,E40000003,10610,September
08Q,E38000171,NHS Southwark CCG,E39000018,E40000003,100488,September
08R,E38000105,NHS Merton CCG,E39000018,E40000003,67310,September
08T,E38000179,NHS Sutton CCG,E39000018,E40000003,65271,September
08V,E38000186,NHS Tower Hamlets CCG,E39000018,E40000003,134838,September
08W,E38000192,NHS Waltham Forest CCG,E39000018,E40000003,89755,September
08X,E38000193,NHS Wandsworth CCG,E39000018,E40000003,130153,September
08Y,E38000202,NHS West London CCG,E39000018,E40000003,78224,September
09A,E38000031,NHS Central London (Westminster) CCG,E39000018,E40000003,65946,September
09C,E38000002,NHS Ashford CCG,E39000042,E40000005,71860,September
09D,E38000021,NHS Brighton and Hove CCG,E39000042,E40000005,104448,September
09E,E38000029,NHS Canterbury and Coastal CCG,E39000042,E40000005,105755,September
09F,E38000055,"NHS Eastbourne, Hailsham and Seaford CCG",E39000042,E40000005,93904,September
09G,E38000213,NHS Coastal West Sussex CCG,E39000042,E40000005,236730,September
09H,E38000039,NHS Crawley CCG,E39000042,E40000005,53386,September
09J,E38000043,"NHS Dartford, Gravesham and Swanley CCG",E39000042,E40000005,3151,September
09L,E38000054,NHS East Surrey CCG,E39000042,E40000005,71882,September
09N,E38000214,NHS Guildford and Waverley CCG,E39000042,E40000005,77033,September
09P,E38000076,NHS Hastings and Rother CCG,E39000042,E40000005,84696,September
09W,E38000104,NHS Medway CCG,E39000042,E40000005,76846,September
09X,E38000083,NHS Horsham and Mid Sussex CCG,E39000042,E40000005,85766,September
09Y,E38000128,NHS North West Surrey CCG,E39000042,E40000005,123427,September
10A,E38000156,NHS South Kent Coast CCG,E39000042,E40000005,44380,September
10C,E38000178,NHS Surrey Heath CCG,E39000041,E40000005,37317,September
10D,E38000180,NHS Swale CCG,E39000042,E40000005,43772,September
10E,E38000184,NHS Thanet CCG,E39000042,E40000005,55412,September
10J,E38000120,NHS North Hampshire CCG,E39000041,E40000005,89100,September
10K,E38000059,NHS Fareham and Gosport CCG,E39000041,E40000005,79049,September
10L,E38000087,NHS Isle of Wight CCG,E39000041,E40000005,62768,September
10Q,E38000136,NHS Oxfordshire CCG,E39000041,E40000005,288706,September
10R,E38000137,NHS Portsmouth CCG,E39000041,E40000005,80080,September
10V,E38000154,NHS South Eastern Hampshire CCG,E39000041,E40000005,84663,September
10X,E38000167,NHS Southampton CCG,E39000041,E40000005,101649,September
11A,E38000198,NHS West Hampshire CCG,E39000041,E40000005,191374,September
11E,E38000009,NHS Bath and North East Somerset CCG,E39000043,E40000006,88693,September
11J,E38000045,NHS Dorset CCG,E39000044,E40000006,336911,September
11M,E38000062,NHS Gloucestershire CCG,E39000043,E40000006,232732,September
11N,E38000089,NHS Kernow CCG,E39000044,E40000006,132246,September
11X,E38000150,NHS Somerset CCG,E39000044,E40000006,202528,September
12D,E38000181,NHS Swindon CCG,E39000043,E40000006,95823,September
12F,E38000208,NHS Wirral CCG,E39000026,E40000001,148678,September
13T,E38000212,NHS Newcastle Gateshead CCG,E39000039,E40000001,193269,September
14L,E38000217,NHS Manchester CCG,E39000037,E40000001,210310,September
14Y,E38000223,NHS Buckinghamshire CCG,E39000041,E40000005,181064,September
15A,E38000221,NHS Berkshire West,E39000041,E40000005,148021,September
15C,E38000222,"NHS Bristol, North Somerset and South Gloucestershire CCG",E39000043,E40000006,426188,September
15D,E38000224,NHS East Berkshire CCG,E39000041,E40000005,150545,September
15E,E38000220,NHS Birmingham and Solihull CCG,E39000033,E40000002,504731,September
15F,E38000225,NHS Leeds CCG,E39000029,E40000001,365356,September
99A,E38000101,NHS Liverpool CCG,E39000026,E40000001,197852,September
99C,E38000127,NHS North Tyneside CCG,E39000039,E40000001,86708,September
99D,E38000157,NHS South Lincolnshire CCG,E39000030,E40000002,74020,September
99E,E38000007,NHS Basildon and Brentwood CCG,E39000031,E40000002,97325,September
99F,E38000030,NHS Castle Point and Rochford CCG,E39000031,E40000002,60349,September
99G,E38000168,NHS Southend CCG,E39000031,E40000002,62694,September
99H,E38000177,NHS Surrey Downs CCG,E39000042,E40000005,113430,September
99J,E38000199,NHS West Kent CCG,E39000042,E40000005,111069,September
99K,E38000081,NHS High Weald Lewes Havens CCG,E39000042,E40000005,69134,September
99M,E38000118,NHS North East Hampshire and Farnham CCG,E39000041,E40000005,82592,September
99N,E38000206,NHS Wiltshire CCG,E39000043,E40000006,231464,September
99P,E38000129,"NHS Northern, Eastern and Western Devon CCG",E39000044,E40000006,423267,September
99Q,E38000152,NHS South Devon and Torbay CCG,E39000044,E40000006,151241,September
