CCG_CODE,CCG_ONS_CODE,CCG_NAME,SUBREGION_ONS_CODE,REGION_ONS_CODE,Total,Month
00C,E38000042,NHS Darlington CCG,E39000039,E40000001,47358,April
00D,E38000047,"NHS Durham Dales, Easington and Sedgefield CCG",E39000039,E40000001,164102,April
00J,E38000116,NHS North Durham CCG,E39000039,E40000001,129607,April
00K,E38000075,NHS Hartlepool and Stockton-on-Tees CCG,E39000039,E40000001,119851,April
00L,E38000130,NHS Northumberland CCG,E39000039,E40000001,158902,April
00M,E38000162,NHS South Tees CCG,E39000039,E40000001,140215,April
00N,E38000163,NHS South Tyneside CCG,E39000039,E40000001,61444,April
00P,E38000176,NHS Sunderland CCG,E39000039,E40000001,112394,April
00Q,E38000014,NHS Blackburn with Darwen CCG,E39000040,E40000001,59196,April
00R,E38000015,NHS Blackpool CCG,E39000040,E40000001,57809,April
00T,E38000016,NHS Bolton CCG,E39000037,E40000001,75733,April
00X,E38000034,NHS Chorley and South Ribble CCG,E39000040,E40000001,59811,April
00Y,E38000135,NHS Oldham CCG,E39000037,E40000001,85877,April
01A,E38000050,NHS East Lancashire CCG,E39000040,E40000001,127375,April
01C,E38000056,NHS Eastern Cheshire CCG,E39000026,E40000001,80110,April
01D,E38000080,"NHS Heywood, Middleton and Rochdale CCG",E39000037,E40000001,92343,April
01E,E38000227,NHS Greater Preston CCG,E39000040,E40000001,63241,April
01F,E38000068,NHS Halton CCG,E39000026,E40000001,56133,April
01G,E38000143,NHS Salford CCG,E39000037,E40000001,33063,April
01H,E38000215,NHS North Cumbria CCG,E39000039,E40000001,158075,April
01J,E38000091,NHS Knowsley CCG,E39000026,E40000001,67973,April
01K,E38000228,NHS Morecambe Bay CCG,E39000040,E40000001,143729,April
01R,E38000151,NHS South Cheshire CCG,E39000026,E40000001,73617,April
01T,E38000161,NHS South Sefton CCG,E39000026,E40000001,49904,April
01V,E38000170,NHS Southport and Formby CCG,E39000026,E40000001,50334,April
01W,E38000174,NHS Stockport CCG,E39000037,E40000001,105474,April
01X,E38000172,NHS St Helens CCG,E39000026,E40000001,67364,April
01Y,E38000182,NHS Tameside and Glossop CCG,E39000037,E40000001,103047,April
02A,E38000187,NHS Trafford CCG,E39000037,E40000001,63415,April
02D,E38000189,NHS Vale Royal CCG,E39000026,E40000001,39199,April
02E,E38000194,NHS Warrington CCG,E39000026,E40000001,76447,April
02F,E38000196,NHS West Cheshire CCG,E39000026,E40000001,104552,April
02G,E38000200,NHS West Lancashire CCG,E39000040,E40000001,40342,April
02H,E38000205,NHS Wigan Borough CCG,E39000037,E40000001,99126,April
02M,E38000226,NHS Fylde and Wyre CCG,E39000040,E40000001,82755,April
02N,E38000001,"NHS Airedale, Wharfedale and Craven CCG",E39000029,E40000001,84441,April
02P,E38000006,NHS Barnsley CCG,E39000029,E40000001,116633,April
02Q,E38000008,NHS Bassetlaw CCG,E39000029,E40000001,52795,April
02R,E38000019,NHS Bradford Districts CCG,E39000029,E40000001,169621,April
02T,E38000025,NHS Calderdale CCG,E39000029,E40000001,98848,April
02W,E38000018,NHS Bradford City CCG,E39000029,E40000001,66379,April
02X,E38000044,NHS Doncaster CCG,E39000029,E40000001,149444,April
02Y,E38000052,NHS East Riding of Yorkshire CCG,E39000029,E40000001,118869,April
03A,E38000064,NHS Greater Huddersfield CCG,E39000029,E40000001,92434,April
03D,E38000069,"NHS Hambleton, Richmondshire and Whitby CCG",E39000029,E40000001,66800,April
03E,E38000073,NHS Harrogate and Rural District CCG,E39000029,E40000001,71694,April
03F,E38000085,NHS Hull CCG,E39000029,E40000001,112697,April
03H,E38000119,NHS North East Lincolnshire CCG,E39000029,E40000001,89116,April
03J,E38000121,NHS North Kirklees CCG,E39000029,E40000001,87756,April
03K,E38000122,NHS North Lincolnshire CCG,E39000029,E40000001,83887,April
03L,E38000141,NHS Rotherham CCG,E39000029,E40000001,127999,April
03M,E38000145,NHS Scarborough and Ryedale CCG,E39000029,E40000001,59755,April
03N,E38000146,NHS Sheffield CCG,E39000029,E40000001,275773,April
03Q,E38000188,NHS Vale of York CCG,E39000029,E40000001,141704,April
03R,E38000190,NHS Wakefield CCG,E39000029,E40000001,182893,April
03T,E38000099,NHS Lincolnshire East CCG,E39000030,E40000002,118046,April
03V,E38000037,NHS Corby CCG,E39000030,E40000002,25665,April
03W,E38000051,NHS East Leicestershire and Rutland CCG,E39000030,E40000002,159421,April
03X,E38000058,NHS Erewash CCG,E39000032,E40000002,44962,April
03Y,E38000071,NHS Hardwick CCG,E39000032,E40000002,59131,April
04C,E38000097,NHS Leicester City CCG,E39000030,E40000002,165118,April
04D,E38000100,NHS Lincolnshire West CCG,E39000030,E40000002,88173,April
04E,E38000103,NHS Mansfield and Ashfield CCG,E39000032,E40000002,91006,April
04F,E38000107,NHS Milton Keynes CCG,E39000030,E40000002,120972,April
04G,E38000108,NHS Nene CCG,E39000030,E40000002,289296,April
04H,E38000109,NHS Newark and Sherwood CCG,E39000032,E40000002,62486,April
04J,E38000115,NHS North Derbyshire CCG,E39000032,E40000002,147520,April
04K,E38000132,NHS Nottingham City CCG,E39000032,E40000002,146081,April
04L,E38000133,NHS Nottingham North and East CCG,E39000032,E40000002,62473,April
04M,E38000134,NHS Nottingham West CCG,E39000032,E40000002,44498,April
04N,E38000142,NHS Rushcliffe CCG,E39000032,E40000002,60797,April
04Q,E38000165,NHS South West Lincolnshire CCG,E39000030,E40000002,58732,April
04R,E38000169,NHS Southern Derbyshire CCG,E39000032,E40000002,236610,April
04V,E38000201,NHS West Leicestershire CCG,E39000030,E40000002,183214,April
04Y,E38000028,NHS Cannock Chase CCG,E39000032,E40000002,52122,April
05A,E38000038,NHS Coventry and Rugby CCG,E39000033,E40000002,160825,April
05C,E38000046,NHS Dudley CCG,E39000033,E40000002,119981,April
05D,E38000053,NHS East Staffordshire CCG,E39000032,E40000002,42723,April
05F,E38000078,NHS Herefordshire CCG,E39000033,E40000002,87828,April
05G,E38000126,NHS North Staffordshire CCG,E39000032,E40000002,80873,April
05H,E38000195,NHS Warwickshire North CCG,E39000033,E40000002,25409,April
05J,E38000139,NHS Redditch and Bromsgrove CCG,E39000033,E40000002,77168,April
05L,E38000144,NHS Sandwell and West Birmingham CCG,E39000033,E40000002,236209,April
05N,E38000147,NHS Shropshire CCG,E39000032,E40000002,129194,April
05Q,E38000153,NHS South East Staffordshire and Seisdon Peninsula CCG,E39000032,E40000002,86952,April
05R,E38000164,NHS South Warwickshire CCG,E39000033,E40000002,118173,April
05T,E38000166,NHS South Worcestershire CCG,E39000033,E40000002,128260,April
05V,E38000173,NHS Stafford and Surrounds CCG,E39000032,E40000002,64469,April
05W,E38000175,NHS Stoke on Trent CCG,E39000032,E40000002,96205,April
05X,E38000183,NHS Telford and Wrekin CCG,E39000032,E40000002,75603,April
05Y,E38000191,NHS Walsall CCG,E39000033,E40000002,117843,April
06A,E38000210,NHS Wolverhampton CCG,E39000033,E40000002,94696,April
06D,E38000211,NHS Wyre Forest CCG,E39000033,E40000002,71178,April
06F,E38000010,NHS Bedfordshire CCG,E39000030,E40000002,200113,April
06H,E38000026,NHS Cambridgeshire and Peterborough CCG,E39000031,E40000002,435300,April
06K,E38000049,NHS East and North Hertfordshire CCG,E39000030,E40000002,204880,April
06L,E38000086,NHS Ipswich and East Suffolk CCG,E39000031,E40000002,184923,April
06M,E38000063,NHS Great Yarmouth and Waveney CCG,E39000031,E40000002,109256,April
06N,E38000079,NHS Herts Valleys CCG,E39000030,E40000002,197986,April
06P,E38000102,NHS Luton CCG,E39000030,E40000002,84309,April
06Q,E38000106,NHS Mid Essex CCG,E39000031,E40000002,156881,April
06T,E38000117,NHS North East Essex CCG,E39000031,E40000002,147816,April
06V,E38000124,NHS North Norfolk CCG,E39000031,E40000002,89034,April
06W,E38000218,NHS Norwich CCG,E39000031,E40000002,108750,April
06Y,E38000219,NHS South Norfolk CCG,E39000031,E40000002,105088,April
07G,E38000185,NHS Thurrock CCG,E39000031,E40000002,62203,April
07H,E38000197,NHS West Essex CCG,E39000031,E40000002,108372,April
07J,E38000203,NHS West Norfolk CCG,E39000031,E40000002,97102,April
07K,E38000204,NHS West Suffolk CCG,E39000031,E40000002,109956,April
07L,E38000004,NHS Barking and Dagenham CCG,E39000018,E40000003,45415,April
07M,E38000005,NHS Barnet CCG,E39000018,E40000003,98346,April
07N,E38000011,NHS Bexley CCG,E39000018,E40000003,11619,April
07P,E38000020,NHS Brent CCG,E39000018,E40000003,128120,April
07Q,E38000023,NHS Bromley CCG,E39000018,E40000003,91303,April
07R,E38000027,NHS Camden CCG,E39000018,E40000003,79788,April
07T,E38000035,NHS City and Hackney CCG,E39000018,E40000003,114226,April
07V,E38000040,NHS Croydon CCG,E39000018,E40000003,115072,April
07W,E38000048,NHS Ealing CCG,E39000018,E40000003,158722,April
07X,E38000057,NHS Enfield CCG,E39000018,E40000003,80605,April
07Y,E38000084,NHS Hounslow CCG,E39000018,E40000003,113646,April
08A,E38000066,NHS Greenwich CCG,E39000018,E40000003,27710,April
08C,E38000070,NHS Hammersmith and Fulham CCG,E39000018,E40000003,77953,April
08D,E38000072,NHS Haringey CCG,E39000018,E40000003,84279,April
08E,E38000074,NHS Harrow CCG,E39000018,E40000003,86456,April
08F,E38000077,NHS Havering CCG,E39000018,E40000003,47894,April
08G,E38000082,NHS Hillingdon CCG,E39000018,E40000003,91253,April
08H,E38000088,NHS Islington CCG,E39000018,E40000003,75543,April
08J,E38000090,NHS Kingston CCG,E39000018,E40000003,55237,April
08K,E38000092,NHS Lambeth CCG,E39000018,E40000003,127227,April
08L,E38000098,NHS Lewisham CCG,E39000018,E40000003,105241,April
08M,E38000113,NHS Newham CCG,E39000018,E40000003,118777,April
08N,E38000138,NHS Redbridge CCG,E39000018,E40000003,93290,April
08P,E38000140,NHS Richmond CCG,E39000018,E40000003,9354,April
08Q,E38000171,NHS Southwark CCG,E39000018,E40000003,102916,April
08R,E38000105,NHS Merton CCG,E39000018,E40000003,68275,April
08T,E38000179,NHS Sutton CCG,E39000018,E40000003,56394,April
08V,E38000186,NHS Tower Hamlets CCG,E39000018,E40000003,125937,April
08W,E38000192,NHS Waltham Forest CCG,E39000018,E40000003,88680,April
08X,E38000193,NHS Wandsworth CCG,E39000018,E40000003,135197,April
08Y,E38000202,NHS West London CCG,E39000018,E40000003,84490,April
09A,E38000031,NHS Central London (Westminster) CCG,E39000018,E40000003,70510,April
09C,E38000002,NHS Ashford CCG,E39000042,E40000005,70747,April
09D,E38000021,NHS Brighton and Hove CCG,E39000042,E40000005,107602,April
09E,E38000029,NHS Canterbury and Coastal CCG,E39000042,E40000005,97342,April
09F,E38000055,"NHS Eastbourne, Hailsham and Seaford CCG",E39000042,E40000005,93179,April
09G,E38000213,NHS Coastal West Sussex CCG,E39000042,E40000005,236036,April
09H,E38000039,NHS Crawley CCG,E39000042,E40000005,53659,April
09L,E38000054,NHS East Surrey CCG,E39000042,E40000005,74395,April
09N,E38000214,NHS Guildford and Waverley CCG,E39000042,E40000005,79887,April
09P,E38000076,NHS Hastings and Rother CCG,E39000042,E40000005,84417,April
09W,E38000104,NHS Medway CCG,E39000042,E40000005,75679,April
09X,E38000083,NHS Horsham and Mid Sussex CCG,E39000042,E40000005,86634,April
09Y,E38000128,NHS North West Surrey CCG,E39000042,E40000005,125663,April
10A,E38000156,NHS South Kent Coast CCG,E39000042,E40000005,39865,April
10C,E38000178,NHS Surrey Heath CCG,E39000041,E40000005,44544,April
10D,E38000180,NHS Swale CCG,E39000042,E40000005,41533,April
10E,E38000184,NHS Thanet CCG,E39000042,E40000005,53229,April
10J,E38000120,NHS North Hampshire CCG,E39000041,E40000005,85008,April
10K,E38000059,NHS Fareham and Gosport CCG,E39000041,E40000005,79091,April
10L,E38000087,NHS Isle of Wight CCG,E39000041,E40000005,70706,April
10Q,E38000136,NHS Oxfordshire CCG,E39000041,E40000005,285923,April
10R,E38000137,NHS Portsmouth CCG,E39000041,E40000005,79420,April
10V,E38000154,NHS South Eastern Hampshire CCG,E39000041,E40000005,82149,April
10X,E38000167,NHS Southampton CCG,E39000041,E40000005,106463,April
11A,E38000198,NHS West Hampshire CCG,E39000041,E40000005,197638,April
11E,E38000009,NHS Bath and North East Somerset CCG,E39000043,E40000006,94491,April
11J,E38000045,NHS Dorset CCG,E39000044,E40000006,355749,April
11M,E38000062,NHS Gloucestershire CCG,E39000043,E40000006,239047,April
11N,E38000089,NHS Kernow CCG,E39000044,E40000006,130437,April
11X,E38000150,NHS Somerset CCG,E39000044,E40000006,212156,April
12D,E38000181,NHS Swindon CCG,E39000043,E40000006,97532,April
12F,E38000208,NHS Wirral CCG,E39000026,E40000001,130487,April
13T,E38000212,NHS Newcastle Gateshead CCG,E39000039,E40000001,203112,April
14L,E38000217,NHS Manchester CCG,E39000037,E40000001,202116,April
14Y,E38000223,NHS Buckinghamshire CCG,E39000041,E40000005,171610,April
15A,E38000221,NHS Berkshire West,E39000041,E40000005,143693,April
15C,E38000222,"NHS Bristol, North Somerset and South Gloucestershire CCG",E39000043,E40000006,440576,April
15D,E38000224,NHS East Berkshire CCG,E39000041,E40000005,150991,April
15E,E38000220,NHS Birmingham and Solihull CCG,E39000033,E40000002,496610,April
15F,E38000225,NHS Leeds CCG,E39000029,E40000001,389076,April
99A,E38000101,NHS Liverpool CCG,E39000026,E40000001,200227,April
99C,E38000127,NHS North Tyneside CCG,E39000039,E40000001,84926,April
99D,E38000157,NHS South Lincolnshire CCG,E39000030,E40000002,72550,April
99E,E38000007,NHS Basildon and Brentwood CCG,E39000031,E40000002,96079,April
99F,E38000030,NHS Castle Point and Rochford CCG,E39000031,E40000002,64184,April
99G,E38000168,NHS Southend CCG,E39000031,E40000002,62592,April
99H,E38000177,NHS Surrey Downs CCG,E39000042,E40000005,115936,April
99J,E38000199,NHS West Kent CCG,E39000042,E40000005,103838,April
99K,E38000081,NHS High Weald Lewes Havens CCG,E39000042,E40000005,72951,April
99M,E38000118,NHS North East Hampshire and Farnham CCG,E39000041,E40000005,79894,April
99N,E38000206,NHS Wiltshire CCG,E39000043,E40000006,243931,April
99P,E38000129,"NHS Northern, Eastern and Western Devon CCG",E39000044,E40000006,440223,April
99Q,E38000152,NHS South Devon and Torbay CCG,E39000044,E40000006,155389,April
