CCG_CODE,CCG_ONS_CODE,CCG_NAME,SUBREGION_ONS_CODE,REGION_ONS_CODE,Total,Month
00C,E38000042,NHS Darlington CCG,E39000039,E40000001,47080,February
00D,E38000047,"NHS Durham Dales, Easington and Sedgefield CCG",E39000039,E40000001,163798,February
00J,E38000116,NHS North Durham CCG,E39000039,E40000001,127773,February
00K,E38000075,NHS Hartlepool and Stockton-on-Tees CCG,E39000039,E40000001,119005,February
00L,E38000130,NHS Northumberland CCG,E39000039,E40000001,154753,February
00M,E38000162,NHS South Tees CCG,E39000039,E40000001,140104,February
00N,E38000163,NHS South Tyneside CCG,E39000039,E40000001,61218,February
00P,E38000176,NHS Sunderland CCG,E39000039,E40000001,112830,February
00Q,E38000014,NHS Blackburn with Darwen CCG,E39000040,E40000001,58250,February
00R,E38000015,NHS Blackpool CCG,E39000040,E40000001,56566,February
00T,E38000016,NHS Bolton CCG,E39000037,E40000001,78498,February
00X,E38000034,NHS Chorley and South Ribble CCG,E39000040,E40000001,59418,February
00Y,E38000135,NHS Oldham CCG,E39000037,E40000001,88010,February
01A,E38000050,NHS East Lancashire CCG,E39000040,E40000001,127919,February
01C,E38000056,NHS Eastern Cheshire CCG,E39000026,E40000001,79275,February
01D,E38000080,"NHS Heywood, Middleton and Rochdale CCG",E39000037,E40000001,92181,February
01E,E38000227,NHS Greater Preston CCG,E39000040,E40000001,59741,February
01F,E38000068,NHS Halton CCG,E39000026,E40000001,56576,February
01G,E38000143,NHS Salford CCG,E39000037,E40000001,33483,February
01H,E38000215,NHS North Cumbria CCG,E39000039,E40000001,148374,February
01J,E38000091,NHS Knowsley CCG,E39000026,E40000001,66701,February
01K,E38000228,NHS Morecambe Bay CCG,E39000040,E40000001,145044,February
01R,E38000151,NHS South Cheshire CCG,E39000026,E40000001,75307,February
01T,E38000161,NHS South Sefton CCG,E39000026,E40000001,50073,February
01V,E38000170,NHS Southport and Formby CCG,E39000026,E40000001,46779,February
01W,E38000174,NHS Stockport CCG,E39000037,E40000001,100436,February
01X,E38000172,NHS St Helens CCG,E39000026,E40000001,66697,February
01Y,E38000182,NHS Tameside and Glossop CCG,E39000037,E40000001,103989,February
02A,E38000187,NHS Trafford CCG,E39000037,E40000001,67341,February
02D,E38000189,NHS Vale Royal CCG,E39000026,E40000001,39042,February
02E,E38000194,NHS Warrington CCG,E39000026,E40000001,78612,February
02F,E38000196,NHS West Cheshire CCG,E39000026,E40000001,103500,February
02G,E38000200,NHS West Lancashire CCG,E39000040,E40000001,39977,February
02H,E38000205,NHS Wigan Borough CCG,E39000037,E40000001,101601,February
02M,E38000226,NHS Fylde and Wyre CCG,E39000040,E40000001,81112,February
02N,E38000001,"NHS Airedale, Wharfedale and Craven CCG",E39000029,E40000001,83198,February
02P,E38000006,NHS Barnsley CCG,E39000029,E40000001,115457,February
02Q,E38000008,NHS Bassetlaw CCG,E39000029,E40000001,53935,February
02R,E38000019,NHS Bradford Districts CCG,E39000029,E40000001,166011,February
02T,E38000025,NHS Calderdale CCG,E39000029,E40000001,99866,February
02W,E38000018,NHS Bradford City CCG,E39000029,E40000001,67120,February
02X,E38000044,NHS Doncaster CCG,E39000029,E40000001,150631,February
02Y,E38000052,NHS East Riding of Yorkshire CCG,E39000029,E40000001,120014,February
03A,E38000064,NHS Greater Huddersfield CCG,E39000029,E40000001,92608,February
03D,E38000069,"NHS Hambleton, Richmondshire and Whitby CCG",E39000029,E40000001,64693,February
03E,E38000073,NHS Harrogate and Rural District CCG,E39000029,E40000001,71101,February
03F,E38000085,NHS Hull CCG,E39000029,E40000001,114844,February
03H,E38000119,NHS North East Lincolnshire CCG,E39000029,E40000001,90991,February
03J,E38000121,NHS North Kirklees CCG,E39000029,E40000001,86020,February
03K,E38000122,NHS North Lincolnshire CCG,E39000029,E40000001,81987,February
03L,E38000141,NHS Rotherham CCG,E39000029,E40000001,125532,February
03M,E38000145,NHS Scarborough and Ryedale CCG,E39000029,E40000001,58360,February
03N,E38000146,NHS Sheffield CCG,E39000029,E40000001,280180,February
03Q,E38000188,NHS Vale of York CCG,E39000029,E40000001,141214,February
03R,E38000190,NHS Wakefield CCG,E39000029,E40000001,184671,February
03T,E38000099,NHS Lincolnshire East CCG,E39000030,E40000002,121710,February
03V,E38000037,NHS Corby CCG,E39000030,E40000002,27911,February
03W,E38000051,NHS East Leicestershire and Rutland CCG,E39000030,E40000002,160569,February
03X,E38000058,NHS Erewash CCG,E39000032,E40000002,44564,February
03Y,E38000071,NHS Hardwick CCG,E39000032,E40000002,55443,February
04C,E38000097,NHS Leicester City CCG,E39000030,E40000002,169216,February
04D,E38000100,NHS Lincolnshire West CCG,E39000030,E40000002,87082,February
04E,E38000103,NHS Mansfield and Ashfield CCG,E39000032,E40000002,91645,February
04F,E38000107,NHS Milton Keynes CCG,E39000030,E40000002,124283,February
04G,E38000108,NHS Nene CCG,E39000030,E40000002,291037,February
04H,E38000109,NHS Newark and Sherwood CCG,E39000032,E40000002,61386,February
04J,E38000115,NHS North Derbyshire CCG,E39000032,E40000002,144549,February
04K,E38000132,NHS Nottingham City CCG,E39000032,E40000002,156413,February
04L,E38000133,NHS Nottingham North and East CCG,E39000032,E40000002,64986,February
04M,E38000134,NHS Nottingham West CCG,E39000032,E40000002,42559,February
04N,E38000142,NHS Rushcliffe CCG,E39000032,E40000002,62159,February
04Q,E38000165,NHS South West Lincolnshire CCG,E39000030,E40000002,63326,February
04R,E38000169,NHS Southern Derbyshire CCG,E39000032,E40000002,240905,February
04V,E38000201,NHS West Leicestershire CCG,E39000030,E40000002,186354,February
04Y,E38000028,NHS Cannock Chase CCG,E39000032,E40000002,51527,February
05A,E38000038,NHS Coventry and Rugby CCG,E39000033,E40000002,167475,February
05C,E38000046,NHS Dudley CCG,E39000033,E40000002,123636,February
05D,E38000053,NHS East Staffordshire CCG,E39000032,E40000002,42947,February
05F,E38000078,NHS Herefordshire CCG,E39000033,E40000002,89614,February
05G,E38000126,NHS North Staffordshire CCG,E39000032,E40000002,83838,February
05H,E38000195,NHS Warwickshire North CCG,E39000033,E40000002,25806,February
05J,E38000139,NHS Redditch and Bromsgrove CCG,E39000033,E40000002,78688,February
05L,E38000144,NHS Sandwell and West Birmingham CCG,E39000033,E40000002,249555,February
05N,E38000147,NHS Shropshire CCG,E39000032,E40000002,132780,February
05Q,E38000153,NHS South East Staffordshire and Seisdon Peninsula CCG,E39000032,E40000002,88797,February
05R,E38000164,NHS South Warwickshire CCG,E39000033,E40000002,119291,February
05T,E38000166,NHS South Worcestershire CCG,E39000033,E40000002,128409,February
05V,E38000173,NHS Stafford and Surrounds CCG,E39000032,E40000002,65615,February
05W,E38000175,NHS Stoke on Trent CCG,E39000032,E40000002,100182,February
05X,E38000183,NHS Telford and Wrekin CCG,E39000032,E40000002,77774,February
05Y,E38000191,NHS Walsall CCG,E39000033,E40000002,109200,February
06A,E38000210,NHS Wolverhampton CCG,E39000033,E40000002,96910,February
06D,E38000211,NHS Wyre Forest CCG,E39000033,E40000002,72929,February
06F,E38000010,NHS Bedfordshire CCG,E39000030,E40000002,209529,February
06H,E38000026,NHS Cambridgeshire and Peterborough CCG,E39000031,E40000002,453167,February
06K,E38000049,NHS East and North Hertfordshire CCG,E39000030,E40000002,212979,February
06L,E38000086,NHS Ipswich and East Suffolk CCG,E39000031,E40000002,183812,February
06M,E38000063,NHS Great Yarmouth and Waveney CCG,E39000031,E40000002,102308,February
06N,E38000079,NHS Herts Valleys CCG,E39000030,E40000002,207745,February
06P,E38000102,NHS Luton CCG,E39000030,E40000002,88032,February
06Q,E38000106,NHS Mid Essex CCG,E39000031,E40000002,159475,February
06T,E38000117,NHS North East Essex CCG,E39000031,E40000002,142059,February
06V,E38000124,NHS North Norfolk CCG,E39000031,E40000002,86458,February
06W,E38000218,NHS Norwich CCG,E39000031,E40000002,105893,February
06Y,E38000219,NHS South Norfolk CCG,E39000031,E40000002,106500,February
07G,E38000185,NHS Thurrock CCG,E39000031,E40000002,61262,February
07H,E38000197,NHS West Essex CCG,E39000031,E40000002,109911,February
07J,E38000203,NHS West Norfolk CCG,E39000031,E40000002,98591,February
07K,E38000204,NHS West Suffolk CCG,E39000031,E40000002,113266,February
07L,E38000004,NHS Barking and Dagenham CCG,E39000018,E40000003,47249,February
07M,E38000005,NHS Barnet CCG,E39000018,E40000003,102783,February
07N,E38000011,NHS Bexley CCG,E39000018,E40000003,11714,February
07P,E38000020,NHS Brent CCG,E39000018,E40000003,128756,February
07Q,E38000023,NHS Bromley CCG,E39000018,E40000003,92369,February
07R,E38000027,NHS Camden CCG,E39000018,E40000003,80809,February
07T,E38000035,NHS City and Hackney CCG,E39000018,E40000003,117542,February
07V,E38000040,NHS Croydon CCG,E39000018,E40000003,117214,February
07W,E38000048,NHS Ealing CCG,E39000018,E40000003,162494,February
07X,E38000057,NHS Enfield CCG,E39000018,E40000003,82737,February
07Y,E38000084,NHS Hounslow CCG,E39000018,E40000003,116494,February
08A,E38000066,NHS Greenwich CCG,E39000018,E40000003,28783,February
08C,E38000070,NHS Hammersmith and Fulham CCG,E39000018,E40000003,84120,February
08D,E38000072,NHS Haringey CCG,E39000018,E40000003,83361,February
08E,E38000074,NHS Harrow CCG,E39000018,E40000003,75645,February
08F,E38000077,NHS Havering CCG,E39000018,E40000003,46309,February
08G,E38000082,NHS Hillingdon CCG,E39000018,E40000003,93362,February
08H,E38000088,NHS Islington CCG,E39000018,E40000003,76202,February
08J,E38000090,NHS Kingston CCG,E39000018,E40000003,54309,February
08K,E38000092,NHS Lambeth CCG,E39000018,E40000003,128293,February
08L,E38000098,NHS Lewisham CCG,E39000018,E40000003,106347,February
08M,E38000113,NHS Newham CCG,E39000018,E40000003,117630,February
08N,E38000138,NHS Redbridge CCG,E39000018,E40000003,98891,February
08P,E38000140,NHS Richmond CCG,E39000018,E40000003,9559,February
08Q,E38000171,NHS Southwark CCG,E39000018,E40000003,104798,February
08R,E38000105,NHS Merton CCG,E39000018,E40000003,70702,February
08T,E38000179,NHS Sutton CCG,E39000018,E40000003,58669,February
08V,E38000186,NHS Tower Hamlets CCG,E39000018,E40000003,128777,February
08W,E38000192,NHS Waltham Forest CCG,E39000018,E40000003,88752,February
08X,E38000193,NHS Wandsworth CCG,E39000018,E40000003,136637,February
08Y,E38000202,NHS West London CCG,E39000018,E40000003,88209,February
09A,E38000031,NHS Central London (Westminster) CCG,E39000018,E40000003,73765,February
09C,E38000002,NHS Ashford CCG,E39000042,E40000005,66737,February
09D,E38000021,NHS Brighton and Hove CCG,E39000042,E40000005,111188,February
09E,E38000029,NHS Canterbury and Coastal CCG,E39000042,E40000005,96160,February
09F,E38000055,"NHS Eastbourne, Hailsham and Seaford CCG",E39000042,E40000005,94016,February
09G,E38000213,NHS Coastal West Sussex CCG,E39000042,E40000005,236041,February
09H,E38000039,NHS Crawley CCG,E39000042,E40000005,55836,February
09L,E38000054,NHS East Surrey CCG,E39000042,E40000005,74411,February
09N,E38000214,NHS Guildford and Waverley CCG,E39000042,E40000005,81968,February
09P,E38000076,NHS Hastings and Rother CCG,E39000042,E40000005,84644,February
09W,E38000104,NHS Medway CCG,E39000042,E40000005,73118,February
09X,E38000083,NHS Horsham and Mid Sussex CCG,E39000042,E40000005,85597,February
09Y,E38000128,NHS North West Surrey CCG,E39000042,E40000005,122281,February
10A,E38000156,NHS South Kent Coast CCG,E39000042,E40000005,39630,February
10C,E38000178,NHS Surrey Heath CCG,E39000041,E40000005,45013,February
10D,E38000180,NHS Swale CCG,E39000042,E40000005,39381,February
10E,E38000184,NHS Thanet CCG,E39000042,E40000005,53953,February
10J,E38000120,NHS North Hampshire CCG,E39000041,E40000005,85644,February
10K,E38000059,NHS Fareham and Gosport CCG,E39000041,E40000005,77522,February
10L,E38000087,NHS Isle of Wight CCG,E39000041,E40000005,69597,February
10Q,E38000136,NHS Oxfordshire CCG,E39000041,E40000005,280843,February
10R,E38000137,NHS Portsmouth CCG,E39000041,E40000005,83265,February
10V,E38000154,NHS South Eastern Hampshire CCG,E39000041,E40000005,81970,February
10X,E38000167,NHS Southampton CCG,E39000041,E40000005,109177,February
11A,E38000198,NHS West Hampshire CCG,E39000041,E40000005,195753,February
11E,E38000009,NHS Bath and North East Somerset CCG,E39000043,E40000006,91773,February
11J,E38000045,NHS Dorset CCG,E39000044,E40000006,357490,February
11M,E38000062,NHS Gloucestershire CCG,E39000043,E40000006,243872,February
11N,E38000089,NHS Kernow CCG,E39000044,E40000006,122692,February
11X,E38000150,NHS Somerset CCG,E39000044,E40000006,206096,February
12D,E38000181,NHS Swindon CCG,E39000043,E40000006,99295,February
12F,E38000208,NHS Wirral CCG,E39000026,E40000001,132966,February
13T,E38000212,NHS Newcastle Gateshead CCG,E39000039,E40000001,204875,February
14L,E38000217,NHS Manchester CCG,E39000037,E40000001,212020,February
14Y,E38000223,NHS Buckinghamshire CCG,E39000041,E40000005,165992,February
15A,E38000221,NHS Berkshire West,E39000041,E40000005,146119,February
15C,E38000222,"NHS Bristol, North Somerset and South Gloucestershire CCG",E39000043,E40000006,438538,February
15D,E38000224,NHS East Berkshire CCG,E39000041,E40000005,141755,February
15E,E38000220,NHS Birmingham and Solihull CCG,E39000033,E40000002,516526,February
15F,E38000225,NHS Leeds CCG,E39000029,E40000001,392025,February
99A,E38000101,NHS Liverpool CCG,E39000026,E40000001,205485,February
99C,E38000127,NHS North Tyneside CCG,E39000039,E40000001,87934,February
99D,E38000157,NHS South Lincolnshire CCG,E39000030,E40000002,73186,February
99E,E38000007,NHS Basildon and Brentwood CCG,E39000031,E40000002,99127,February
99F,E38000030,NHS Castle Point and Rochford CCG,E39000031,E40000002,64932,February
99G,E38000168,NHS Southend CCG,E39000031,E40000002,63430,February
99H,E38000177,NHS Surrey Downs CCG,E39000042,E40000005,115926,February
99J,E38000199,NHS West Kent CCG,E39000042,E40000005,97830,February
99K,E38000081,NHS High Weald Lewes Havens CCG,E39000042,E40000005,71981,February
99M,E38000118,NHS North East Hampshire and Farnham CCG,E39000041,E40000005,75789,February
99N,E38000206,NHS Wiltshire CCG,E39000043,E40000006,245921,February
99P,E38000129,"NHS Northern, Eastern and Western Devon CCG",E39000044,E40000006,446008,February
99Q,E38000152,NHS South Devon and Torbay CCG,E39000044,E40000006,158158,February
