CCG_CODE,CCG_ONS_CODE,CCG_NAME,SUBREGION_ONS_CODE,REGION_ONS_CODE,Total,Month
00C,E38000042,NHS Darlington CCG,E39000039,E40000001,48467,May
00D,E38000047,"NHS Durham Dales, Easington and Sedgefield CCG",E39000039,E40000001,170634,May
00J,E38000116,NHS North Durham CCG,E39000039,E40000001,136782,May
00K,E38000075,NHS Hartlepool and Stockton-on-Tees CCG,E39000039,E40000001,123636,May
00L,E38000130,NHS Northumberland CCG,E39000039,E40000001,164324,May
00M,E38000162,NHS South Tees CCG,E39000039,E40000001,147774,May
00N,E38000163,NHS South Tyneside CCG,E39000039,E40000001,63477,May
00P,E38000176,NHS Sunderland CCG,E39000039,E40000001,121879,May
00Q,E38000014,NHS Blackburn with Darwen CCG,E39000040,E40000001,63038,May
00R,E38000015,NHS Blackpool CCG,E39000040,E40000001,59968,May
00T,E38000016,NHS Bolton CCG,E39000037,E40000001,79288,May
00X,E38000034,NHS Chorley and South Ribble CCG,E39000040,E40000001,62047,May
00Y,E38000135,NHS Oldham CCG,E39000037,E40000001,90972,May
01A,E38000050,NHS East Lancashire CCG,E39000040,E40000001,131927,May
01C,E38000056,NHS Eastern Cheshire CCG,E39000026,E40000001,81825,May
01D,E38000080,"NHS Heywood, Middleton and Rochdale CCG",E39000037,E40000001,95823,May
01E,E38000227,NHS Greater Preston CCG,E39000040,E40000001,64934,May
01F,E38000068,NHS Halton CCG,E39000026,E40000001,58041,May
01G,E38000143,NHS Salford CCG,E39000037,E40000001,37404,May
01H,E38000215,NHS North Cumbria CCG,E39000039,E40000001,166045,May
01J,E38000091,NHS Knowsley CCG,E39000026,E40000001,71224,May
01K,E38000228,NHS Morecambe Bay CCG,E39000040,E40000001,151323,May
01R,E38000151,NHS South Cheshire CCG,E39000026,E40000001,77006,May
01T,E38000161,NHS South Sefton CCG,E39000026,E40000001,51830,May
01V,E38000170,NHS Southport and Formby CCG,E39000026,E40000001,50042,May
01W,E38000174,NHS Stockport CCG,E39000037,E40000001,109700,May
01X,E38000172,NHS St Helens CCG,E39000026,E40000001,69426,May
01Y,E38000182,NHS Tameside and Glossop CCG,E39000037,E40000001,107294,May
02A,E38000187,NHS Trafford CCG,E39000037,E40000001,69855,May
02D,E38000189,NHS Vale Royal CCG,E39000026,E40000001,40786,May
02E,E38000194,NHS Warrington CCG,E39000026,E40000001,81193,May
02F,E38000196,NHS West Cheshire CCG,E39000026,E40000001,108740,May
02G,E38000200,NHS West Lancashire CCG,E39000040,E40000001,44772,May
02H,E38000205,NHS Wigan Borough CCG,E39000037,E40000001,102567,May
02M,E38000226,NHS Fylde and Wyre CCG,E39000040,E40000001,84032,May
02N,E38000001,"NHS Airedale, Wharfedale and Craven CCG",E39000029,E40000001,89170,May
02P,E38000006,NHS Barnsley CCG,E39000029,E40000001,120235,May
02Q,E38000008,NHS Bassetlaw CCG,E39000029,E40000001,55226,May
02R,E38000019,NHS Bradford Districts CCG,E39000029,E40000001,177063,May
02T,E38000025,NHS Calderdale CCG,E39000029,E40000001,102902,May
02W,E38000018,NHS Bradford City CCG,E39000029,E40000001,69511,May
02X,E38000044,NHS Doncaster CCG,E39000029,E40000001,156125,May
02Y,E38000052,NHS East Riding of Yorkshire CCG,E39000029,E40000001,122054,May
03A,E38000064,NHS Greater Huddersfield CCG,E39000029,E40000001,103557,May
03D,E38000069,"NHS Hambleton, Richmondshire and Whitby CCG",E39000029,E40000001,69968,May
03E,E38000073,NHS Harrogate and Rural District CCG,E39000029,E40000001,74696,May
03F,E38000085,NHS Hull CCG,E39000029,E40000001,116502,May
03H,E38000119,NHS North East Lincolnshire CCG,E39000029,E40000001,92856,May
03J,E38000121,NHS North Kirklees CCG,E39000029,E40000001,90278,May
03K,E38000122,NHS North Lincolnshire CCG,E39000029,E40000001,86724,May
03L,E38000141,NHS Rotherham CCG,E39000029,E40000001,128973,May
03M,E38000145,NHS Scarborough and Ryedale CCG,E39000029,E40000001,63803,May
03N,E38000146,NHS Sheffield CCG,E39000029,E40000001,288309,May
03Q,E38000188,NHS Vale of York CCG,E39000029,E40000001,143743,May
03R,E38000190,NHS Wakefield CCG,E39000029,E40000001,194336,May
03T,E38000099,NHS Lincolnshire East CCG,E39000030,E40000002,122386,May
03V,E38000037,NHS Corby CCG,E39000030,E40000002,27689,May
03W,E38000051,NHS East Leicestershire and Rutland CCG,E39000030,E40000002,165289,May
03X,E38000058,NHS Erewash CCG,E39000032,E40000002,45983,May
03Y,E38000071,NHS Hardwick CCG,E39000032,E40000002,59568,May
04C,E38000097,NHS Leicester City CCG,E39000030,E40000002,174234,May
04D,E38000100,NHS Lincolnshire West CCG,E39000030,E40000002,89311,May
04E,E38000103,NHS Mansfield and Ashfield CCG,E39000032,E40000002,94546,May
04F,E38000107,NHS Milton Keynes CCG,E39000030,E40000002,126977,May
04G,E38000108,NHS Nene CCG,E39000030,E40000002,302025,May
04H,E38000109,NHS Newark and Sherwood CCG,E39000032,E40000002,63630,May
04J,E38000115,NHS North Derbyshire CCG,E39000032,E40000002,149818,May
04K,E38000132,NHS Nottingham City CCG,E39000032,E40000002,155407,May
04L,E38000133,NHS Nottingham North and East CCG,E39000032,E40000002,64067,May
04M,E38000134,NHS Nottingham West CCG,E39000032,E40000002,46661,May
04N,E38000142,NHS Rushcliffe CCG,E39000032,E40000002,63923,May
04Q,E38000165,NHS South West Lincolnshire CCG,E39000030,E40000002,62932,May
04R,E38000169,NHS Southern Derbyshire CCG,E39000032,E40000002,241958,May
04V,E38000201,NHS West Leicestershire CCG,E39000030,E40000002,190439,May
04Y,E38000028,NHS Cannock Chase CCG,E39000032,E40000002,53093,May
05A,E38000038,NHS Coventry and Rugby CCG,E39000033,E40000002,169797,May
05C,E38000046,NHS Dudley CCG,E39000033,E40000002,125595,May
05D,E38000053,NHS East Staffordshire CCG,E39000032,E40000002,43357,May
05F,E38000078,NHS Herefordshire CCG,E39000033,E40000002,87335,May
05G,E38000126,NHS North Staffordshire CCG,E39000032,E40000002,83521,May
05H,E38000195,NHS Warwickshire North CCG,E39000033,E40000002,26467,May
05J,E38000139,NHS Redditch and Bromsgrove CCG,E39000033,E40000002,81121,May
05L,E38000144,NHS Sandwell and West Birmingham CCG,E39000033,E40000002,253199,May
05N,E38000147,NHS Shropshire CCG,E39000032,E40000002,135851,May
05Q,E38000153,NHS South East Staffordshire and Seisdon Peninsula CCG,E39000032,E40000002,89358,May
05R,E38000164,NHS South Warwickshire CCG,E39000033,E40000002,123826,May
05T,E38000166,NHS South Worcestershire CCG,E39000033,E40000002,133643,May
05V,E38000173,NHS Stafford and Surrounds CCG,E39000032,E40000002,68627,May
05W,E38000175,NHS Stoke on Trent CCG,E39000032,E40000002,100065,May
05X,E38000183,NHS Telford and Wrekin CCG,E39000032,E40000002,77344,May
05Y,E38000191,NHS Walsall CCG,E39000033,E40000002,122304,May
06A,E38000210,NHS Wolverhampton CCG,E39000033,E40000002,100580,May
06D,E38000211,NHS Wyre Forest CCG,E39000033,E40000002,72748,May
06F,E38000010,NHS Bedfordshire CCG,E39000030,E40000002,211807,May
06H,E38000026,NHS Cambridgeshire and Peterborough CCG,E39000031,E40000002,461832,May
06K,E38000049,NHS East and North Hertfordshire CCG,E39000030,E40000002,212359,May
06L,E38000086,NHS Ipswich and East Suffolk CCG,E39000031,E40000002,193583,May
06M,E38000063,NHS Great Yarmouth and Waveney CCG,E39000031,E40000002,116931,May
06N,E38000079,NHS Herts Valleys CCG,E39000030,E40000002,209185,May
06P,E38000102,NHS Luton CCG,E39000030,E40000002,90678,May
06Q,E38000106,NHS Mid Essex CCG,E39000031,E40000002,164509,May
06T,E38000117,NHS North East Essex CCG,E39000031,E40000002,156839,May
06V,E38000124,NHS North Norfolk CCG,E39000031,E40000002,92106,May
06W,E38000218,NHS Norwich CCG,E39000031,E40000002,113234,May
06Y,E38000219,NHS South Norfolk CCG,E39000031,E40000002,109388,May
07G,E38000185,NHS Thurrock CCG,E39000031,E40000002,66515,May
07H,E38000197,NHS West Essex CCG,E39000031,E40000002,113321,May
07J,E38000203,NHS West Norfolk CCG,E39000031,E40000002,100237,May
07K,E38000204,NHS West Suffolk CCG,E39000031,E40000002,114594,May
07L,E38000004,NHS Barking and Dagenham CCG,E39000018,E40000003,50619,May
07M,E38000005,NHS Barnet CCG,E39000018,E40000003,106150,May
07N,E38000011,NHS Bexley CCG,E39000018,E40000003,14480,May
07P,E38000020,NHS Brent CCG,E39000018,E40000003,136884,May
07Q,E38000023,NHS Bromley CCG,E39000018,E40000003,95418,May
07R,E38000027,NHS Camden CCG,E39000018,E40000003,85095,May
07T,E38000035,NHS City and Hackney CCG,E39000018,E40000003,122418,May
07V,E38000040,NHS Croydon CCG,E39000018,E40000003,126771,May
07W,E38000048,NHS Ealing CCG,E39000018,E40000003,170279,May
07X,E38000057,NHS Enfield CCG,E39000018,E40000003,85490,May
07Y,E38000084,NHS Hounslow CCG,E39000018,E40000003,121185,May
08A,E38000066,NHS Greenwich CCG,E39000018,E40000003,29528,May
08C,E38000070,NHS Hammersmith and Fulham CCG,E39000018,E40000003,80589,May
08D,E38000072,NHS Haringey CCG,E39000018,E40000003,89603,May
08E,E38000074,NHS Harrow CCG,E39000018,E40000003,89320,May
08F,E38000077,NHS Havering CCG,E39000018,E40000003,53694,May
08G,E38000082,NHS Hillingdon CCG,E39000018,E40000003,95770,May
08H,E38000088,NHS Islington CCG,E39000018,E40000003,80721,May
08J,E38000090,NHS Kingston CCG,E39000018,E40000003,56115,May
08K,E38000092,NHS Lambeth CCG,E39000018,E40000003,135430,May
08L,E38000098,NHS Lewisham CCG,E39000018,E40000003,114087,May
08M,E38000113,NHS Newham CCG,E39000018,E40000003,129918,May
08N,E38000138,NHS Redbridge CCG,E39000018,E40000003,99223,May
08P,E38000140,NHS Richmond CCG,E39000018,E40000003,10133,May
08Q,E38000171,NHS Southwark CCG,E39000018,E40000003,111867,May
08R,E38000105,NHS Merton CCG,E39000018,E40000003,72389,May
08T,E38000179,NHS Sutton CCG,E39000018,E40000003,58069,May
08V,E38000186,NHS Tower Hamlets CCG,E39000018,E40000003,141065,May
08W,E38000192,NHS Waltham Forest CCG,E39000018,E40000003,97276,May
08X,E38000193,NHS Wandsworth CCG,E39000018,E40000003,143491,May
08Y,E38000202,NHS West London CCG,E39000018,E40000003,91949,May
09A,E38000031,NHS Central London (Westminster) CCG,E39000018,E40000003,75805,May
09C,E38000002,NHS Ashford CCG,E39000042,E40000005,74060,May
09D,E38000021,NHS Brighton and Hove CCG,E39000042,E40000005,112333,May
09E,E38000029,NHS Canterbury and Coastal CCG,E39000042,E40000005,107107,May
09F,E38000055,"NHS Eastbourne, Hailsham and Seaford CCG",E39000042,E40000005,95824,May
09G,E38000213,NHS Coastal West Sussex CCG,E39000042,E40000005,243879,May
09H,E38000039,NHS Crawley CCG,E39000042,E40000005,56669,May
09L,E38000054,NHS East Surrey CCG,E39000042,E40000005,77360,May
09N,E38000214,NHS Guildford and Waverley CCG,E39000042,E40000005,83480,May
09P,E38000076,NHS Hastings and Rother CCG,E39000042,E40000005,89469,May
09W,E38000104,NHS Medway CCG,E39000042,E40000005,78829,May
09X,E38000083,NHS Horsham and Mid Sussex CCG,E39000042,E40000005,88320,May
09Y,E38000128,NHS North West Surrey CCG,E39000042,E40000005,128364,May
10A,E38000156,NHS South Kent Coast CCG,E39000042,E40000005,40862,May
10C,E38000178,NHS Surrey Heath CCG,E39000041,E40000005,45878,May
10D,E38000180,NHS Swale CCG,E39000042,E40000005,43023,May
10E,E38000184,NHS Thanet CCG,E39000042,E40000005,59534,May
10J,E38000120,NHS North Hampshire CCG,E39000041,E40000005,87507,May
10K,E38000059,NHS Fareham and Gosport CCG,E39000041,E40000005,80790,May
10L,E38000087,NHS Isle of Wight CCG,E39000041,E40000005,73196,May
10Q,E38000136,NHS Oxfordshire CCG,E39000041,E40000005,304206,May
10R,E38000137,NHS Portsmouth CCG,E39000041,E40000005,86855,May
10V,E38000154,NHS South Eastern Hampshire CCG,E39000041,E40000005,83413,May
10X,E38000167,NHS Southampton CCG,E39000041,E40000005,111671,May
11A,E38000198,NHS West Hampshire CCG,E39000041,E40000005,204107,May
11E,E38000009,NHS Bath and North East Somerset CCG,E39000043,E40000006,93596,May
11J,E38000045,NHS Dorset CCG,E39000044,E40000006,365352,May
11M,E38000062,NHS Gloucestershire CCG,E39000043,E40000006,249451,May
11N,E38000089,NHS Kernow CCG,E39000044,E40000006,141904,May
11X,E38000150,NHS Somerset CCG,E39000044,E40000006,214792,May
12D,E38000181,NHS Swindon CCG,E39000043,E40000006,102301,May
12F,E38000208,NHS Wirral CCG,E39000026,E40000001,137731,May
13T,E38000212,NHS Newcastle Gateshead CCG,E39000039,E40000001,213484,May
14L,E38000217,NHS Manchester CCG,E39000037,E40000001,216114,May
14Y,E38000223,NHS Buckinghamshire CCG,E39000041,E40000005,184440,May
15A,E38000221,NHS Berkshire West,E39000041,E40000005,155046,May
15C,E38000222,"NHS Bristol, North Somerset and South Gloucestershire CCG",E39000043,E40000006,456992,May
15D,E38000224,NHS East Berkshire CCG,E39000041,E40000005,159076,May
15E,E38000220,NHS Birmingham and Solihull CCG,E39000033,E40000002,530347,May
15F,E38000225,NHS Leeds CCG,E39000029,E40000001,404393,May
99A,E38000101,NHS Liverpool CCG,E39000026,E40000001,212762,May
99C,E38000127,NHS North Tyneside CCG,E39000039,E40000001,91687,May
99D,E38000157,NHS South Lincolnshire CCG,E39000030,E40000002,75893,May
99E,E38000007,NHS Basildon and Brentwood CCG,E39000031,E40000002,101707,May
99F,E38000030,NHS Castle Point and Rochford CCG,E39000031,E40000002,67968,May
99G,E38000168,NHS Southend CCG,E39000031,E40000002,65446,May
99H,E38000177,NHS Surrey Downs CCG,E39000042,E40000005,118020,May
99J,E38000199,NHS West Kent CCG,E39000042,E40000005,107928,May
99K,E38000081,NHS High Weald Lewes Havens CCG,E39000042,E40000005,74417,May
99M,E38000118,NHS North East Hampshire and Farnham CCG,E39000041,E40000005,82344,May
99N,E38000206,NHS Wiltshire CCG,E39000043,E40000006,251727,May
99P,E38000129,"NHS Northern, Eastern and Western Devon CCG",E39000044,E40000006,459773,May
99Q,E38000152,NHS South Devon and Torbay CCG,E39000044,E40000006,160428,May
