CCG_CODE,CCG_ONS_CODE,CCG_NAME,SUBREGION_ONS_CODE,REGION_ONS_CODE,Total,Month
00C,E38000042,NHS Darlington CCG,E39000039,E40000001,49840,March
00D,E38000047,"NHS Durham Dales, Easington and Sedgefield CCG",E39000039,E40000001,174051,March
00J,E38000116,NHS North Durham CCG,E39000039,E40000001,135130,March
00K,E38000075,NHS Hartlepool and Stockton-on-Tees CCG,E39000039,E40000001,126676,March
00L,E38000130,NHS Northumberland CCG,E39000039,E40000001,166305,March
00M,E38000162,NHS South Tees CCG,E39000039,E40000001,147947,March
00N,E38000163,NHS South Tyneside CCG,E39000039,E40000001,64937,March
00P,E38000176,NHS Sunderland CCG,E39000039,E40000001,113977,March
00Q,E38000014,NHS Blackburn with Darwen CCG,E39000040,E40000001,60348,March
00R,E38000015,NHS Blackpool CCG,E39000040,E40000001,60799,March
00T,E38000016,NHS Bolton CCG,E39000037,E40000001,81715,March
00X,E38000034,NHS Chorley and South Ribble CCG,E39000040,E40000001,62978,March
00Y,E38000135,NHS Oldham CCG,E39000037,E40000001,90988,March
01A,E38000050,NHS East Lancashire CCG,E39000040,E40000001,131383,March
01C,E38000056,NHS Eastern Cheshire CCG,E39000026,E40000001,85121,March
01D,E38000080,"NHS Heywood, Middleton and Rochdale CCG",E39000037,E40000001,96508,March
01E,E38000227,NHS Greater Preston CCG,E39000040,E40000001,62734,March
01F,E38000068,NHS Halton CCG,E39000026,E40000001,61028,March
01G,E38000143,NHS Salford CCG,E39000037,E40000001,36058,March
01H,E38000215,NHS North Cumbria CCG,E39000039,E40000001,158004,March
01J,E38000091,NHS Knowsley CCG,E39000026,E40000001,71456,March
01K,E38000228,NHS Morecambe Bay CCG,E39000040,E40000001,155327,March
01R,E38000151,NHS South Cheshire CCG,E39000026,E40000001,79809,March
01T,E38000161,NHS South Sefton CCG,E39000026,E40000001,52867,March
01V,E38000170,NHS Southport and Formby CCG,E39000026,E40000001,50423,March
01W,E38000174,NHS Stockport CCG,E39000037,E40000001,107232,March
01X,E38000172,NHS St Helens CCG,E39000026,E40000001,71464,March
01Y,E38000182,NHS Tameside and Glossop CCG,E39000037,E40000001,108705,March
02A,E38000187,NHS Trafford CCG,E39000037,E40000001,71409,March
02D,E38000189,NHS Vale Royal CCG,E39000026,E40000001,43390,March
02E,E38000194,NHS Warrington CCG,E39000026,E40000001,85862,March
02F,E38000196,NHS West Cheshire CCG,E39000026,E40000001,110075,March
02G,E38000200,NHS West Lancashire CCG,E39000040,E40000001,42323,March
02H,E38000205,NHS Wigan Borough CCG,E39000037,E40000001,109182,March
02M,E38000226,NHS Fylde and Wyre CCG,E39000040,E40000001,85064,March
02N,E38000001,"NHS Airedale, Wharfedale and Craven CCG",E39000029,E40000001,90133,March
02P,E38000006,NHS Barnsley CCG,E39000029,E40000001,121111,March
02Q,E38000008,NHS Bassetlaw CCG,E39000029,E40000001,58260,March
02R,E38000019,NHS Bradford Districts CCG,E39000029,E40000001,174894,March
02T,E38000025,NHS Calderdale CCG,E39000029,E40000001,105385,March
02W,E38000018,NHS Bradford City CCG,E39000029,E40000001,69220,March
02X,E38000044,NHS Doncaster CCG,E39000029,E40000001,156676,March
02Y,E38000052,NHS East Riding of Yorkshire CCG,E39000029,E40000001,124814,March
03A,E38000064,NHS Greater Huddersfield CCG,E39000029,E40000001,96284,March
03D,E38000069,"NHS Hambleton, Richmondshire and Whitby CCG",E39000029,E40000001,68965,March
03E,E38000073,NHS Harrogate and Rural District CCG,E39000029,E40000001,77100,March
03F,E38000085,NHS Hull CCG,E39000029,E40000001,122614,March
03H,E38000119,NHS North East Lincolnshire CCG,E39000029,E40000001,94774,March
03J,E38000121,NHS North Kirklees CCG,E39000029,E40000001,90362,March
03K,E38000122,NHS North Lincolnshire CCG,E39000029,E40000001,88557,March
03L,E38000141,NHS Rotherham CCG,E39000029,E40000001,132706,March
03M,E38000145,NHS Scarborough and Ryedale CCG,E39000029,E40000001,61464,March
03N,E38000146,NHS Sheffield CCG,E39000029,E40000001,289543,March
03Q,E38000188,NHS Vale of York CCG,E39000029,E40000001,148576,March
03R,E38000190,NHS Wakefield CCG,E39000029,E40000001,192037,March
03T,E38000099,NHS Lincolnshire East CCG,E39000030,E40000002,125882,March
03V,E38000037,NHS Corby CCG,E39000030,E40000002,28869,March
03W,E38000051,NHS East Leicestershire and Rutland CCG,E39000030,E40000002,168914,March
03X,E38000058,NHS Erewash CCG,E39000032,E40000002,45599,March
03Y,E38000071,NHS Hardwick CCG,E39000032,E40000002,59397,March
04C,E38000097,NHS Leicester City CCG,E39000030,E40000002,173756,March
04D,E38000100,NHS Lincolnshire West CCG,E39000030,E40000002,90436,March
04E,E38000103,NHS Mansfield and Ashfield CCG,E39000032,E40000002,96670,March
04F,E38000107,NHS Milton Keynes CCG,E39000030,E40000002,126968,March
04G,E38000108,NHS Nene CCG,E39000030,E40000002,305221,March
04H,E38000109,NHS Newark and Sherwood CCG,E39000032,E40000002,65274,March
04J,E38000115,NHS North Derbyshire CCG,E39000032,E40000002,149951,March
04K,E38000132,NHS Nottingham City CCG,E39000032,E40000002,159921,March
04L,E38000133,NHS Nottingham North and East CCG,E39000032,E40000002,69028,March
04M,E38000134,NHS Nottingham West CCG,E39000032,E40000002,42897,March
04N,E38000142,NHS Rushcliffe CCG,E39000032,E40000002,65938,March
04Q,E38000165,NHS South West Lincolnshire CCG,E39000030,E40000002,65372,March
04R,E38000169,NHS Southern Derbyshire CCG,E39000032,E40000002,247231,March
04V,E38000201,NHS West Leicestershire CCG,E39000030,E40000002,194401,March
04Y,E38000028,NHS Cannock Chase CCG,E39000032,E40000002,55940,March
05A,E38000038,NHS Coventry and Rugby CCG,E39000033,E40000002,170449,March
05C,E38000046,NHS Dudley CCG,E39000033,E40000002,126714,March
05D,E38000053,NHS East Staffordshire CCG,E39000032,E40000002,44982,March
05F,E38000078,NHS Herefordshire CCG,E39000033,E40000002,90743,March
05G,E38000126,NHS North Staffordshire CCG,E39000032,E40000002,86804,March
05H,E38000195,NHS Warwickshire North CCG,E39000033,E40000002,26693,March
05J,E38000139,NHS Redditch and Bromsgrove CCG,E39000033,E40000002,82560,March
05L,E38000144,NHS Sandwell and West Birmingham CCG,E39000033,E40000002,259538,March
05N,E38000147,NHS Shropshire CCG,E39000032,E40000002,139957,March
05Q,E38000153,NHS South East Staffordshire and Seisdon Peninsula CCG,E39000032,E40000002,93760,March
05R,E38000164,NHS South Warwickshire CCG,E39000033,E40000002,123541,March
05T,E38000166,NHS South Worcestershire CCG,E39000033,E40000002,131099,March
05V,E38000173,NHS Stafford and Surrounds CCG,E39000032,E40000002,68639,March
05W,E38000175,NHS Stoke on Trent CCG,E39000032,E40000002,104152,March
05X,E38000183,NHS Telford and Wrekin CCG,E39000032,E40000002,80241,March
05Y,E38000191,NHS Walsall CCG,E39000033,E40000002,114530,March
06A,E38000210,NHS Wolverhampton CCG,E39000033,E40000002,100493,March
06D,E38000211,NHS Wyre Forest CCG,E39000033,E40000002,76522,March
06F,E38000010,NHS Bedfordshire CCG,E39000030,E40000002,218747,March
06H,E38000026,NHS Cambridgeshire and Peterborough CCG,E39000031,E40000002,477608,March
06K,E38000049,NHS East and North Hertfordshire CCG,E39000030,E40000002,230020,March
06L,E38000086,NHS Ipswich and East Suffolk CCG,E39000031,E40000002,199744,March
06M,E38000063,NHS Great Yarmouth and Waveney CCG,E39000031,E40000002,109545,March
06N,E38000079,NHS Herts Valleys CCG,E39000030,E40000002,216470,March
06P,E38000102,NHS Luton CCG,E39000030,E40000002,89929,March
06Q,E38000106,NHS Mid Essex CCG,E39000031,E40000002,171898,March
06T,E38000117,NHS North East Essex CCG,E39000031,E40000002,156432,March
06V,E38000124,NHS North Norfolk CCG,E39000031,E40000002,92996,March
06W,E38000218,NHS Norwich CCG,E39000031,E40000002,112446,March
06Y,E38000219,NHS South Norfolk CCG,E39000031,E40000002,113376,March
07G,E38000185,NHS Thurrock CCG,E39000031,E40000002,63690,March
07H,E38000197,NHS West Essex CCG,E39000031,E40000002,119762,March
07J,E38000203,NHS West Norfolk CCG,E39000031,E40000002,104461,March
07K,E38000204,NHS West Suffolk CCG,E39000031,E40000002,118902,March
07L,E38000004,NHS Barking and Dagenham CCG,E39000018,E40000003,49567,March
07M,E38000005,NHS Barnet CCG,E39000018,E40000003,108799,March
07N,E38000011,NHS Bexley CCG,E39000018,E40000003,11737,March
07P,E38000020,NHS Brent CCG,E39000018,E40000003,137507,March
07Q,E38000023,NHS Bromley CCG,E39000018,E40000003,98243,March
07R,E38000027,NHS Camden CCG,E39000018,E40000003,85976,March
07T,E38000035,NHS City and Hackney CCG,E39000018,E40000003,123477,March
07V,E38000040,NHS Croydon CCG,E39000018,E40000003,121973,March
07W,E38000048,NHS Ealing CCG,E39000018,E40000003,171934,March
07X,E38000057,NHS Enfield CCG,E39000018,E40000003,86063,March
07Y,E38000084,NHS Hounslow CCG,E39000018,E40000003,123880,March
08A,E38000066,NHS Greenwich CCG,E39000018,E40000003,29169,March
08C,E38000070,NHS Hammersmith and Fulham CCG,E39000018,E40000003,91735,March
08D,E38000072,NHS Haringey CCG,E39000018,E40000003,88494,March
08E,E38000074,NHS Harrow CCG,E39000018,E40000003,81015,March
08F,E38000077,NHS Havering CCG,E39000018,E40000003,49669,March
08G,E38000082,NHS Hillingdon CCG,E39000018,E40000003,97894,March
08H,E38000088,NHS Islington CCG,E39000018,E40000003,78815,March
08J,E38000090,NHS Kingston CCG,E39000018,E40000003,58962,March
08K,E38000092,NHS Lambeth CCG,E39000018,E40000003,134597,March
08L,E38000098,NHS Lewisham CCG,E39000018,E40000003,112682,March
08M,E38000113,NHS Newham CCG,E39000018,E40000003,126766,March
08N,E38000138,NHS Redbridge CCG,E39000018,E40000003,100817,March
08P,E38000140,NHS Richmond CCG,E39000018,E40000003,10503,March
08Q,E38000171,NHS Southwark CCG,E39000018,E40000003,110646,March
08R,E38000105,NHS Merton CCG,E39000018,E40000003,73576,March
08T,E38000179,NHS Sutton CCG,E39000018,E40000003,61336,March
08V,E38000186,NHS Tower Hamlets CCG,E39000018,E40000003,136237,March
08W,E38000192,NHS Waltham Forest CCG,E39000018,E40000003,95620,March
08X,E38000193,NHS Wandsworth CCG,E39000018,E40000003,145143,March
08Y,E38000202,NHS West London CCG,E39000018,E40000003,94647,March
09A,E38000031,NHS Central London (Westminster) CCG,E39000018,E40000003,78366,March
09C,E38000002,NHS Ashford CCG,E39000042,E40000005,73103,March
09D,E38000021,NHS Brighton and Hove CCG,E39000042,E40000005,119427,March
09E,E38000029,NHS Canterbury and Coastal CCG,E39000042,E40000005,104809,March
09F,E38000055,"NHS Eastbourne, Hailsham and Seaford CCG",E39000042,E40000005,101148,March
09G,E38000213,NHS Coastal West Sussex CCG,E39000042,E40000005,253339,March
09H,E38000039,NHS Crawley CCG,E39000042,E40000005,57137,March
09L,E38000054,NHS East Surrey CCG,E39000042,E40000005,79545,March
09N,E38000214,NHS Guildford and Waverley CCG,E39000042,E40000005,86176,March
09P,E38000076,NHS Hastings and Rother CCG,E39000042,E40000005,92268,March
09W,E38000104,NHS Medway CCG,E39000042,E40000005,77639,March
09X,E38000083,NHS Horsham and Mid Sussex CCG,E39000042,E40000005,91741,March
09Y,E38000128,NHS North West Surrey CCG,E39000042,E40000005,133735,March
10A,E38000156,NHS South Kent Coast CCG,E39000042,E40000005,43056,March
10C,E38000178,NHS Surrey Heath CCG,E39000041,E40000005,46626,March
10D,E38000180,NHS Swale CCG,E39000042,E40000005,43618,March
10E,E38000184,NHS Thanet CCG,E39000042,E40000005,56364,March
10J,E38000120,NHS North Hampshire CCG,E39000041,E40000005,88771,March
10K,E38000059,NHS Fareham and Gosport CCG,E39000041,E40000005,80617,March
10L,E38000087,NHS Isle of Wight CCG,E39000041,E40000005,74324,March
10Q,E38000136,NHS Oxfordshire CCG,E39000041,E40000005,294465,March
10R,E38000137,NHS Portsmouth CCG,E39000041,E40000005,88985,March
10V,E38000154,NHS South Eastern Hampshire CCG,E39000041,E40000005,87531,March
10X,E38000167,NHS Southampton CCG,E39000041,E40000005,113161,March
11A,E38000198,NHS West Hampshire CCG,E39000041,E40000005,206039,March
11E,E38000009,NHS Bath and North East Somerset CCG,E39000043,E40000006,93496,March
11J,E38000045,NHS Dorset CCG,E39000044,E40000006,378054,March
11M,E38000062,NHS Gloucestershire CCG,E39000043,E40000006,254855,March
11N,E38000089,NHS Kernow CCG,E39000044,E40000006,134264,March
11X,E38000150,NHS Somerset CCG,E39000044,E40000006,209765,March
12D,E38000181,NHS Swindon CCG,E39000043,E40000006,101504,March
12F,E38000208,NHS Wirral CCG,E39000026,E40000001,143422,March
13T,E38000212,NHS Newcastle Gateshead CCG,E39000039,E40000001,216315,March
14L,E38000217,NHS Manchester CCG,E39000037,E40000001,224380,March
14Y,E38000223,NHS Buckinghamshire CCG,E39000041,E40000005,181130,March
15A,E38000221,NHS Berkshire West,E39000041,E40000005,151474,March
15C,E38000222,"NHS Bristol, North Somerset and South Gloucestershire CCG",E39000043,E40000006,449115,March
15D,E38000224,NHS East Berkshire CCG,E39000041,E40000005,148275,March
15E,E38000220,NHS Birmingham and Solihull CCG,E39000033,E40000002,532365,March
15F,E38000225,NHS Leeds CCG,E39000029,E40000001,413135,March
99A,E38000101,NHS Liverpool CCG,E39000026,E40000001,217988,March
99C,E38000127,NHS North Tyneside CCG,E39000039,E40000001,93092,March
99D,E38000157,NHS South Lincolnshire CCG,E39000030,E40000002,77789,March
99E,E38000007,NHS Basildon and Brentwood CCG,E39000031,E40000002,105538,March
99F,E38000030,NHS Castle Point and Rochford CCG,E39000031,E40000002,68951,March
99G,E38000168,NHS Southend CCG,E39000031,E40000002,67670,March
99H,E38000177,NHS Surrey Downs CCG,E39000042,E40000005,124390,March
99J,E38000199,NHS West Kent CCG,E39000042,E40000005,107798,March
99K,E38000081,NHS High Weald Lewes Havens CCG,E39000042,E40000005,77420,March
99M,E38000118,NHS North East Hampshire and Farnham CCG,E39000041,E40000005,78724,March
99N,E38000206,NHS Wiltshire CCG,E39000043,E40000006,259730,March
99P,E38000129,"NHS Northern, Eastern and Western Devon CCG",E39000044,E40000006,466072,March
99Q,E38000152,NHS South Devon and Torbay CCG,E39000044,E40000006,161906,March
