CCG_CODE,CCG_ONS_CODE,CCG_NAME,SUBREGION_ONS_CODE,REGION_ONS_CODE,Total,Month
00C,E38000042,NHS Darlington CCG,E39000039,E40000001,55245,January
00D,E38000047,"NHS Durham Dales, Easington and Sedgefield CCG",E39000039,E40000001,187422,January
00J,E38000116,NHS North Durham CCG,E39000039,E40000001,148154,January
00K,E38000075,NHS Hartlepool and Stockton-on-Tees CCG,E39000039,E40000001,140422,January
00L,E38000130,NHS Northumberland CCG,E39000039,E40000001,180924,January
00M,E38000162,NHS South Tees CCG,E39000039,E40000001,160933,January
00N,E38000163,NHS South Tyneside CCG,E39000039,E40000001,71200,January
00P,E38000176,NHS Sunderland CCG,E39000039,E40000001,128586,January
00Q,E38000014,NHS Blackburn with Darwen CCG,E39000040,E40000001,68037,January
00R,E38000015,NHS Blackpool CCG,E39000040,E40000001,64777,January
00T,E38000016,NHS Bolton CCG,E39000037,E40000001,87639,January
00X,E38000034,NHS Chorley and South Ribble CCG,E39000040,E40000001,68195,January
00Y,E38000135,NHS Oldham CCG,E39000037,E40000001,99967,January
01A,E38000050,NHS East Lancashire CCG,E39000040,E40000001,145890,January
01C,E38000056,NHS Eastern Cheshire CCG,E39000026,E40000001,89971,January
01D,E38000080,"NHS Heywood, Middleton and Rochdale CCG",E39000037,E40000001,105698,January
01E,E38000227,NHS Greater Preston CCG,E39000040,E40000001,68590,January
01F,E38000068,NHS Halton CCG,E39000026,E40000001,64588,January
01G,E38000143,NHS Salford CCG,E39000037,E40000001,35240,January
01H,E38000215,NHS North Cumbria CCG,E39000039,E40000001,173882,January
01J,E38000091,NHS Knowsley CCG,E39000026,E40000001,75466,January
01K,E38000228,NHS Morecambe Bay CCG,E39000040,E40000001,168396,January
01R,E38000151,NHS South Cheshire CCG,E39000026,E40000001,86190,January
01T,E38000161,NHS South Sefton CCG,E39000026,E40000001,59101,January
01V,E38000170,NHS Southport and Formby CCG,E39000026,E40000001,53423,January
01W,E38000174,NHS Stockport CCG,E39000037,E40000001,115309,January
01X,E38000172,NHS St Helens CCG,E39000026,E40000001,77686,January
01Y,E38000182,NHS Tameside and Glossop CCG,E39000037,E40000001,118059,January
02A,E38000187,NHS Trafford CCG,E39000037,E40000001,73647,January
02D,E38000189,NHS Vale Royal CCG,E39000026,E40000001,45873,January
02E,E38000194,NHS Warrington CCG,E39000026,E40000001,91695,January
02F,E38000196,NHS West Cheshire CCG,E39000026,E40000001,117912,January
02G,E38000200,NHS West Lancashire CCG,E39000040,E40000001,45778,January
02H,E38000205,NHS Wigan Borough CCG,E39000037,E40000001,111991,January
02M,E38000226,NHS Fylde and Wyre CCG,E39000040,E40000001,93178,January
02N,E38000001,"NHS Airedale, Wharfedale and Craven CCG",E39000029,E40000001,97587,January
02P,E38000006,NHS Barnsley CCG,E39000029,E40000001,131479,January
02Q,E38000008,NHS Bassetlaw CCG,E39000029,E40000001,62755,January
02R,E38000019,NHS Bradford Districts CCG,E39000029,E40000001,190799,January
02T,E38000025,NHS Calderdale CCG,E39000029,E40000001,115408,January
02W,E38000018,NHS Bradford City CCG,E39000029,E40000001,77264,January
02X,E38000044,NHS Doncaster CCG,E39000029,E40000001,172897,January
02Y,E38000052,NHS East Riding of Yorkshire CCG,E39000029,E40000001,135099,January
03A,E38000064,NHS Greater Huddersfield CCG,E39000029,E40000001,105237,January
03D,E38000069,"NHS Hambleton, Richmondshire and Whitby CCG",E39000029,E40000001,74222,January
03E,E38000073,NHS Harrogate and Rural District CCG,E39000029,E40000001,81329,January
03F,E38000085,NHS Hull CCG,E39000029,E40000001,129404,January
03H,E38000119,NHS North East Lincolnshire CCG,E39000029,E40000001,105720,January
03J,E38000121,NHS North Kirklees CCG,E39000029,E40000001,99876,January
03K,E38000122,NHS North Lincolnshire CCG,E39000029,E40000001,94698,January
03L,E38000141,NHS Rotherham CCG,E39000029,E40000001,143114,January
03M,E38000145,NHS Scarborough and Ryedale CCG,E39000029,E40000001,67845,January
03N,E38000146,NHS Sheffield CCG,E39000029,E40000001,320110,January
03Q,E38000188,NHS Vale of York CCG,E39000029,E40000001,159245,January
03R,E38000190,NHS Wakefield CCG,E39000029,E40000001,212597,January
03T,E38000099,NHS Lincolnshire East CCG,E39000030,E40000002,140412,January
03V,E38000037,NHS Corby CCG,E39000030,E40000002,30269,January
03W,E38000051,NHS East Leicestershire and Rutland CCG,E39000030,E40000002,180610,January
03X,E38000058,NHS Erewash CCG,E39000032,E40000002,51087,January
03Y,E38000071,NHS Hardwick CCG,E39000032,E40000002,64641,January
04C,E38000097,NHS Leicester City CCG,E39000030,E40000002,189150,January
04D,E38000100,NHS Lincolnshire West CCG,E39000030,E40000002,99637,January
04E,E38000103,NHS Mansfield and Ashfield CCG,E39000032,E40000002,104174,January
04F,E38000107,NHS Milton Keynes CCG,E39000030,E40000002,142542,January
04G,E38000108,NHS Nene CCG,E39000030,E40000002,332079,January
04H,E38000109,NHS Newark and Sherwood CCG,E39000032,E40000002,72219,January
04J,E38000115,NHS North Derbyshire CCG,E39000032,E40000002,165994,January
04K,E38000132,NHS Nottingham City CCG,E39000032,E40000002,171475,January
04L,E38000133,NHS Nottingham North and East CCG,E39000032,E40000002,73280,January
04M,E38000134,NHS Nottingham West CCG,E39000032,E40000002,47793,January
04N,E38000142,NHS Rushcliffe CCG,E39000032,E40000002,71414,January
04Q,E38000165,NHS South West Lincolnshire CCG,E39000030,E40000002,70173,January
04R,E38000169,NHS Southern Derbyshire CCG,E39000032,E40000002,272895,January
04V,E38000201,NHS West Leicestershire CCG,E39000030,E40000002,208709,January
04Y,E38000028,NHS Cannock Chase CCG,E39000032,E40000002,59199,January
05A,E38000038,NHS Coventry and Rugby CCG,E39000033,E40000002,185706,January
05C,E38000046,NHS Dudley CCG,E39000033,E40000002,141359,January
05D,E38000053,NHS East Staffordshire CCG,E39000032,E40000002,49518,January
05F,E38000078,NHS Herefordshire CCG,E39000033,E40000002,102582,January
05G,E38000126,NHS North Staffordshire CCG,E39000032,E40000002,96667,January
05H,E38000195,NHS Warwickshire North CCG,E39000033,E40000002,30198,January
05J,E38000139,NHS Redditch and Bromsgrove CCG,E39000033,E40000002,89364,January
05L,E38000144,NHS Sandwell and West Birmingham CCG,E39000033,E40000002,275971,January
05N,E38000147,NHS Shropshire CCG,E39000032,E40000002,151566,January
05Q,E38000153,NHS South East Staffordshire and Seisdon Peninsula CCG,E39000032,E40000002,100188,January
05R,E38000164,NHS South Warwickshire CCG,E39000033,E40000002,134621,January
05T,E38000166,NHS South Worcestershire CCG,E39000033,E40000002,146682,January
05V,E38000173,NHS Stafford and Surrounds CCG,E39000032,E40000002,75885,January
05W,E38000175,NHS Stoke on Trent CCG,E39000032,E40000002,118272,January
05X,E38000183,NHS Telford and Wrekin CCG,E39000032,E40000002,88845,January
05Y,E38000191,NHS Walsall CCG,E39000033,E40000002,124712,January
06A,E38000210,NHS Wolverhampton CCG,E39000033,E40000002,111230,January
06D,E38000211,NHS Wyre Forest CCG,E39000033,E40000002,83565,January
06F,E38000010,NHS Bedfordshire CCG,E39000030,E40000002,235119,January
06H,E38000026,NHS Cambridgeshire and Peterborough CCG,E39000031,E40000002,510013,January
06K,E38000049,NHS East and North Hertfordshire CCG,E39000030,E40000002,243326,January
06L,E38000086,NHS Ipswich and East Suffolk CCG,E39000031,E40000002,215801,January
06M,E38000063,NHS Great Yarmouth and Waveney CCG,E39000031,E40000002,121044,January
06N,E38000079,NHS Herts Valleys CCG,E39000030,E40000002,236012,January
06P,E38000102,NHS Luton CCG,E39000030,E40000002,99099,January
06Q,E38000106,NHS Mid Essex CCG,E39000031,E40000002,179939,January
06T,E38000117,NHS North East Essex CCG,E39000031,E40000002,167959,January
06V,E38000124,NHS North Norfolk CCG,E39000031,E40000002,101569,January
06W,E38000218,NHS Norwich CCG,E39000031,E40000002,120064,January
06Y,E38000219,NHS South Norfolk CCG,E39000031,E40000002,125940,January
07G,E38000185,NHS Thurrock CCG,E39000031,E40000002,68373,January
07H,E38000197,NHS West Essex CCG,E39000031,E40000002,126650,January
07J,E38000203,NHS West Norfolk CCG,E39000031,E40000002,112640,January
07K,E38000204,NHS West Suffolk CCG,E39000031,E40000002,130625,January
07L,E38000004,NHS Barking and Dagenham CCG,E39000018,E40000003,52002,January
07M,E38000005,NHS Barnet CCG,E39000018,E40000003,117653,January
07N,E38000011,NHS Bexley CCG,E39000018,E40000003,12606,January
07P,E38000020,NHS Brent CCG,E39000018,E40000003,145022,January
07Q,E38000023,NHS Bromley CCG,E39000018,E40000003,105217,January
07R,E38000027,NHS Camden CCG,E39000018,E40000003,91467,January
07T,E38000035,NHS City and Hackney CCG,E39000018,E40000003,131998,January
07V,E38000040,NHS Croydon CCG,E39000018,E40000003,129770,January
07W,E38000048,NHS Ealing CCG,E39000018,E40000003,181218,January
07X,E38000057,NHS Enfield CCG,E39000018,E40000003,92060,January
07Y,E38000084,NHS Hounslow CCG,E39000018,E40000003,130428,January
08A,E38000066,NHS Greenwich CCG,E39000018,E40000003,31968,January
08C,E38000070,NHS Hammersmith and Fulham CCG,E39000018,E40000003,91096,January
08D,E38000072,NHS Haringey CCG,E39000018,E40000003,91500,January
08E,E38000074,NHS Harrow CCG,E39000018,E40000003,85250,January
08F,E38000077,NHS Havering CCG,E39000018,E40000003,50880,January
08G,E38000082,NHS Hillingdon CCG,E39000018,E40000003,104627,January
08H,E38000088,NHS Islington CCG,E39000018,E40000003,84198,January
08J,E38000090,NHS Kingston CCG,E39000018,E40000003,61741,January
08K,E38000092,NHS Lambeth CCG,E39000018,E40000003,146076,January
08L,E38000098,NHS Lewisham CCG,E39000018,E40000003,121630,January
08M,E38000113,NHS Newham CCG,E39000018,E40000003,132254,January
08N,E38000138,NHS Redbridge CCG,E39000018,E40000003,107136,January
08P,E38000140,NHS Richmond CCG,E39000018,E40000003,10053,January
08Q,E38000171,NHS Southwark CCG,E39000018,E40000003,118933,January
08R,E38000105,NHS Merton CCG,E39000018,E40000003,79103,January
08T,E38000179,NHS Sutton CCG,E39000018,E40000003,65970,January
08V,E38000186,NHS Tower Hamlets CCG,E39000018,E40000003,145439,January
08W,E38000192,NHS Waltham Forest CCG,E39000018,E40000003,97843,January
08X,E38000193,NHS Wandsworth CCG,E39000018,E40000003,152514,January
08Y,E38000202,NHS West London CCG,E39000018,E40000003,96253,January
09A,E38000031,NHS Central London (Westminster) CCG,E39000018,E40000003,81973,January
09C,E38000002,NHS Ashford CCG,E39000042,E40000005,78313,January
09D,E38000021,NHS Brighton and Hove CCG,E39000042,E40000005,127850,January
09E,E38000029,NHS Canterbury and Coastal CCG,E39000042,E40000005,110111,January
09F,E38000055,"NHS Eastbourne, Hailsham and Seaford CCG",E39000042,E40000005,106681,January
09G,E38000213,NHS Coastal West Sussex CCG,E39000042,E40000005,269388,January
09H,E38000039,NHS Crawley CCG,E39000042,E40000005,64206,January
09L,E38000054,NHS East Surrey CCG,E39000042,E40000005,87070,January
09N,E38000214,NHS Guildford and Waverley CCG,E39000042,E40000005,91671,January
09P,E38000076,NHS Hastings and Rother CCG,E39000042,E40000005,97492,January
09W,E38000104,NHS Medway CCG,E39000042,E40000005,87388,January
09X,E38000083,NHS Horsham and Mid Sussex CCG,E39000042,E40000005,100345,January
09Y,E38000128,NHS North West Surrey CCG,E39000042,E40000005,138605,January
10A,E38000156,NHS South Kent Coast CCG,E39000042,E40000005,46498,January
10C,E38000178,NHS Surrey Heath CCG,E39000041,E40000005,51569,January
10D,E38000180,NHS Swale CCG,E39000042,E40000005,45987,January
10E,E38000184,NHS Thanet CCG,E39000042,E40000005,61599,January
10J,E38000120,NHS North Hampshire CCG,E39000041,E40000005,98893,January
10K,E38000059,NHS Fareham and Gosport CCG,E39000041,E40000005,88342,January
10L,E38000087,NHS Isle of Wight CCG,E39000041,E40000005,80671,January
10Q,E38000136,NHS Oxfordshire CCG,E39000041,E40000005,316036,January
10R,E38000137,NHS Portsmouth CCG,E39000041,E40000005,96507,January
10V,E38000154,NHS South Eastern Hampshire CCG,E39000041,E40000005,92166,January
10X,E38000167,NHS Southampton CCG,E39000041,E40000005,123499,January
11A,E38000198,NHS West Hampshire CCG,E39000041,E40000005,227961,January
11E,E38000009,NHS Bath and North East Somerset CCG,E39000043,E40000006,104568,January
11J,E38000045,NHS Dorset CCG,E39000044,E40000006,408327,January
11M,E38000062,NHS Gloucestershire CCG,E39000043,E40000006,277516,January
11N,E38000089,NHS Kernow CCG,E39000044,E40000006,138144,January
11X,E38000150,NHS Somerset CCG,E39000044,E40000006,232764,January
12D,E38000181,NHS Swindon CCG,E39000043,E40000006,112091,January
12F,E38000208,NHS Wirral CCG,E39000026,E40000001,151959,January
13T,E38000212,NHS Newcastle Gateshead CCG,E39000039,E40000001,236540,January
14L,E38000217,NHS Manchester CCG,E39000037,E40000001,237939,January
14Y,E38000223,NHS Buckinghamshire CCG,E39000041,E40000005,184595,January
15A,E38000221,NHS Berkshire West,E39000041,E40000005,163589,January
15C,E38000222,"NHS Bristol, North Somerset and South Gloucestershire CCG",E39000043,E40000006,498343,January
15D,E38000224,NHS East Berkshire CCG,E39000041,E40000005,159006,January
15E,E38000220,NHS Birmingham and Solihull CCG,E39000033,E40000002,577979,January
15F,E38000225,NHS Leeds CCG,E39000029,E40000001,444536,January
99A,E38000101,NHS Liverpool CCG,E39000026,E40000001,233231,January
99C,E38000127,NHS North Tyneside CCG,E39000039,E40000001,100191,January
99D,E38000157,NHS South Lincolnshire CCG,E39000030,E40000002,85259,January
99E,E38000007,NHS Basildon and Brentwood CCG,E39000031,E40000002,115430,January
99F,E38000030,NHS Castle Point and Rochford CCG,E39000031,E40000002,76624,January
99G,E38000168,NHS Southend CCG,E39000031,E40000002,72644,January
99H,E38000177,NHS Surrey Downs CCG,E39000042,E40000005,132852,January
99J,E38000199,NHS West Kent CCG,E39000042,E40000005,112740,January
99K,E38000081,NHS High Weald Lewes Havens CCG,E39000042,E40000005,84292,January
99M,E38000118,NHS North East Hampshire and Farnham CCG,E39000041,E40000005,84401,January
99N,E38000206,NHS Wiltshire CCG,E39000043,E40000006,280246,January
99P,E38000129,"NHS Northern, Eastern and Western Devon CCG",E39000044,E40000006,505777,January
99Q,E38000152,NHS South Devon and Torbay CCG,E39000044,E40000006,180601,January
