CCG_CODE,CCG_ONS_CODE,CCG_NAME,SUBREGION_ONS_CODE,REGION_ONS_CODE,Total,Month
00C,E38000042,NHS Darlington CCG,E39000039,E40000001,44061,August
00D,E38000047,"NHS Durham Dales, Easington and Sedgefield CCG",E39000039,E40000001,156249,August
00J,E38000116,NHS North Durham CCG,E39000039,E40000001,125280,August
00K,E38000075,NHS Hartlepool and Stockton-on-Tees CCG,E39000039,E40000001,113399,August
00L,E38000130,NHS Northumberland CCG,E39000039,E40000001,152390,August
00M,E38000162,NHS South Tees CCG,E39000039,E40000001,122516,August
00N,E38000163,NHS South Tyneside CCG,E39000039,E40000001,60772,August
00P,E38000176,NHS Sunderland CCG,E39000039,E40000001,116388,August
00Q,E38000014,NHS Blackburn with Darwen CCG,E39000040,E40000001,59960,August
00R,E38000015,NHS Blackpool CCG,E39000040,E40000001,61792,August
00T,E38000016,NHS Bolton CCG,E39000037,E40000001,78938,August
00X,E38000034,NHS Chorley and South Ribble CCG,E39000040,E40000001,57136,August
00Y,E38000135,NHS Oldham CCG,E39000037,E40000001,88727,August
01A,E38000050,NHS East Lancashire CCG,E39000040,E40000001,127265,August
01C,E38000056,NHS Eastern Cheshire CCG,E39000026,E40000001,76656,August
01D,E38000080,"NHS Heywood, Middleton and Rochdale CCG",E39000037,E40000001,90232,August
01E,E38000227,NHS Greater Preston CCG,E39000040,E40000001,58493,August
01F,E38000068,NHS Halton CCG,E39000026,E40000001,55594,August
01G,E38000143,NHS Salford CCG,E39000037,E40000001,43220,August
01H,E38000215,NHS North Cumbria CCG,E39000039,E40000001,161336,August
01J,E38000091,NHS Knowsley CCG,E39000026,E40000001,66862,August
01K,E38000228,NHS Morecambe Bay CCG,E39000040,E40000001,144270,August
01R,E38000151,NHS South Cheshire CCG,E39000026,E40000001,73267,August
01T,E38000161,NHS South Sefton CCG,E39000026,E40000001,48086,August
01V,E38000170,NHS Southport and Formby CCG,E39000026,E40000001,48122,August
01W,E38000174,NHS Stockport CCG,E39000037,E40000001,105492,August
01X,E38000172,NHS St Helens CCG,E39000026,E40000001,67478,August
01Y,E38000182,NHS Tameside and Glossop CCG,E39000037,E40000001,102567,August
02A,E38000187,NHS Trafford CCG,E39000037,E40000001,65366,August
02D,E38000189,NHS Vale Royal CCG,E39000026,E40000001,38612,August
02E,E38000194,NHS Warrington CCG,E39000026,E40000001,74264,August
02F,E38000196,NHS West Cheshire CCG,E39000026,E40000001,104053,August
02G,E38000200,NHS West Lancashire CCG,E39000040,E40000001,42917,August
02H,E38000205,NHS Wigan Borough CCG,E39000037,E40000001,96572,August
02M,E38000226,NHS Fylde and Wyre CCG,E39000040,E40000001,80445,August
02N,E38000001,"NHS Airedale, Wharfedale and Craven CCG",E39000029,E40000001,81897,August
02P,E38000006,NHS Barnsley CCG,E39000029,E40000001,113916,August
02Q,E38000008,NHS Bassetlaw CCG,E39000029,E40000001,49889,August
02R,E38000019,NHS Bradford Districts CCG,E39000029,E40000001,160999,August
02T,E38000025,NHS Calderdale CCG,E39000029,E40000001,93718,August
02W,E38000018,NHS Bradford City CCG,E39000029,E40000001,57712,August
02X,E38000044,NHS Doncaster CCG,E39000029,E40000001,141859,August
02Y,E38000052,NHS East Riding of Yorkshire CCG,E39000029,E40000001,125697,August
03A,E38000064,NHS Greater Huddersfield CCG,E39000029,E40000001,94585,August
03D,E38000069,"NHS Hambleton, Richmondshire and Whitby CCG",E39000029,E40000001,63260,August
03E,E38000073,NHS Harrogate and Rural District CCG,E39000029,E40000001,67922,August
03F,E38000085,NHS Hull CCG,E39000029,E40000001,95339,August
03H,E38000119,NHS North East Lincolnshire CCG,E39000029,E40000001,86605,August
03J,E38000121,NHS North Kirklees CCG,E39000029,E40000001,78757,August
03K,E38000122,NHS North Lincolnshire CCG,E39000029,E40000001,80897,August
03L,E38000141,NHS Rotherham CCG,E39000029,E40000001,119819,August
03M,E38000145,NHS Scarborough and Ryedale CCG,E39000029,E40000001,51482,August
03N,E38000146,NHS Sheffield CCG,E39000029,E40000001,257491,August
03Q,E38000188,NHS Vale of York CCG,E39000029,E40000001,133558,August
03R,E38000190,NHS Wakefield CCG,E39000029,E40000001,179918,August
03T,E38000099,NHS Lincolnshire East CCG,E39000030,E40000002,112282,August
03V,E38000037,NHS Corby CCG,E39000030,E40000002,25624,August
03W,E38000051,NHS East Leicestershire and Rutland CCG,E39000030,E40000002,157946,August
03X,E38000058,NHS Erewash CCG,E39000032,E40000002,43568,August
03Y,E38000071,NHS Hardwick CCG,E39000032,E40000002,56437,August
04C,E38000097,NHS Leicester City CCG,E39000030,E40000002,147857,August
04D,E38000100,NHS Lincolnshire West CCG,E39000030,E40000002,70176,August
04E,E38000103,NHS Mansfield and Ashfield CCG,E39000032,E40000002,87067,August
04F,E38000107,NHS Milton Keynes CCG,E39000030,E40000002,115121,August
04G,E38000108,NHS Nene CCG,E39000030,E40000002,272644,August
04H,E38000109,NHS Newark and Sherwood CCG,E39000032,E40000002,59470,August
04J,E38000115,NHS North Derbyshire CCG,E39000032,E40000002,141864,August
04K,E38000132,NHS Nottingham City CCG,E39000032,E40000002,132603,August
04L,E38000133,NHS Nottingham North and East CCG,E39000032,E40000002,60489,August
04M,E38000134,NHS Nottingham West CCG,E39000032,E40000002,45141,August
04N,E38000142,NHS Rushcliffe CCG,E39000032,E40000002,58849,August
04Q,E38000165,NHS South West Lincolnshire CCG,E39000030,E40000002,53304,August
04R,E38000169,NHS Southern Derbyshire CCG,E39000032,E40000002,220712,August
04V,E38000201,NHS West Leicestershire CCG,E39000030,E40000002,173030,August
04Y,E38000028,NHS Cannock Chase CCG,E39000032,E40000002,49549,August
05A,E38000038,NHS Coventry and Rugby CCG,E39000033,E40000002,157234,August
05C,E38000046,NHS Dudley CCG,E39000033,E40000002,120953,August
05D,E38000053,NHS East Staffordshire CCG,E39000032,E40000002,41232,August
05F,E38000078,NHS Herefordshire CCG,E39000033,E40000002,87867,August
05G,E38000126,NHS North Staffordshire CCG,E39000032,E40000002,78092,August
05H,E38000195,NHS Warwickshire North CCG,E39000033,E40000002,26606,August
05J,E38000139,NHS Redditch and Bromsgrove CCG,E39000033,E40000002,76294,August
05L,E38000144,NHS Sandwell and West Birmingham CCG,E39000033,E40000002,228978,August
05N,E38000147,NHS Shropshire CCG,E39000032,E40000002,131462,August
05Q,E38000153,NHS South East Staffordshire and Seisdon Peninsula CCG,E39000032,E40000002,85191,August
05R,E38000164,NHS South Warwickshire CCG,E39000033,E40000002,124279,August
05T,E38000166,NHS South Worcestershire CCG,E39000033,E40000002,130182,August
05V,E38000173,NHS Stafford and Surrounds CCG,E39000032,E40000002,63285,August
05W,E38000175,NHS Stoke on Trent CCG,E39000032,E40000002,97097,August
05X,E38000183,NHS Telford and Wrekin CCG,E39000032,E40000002,74608,August
05Y,E38000191,NHS Walsall CCG,E39000033,E40000002,116737,August
06A,E38000210,NHS Wolverhampton CCG,E39000033,E40000002,98265,August
06D,E38000211,NHS Wyre Forest CCG,E39000033,E40000002,69765,August
06F,E38000010,NHS Bedfordshire CCG,E39000030,E40000002,191481,August
06H,E38000026,NHS Cambridgeshire and Peterborough CCG,E39000031,E40000002,417313,August
06K,E38000049,NHS East and North Hertfordshire CCG,E39000030,E40000002,197506,August
06L,E38000086,NHS Ipswich and East Suffolk CCG,E39000031,E40000002,178386,August
06M,E38000063,NHS Great Yarmouth and Waveney CCG,E39000031,E40000002,106412,August
06N,E38000079,NHS Herts Valleys CCG,E39000030,E40000002,199354,August
06P,E38000102,NHS Luton CCG,E39000030,E40000002,85071,August
06Q,E38000106,NHS Mid Essex CCG,E39000031,E40000002,151874,August
06T,E38000117,NHS North East Essex CCG,E39000031,E40000002,134094,August
06V,E38000124,NHS North Norfolk CCG,E39000031,E40000002,86711,August
06W,E38000218,NHS Norwich CCG,E39000031,E40000002,89754,August
06Y,E38000219,NHS South Norfolk CCG,E39000031,E40000002,101193,August
07G,E38000185,NHS Thurrock CCG,E39000031,E40000002,62759,August
07H,E38000197,NHS West Essex CCG,E39000031,E40000002,102778,August
07J,E38000203,NHS West Norfolk CCG,E39000031,E40000002,95061,August
07K,E38000204,NHS West Suffolk CCG,E39000031,E40000002,105529,August
07L,E38000004,NHS Barking and Dagenham CCG,E39000018,E40000003,48685,August
07M,E38000005,NHS Barnet CCG,E39000018,E40000003,98818,August
07N,E38000011,NHS Bexley CCG,E39000018,E40000003,17855,August
07P,E38000020,NHS Brent CCG,E39000018,E40000003,129979,August
07Q,E38000023,NHS Bromley CCG,E39000018,E40000003,91826,August
07R,E38000027,NHS Camden CCG,E39000018,E40000003,76416,August
07T,E38000035,NHS City and Hackney CCG,E39000018,E40000003,115257,August
07V,E38000040,NHS Croydon CCG,E39000018,E40000003,123207,August
07W,E38000048,NHS Ealing CCG,E39000018,E40000003,148867,August
07X,E38000057,NHS Enfield CCG,E39000018,E40000003,80588,August
07Y,E38000084,NHS Hounslow CCG,E39000018,E40000003,107531,August
08A,E38000066,NHS Greenwich CCG,E39000018,E40000003,27262,August
08C,E38000070,NHS Hammersmith and Fulham CCG,E39000018,E40000003,71015,August
08D,E38000072,NHS Haringey CCG,E39000018,E40000003,85607,August
08E,E38000074,NHS Harrow CCG,E39000018,E40000003,90913,August
08F,E38000077,NHS Havering CCG,E39000018,E40000003,63940,August
08G,E38000082,NHS Hillingdon CCG,E39000018,E40000003,87580,August
08H,E38000088,NHS Islington CCG,E39000018,E40000003,76528,August
08J,E38000090,NHS Kingston CCG,E39000018,E40000003,56546,August
08K,E38000092,NHS Lambeth CCG,E39000018,E40000003,127933,August
08L,E38000098,NHS Lewisham CCG,E39000018,E40000003,105782,August
08M,E38000113,NHS Newham CCG,E39000018,E40000003,123496,August
08N,E38000138,NHS Redbridge CCG,E39000018,E40000003,94073,August
08P,E38000140,NHS Richmond CCG,E39000018,E40000003,9428,August
08Q,E38000171,NHS Southwark CCG,E39000018,E40000003,103140,August
08R,E38000105,NHS Merton CCG,E39000018,E40000003,65381,August
08T,E38000179,NHS Sutton CCG,E39000018,E40000003,61461,August
08V,E38000186,NHS Tower Hamlets CCG,E39000018,E40000003,124973,August
08W,E38000192,NHS Waltham Forest CCG,E39000018,E40000003,83344,August
08X,E38000193,NHS Wandsworth CCG,E39000018,E40000003,132158,August
08Y,E38000202,NHS West London CCG,E39000018,E40000003,70731,August
09A,E38000031,NHS Central London (Westminster) CCG,E39000018,E40000003,61915,August
09C,E38000002,NHS Ashford CCG,E39000042,E40000005,68578,August
09D,E38000021,NHS Brighton and Hove CCG,E39000042,E40000005,106582,August
09E,E38000029,NHS Canterbury and Coastal CCG,E39000042,E40000005,104296,August
09F,E38000055,"NHS Eastbourne, Hailsham and Seaford CCG",E39000042,E40000005,91391,August
09G,E38000213,NHS Coastal West Sussex CCG,E39000042,E40000005,230746,August
09H,E38000039,NHS Crawley CCG,E39000042,E40000005,51879,August
09L,E38000054,NHS East Surrey CCG,E39000042,E40000005,73058,August
09N,E38000214,NHS Guildford and Waverley CCG,E39000042,E40000005,79132,August
09P,E38000076,NHS Hastings and Rother CCG,E39000042,E40000005,84826,August
09W,E38000104,NHS Medway CCG,E39000042,E40000005,76082,August
09X,E38000083,NHS Horsham and Mid Sussex CCG,E39000042,E40000005,83471,August
09Y,E38000128,NHS North West Surrey CCG,E39000042,E40000005,123440,August
10A,E38000156,NHS South Kent Coast CCG,E39000042,E40000005,41426,August
10C,E38000178,NHS Surrey Heath CCG,E39000041,E40000005,42575,August
10D,E38000180,NHS Swale CCG,E39000042,E40000005,42485,August
10E,E38000184,NHS Thanet CCG,E39000042,E40000005,55487,August
10J,E38000120,NHS North Hampshire CCG,E39000041,E40000005,91346,August
10K,E38000059,NHS Fareham and Gosport CCG,E39000041,E40000005,75696,August
10L,E38000087,NHS Isle of Wight CCG,E39000041,E40000005,61629,August
10Q,E38000136,NHS Oxfordshire CCG,E39000041,E40000005,284976,August
10R,E38000137,NHS Portsmouth CCG,E39000041,E40000005,77496,August
10V,E38000154,NHS South Eastern Hampshire CCG,E39000041,E40000005,82312,August
10X,E38000167,NHS Southampton CCG,E39000041,E40000005,96505,August
11A,E38000198,NHS West Hampshire CCG,E39000041,E40000005,191947,August
11E,E38000009,NHS Bath and North East Somerset CCG,E39000043,E40000006,85855,August
11J,E38000045,NHS Dorset CCG,E39000044,E40000006,316615,August
11M,E38000062,NHS Gloucestershire CCG,E39000043,E40000006,230550,August
11N,E38000089,NHS Kernow CCG,E39000044,E40000006,123295,August
11X,E38000150,NHS Somerset CCG,E39000044,E40000006,206659,August
12D,E38000181,NHS Swindon CCG,E39000043,E40000006,99442,August
12F,E38000208,NHS Wirral CCG,E39000026,E40000001,141441,August
13T,E38000212,NHS Newcastle Gateshead CCG,E39000039,E40000001,196711,August
14L,E38000217,NHS Manchester CCG,E39000037,E40000001,205874,August
14Y,E38000223,NHS Buckinghamshire CCG,E39000041,E40000005,175388,August
15A,E38000221,NHS Berkshire West,E39000041,E40000005,150859,August
15C,E38000222,"NHS Bristol, North Somerset and South Gloucestershire CCG",E39000043,E40000006,437405,August
15D,E38000224,NHS East Berkshire CCG,E39000041,E40000005,150358,August
15E,E38000220,NHS Birmingham and Solihull CCG,E39000033,E40000002,468586,August
15F,E38000225,NHS Leeds CCG,E39000029,E40000001,369063,August
99A,E38000101,NHS Liverpool CCG,E39000026,E40000001,197658,August
99C,E38000127,NHS North Tyneside CCG,E39000039,E40000001,87008,August
99D,E38000157,NHS South Lincolnshire CCG,E39000030,E40000002,73073,August
99E,E38000007,NHS Basildon and Brentwood CCG,E39000031,E40000002,92660,August
99F,E38000030,NHS Castle Point and Rochford CCG,E39000031,E40000002,60959,August
99G,E38000168,NHS Southend CCG,E39000031,E40000002,61123,August
99H,E38000177,NHS Surrey Downs CCG,E39000042,E40000005,113365,August
99J,E38000199,NHS West Kent CCG,E39000042,E40000005,109143,August
99K,E38000081,NHS High Weald Lewes Havens CCG,E39000042,E40000005,69860,August
99M,E38000118,NHS North East Hampshire and Farnham CCG,E39000041,E40000005,81156,August
99N,E38000206,NHS Wiltshire CCG,E39000043,E40000006,225648,August
99P,E38000129,"NHS Northern, Eastern and Western Devon CCG",E39000044,E40000006,411546,August
99Q,E38000152,NHS South Devon and Torbay CCG,E39000044,E40000006,156334,August
