CCG_CODE,CCG_ONS_CODE,CCG_NAME,SUBREGION_ONS_CODE,REGION_ONS_CODE,Total,Month
00C,E38000042,NHS Darlington CCG,E39000039,E40000001,45744,July
00D,E38000047,"NHS Durham Dales, Easington and Sedgefield CCG",E39000039,E40000001,163743,July
00J,E38000116,NHS North Durham CCG,E39000039,E40000001,131258,July
00K,E38000075,NHS Hartlepool and Stockton-on-Tees CCG,E39000039,E40000001,115663,July
00L,E38000130,NHS Northumberland CCG,E39000039,E40000001,161384,July
00M,E38000162,NHS South Tees CCG,E39000039,E40000001,137740,July
00N,E38000163,NHS South Tyneside CCG,E39000039,E40000001,63136,July
00P,E38000176,NHS Sunderland CCG,E39000039,E40000001,117166,July
00Q,E38000014,NHS Blackburn with Darwen CCG,E39000040,E40000001,65754,July
00R,E38000015,NHS Blackpool CCG,E39000040,E40000001,65508,July
00T,E38000016,NHS Bolton CCG,E39000037,E40000001,82072,July
00X,E38000034,NHS Chorley and South Ribble CCG,E39000040,E40000001,60937,July
00Y,E38000135,NHS Oldham CCG,E39000037,E40000001,96389,July
01A,E38000050,NHS East Lancashire CCG,E39000040,E40000001,135733,July
01C,E38000056,NHS Eastern Cheshire CCG,E39000026,E40000001,79495,July
01D,E38000080,"NHS Heywood, Middleton and Rochdale CCG",E39000037,E40000001,95994,July
01E,E38000227,NHS Greater Preston CCG,E39000040,E40000001,61579,July
01F,E38000068,NHS Halton CCG,E39000026,E40000001,56147,July
01G,E38000143,NHS Salford CCG,E39000037,E40000001,43459,July
01H,E38000215,NHS North Cumbria CCG,E39000039,E40000001,164758,July
01J,E38000091,NHS Knowsley CCG,E39000026,E40000001,72216,July
01K,E38000228,NHS Morecambe Bay CCG,E39000040,E40000001,147582,July
01R,E38000151,NHS South Cheshire CCG,E39000026,E40000001,75489,July
01T,E38000161,NHS South Sefton CCG,E39000026,E40000001,50227,July
01V,E38000170,NHS Southport and Formby CCG,E39000026,E40000001,49659,July
01W,E38000174,NHS Stockport CCG,E39000037,E40000001,111101,July
01X,E38000172,NHS St Helens CCG,E39000026,E40000001,70639,July
01Y,E38000182,NHS Tameside and Glossop CCG,E39000037,E40000001,108127,July
02A,E38000187,NHS Trafford CCG,E39000037,E40000001,70343,July
02D,E38000189,NHS Vale Royal CCG,E39000026,E40000001,41459,July
02E,E38000194,NHS Warrington CCG,E39000026,E40000001,77955,July
02F,E38000196,NHS West Cheshire CCG,E39000026,E40000001,107132,July
02G,E38000200,NHS West Lancashire CCG,E39000040,E40000001,44605,July
02H,E38000205,NHS Wigan Borough CCG,E39000037,E40000001,99987,July
02M,E38000226,NHS Fylde and Wyre CCG,E39000040,E40000001,84022,July
02N,E38000001,"NHS Airedale, Wharfedale and Craven CCG",E39000029,E40000001,83659,July
02P,E38000006,NHS Barnsley CCG,E39000029,E40000001,118426,July
02Q,E38000008,NHS Bassetlaw CCG,E39000029,E40000001,53844,July
02R,E38000019,NHS Bradford Districts CCG,E39000029,E40000001,173522,July
02T,E38000025,NHS Calderdale CCG,E39000029,E40000001,98265,July
02W,E38000018,NHS Bradford City CCG,E39000029,E40000001,67490,July
02X,E38000044,NHS Doncaster CCG,E39000029,E40000001,149470,July
02Y,E38000052,NHS East Riding of Yorkshire CCG,E39000029,E40000001,128993,July
03A,E38000064,NHS Greater Huddersfield CCG,E39000029,E40000001,98827,July
03D,E38000069,"NHS Hambleton, Richmondshire and Whitby CCG",E39000029,E40000001,66680,July
03E,E38000073,NHS Harrogate and Rural District CCG,E39000029,E40000001,71498,July
03F,E38000085,NHS Hull CCG,E39000029,E40000001,105612,July
03H,E38000119,NHS North East Lincolnshire CCG,E39000029,E40000001,88827,July
03J,E38000121,NHS North Kirklees CCG,E39000029,E40000001,87236,July
03K,E38000122,NHS North Lincolnshire CCG,E39000029,E40000001,85765,July
03L,E38000141,NHS Rotherham CCG,E39000029,E40000001,126214,July
03M,E38000145,NHS Scarborough and Ryedale CCG,E39000029,E40000001,59258,July
03N,E38000146,NHS Sheffield CCG,E39000029,E40000001,273235,July
03Q,E38000188,NHS Vale of York CCG,E39000029,E40000001,137825,July
03R,E38000190,NHS Wakefield CCG,E39000029,E40000001,184967,July
03T,E38000099,NHS Lincolnshire East CCG,E39000030,E40000002,118625,July
03V,E38000037,NHS Corby CCG,E39000030,E40000002,25871,July
03W,E38000051,NHS East Leicestershire and Rutland CCG,E39000030,E40000002,157481,July
03X,E38000058,NHS Erewash CCG,E39000032,E40000002,44913,July
03Y,E38000071,NHS Hardwick CCG,E39000032,E40000002,57807,July
04C,E38000097,NHS Leicester City CCG,E39000030,E40000002,160019,July
04D,E38000100,NHS Lincolnshire West CCG,E39000030,E40000002,85049,July
04E,E38000103,NHS Mansfield and Ashfield CCG,E39000032,E40000002,92142,July
04F,E38000107,NHS Milton Keynes CCG,E39000030,E40000002,121511,July
04G,E38000108,NHS Nene CCG,E39000030,E40000002,288035,July
04H,E38000109,NHS Newark and Sherwood CCG,E39000032,E40000002,61444,July
04J,E38000115,NHS North Derbyshire CCG,E39000032,E40000002,143979,July
04K,E38000132,NHS Nottingham City CCG,E39000032,E40000002,143779,July
04L,E38000133,NHS Nottingham North and East CCG,E39000032,E40000002,62767,July
04M,E38000134,NHS Nottingham West CCG,E39000032,E40000002,47550,July
04N,E38000142,NHS Rushcliffe CCG,E39000032,E40000002,60440,July
04Q,E38000165,NHS South West Lincolnshire CCG,E39000030,E40000002,60023,July
04R,E38000169,NHS Southern Derbyshire CCG,E39000032,E40000002,232831,July
04V,E38000201,NHS West Leicestershire CCG,E39000030,E40000002,171367,July
04Y,E38000028,NHS Cannock Chase CCG,E39000032,E40000002,54401,July
05A,E38000038,NHS Coventry and Rugby CCG,E39000033,E40000002,171649,July
05C,E38000046,NHS Dudley CCG,E39000033,E40000002,127775,July
05D,E38000053,NHS East Staffordshire CCG,E39000032,E40000002,43054,July
05F,E38000078,NHS Herefordshire CCG,E39000033,E40000002,90728,July
05G,E38000126,NHS North Staffordshire CCG,E39000032,E40000002,82711,July
05H,E38000195,NHS Warwickshire North CCG,E39000033,E40000002,27080,July
05J,E38000139,NHS Redditch and Bromsgrove CCG,E39000033,E40000002,80349,July
05L,E38000144,NHS Sandwell and West Birmingham CCG,E39000033,E40000002,245989,July
05N,E38000147,NHS Shropshire CCG,E39000032,E40000002,134766,July
05Q,E38000153,NHS South East Staffordshire and Seisdon Peninsula CCG,E39000032,E40000002,89517,July
05R,E38000164,NHS South Warwickshire CCG,E39000033,E40000002,127356,July
05T,E38000166,NHS South Worcestershire CCG,E39000033,E40000002,133864,July
05V,E38000173,NHS Stafford and Surrounds CCG,E39000032,E40000002,66254,July
05W,E38000175,NHS Stoke on Trent CCG,E39000032,E40000002,100604,July
05X,E38000183,NHS Telford and Wrekin CCG,E39000032,E40000002,78875,July
05Y,E38000191,NHS Walsall CCG,E39000033,E40000002,124905,July
06A,E38000210,NHS Wolverhampton CCG,E39000033,E40000002,104212,July
06D,E38000211,NHS Wyre Forest CCG,E39000033,E40000002,72136,July
06F,E38000010,NHS Bedfordshire CCG,E39000030,E40000002,199793,July
06H,E38000026,NHS Cambridgeshire and Peterborough CCG,E39000031,E40000002,441469,July
06K,E38000049,NHS East and North Hertfordshire CCG,E39000030,E40000002,204868,July
06L,E38000086,NHS Ipswich and East Suffolk CCG,E39000031,E40000002,185559,July
06M,E38000063,NHS Great Yarmouth and Waveney CCG,E39000031,E40000002,111269,July
06N,E38000079,NHS Herts Valleys CCG,E39000030,E40000002,212646,July
06P,E38000102,NHS Luton CCG,E39000030,E40000002,90457,July
06Q,E38000106,NHS Mid Essex CCG,E39000031,E40000002,156672,July
06T,E38000117,NHS North East Essex CCG,E39000031,E40000002,145143,July
06V,E38000124,NHS North Norfolk CCG,E39000031,E40000002,90137,July
06W,E38000218,NHS Norwich CCG,E39000031,E40000002,103005,July
06Y,E38000219,NHS South Norfolk CCG,E39000031,E40000002,106493,July
07G,E38000185,NHS Thurrock CCG,E39000031,E40000002,67526,July
07H,E38000197,NHS West Essex CCG,E39000031,E40000002,108494,July
07J,E38000203,NHS West Norfolk CCG,E39000031,E40000002,98530,July
07K,E38000204,NHS West Suffolk CCG,E39000031,E40000002,110314,July
07L,E38000004,NHS Barking and Dagenham CCG,E39000018,E40000003,52761,July
07M,E38000005,NHS Barnet CCG,E39000018,E40000003,109812,July
07N,E38000011,NHS Bexley CCG,E39000018,E40000003,19277,July
07P,E38000020,NHS Brent CCG,E39000018,E40000003,137257,July
07Q,E38000023,NHS Bromley CCG,E39000018,E40000003,95259,July
07R,E38000027,NHS Camden CCG,E39000018,E40000003,84255,July
07T,E38000035,NHS City and Hackney CCG,E39000018,E40000003,122990,July
07V,E38000040,NHS Croydon CCG,E39000018,E40000003,125584,July
07W,E38000048,NHS Ealing CCG,E39000018,E40000003,162956,July
07X,E38000057,NHS Enfield CCG,E39000018,E40000003,88987,July
07Y,E38000084,NHS Hounslow CCG,E39000018,E40000003,116374,July
08A,E38000066,NHS Greenwich CCG,E39000018,E40000003,30018,July
08C,E38000070,NHS Hammersmith and Fulham CCG,E39000018,E40000003,74454,July
08D,E38000072,NHS Haringey CCG,E39000018,E40000003,95238,July
08E,E38000074,NHS Harrow CCG,E39000018,E40000003,99042,July
08F,E38000077,NHS Havering CCG,E39000018,E40000003,59759,July
08G,E38000082,NHS Hillingdon CCG,E39000018,E40000003,97824,July
08H,E38000088,NHS Islington CCG,E39000018,E40000003,80946,July
08J,E38000090,NHS Kingston CCG,E39000018,E40000003,60468,July
08K,E38000092,NHS Lambeth CCG,E39000018,E40000003,135425,July
08L,E38000098,NHS Lewisham CCG,E39000018,E40000003,111200,July
08M,E38000113,NHS Newham CCG,E39000018,E40000003,136092,July
08N,E38000138,NHS Redbridge CCG,E39000018,E40000003,102223,July
08P,E38000140,NHS Richmond CCG,E39000018,E40000003,10092,July
08Q,E38000171,NHS Southwark CCG,E39000018,E40000003,108982,July
08R,E38000105,NHS Merton CCG,E39000018,E40000003,71503,July
08T,E38000179,NHS Sutton CCG,E39000018,E40000003,65454,July
08V,E38000186,NHS Tower Hamlets CCG,E39000018,E40000003,142702,July
08W,E38000192,NHS Waltham Forest CCG,E39000018,E40000003,97237,July
08X,E38000193,NHS Wandsworth CCG,E39000018,E40000003,139193,July
08Y,E38000202,NHS West London CCG,E39000018,E40000003,83922,July
09A,E38000031,NHS Central London (Westminster) CCG,E39000018,E40000003,70147,July
09C,E38000002,NHS Ashford CCG,E39000042,E40000005,74241,July
09D,E38000021,NHS Brighton and Hove CCG,E39000042,E40000005,110266,July
09E,E38000029,NHS Canterbury and Coastal CCG,E39000042,E40000005,107400,July
09F,E38000055,"NHS Eastbourne, Hailsham and Seaford CCG",E39000042,E40000005,93452,July
09G,E38000213,NHS Coastal West Sussex CCG,E39000042,E40000005,238794,July
09H,E38000039,NHS Crawley CCG,E39000042,E40000005,54105,July
09L,E38000054,NHS East Surrey CCG,E39000042,E40000005,76168,July
09N,E38000214,NHS Guildford and Waverley CCG,E39000042,E40000005,81950,July
09P,E38000076,NHS Hastings and Rother CCG,E39000042,E40000005,88103,July
09W,E38000104,NHS Medway CCG,E39000042,E40000005,77971,July
09X,E38000083,NHS Horsham and Mid Sussex CCG,E39000042,E40000005,85086,July
09Y,E38000128,NHS North West Surrey CCG,E39000042,E40000005,127800,July
10A,E38000156,NHS South Kent Coast CCG,E39000042,E40000005,43959,July
10C,E38000178,NHS Surrey Heath CCG,E39000041,E40000005,44832,July
10D,E38000180,NHS Swale CCG,E39000042,E40000005,42826,July
10E,E38000184,NHS Thanet CCG,E39000042,E40000005,59718,July
10J,E38000120,NHS North Hampshire CCG,E39000041,E40000005,86627,July
10K,E38000059,NHS Fareham and Gosport CCG,E39000041,E40000005,80165,July
10L,E38000087,NHS Isle of Wight CCG,E39000041,E40000005,67685,July
10Q,E38000136,NHS Oxfordshire CCG,E39000041,E40000005,302735,July
10R,E38000137,NHS Portsmouth CCG,E39000041,E40000005,81500,July
10V,E38000154,NHS South Eastern Hampshire CCG,E39000041,E40000005,82515,July
10X,E38000167,NHS Southampton CCG,E39000041,E40000005,105377,July
11A,E38000198,NHS West Hampshire CCG,E39000041,E40000005,201730,July
11E,E38000009,NHS Bath and North East Somerset CCG,E39000043,E40000006,88706,July
11J,E38000045,NHS Dorset CCG,E39000044,E40000006,350785,July
11M,E38000062,NHS Gloucestershire CCG,E39000043,E40000006,246335,July
11N,E38000089,NHS Kernow CCG,E39000044,E40000006,142986,July
11X,E38000150,NHS Somerset CCG,E39000044,E40000006,213075,July
12D,E38000181,NHS Swindon CCG,E39000043,E40000006,102023,July
12F,E38000208,NHS Wirral CCG,E39000026,E40000001,144720,July
13T,E38000212,NHS Newcastle Gateshead CCG,E39000039,E40000001,206939,July
14L,E38000217,NHS Manchester CCG,E39000037,E40000001,221281,July
14Y,E38000223,NHS Buckinghamshire CCG,E39000041,E40000005,183671,July
15A,E38000221,NHS Berkshire West,E39000041,E40000005,155849,July
15C,E38000222,"NHS Bristol, North Somerset and South Gloucestershire CCG",E39000043,E40000006,453167,July
15D,E38000224,NHS East Berkshire CCG,E39000041,E40000005,157111,July
15E,E38000220,NHS Birmingham and Solihull CCG,E39000033,E40000002,514283,July
15F,E38000225,NHS Leeds CCG,E39000029,E40000001,384933,July
99A,E38000101,NHS Liverpool CCG,E39000026,E40000001,206184,July
99C,E38000127,NHS North Tyneside CCG,E39000039,E40000001,89085,July
99D,E38000157,NHS South Lincolnshire CCG,E39000030,E40000002,74759,July
99E,E38000007,NHS Basildon and Brentwood CCG,E39000031,E40000002,97001,July
99F,E38000030,NHS Castle Point and Rochford CCG,E39000031,E40000002,60294,July
99G,E38000168,NHS Southend CCG,E39000031,E40000002,62576,July
99H,E38000177,NHS Surrey Downs CCG,E39000042,E40000005,116034,July
99J,E38000199,NHS West Kent CCG,E39000042,E40000005,110191,July
99K,E38000081,NHS High Weald Lewes Havens CCG,E39000042,E40000005,72983,July
99M,E38000118,NHS North East Hampshire and Farnham CCG,E39000041,E40000005,84336,July
99N,E38000206,NHS Wiltshire CCG,E39000043,E40000006,243220,July
99P,E38000129,"NHS Northern, Eastern and Western Devon CCG",E39000044,E40000006,440228,July
99Q,E38000152,NHS South Devon and Torbay CCG,E39000044,E40000006,160544,July
