CCG_CODE,CCG_ONS_CODE,CCG_NAME,SUBREGION_ONS_CODE,REGION_ONS_CODE,Total,Month
00C,E38000042,NHS Darlington CCG,E39000039,E40000001,45565,June
00D,E38000047,"NHS Durham Dales, Easington and Sedgefield CCG",E39000039,E40000001,160284,June
00J,E38000116,NHS North Durham CCG,E39000039,E40000001,129858,June
00K,E38000075,NHS Hartlepool and Stockton-on-Tees CCG,E39000039,E40000001,115976,June
00L,E38000130,NHS Northumberland CCG,E39000039,E40000001,153829,June
00M,E38000162,NHS South Tees CCG,E39000039,E40000001,136085,June
00N,E38000163,NHS South Tyneside CCG,E39000039,E40000001,61992,June
00P,E38000176,NHS Sunderland CCG,E39000039,E40000001,116138,June
00Q,E38000014,NHS Blackburn with Darwen CCG,E39000040,E40000001,61464,June
00R,E38000015,NHS Blackpool CCG,E39000040,E40000001,62105,June
00T,E38000016,NHS Bolton CCG,E39000037,E40000001,77219,June
00X,E38000034,NHS Chorley and South Ribble CCG,E39000040,E40000001,58516,June
00Y,E38000135,NHS Oldham CCG,E39000037,E40000001,92557,June
01A,E38000050,NHS East Lancashire CCG,E39000040,E40000001,129898,June
01C,E38000056,NHS Eastern Cheshire CCG,E39000026,E40000001,77078,June
01D,E38000080,"NHS Heywood, Middleton and Rochdale CCG",E39000037,E40000001,90028,June
01E,E38000227,NHS Greater Preston CCG,E39000040,E40000001,60565,June
01F,E38000068,NHS Halton CCG,E39000026,E40000001,54725,June
01G,E38000143,NHS Salford CCG,E39000037,E40000001,39342,June
01H,E38000215,NHS North Cumbria CCG,E39000039,E40000001,157669,June
01J,E38000091,NHS Knowsley CCG,E39000026,E40000001,68214,June
01K,E38000228,NHS Morecambe Bay CCG,E39000040,E40000001,141951,June
01R,E38000151,NHS South Cheshire CCG,E39000026,E40000001,73374,June
01T,E38000161,NHS South Sefton CCG,E39000026,E40000001,49396,June
01V,E38000170,NHS Southport and Formby CCG,E39000026,E40000001,48126,June
01W,E38000174,NHS Stockport CCG,E39000037,E40000001,103431,June
01X,E38000172,NHS St Helens CCG,E39000026,E40000001,67282,June
01Y,E38000182,NHS Tameside and Glossop CCG,E39000037,E40000001,100040,June
02A,E38000187,NHS Trafford CCG,E39000037,E40000001,66166,June
02D,E38000189,NHS Vale Royal CCG,E39000026,E40000001,38973,June
02E,E38000194,NHS Warrington CCG,E39000026,E40000001,75705,June
02F,E38000196,NHS West Cheshire CCG,E39000026,E40000001,104953,June
02G,E38000200,NHS West Lancashire CCG,E39000040,E40000001,43026,June
02H,E38000205,NHS Wigan Borough CCG,E39000037,E40000001,98727,June
02M,E38000226,NHS Fylde and Wyre CCG,E39000040,E40000001,79992,June
02N,E38000001,"NHS Airedale, Wharfedale and Craven CCG",E39000029,E40000001,80579,June
02P,E38000006,NHS Barnsley CCG,E39000029,E40000001,115078,June
02Q,E38000008,NHS Bassetlaw CCG,E39000029,E40000001,52417,June
02R,E38000019,NHS Bradford Districts CCG,E39000029,E40000001,162780,June
02T,E38000025,NHS Calderdale CCG,E39000029,E40000001,96423,June
02W,E38000018,NHS Bradford City CCG,E39000029,E40000001,62543,June
02X,E38000044,NHS Doncaster CCG,E39000029,E40000001,145413,June
02Y,E38000052,NHS East Riding of Yorkshire CCG,E39000029,E40000001,120664,June
03A,E38000064,NHS Greater Huddersfield CCG,E39000029,E40000001,95606,June
03D,E38000069,"NHS Hambleton, Richmondshire and Whitby CCG",E39000029,E40000001,64820,June
03E,E38000073,NHS Harrogate and Rural District CCG,E39000029,E40000001,70607,June
03F,E38000085,NHS Hull CCG,E39000029,E40000001,106427,June
03H,E38000119,NHS North East Lincolnshire CCG,E39000029,E40000001,85664,June
03J,E38000121,NHS North Kirklees CCG,E39000029,E40000001,83056,June
03K,E38000122,NHS North Lincolnshire CCG,E39000029,E40000001,84158,June
03L,E38000141,NHS Rotherham CCG,E39000029,E40000001,123092,June
03M,E38000145,NHS Scarborough and Ryedale CCG,E39000029,E40000001,59829,June
03N,E38000146,NHS Sheffield CCG,E39000029,E40000001,269281,June
03Q,E38000188,NHS Vale of York CCG,E39000029,E40000001,136314,June
03R,E38000190,NHS Wakefield CCG,E39000029,E40000001,179021,June
03T,E38000099,NHS Lincolnshire East CCG,E39000030,E40000002,115102,June
03V,E38000037,NHS Corby CCG,E39000030,E40000002,25843,June
03W,E38000051,NHS East Leicestershire and Rutland CCG,E39000030,E40000002,156616,June
03X,E38000058,NHS Erewash CCG,E39000032,E40000002,43601,June
03Y,E38000071,NHS Hardwick CCG,E39000032,E40000002,57025,June
04C,E38000097,NHS Leicester City CCG,E39000030,E40000002,161248,June
04D,E38000100,NHS Lincolnshire West CCG,E39000030,E40000002,83910,June
04E,E38000103,NHS Mansfield and Ashfield CCG,E39000032,E40000002,87720,June
04F,E38000107,NHS Milton Keynes CCG,E39000030,E40000002,117902,June
04G,E38000108,NHS Nene CCG,E39000030,E40000002,289069,June
04H,E38000109,NHS Newark and Sherwood CCG,E39000032,E40000002,60104,June
04J,E38000115,NHS North Derbyshire CCG,E39000032,E40000002,141538,June
04K,E38000132,NHS Nottingham City CCG,E39000032,E40000002,146532,June
04L,E38000133,NHS Nottingham North and East CCG,E39000032,E40000002,61521,June
04M,E38000134,NHS Nottingham West CCG,E39000032,E40000002,45729,June
04N,E38000142,NHS Rushcliffe CCG,E39000032,E40000002,59952,June
04Q,E38000165,NHS South West Lincolnshire CCG,E39000030,E40000002,58822,June
04R,E38000169,NHS Southern Derbyshire CCG,E39000032,E40000002,229560,June
04V,E38000201,NHS West Leicestershire CCG,E39000030,E40000002,177194,June
04Y,E38000028,NHS Cannock Chase CCG,E39000032,E40000002,52050,June
05A,E38000038,NHS Coventry and Rugby CCG,E39000033,E40000002,167190,June
05C,E38000046,NHS Dudley CCG,E39000033,E40000002,124079,June
05D,E38000053,NHS East Staffordshire CCG,E39000032,E40000002,42683,June
05F,E38000078,NHS Herefordshire CCG,E39000033,E40000002,84593,June
05G,E38000126,NHS North Staffordshire CCG,E39000032,E40000002,80972,June
05H,E38000195,NHS Warwickshire North CCG,E39000033,E40000002,26619,June
05J,E38000139,NHS Redditch and Bromsgrove CCG,E39000033,E40000002,79013,June
05L,E38000144,NHS Sandwell and West Birmingham CCG,E39000033,E40000002,240341,June
05N,E38000147,NHS Shropshire CCG,E39000032,E40000002,132892,June
05Q,E38000153,NHS South East Staffordshire and Seisdon Peninsula CCG,E39000032,E40000002,87090,June
05R,E38000164,NHS South Warwickshire CCG,E39000033,E40000002,120244,June
05T,E38000166,NHS South Worcestershire CCG,E39000033,E40000002,129990,June
05V,E38000173,NHS Stafford and Surrounds CCG,E39000032,E40000002,65784,June
05W,E38000175,NHS Stoke on Trent CCG,E39000032,E40000002,99629,June
05X,E38000183,NHS Telford and Wrekin CCG,E39000032,E40000002,77148,June
05Y,E38000191,NHS Walsall CCG,E39000033,E40000002,120078,June
06A,E38000210,NHS Wolverhampton CCG,E39000033,E40000002,101965,June
06D,E38000211,NHS Wyre Forest CCG,E39000033,E40000002,70319,June
06F,E38000010,NHS Bedfordshire CCG,E39000030,E40000002,196224,June
06H,E38000026,NHS Cambridgeshire and Peterborough CCG,E39000031,E40000002,429189,June
06K,E38000049,NHS East and North Hertfordshire CCG,E39000030,E40000002,200004,June
06L,E38000086,NHS Ipswich and East Suffolk CCG,E39000031,E40000002,183189,June
06M,E38000063,NHS Great Yarmouth and Waveney CCG,E39000031,E40000002,106358,June
06N,E38000079,NHS Herts Valleys CCG,E39000030,E40000002,208232,June
06P,E38000102,NHS Luton CCG,E39000030,E40000002,85294,June
06Q,E38000106,NHS Mid Essex CCG,E39000031,E40000002,154643,June
06T,E38000117,NHS North East Essex CCG,E39000031,E40000002,150046,June
06V,E38000124,NHS North Norfolk CCG,E39000031,E40000002,87212,June
06W,E38000218,NHS Norwich CCG,E39000031,E40000002,106310,June
06Y,E38000219,NHS South Norfolk CCG,E39000031,E40000002,104304,June
07G,E38000185,NHS Thurrock CCG,E39000031,E40000002,64946,June
07H,E38000197,NHS West Essex CCG,E39000031,E40000002,105516,June
07J,E38000203,NHS West Norfolk CCG,E39000031,E40000002,96045,June
07K,E38000204,NHS West Suffolk CCG,E39000031,E40000002,108113,June
07L,E38000004,NHS Barking and Dagenham CCG,E39000018,E40000003,51288,June
07M,E38000005,NHS Barnet CCG,E39000018,E40000003,104864,June
07N,E38000011,NHS Bexley CCG,E39000018,E40000003,13771,June
07P,E38000020,NHS Brent CCG,E39000018,E40000003,133595,June
07Q,E38000023,NHS Bromley CCG,E39000018,E40000003,93407,June
07R,E38000027,NHS Camden CCG,E39000018,E40000003,81953,June
07T,E38000035,NHS City and Hackney CCG,E39000018,E40000003,122386,June
07V,E38000040,NHS Croydon CCG,E39000018,E40000003,120262,June
07W,E38000048,NHS Ealing CCG,E39000018,E40000003,160197,June
07X,E38000057,NHS Enfield CCG,E39000018,E40000003,85745,June
07Y,E38000084,NHS Hounslow CCG,E39000018,E40000003,115116,June
08A,E38000066,NHS Greenwich CCG,E39000018,E40000003,28217,June
08C,E38000070,NHS Hammersmith and Fulham CCG,E39000018,E40000003,74570,June
08D,E38000072,NHS Haringey CCG,E39000018,E40000003,90569,June
08E,E38000074,NHS Harrow CCG,E39000018,E40000003,89837,June
08F,E38000077,NHS Havering CCG,E39000018,E40000003,57156,June
08G,E38000082,NHS Hillingdon CCG,E39000018,E40000003,94920,June
08H,E38000088,NHS Islington CCG,E39000018,E40000003,79716,June
08J,E38000090,NHS Kingston CCG,E39000018,E40000003,61106,June
08K,E38000092,NHS Lambeth CCG,E39000018,E40000003,131954,June
08L,E38000098,NHS Lewisham CCG,E39000018,E40000003,111781,June
08M,E38000113,NHS Newham CCG,E39000018,E40000003,129788,June
08N,E38000138,NHS Redbridge CCG,E39000018,E40000003,99395,June
08P,E38000140,NHS Richmond CCG,E39000018,E40000003,9812,June
08Q,E38000171,NHS Southwark CCG,E39000018,E40000003,106645,June
08R,E38000105,NHS Merton CCG,E39000018,E40000003,70293,June
08T,E38000179,NHS Sutton CCG,E39000018,E40000003,63652,June
08V,E38000186,NHS Tower Hamlets CCG,E39000018,E40000003,134455,June
08W,E38000192,NHS Waltham Forest CCG,E39000018,E40000003,93749,June
08X,E38000193,NHS Wandsworth CCG,E39000018,E40000003,137603,June
08Y,E38000202,NHS West London CCG,E39000018,E40000003,84689,June
09A,E38000031,NHS Central London (Westminster) CCG,E39000018,E40000003,68982,June
09C,E38000002,NHS Ashford CCG,E39000042,E40000005,71618,June
09D,E38000021,NHS Brighton and Hove CCG,E39000042,E40000005,106942,June
09E,E38000029,NHS Canterbury and Coastal CCG,E39000042,E40000005,105119,June
09F,E38000055,"NHS Eastbourne, Hailsham and Seaford CCG",E39000042,E40000005,93103,June
09G,E38000213,NHS Coastal West Sussex CCG,E39000042,E40000005,233260,June
09H,E38000039,NHS Crawley CCG,E39000042,E40000005,53819,June
09L,E38000054,NHS East Surrey CCG,E39000042,E40000005,73981,June
09N,E38000214,NHS Guildford and Waverley CCG,E39000042,E40000005,80265,June
09P,E38000076,NHS Hastings and Rother CCG,E39000042,E40000005,87392,June
09W,E38000104,NHS Medway CCG,E39000042,E40000005,75850,June
09X,E38000083,NHS Horsham and Mid Sussex CCG,E39000042,E40000005,84481,June
09Y,E38000128,NHS North West Surrey CCG,E39000042,E40000005,124900,June
10A,E38000156,NHS South Kent Coast CCG,E39000042,E40000005,42606,June
10C,E38000178,NHS Surrey Heath CCG,E39000041,E40000005,44324,June
10D,E38000180,NHS Swale CCG,E39000042,E40000005,40930,June
10E,E38000184,NHS Thanet CCG,E39000042,E40000005,58136,June
10J,E38000120,NHS North Hampshire CCG,E39000041,E40000005,79277,June
10K,E38000059,NHS Fareham and Gosport CCG,E39000041,E40000005,76827,June
10L,E38000087,NHS Isle of Wight CCG,E39000041,E40000005,66666,June
10Q,E38000136,NHS Oxfordshire CCG,E39000041,E40000005,296211,June
10R,E38000137,NHS Portsmouth CCG,E39000041,E40000005,79479,June
10V,E38000154,NHS South Eastern Hampshire CCG,E39000041,E40000005,80938,June
10X,E38000167,NHS Southampton CCG,E39000041,E40000005,105526,June
11A,E38000198,NHS West Hampshire CCG,E39000041,E40000005,197049,June
11E,E38000009,NHS Bath and North East Somerset CCG,E39000043,E40000006,87931,June
11J,E38000045,NHS Dorset CCG,E39000044,E40000006,346875,June
11M,E38000062,NHS Gloucestershire CCG,E39000043,E40000006,239658,June
11N,E38000089,NHS Kernow CCG,E39000044,E40000006,133772,June
11X,E38000150,NHS Somerset CCG,E39000044,E40000006,208460,June
12D,E38000181,NHS Swindon CCG,E39000043,E40000006,97326,June
12F,E38000208,NHS Wirral CCG,E39000026,E40000001,135227,June
13T,E38000212,NHS Newcastle Gateshead CCG,E39000039,E40000001,203701,June
14L,E38000217,NHS Manchester CCG,E39000037,E40000001,208664,June
14Y,E38000223,NHS Buckinghamshire CCG,E39000041,E40000005,180423,June
15A,E38000221,NHS Berkshire West,E39000041,E40000005,153326,June
15C,E38000222,"NHS Bristol, North Somerset and South Gloucestershire CCG",E39000043,E40000006,438380,June
15D,E38000224,NHS East Berkshire CCG,E39000041,E40000005,150639,June
15E,E38000220,NHS Birmingham and Solihull CCG,E39000033,E40000002,503043,June
15F,E38000225,NHS Leeds CCG,E39000029,E40000001,379102,June
99A,E38000101,NHS Liverpool CCG,E39000026,E40000001,198938,June
99C,E38000127,NHS North Tyneside CCG,E39000039,E40000001,87772,June
99D,E38000157,NHS South Lincolnshire CCG,E39000030,E40000002,73755,June
99E,E38000007,NHS Basildon and Brentwood CCG,E39000031,E40000002,95887,June
99F,E38000030,NHS Castle Point and Rochford CCG,E39000031,E40000002,63282,June
99G,E38000168,NHS Southend CCG,E39000031,E40000002,61677,June
99H,E38000177,NHS Surrey Downs CCG,E39000042,E40000005,114763,June
99J,E38000199,NHS West Kent CCG,E39000042,E40000005,106725,June
99K,E38000081,NHS High Weald Lewes Havens CCG,E39000042,E40000005,70011,June
99M,E38000118,NHS North East Hampshire and Farnham CCG,E39000041,E40000005,80869,June
99N,E38000206,NHS Wiltshire CCG,E39000043,E40000006,239371,June
99P,E38000129,"NHS Northern, Eastern and Western Devon CCG",E39000044,E40000006,432520,June
99Q,E38000152,NHS South Devon and Torbay CCG,E39000044,E40000006,153467,June
