Month,Year,Total_GP_appointments
April,2018,22102023
April,2019,22829868
April,2020,15835467
April,2021,23802512
April,2022,23892526
April,2023,24149972
April,2024,30380865
August,2018,21518463
August,2019,22501061
August,2020,20083871
August,2021,23753983
August,2022,26478558
August,2023,28194025
August,2024,27512604
December,2018,20731110
December,2019,23309384
December,2020,23736340
December,2021,25077056
December,2022,26750950
December,2023,25771947
December,2024,NA
February,2018,22256320
February,2019,23077849
February,2020,13264447
February,2021,13448363
February,2022,25326945
February,2023,27257347
February,2024,30448535
January,2018,25331515
January,2019,25457205
January,2020,14997296
January,2021,13670625
January,2022,25555604
January,2023,29442876
January,2024,32409039
July,2018,22723785
July,2019,25914015
July,2020,22413336
July,2021,23919728
July,2022,25914055
July,2023,27761360
July,2024,31538675
June,2018,22147049
June,2019,22825905
June,2020,20640372
June,2021,25433367
June,2022,25828078
June,2023,29389537
June,2024,28477155
March,2018,23437784
March,2019,24070826
March,2020,13307203
March,2021,16246665
March,2022,29574021
March,2023,31418946
March,2024,29800862
May,2018,23178584
May,2019,23631344
May,2020,16375240
May,2021,23423419
May,2022,27489577
May,2023,27677599
May,2024,30394661
November,2018,26072410
November,2019,26448308
November,2020,24999273
November,2021,30326400
November,2022,31229129
November,2023,31455487
November,2024,31447992
October,2018,27084027
October,2019,29658300
October,2020,28236193
October,2021,30207145
October,2022,31989580
October,2023,34199547
October,2024,38464170
September,2018,21903722
September,2019,25424754
September,2020,26655638
September,2021,27119935
September,2022,28251282
September,2023,31091178
September,2024,29867595
