Type,NHS_area_code,ONS_code,Name,Count_gp_appointments,Attended,Did_not_attend,Unknown,Month
National,ENG,ENG,England,25 771 947,23 136 205,1 180 483,1 455 259,December
Region,Y56,E40000003,London,3 802 610,3 359 239,230 783,212 588,December
Region,Y58,E40000006,South West,2 789 831,2 528 767,104 224,156 840,December
Region,Y59,E40000005,South East,3 942 441,3 554 958,165 580,221 903,December
Region,Y60,E40000011,Midlands,5 003 384,4 497 981,230 046,275 357,December
Region,Y61,E40000007,East of England,2 980 154,2 685 290,110 277,184 587,December
Region,Y62,E40000010,North West,3 044 509,2 713 051,169 955,161 503,December
Region,Y63,E40000012,North East and Yorkshire,4 209 018,3 796 919,169 618,242 481,December
ICB,QE1,E54000048,NHS Lancashire and South Cumbria Integrated Care Board,725 722,653 344,36 874,35 504,December
ICB,QF7,E54000061,NHS South Yorkshire Integrated Care Board,681 889,609 034,29 176,43 679,December
ICB,QGH,E54000019,NHS Herefordshire and Worcestershire Integrated Care Board,401 885,367 597,16 505,17 783,December
ICB,QH8,E54000026,NHS Mid and South Essex Integrated Care Board,494 282,446 923,15 654,31 705,December
ICB,QHG,E54000024,"NHS Bedfordshire, Luton and Milton Keynes Integrated Care Board",422 587,374 650,19 725,28 212,December
ICB,QHL,E54000055,NHS Birmingham and Solihull Integrated Care Board,647 050,569 075,42 432,35 543,December
ICB,QHM,E54000050,NHS North East and North Cumbria Integrated Care Board,1 439 168,1 295 403,63 160,80 605,December
ICB,QJ2,E54000058,NHS Derby and Derbyshire Integrated Care Board,510 009,458 495,18 073,33 441,December
ICB,QJG,E54000023,NHS Suffolk and North East Essex Integrated Care Board,452 548,412 595,14 495,25 458,December
ICB,QJK,E54000037,NHS Devon Integrated Care Board,646 836,587 317,22 302,37 217,December
ICB,QJM,E54000013,NHS Lincolnshire Integrated Care Board,385 368,348 235,13 878,23 255,December
ICB,QK1,E54000015,"NHS Leicester, Leicestershire and Rutland Integrated Care Board",543 882,488 886,21 301,33 695,December
ICB,QKK,E54000030,NHS South East London Integrated Care Board,636 577,552 764,40 721,43 092,December
ICB,QKS,E54000032,NHS Kent and Medway Integrated Care Board,780 886,702 997,35 651,42 238,December
ICB,QM7,E54000025,NHS Hertfordshire and West Essex Integrated Care Board,601 442,543 535,23 398,34 509,December
ICB,QMF,E54000029,NHS North East London Integrated Care Board,861 120,754 451,59 841,46 828,December
ICB,QMJ,E54000028,NHS North Central London Integrated Care Board,578 058,515 614,34 834,27 610,December
ICB,QMM,E54000022,NHS Norfolk and Waveney Integrated Care Board,529 072,474 043,19 810,35 219,December
ICB,QNC,E54000010,NHS Staffordshire and Stoke-on-Trent Integrated Care Board,466 525,418 187,22 171,26 167,December
ICB,QNQ,E54000034,NHS Frimley Integrated Care Board,335 945,302 731,17 587,15 627,December
ICB,QNX,E54000053,NHS Sussex Integrated Care Board,781 872,704 304,28 657,48 911,December
ICB,QOC,E54000011,"NHS Shropshire, Telford and Wrekin Integrated Care Board",214 482,196 342,8 903,9 237,December
ICB,QOP,E54000057,NHS Greater Manchester Integrated Care Board,1 202 744,1 062 411,74 078,66 255,December
ICB,QOQ,E54000051,NHS Humber and North Yorkshire Integrated Care Board,826 041,752 199,28 106,45 736,December
ICB,QOX,E54000040,"NHS Bath and North East Somerset, Swindon and Wiltshire Integrated Care Board",466 318,423 419,14 685,28 214,December
ICB,QPM,E54000059,NHS Northamptonshire Integrated Care Board,335 026,305 486,11 130,18 410,December
ICB,QR1,E54000043,NHS Gloucestershire Integrated Care Board,330 539,300 235,10 695,19 609,December
ICB,QRL,E54000042,NHS Hampshire and the Isle of Wight Integrated Care Board,811 699,737 323,34 681,39 695,December
ICB,QRV,E54000027,NHS North West London Integrated Care Board,1 116 156,991 265,62 030,62 861,December
ICB,QSL,E54000038,NHS Somerset Integrated Care Board,253 227,226 189,11 403,15 635,December
ICB,QT1,E54000060,NHS Nottingham and Nottinghamshire Integrated Care Board,556 923,500 743,24 346,31 834,December
ICB,QT6,E54000036,NHS Cornwall and the Isles of Scilly Integrated Care Board,319 445,288 842,11 850,18 753,December
ICB,QU9,E54000044,"NHS Buckinghamshire, Oxfordshire and Berkshire West Integrated Care Board",762 005,696 112,31 631,34 262,December
ICB,QUA,E54000062,NHS Black Country Integrated Care Board,532 361,472 510,31 644,28 207,December
ICB,QUE,E54000056,NHS Cambridgeshire and Peterborough Integrated Care Board,480 223,433 544,17 195,29 484,December
ICB,QUY,E54000039,"NHS Bristol, North Somerset and South Gloucestershire Integrated Care Board",406 998,369 609,21 212,16 177,December
ICB,QVV,E54000041,NHS Dorset Integrated Care Board,366 468,333 156,12 077,21 235,December
ICB,QWE,E54000031,NHS South West London Integrated Care Board,610 699,545 145,33 357,32 197,December
ICB,QWO,E54000054,NHS West Yorkshire Integrated Care Board,1 261 920,1 140 283,49 176,72 461,December
ICB,QWU,E54000018,NHS Coventry and Warwickshire Integrated Care Board,409 873,372 425,19 663,17 785,December
ICB,QXU,E54000052,NHS Surrey Heartlands Integrated Care Board,470 034,411 491,17 373,41 170,December
ICB,QYG,E54000008,NHS Cheshire and Merseyside Integrated Care Board,1 116 043,997 296,59 003,59 744,December
Sub ICB Location,00L,E38000130,NHS North East and North Cumbria ICB - 00L,167 690,152 448,6 293,8 949,December
Sub ICB Location,00N,E38000163,NHS North East and North Cumbria ICB - 00N,57 524,51 325,2 793,3 406,December
Sub ICB Location,00P,E38000176,NHS North East and North Cumbria ICB - 00P,115 773,103 609,6 482,5 682,December
Sub ICB Location,00Q,E38000014,NHS Lancashire and South Cumbria ICB - 00Q,66 509,58 947,3 663,3 899,December
Sub ICB Location,00R,E38000015,NHS Lancashire and South Cumbria ICB - 00R,76 560,68 769,4 760,3 031,December
Sub ICB Location,00T,E38000016,NHS Greater Manchester ICB - 00T,141 157,124 384,9 710,7 063,December
Sub ICB Location,00V,E38000024,NHS Greater Manchester ICB - 00V,69 195,61 034,3 747,4 414,December
Sub ICB Location,00X,E38000034,NHS Lancashire and South Cumbria ICB - 00X,72 295,65 450,3 409,3 436,December
Sub ICB Location,00Y,E38000135,NHS Greater Manchester ICB - 00Y,94 874,84 982,5 598,4 294,December
Sub ICB Location,01A,E38000050,NHS Lancashire and South Cumbria ICB - 01A,151 157,133 204,8 623,9 330,December
Sub ICB Location,01D,E38000080,NHS Greater Manchester ICB - 01D,88 244,78 636,5 442,4 166,December
Sub ICB Location,01E,E38000227,NHS Lancashire and South Cumbria ICB - 01E,85 139,75 900,4 161,5 078,December
Sub ICB Location,01F,E38000068,NHS Cheshire and Merseyside ICB - 01F,48 395,42 237,2 878,3 280,December
Sub ICB Location,01G,E38000143,NHS Greater Manchester ICB - 01G,125 685,107 964,8 004,9 717,December
Sub ICB Location,01H,E38000215,NHS North East and North Cumbria ICB - 01H,160 985,146 837,6 108,8 040,December
Sub ICB Location,01J,E38000091,NHS Cheshire and Merseyside ICB - 01J,67 569,59 463,4 254,3 852,December
Sub ICB Location,01K,E38000228,NHS Lancashire and South Cumbria ICB - 01K,140 069,128 821,6 537,4 711,December
Sub ICB Location,01T,E38000161,NHS Cheshire and Merseyside ICB - 01T,45 062,40 102,2 077,2 883,December
Sub ICB Location,01V,E38000170,NHS Cheshire and Merseyside ICB - 01V,59 336,54 825,2 057,2 454,December
Sub ICB Location,01W,E38000174,NHS Greater Manchester ICB - 01W,142 043,129 473,7 180,5 390,December
Sub ICB Location,01X,E38000172,NHS Cheshire and Merseyside ICB - 01X,77 846,66 180,3 906,7 760,December
Sub ICB Location,01Y,E38000263,NHS Greater Manchester ICB - 01Y,86 018,74 823,5 954,5 241,December
Sub ICB Location,02A,E38000187,NHS Greater Manchester ICB - 02A,80 471,72 111,4 101,4 259,December
Sub ICB Location,02E,E38000194,NHS Cheshire and Merseyside ICB - 02E,91 061,83 726,3 280,4 055,December
Sub ICB Location,02G,E38000200,NHS Lancashire and South Cumbria ICB - 02G,47 758,43 456,1 872,2 430,December
Sub ICB Location,02H,E38000205,NHS Greater Manchester ICB - 02H,127 208,112 566,6 665,7 977,December
Sub ICB Location,02M,E38000226,NHS Lancashire and South Cumbria ICB - 02M,86 235,78 797,3 849,3 589,December
Sub ICB Location,02P,E38000006,NHS South Yorkshire ICB - 02P,115 574,102 003,4 892,8 679,December
Sub ICB Location,02Q,E38000008,NHS Nottingham and Nottinghamshire ICB - 02Q,68 421,63 047,2 390,2 984,December
Sub ICB Location,02T,E38000025,NHS West Yorkshire ICB - 02T,101 794,93 141,4 052,4 601,December
Sub ICB Location,02X,E38000044,NHS South Yorkshire ICB - 02X,149 826,134 803,6 967,8 056,December
Sub ICB Location,02Y,E38000052,NHS Humber and North Yorkshire ICB - 02Y,139 549,127 304,4 333,7 912,December
Sub ICB Location,03F,E38000085,NHS Humber and North Yorkshire ICB - 03F,111 173,98 332,6 231,6 610,December
Sub ICB Location,03H,E38000119,NHS Humber and North Yorkshire ICB - 03H,99 531,90 639,3 035,5 857,December
Sub ICB Location,03K,E38000122,NHS Humber and North Yorkshire ICB - 03K,86 511,77 539,2 786,6 186,December
Sub ICB Location,03L,E38000141,NHS South Yorkshire ICB - 03L,138 560,121 790,5 689,11 081,December
Sub ICB Location,03N,E38000146,NHS South Yorkshire ICB - 03N,277 929,250 438,11 628,15 863,December
Sub ICB Location,03Q,E38000188,NHS Humber and North Yorkshire ICB - 03Q,161 661,149 183,4 986,7 492,December
Sub ICB Location,03R,E38000190,NHS West Yorkshire ICB - 03R,190 919,173 436,6 832,10 651,December
Sub ICB Location,03W,E38000051,"NHS Leicester, Leicestershire and Rutland ICB - 03W",167 978,152 828,5 511,9 639,December
Sub ICB Location,04C,E38000097,"NHS Leicester, Leicestershire and Rutland ICB - 04C",184 244,162 194,8 869,13 181,December
Sub ICB Location,04V,E38000201,"NHS Leicester, Leicestershire and Rutland ICB - 04V",191 660,173 864,6 921,10 875,December
Sub ICB Location,04Y,E38000028,NHS Staffordshire and Stoke-on-Trent ICB - 04Y,57 608,51 368,2 532,3 708,December
Sub ICB Location,05D,E38000053,NHS Staffordshire and Stoke-on-Trent ICB - 05D,63 611,57 126,2 872,3 613,December
Sub ICB Location,05G,E38000126,NHS Staffordshire and Stoke-on-Trent ICB - 05G,90 451,82 151,3 231,5 069,December
Sub ICB Location,05Q,E38000153,NHS Staffordshire and Stoke-on-Trent ICB - 05Q,84 163,77 341,3 863,2 959,December
Sub ICB Location,05V,E38000173,NHS Staffordshire and Stoke-on-Trent ICB - 05V,59 811,54 786,2 878,2 147,December
Sub ICB Location,05W,E38000175,NHS Staffordshire and Stoke-on-Trent ICB - 05W,110 881,95 415,6 795,8 671,December
Sub ICB Location,06H,E38000260,NHS Cambridgeshire and Peterborough ICB - 06H,480 223,433 544,17 195,29 484,December
Sub ICB Location,06K,E38000049,NHS Hertfordshire and West Essex ICB - 06K,238 672,216 080,7 853,14 739,December
Sub ICB Location,06L,E38000086,NHS Suffolk and North East Essex ICB - 06L,174 913,158 801,5 138,10 974,December
Sub ICB Location,06N,E38000079,NHS Hertfordshire and West Essex ICB - 06N,239 922,215 469,10 829,13 624,December
Sub ICB Location,06Q,E38000106,NHS Mid and South Essex ICB - 06Q,151 670,137 054,5 090,9 526,December
Sub ICB Location,06T,E38000117,NHS Suffolk and North East Essex ICB - 06T,155 922,140 279,6 136,9 507,December
Sub ICB Location,07G,E38000185,NHS Mid and South Essex ICB - 07G,84 296,75 997,2 629,5 670,December
Sub ICB Location,07H,E38000197,NHS Hertfordshire and West Essex ICB - 07H,122 848,111 986,4 716,6 146,December
Sub ICB Location,07K,E38000204,NHS Suffolk and North East Essex ICB - 07K,121 713,113 515,3 221,4 977,December
Sub ICB Location,09D,E38000021,NHS Sussex ICB - 09D,119 503,106 515,5 251,7 737,December
Sub ICB Location,10Q,E38000136,"NHS Buckinghamshire, Oxfordshire and Berkshire West ICB - 10Q",322 554,295 513,14 016,13 025,December
Sub ICB Location,10R,E38000137,NHS Hampshire and Isle Of Wight ICB - 10R,80 080,73 565,3 232,3 283,December
Sub ICB Location,11J,E38000045,NHS Dorset ICB - 11J,366 468,333 156,12 077,21 235,December
Sub ICB Location,11M,E38000062,NHS Gloucestershire ICB - 11M,330 539,300 235,10 695,19 609,December
Sub ICB Location,11N,E38000089,NHS Cornwall and The Isles Of Scilly ICB - 11N,319 445,288 842,11 850,18 753,December
Sub ICB Location,11X,E38000150,NHS Somerset ICB - 11X,253 227,226 189,11 403,15 635,December
Sub ICB Location,12F,E38000208,NHS Cheshire and Merseyside ICB - 12F,174 059,155 798,9 445,8 816,December
Sub ICB Location,13T,E38000212,NHS North East and North Cumbria ICB - 13T,218 436,195 633,11 908,10 895,December
Sub ICB Location,14L,E38000217,NHS Greater Manchester ICB - 14L,247 849,216 438,17 677,13 734,December
Sub ICB Location,14Y,E38000223,"NHS Buckinghamshire, Oxfordshire and Berkshire West ICB - 14Y",220 907,202 384,8 736,9 787,December
Sub ICB Location,15A,E38000221,"NHS Buckinghamshire, Oxfordshire and Berkshire West ICB - 15A",218 544,198 215,8 879,11 450,December
Sub ICB Location,15C,E38000222,"NHS Bristol, North Somerset and South Gloucestershire ICB - 15C",406 998,369 609,21 212,16 177,December
Sub ICB Location,15E,E38000258,NHS Birmingham and Solihull ICB - 15E,647 050,569 075,42 432,35 543,December
Sub ICB Location,15F,E38000225,NHS West Yorkshire ICB - 15F,365 506,329 445,17 175,18 886,December
Sub ICB Location,15M,E38000261,NHS Derby and Derbyshire ICB - 15M,510 009,458 495,18 073,33 441,December
Sub ICB Location,15N,E38000230,NHS Devon ICB - 15N,646 836,587 317,22 302,37 217,December
Sub ICB Location,16C,E38000247,NHS North East and North Cumbria ICB - 16C,309 955,276 944,13 704,19 307,December
Sub ICB Location,18C,E38000236,NHS Herefordshire and Worcestershire ICB - 18C,401 885,367 597,16 505,17 783,December
Sub ICB Location,26A,E38000239,NHS Norfolk and Waveney ICB - 26A,529 072,474 043,19 810,35 219,December
Sub ICB Location,27D,E38000233,NHS Cheshire and Merseyside ICB - 27D,325 840,294 855,15 659,15 326,December
Sub ICB Location,36J,E38000232,NHS West Yorkshire ICB - 36J,365 544,329 616,12 686,23 242,December
Sub ICB Location,36L,E38000245,NHS South West London ICB - 36L,610 699,545 145,33 357,32 197,December
Sub ICB Location,42D,E38000241,NHS Humber and North Yorkshire ICB - 42D,227 616,209 202,6 735,11 679,December
Sub ICB Location,52R,E38000243,NHS Nottingham and Nottinghamshire ICB - 52R,488 502,437 696,21 956,28 850,December
Sub ICB Location,70F,E38000248,NHS Sussex ICB - 70F,398 764,364 759,12 348,21 657,December
Sub ICB Location,71E,E38000238,NHS Lincolnshire ICB - 71E,385 368,348 235,13 878,23 255,December
Sub ICB Location,72Q,E38000244,NHS South East London ICB - 72Q,636 577,552 764,40 721,43 092,December
Sub ICB Location,78H,E38000262,NHS Northamptonshire ICB - 78H,335 026,305 486,11 130,18 410,December
Sub ICB Location,84H,E38000234,NHS North East and North Cumbria ICB - 84H,310 093,280 058,11 725,18 310,December
Sub ICB Location,91Q,E38000237,NHS Kent and Medway ICB - 91Q,780 886,702 997,35 651,42 238,December
Sub ICB Location,92A,E38000246,NHS Surrey Heartlands ICB - 92A,470 034,411 491,17 373,41 170,December
Sub ICB Location,92G,E38000231,"NHS Bath and North East Somerset, Swindon and Wiltshire ICB - 92G",466 318,423 419,14 685,28 214,December
Sub ICB Location,93C,E38000240,NHS North Central London ICB - 93C,578 058,515 614,34 834,27 610,December
Sub ICB Location,97R,E38000235,NHS Sussex ICB - 97R,263 605,233 030,11 058,19 517,December
Sub ICB Location,99A,E38000101,NHS Cheshire and Merseyside ICB - 99A,226 875,200 110,15 447,11 318,December
Sub ICB Location,99C,E38000127,NHS North East and North Cumbria ICB - 99C,98 712,88 549,4 147,6 016,December
Sub ICB Location,99E,E38000007,NHS Mid and South Essex ICB - 99E,123 780,112 112,3 204,8 464,December
Sub ICB Location,99F,E38000030,NHS Mid and South Essex ICB - 99F,67 717,61 063,1 957,4 697,December
Sub ICB Location,99G,E38000168,NHS Mid and South Essex ICB - 99G,66 819,60 697,2 774,3 348,December
Sub ICB Location,A3A8R,E38000255,NHS North East London ICB - A3A8R,861 120,754 451,59 841,46 828,December
Sub ICB Location,B2M3M,E38000251,NHS Coventry and Warwickshire ICB - B2M3M,409 873,372 425,19 663,17 785,December
Sub ICB Location,D2P2L,E38000259,NHS Black Country ICB - D2P2L,532 361,472 510,31 644,28 207,December
Sub ICB Location,D4U1Y,E38000252,NHS Frimley ICB - D4U1Y,335 945,302 731,17 587,15 627,December
Sub ICB Location,D9Y0V,E38000253,NHS Hampshire and Isle Of Wight ICB - D9Y0V,731 619,663 758,31 449,36 412,December
Sub ICB Location,M1J4Y,E38000249,"NHS Bedfordshire, Luton and Milton Keynes ICB - M1J4Y",422 587,374 650,19 725,28 212,December
Sub ICB Location,M2L0M,E38000257,"NHS Shropshire, Telford and Wrekin ICB - M2L0M",214 482,196 342,8 903,9 237,December
Sub ICB Location,W2U3Z,E38000256,NHS North West London ICB - W2U3Z,1 116 156,991 265,62 030,62 861,December
Sub ICB Location,X2C4Y,E38000254,NHS West Yorkshire ICB - X2C4Y,238 157,214 645,8 431,15 081,December
