Type,NHS_area_code,ONS_code,Name,Count_gp_appointments,Attended,Did_not_attend,Unknown,Month
National,ENG,ENG,England,16 375 240,14 926 202,445 031,1 004 007,May
Region,Y56,E40000003,London,2 289 710,2 129 230,72 802,87 678,May
Region,Y58,E40000006,South West,1 909 141,1 725 050,50 445,133 646,May
Region,Y59,E40000005,South East,2 405 912,2 222 542,62 995,120 375,May
Region,Y60,E40000008,Midlands,3 134 590,2 850 607,87 747,196 236,May
Region,Y61,E40000007,East of England,1 970 423,1 781 342,39 886,149 195,May
Region,Y62,E40000010,North West,1 859 192,1 707 577,68 634,82 981,May
Region,Y63,E40000009,North East and Yorkshire,2 806 272,2 509 854,62 522,233 896,May
STP,QE1,E54000048,Healthier Lancashire And South Cumbria  STP,456 127,424 016,15 641,16 470,May
STP,QF7,E54000009,South Yorkshire And Bassetlaw  STP,484 302,429 679,11 559,43 064,May
STP,QGH,E54000019,Herefordshire And Worcestershire  STP,223 855,211 293,6 162,6 400,May
STP,QH8,E54000026,Mid And South Essex  STP,328 545,300 491,4 603,23 451,May
STP,QHG,E54000024,"Bedfordshire, Luton And Milton Keynes  STP",284 726,255 963,6 168,22 595,May
STP,QHL,E54000017,Birmingham And Solihull  STP,334 914,307 048,12 244,15 622,May
STP,QHM,E54000050,Cumbria And North East  STP,997 513,898 586,26 751,72 176,May
STP,QJ2,E54000012,Joined Up Care Derbyshire  STP,351 229,312 549,5 912,32 768,May
STP,QJG,E54000023,Suffolk And North East Essex  STP,319 413,289 518,5 408,24 487,May
STP,QJK,E54000037,Devon  STP,447 862,404 248,9 481,34 133,May
STP,QJM,E54000013,Lincolnshire  STP,212 150,189 334,5 189,17 627,May
STP,QK1,E54000015,"Leicester, Leicestershire And Rutland  STP",357 677,323 286,7 654,26 737,May
STP,QKK,E54000030,Our Healthier South East London  STP,440 865,409 122,16 947,14 796,May
STP,QKS,E54000032,Kent And Medway  STP,465 832,429 954,15 026,20 852,May
STP,QM7,E54000025,Hertfordshire And West Essex  STP,396 839,358 678,9 307,28 854,May
STP,QMF,E54000029,East London Health And Care Partnership  STP,488 472,452 468,16 894,19 110,May
STP,QMJ,E54000028,North London Partners In Health And Care  STP,348 230,324 977,11 957,11 296,May
STP,QMM,E54000022,Norfolk And Waveney Health And Care Partnership  STP,345 032,308 893,7 116,29 023,May
STP,QNC,E54000010,Staffordshire And Stoke On Trent  STP,282 625,262 446,8 670,11 509,May
STP,QNQ,E54000034,Frimley Health And Care Ics  STP,187 464,176 561,5 540,5 363,May
STP,QNX,E54000053,Sussex And East Surrey Health And Care Partnership  STP,515 566,465 086,10 584,39 896,May
STP,QOC,E54000011,Shropshire And Telford And Wrekin  STP,151 427,142 794,4 226,4 407,May
STP,QOP,E54000007,Greater Manchester Health And Social Care Partnership  STP,688 119,624 848,27 212,36 059,May
STP,QOQ,E54000051,"Humber, Coast And Vale  STP",506 268,447 409,9 327,49 532,May
STP,QOX,E54000040,"Bath And North East Somerset, Swindon And Wiltshire  STP",326 000,289 492,5 474,31 034,May
STP,QPM,E54000020,Northamptonshire  STP,227 193,204 509,4 587,18 097,May
STP,QR1,E54000043,Gloucestershire  STP,194 112,174 779,3 695,15 638,May
STP,QRL,E54000042,Hampshire And The Isle Of Wight  STP,479 020,440 510,12 160,26 350,May
STP,QRV,E54000027,North West London Health And Care Partnership  STP,623 986,580 539,13 993,29 454,May
STP,QSL,E54000038,Somerset  STP,180 486,167 240,5 538,7 708,May
STP,QT1,E54000014,Nottingham And Nottinghamshire Health And Care  STP,337 543,292 854,7 836,36 853,May
STP,QT6,E54000036,Cornwall And The Isles Of Scilly Health And Social Care Partnership  STP,225 151,200 798,12 609,11 744,May
STP,QU9,E54000044,"Buckinghamshire, Oxfordshire And Berkshire West  STP",491 463,460 782,12 268,18 413,May
STP,QUA,E54000016,The Black Country And West Birmingham  STP,389 238,355 075,16 895,17 268,May
STP,QUE,E54000021,Cambridgeshire And Peterborough  STP,295 868,267 799,7 284,20 785,May
STP,QUY,E54000039,"Bristol, North Somerset And South Gloucestershire  STP",274 220,257 775,8 125,8 320,May
STP,QVV,E54000041,Dorset  STP,261 310,230 718,5 523,25 069,May
STP,QWE,E54000031,South West London Health And Care Partnership  STP,388 157,362 124,13 011,13 022,May
STP,QWO,E54000054,West Yorkshire And Harrogate (Health And Care Partnership)  STP,818 189,734 180,14 885,69 124,May
STP,QWU,E54000018,Coventry And Warwickshire  STP,266 739,249 419,8 372,8 948,May
STP,QXU,E54000052,Surrey Heartlands Health And Care Partnership  STP,266 567,249 649,7 417,9 501,May
STP,QYG,E54000008,Cheshire And Merseyside  STP,714 946,658 713,25 781,30 452,May
CCG,00L,E38000130,NHS Northumberland CCG,117 776,105 380,2 439,9 957,May
CCG,00N,E38000163,NHS South Tyneside CCG,41 066,38 600,1 092,1 374,May
CCG,00P,E38000176,NHS Sunderland CCG,82 161,75 859,3 653,2 649,May
CCG,00Q,E38000014,NHS Blackburn with Darwen CCG,40 137,37 233,2 037,867,May
CCG,00R,E38000015,NHS Blackpool CCG,55 731,52 300,2 160,1 271,May
CCG,00T,E38000016,NHS Bolton CCG,88 857,80 227,3 659,4 971,May
CCG,00V,E38000024,NHS Bury CCG,12 537,10 078,612,1 847,May
CCG,00X,E38000034,NHS Chorley and South Ribble CCG,40 440,37 375,1 232,1 833,May
CCG,00Y,E38000135,NHS Oldham CCG,60 159,55 359,2 345,2 455,May
CCG,01A,E38000050,NHS East Lancashire CCG,95 925,88 520,3 779,3 626,May
CCG,01D,E38000080,"NHS Heywood, Middleton and Rochdale CCG",58 322,53 936,2 129,2 257,May
CCG,01E,E38000227,NHS Greater Preston CCG,45 810,42 147,1 645,2 018,May
CCG,01F,E38000068,NHS Halton CCG,35 449,32 438,1 336,1 675,May
CCG,01G,E38000143,NHS Salford CCG,83 360,72 329,3 808,7 223,May
CCG,01H,E38000215,NHS North Cumbria CCG,111 451,103 125,3 394,4 932,May
CCG,01J,E38000091,NHS Knowsley CCG,48 068,43 694,2 004,2 370,May
CCG,01K,E38000228,NHS Morecambe Bay CCG,93 205,87 213,2 591,3 401,May
CCG,01T,E38000161,NHS South Sefton CCG,35 677,33 742,1 098,837,May
CCG,01V,E38000170,NHS Southport and Formby CCG,34 329,32 199,902,1 228,May
CCG,01W,E38000174,NHS Stockport CCG,82 257,75 673,2 744,3 840,May
CCG,01X,E38000172,NHS St Helens CCG,48 865,44 433,2 191,2 241,May
CCG,01Y,E38000182,NHS Tameside and Glossop CCG,66 800,61 823,2 532,2 445,May
CCG,02A,E38000187,NHS Trafford CCG,28 479,25 967,1 349,1 163,May
CCG,02E,E38000194,NHS Warrington CCG,63 809,59 264,1 134,3 411,May
CCG,02G,E38000200,NHS West Lancashire CCG,32 363,30 256,1 243,864,May
CCG,02H,E38000205,NHS Wigan Borough CCG,66 322,59 050,2 298,4 974,May
CCG,02M,E38000226,NHS Fylde and Wyre CCG,52 516,48 972,954,2 590,May
CCG,02P,E38000006,NHS Barnsley CCG,76 872,68 904,1 889,6 079,May
CCG,02Q,E38000008,NHS Bassetlaw CCG,38 915,34 321,924,3 670,May
CCG,02T,E38000025,NHS Calderdale CCG,56 233,51 811,922,3 500,May
CCG,02X,E38000044,NHS Doncaster CCG,92 970,85 078,1 942,5 950,May
CCG,02Y,E38000052,NHS East Riding of Yorkshire CCG,84 531,76 688,1 443,6 400,May
CCG,03A,E38000064,NHS Greater Huddersfield CCG,74 792,68 267,1 314,5 211,May
CCG,03F,E38000085,NHS Hull CCG,72 940,64 123,2 419,6 398,May
CCG,03H,E38000119,NHS North East Lincolnshire CCG,54 424,47 800,1 065,5 559,May
CCG,03J,E38000121,NHS North Kirklees CCG,60 341,55 731,1 009,3 601,May
CCG,03K,E38000122,NHS North Lincolnshire CCG,61 233,52 831,634,7 768,May
CCG,03L,E38000141,NHS Rotherham CCG,86 678,77 474,1 990,7 214,May
CCG,03N,E38000146,NHS Sheffield CCG,188 867,163 902,4 814,20 151,May
CCG,03Q,E38000188,NHS Vale of York CCG,85 088,79 123,1 530,4 435,May
CCG,03R,E38000190,NHS Wakefield CCG,130 076,116 023,2 206,11 847,May
CCG,03W,E38000051,NHS East Leicestershire and Rutland CCG,112 130,103 612,2 359,6 159,May
CCG,04C,E38000097,NHS Leicester City CCG,118 530,107 987,2 853,7 690,May
CCG,04F,E38000107,NHS Milton Keynes CCG,79 150,69 984,1 477,7 689,May
CCG,04V,E38000201,NHS West Leicestershire CCG,127 017,111 687,2 442,12 888,May
CCG,04Y,E38000028,NHS Cannock Chase CCG,35 584,33 087,915,1 582,May
CCG,05A,E38000038,NHS Coventry and Rugby CCG,129 591,120 979,4 801,3 811,May
CCG,05C,E38000046,NHS Dudley CCG,90 302,82 127,4 566,3 609,May
CCG,05D,E38000053,NHS East Staffordshire CCG,38 261,34 064,1 247,2 950,May
CCG,05G,E38000126,NHS North Staffordshire CCG,53 347,50 636,1 210,1 501,May
CCG,05H,E38000195,NHS Warwickshire North CCG,47 314,44 209,1 620,1 485,May
CCG,05L,E38000144,NHS Sandwell and West Birmingham CCG,157 468,143 995,5 944,7 529,May
CCG,05N,E38000147,NHS Shropshire CCG,98 337,92 656,2 382,3 299,May
CCG,05Q,E38000153,NHS South East Staffordshire and Seisdon Peninsula CCG,49 333,45 973,1 278,2 082,May
CCG,05R,E38000164,NHS South Warwickshire CCG,89 834,84 231,1 951,3 652,May
CCG,05V,E38000173,NHS Stafford and Surrounds CCG,41 134,38 680,1 109,1 345,May
CCG,05W,E38000175,NHS Stoke on Trent CCG,64 966,60 006,2 911,2 049,May
CCG,05X,E38000183,NHS Telford and Wrekin CCG,53 090,50 138,1 844,1 108,May
CCG,05Y,E38000191,NHS Walsall CCG,78 881,71 322,3 667,3 892,May
CCG,06A,E38000210,NHS Wolverhampton CCG,62 587,57 631,2 718,2 238,May
CCG,06F,E38000010,NHS Bedfordshire CCG,145 742,130 309,2 964,12 469,May
CCG,06H,E38000026,NHS Cambridgeshire and Peterborough CCG,295 868,267 799,7 284,20 785,May
CCG,06K,E38000049,NHS East and North Hertfordshire CCG,157 016,136 762,2 593,17 661,May
CCG,06L,E38000086,NHS Ipswich and East Suffolk CCG,136 266,119 739,2 100,14 427,May
CCG,06N,E38000079,NHS Herts Valley CCG,154 533,143 237,5 108,6 188,May
CCG,06P,E38000102,NHS Luton CCG,59 834,55 670,1 727,2 437,May
CCG,06Q,E38000106,NHS Mid Essex CCG,112 296,103 277,2 031,6 988,May
CCG,06T,E38000117,NHS North East Essex CCG,108 642,100 403,2 401,5 838,May
CCG,07G,E38000185,NHS Thurrock CCG,53 242,49 203,941,3 098,May
CCG,07H,E38000197,NHS West Essex CCG,85 290,78 679,1 606,5 005,May
CCG,07K,E38000204,NHS West Suffolk CCG,74 505,69 376,907,4 222,May
CCG,07L,E38000004,NHS Barking and Dagenham CCG,46 476,42 281,1 485,2 710,May
CCG,07P,E38000020,NHS Brent CCG,97 645,89 581,3 179,4 885,May
CCG,07T,E38000035,NHS City and Hackney CCG,79 243,73 911,2 912,2 420,May
CCG,07W,E38000048,NHS Ealing CCG,115 643,108 914,1 652,5 077,May
CCG,07Y,E38000084,NHS Hounslow CCG,78 766,72 584,1 378,4 804,May
CCG,08C,E38000070,NHS Hammersmith and Fulham CCG,61 657,56 995,866,3 796,May
CCG,08E,E38000074,NHS Harrow CCG,66 791,62 005,2 579,2 207,May
CCG,08F,E38000077,NHS Havering CCG,58 669,54 593,1 531,2 545,May
CCG,08G,E38000082,NHS Hillingdon CCG,70 442,66 607,1 844,1 991,May
CCG,08M,E38000113,NHS Newham CCG,86 640,78 592,3 532,4 516,May
CCG,08N,E38000138,NHS Redbridge CCG,66 778,61 326,2 458,2 994,May
CCG,08V,E38000186,NHS Tower Hamlets CCG,85 433,79 847,3 338,2 248,May
CCG,08W,E38000192,NHS Waltham Forest CCG,65 233,61 918,1 638,1 677,May
CCG,08Y,E38000202,NHS West London CCG,82 737,76 501,1 441,4 795,May
CCG,09A,E38000031,NHS Central London (Westminster) CCG,50 305,47 352,1 054,1 899,May
CCG,09D,E38000021,NHS Brighton and Hove CCG,82 044,74 481,1 462,6 101,May
CCG,10C,E38000178,NHS Surrey Heath CCG,20 718,19 986,426,306,May
CCG,10J,E38000120,NHS North Hampshire CCG,62 357,59 571,1 410,1 376,May
CCG,10K,E38000059,NHS Fareham and Gosport CCG,41 621,38 833,1 029,1 759,May
CCG,10L,E38000087,NHS Isle of Wight CCG,53 623,44 328,2 076,7 219,May
CCG,10Q,E38000136,NHS Oxfordshire CCG,209 548,197 255,5 340,6 953,May
CCG,10R,E38000137,NHS Portsmouth CCG,53 582,49 467,1 036,3 079,May
CCG,10V,E38000154,NHS South Eastern Hampshire CCG,59 913,54 356,2 372,3 185,May
CCG,10X,E38000167,NHS Southampton CCG,57 677,53 200,1 656,2 821,May
CCG,11A,E38000198,NHS West Hampshire CCG,150 247,140 755,2 581,6 911,May
CCG,11J,E38000045,NHS Dorset CCG,261 310,230 718,5 523,25 069,May
CCG,11M,E38000062,NHS Gloucestershire CCG,194 112,174 779,3 695,15 638,May
CCG,11N,E38000089,NHS Kernow CCG,225 151,200 798,12 609,11 744,May
CCG,11X,E38000150,NHS Somerset CCG,180 486,167 240,5 538,7 708,May
CCG,12F,E38000208,NHS Wirral CCG,102 552,92 888,3 793,5 871,May
CCG,13T,E38000212,NHS Newcastle Gateshead CCG,145 605,133 028,4 115,8 462,May
CCG,14L,E38000217,NHS Manchester CCG,141 026,130 406,5 736,4 884,May
CCG,14Y,E38000223,NHS Buckinghamshire CCG,143 504,135 423,3 389,4 692,May
CCG,15A,E38000221,NHS Berkshire West CCG,138 411,128 104,3 539,6 768,May
CCG,15C,E38000222,"NHS Bristol, North Somerset and South Gloucestershire CCG",274 220,257 775,8 125,8 320,May
CCG,15D,E38000224,NHS East Berkshire CCG,114 282,107 098,3 912,3 272,May
CCG,15E,E38000220,NHS Birmingham and Solihull CCG,334 914,307 048,12 244,15 622,May
CCG,15F,E38000225,NHS Leeds CCG,279 151,249 140,6 437,23 574,May
CCG,15M,E38000229,NHS Derby and Derbyshire CCG,351 229,312 549,5 912,32 768,May
CCG,15N,E38000230,NHS Devon CCG,447 862,404 248,9 481,34 133,May
CCG,16C,E38000247,NHS Tees Valley CCG,228 114,199 032,6 785,22 297,May
CCG,18C,E38000236,NHS Herefordshire and Worcestershire CCG,223 855,211 293,6 162,6 400,May
CCG,26A,E38000239,NHS Norfolk and Waveney CCG,345 032,308 893,7 116,29 023,May
CCG,27D,E38000233,NHS Cheshire CCG,189 885,176 586,6 857,6 442,May
CCG,36J,E38000232,NHS Bradford District and Craven CCG,217 596,193 208,2 997,21 391,May
CCG,36L,E38000245,NHS South West London CCG,388 157,362 124,13 011,13 022,May
CCG,42D,E38000241,NHS North Yorkshire CCG,148 052,126 844,2 236,18 972,May
CCG,52R,E38000243,NHS Nottingham and Nottinghamshire CCG,337 543,292 854,7 836,36 853,May
CCG,70F,E38000248,NHS West Sussex CCG,262 256,233 841,4 140,24 275,May
CCG,71E,E38000238,NHS Lincolnshire CCG,212 150,189 334,5 189,17 627,May
CCG,72Q,E38000244,NHS South East London CCG,440 865,409 122,16 947,14 796,May
CCG,78H,E38000242,NHS Northamptonshire CCG,227 193,204 509,4 587,18 097,May
CCG,84H,E38000234,NHS County Durham CCG,200 613,180 043,3 750,16 820,May
CCG,91Q,E38000237,NHS Kent and Medway CCG,465 832,429 954,15 026,20 852,May
CCG,92A,E38000246,NHS Surrey Heartlands CCG,266 567,249 649,7 417,9 501,May
CCG,92G,E38000231,"NHS Bath and North East Somerset, Swindon and Wiltshire CCG",326 000,289 492,5 474,31 034,May
CCG,93C,E38000240,NHS North Central London CCG,348 230,324 977,11 957,11 296,May
CCG,97R,E38000235,NHS East Sussex CCG,171 266,156 764,4 982,9 520,May
CCG,99A,E38000101,NHS Liverpool CCG,156 312,143 469,6 466,6 377,May
CCG,99C,E38000127,NHS North Tyneside CCG,70 727,63 519,1 523,5 685,May
CCG,99E,E38000007,NHS Basildon and Brentwood CCG,71 735,65 712,771,5 252,May
CCG,99F,E38000030,NHS Castle Point and Rochford CCG,45 331,39 879,469,4 983,May
CCG,99G,E38000168,NHS Southend CCG,45 941,42 420,391,3 130,May
CCG,99M,E38000118,NHS North East Hampshire and Farnham CCG,52 464,49 477,1 202,1 785,May
