Type,NHS_area_code,ONS_code,Name,Count_gp_appointments,Attended,Did_not_attend,Unknown,Month
National,ENG,ENG,England,24 999 273,23 019 451,1 014 749,965 073,November
Region,Y56,E40000003,London,3 624 285,3 300 370,177 024,146 891,November
Region,Y58,E40000006,South West,2 827 879,2 626 864,104 112,96 903,November
Region,Y59,E40000005,South East,3 840 759,3 521 484,150 721,168 554,November
Region,Y60,E40000008,Midlands,4 758 642,4 378 603,203 128,176 911,November
Region,Y61,E40000007,East of England,2 930 549,2 743 668,93 887,92 994,November
Region,Y62,E40000010,North West,2 941 602,2 659 248,142 652,139 702,November
Region,Y63,E40000009,North East and Yorkshire,4 075 557,3 789 214,143 225,143 118,November
STP,QE1,E54000048,Healthier Lancashire And South Cumbria  STP,732 127,671 180,29 919,31 028,November
STP,QF7,E54000009,South Yorkshire And Bassetlaw  STP,701 544,649 791,26 905,24 848,November
STP,QGH,E54000019,Herefordshire And Worcestershire  STP,379 648,352 524,13 506,13 618,November
STP,QH8,E54000026,Mid And South Essex  STP,468 927,444 359,11 676,12 892,November
STP,QHG,E54000024,"Bedfordshire, Luton And Milton Keynes  STP",415 767,390 129,15 565,10 073,November
STP,QHL,E54000017,Birmingham And Solihull  STP,532 028,481 531,30 854,19 643,November
STP,QHM,E54000050,Cumbria And North East  STP,1 437 133,1 333 440,55 180,48 513,November
STP,QJ2,E54000012,Joined Up Care Derbyshire  STP,504 679,466 479,16 125,22 075,November
STP,QJG,E54000023,Suffolk And North East Essex  STP,462 512,433 399,14 803,14 310,November
STP,QJK,E54000037,Devon  STP,644 980,600 311,23 558,21 111,November
STP,QJM,E54000013,Lincolnshire  STP,327 948,305 577,11 310,11 061,November
STP,QK1,E54000015,"Leicester, Leicestershire And Rutland  STP",521 001,487 367,17 872,15 762,November
STP,QKK,E54000030,Our Healthier South East London  STP,699 429,623 325,39 669,36 435,November
STP,QKS,E54000032,Kent And Medway  STP,778 931,692 639,33 065,53 227,November
STP,QM7,E54000025,Hertfordshire And West Essex  STP,598 853,554 493,21 422,22 938,November
STP,QMF,E54000029,East London Health And Care Partnership  STP,796 142,719 713,44 511,31 918,November
STP,QMJ,E54000028,North London Partners In Health And Care  STP,565 286,517 120,26 219,21 947,November
STP,QMM,E54000022,Norfolk And Waveney Health And Care Partnership  STP,542 724,508 354,15 915,18 455,November
STP,QNC,E54000010,Staffordshire And Stoke On Trent  STP,440 877,397 990,20 373,22 514,November
STP,QNQ,E54000034,Frimley Health And Care Ics  STP,316 227,290 091,12 100,14 036,November
STP,QNX,E54000053,Sussex And East Surrey Health And Care Partnership  STP,758 575,705 395,26 275,26 905,November
STP,QOC,E54000011,Shropshire And Telford And Wrekin  STP,223 009,204 471,9 622,8 916,November
STP,QOP,E54000007,Greater Manchester Health And Social Care Partnership  STP,1 089 813,970 982,60 526,58 305,November
STP,QOQ,E54000051,"Humber, Coast And Vale  STP",746 176,694 703,24 328,27 145,November
STP,QOX,E54000040,"Bath And North East Somerset, Swindon And Wiltshire  STP",461 497,436 501,12 820,12 176,November
STP,QPM,E54000020,Northamptonshire  STP,339 723,318 769,10 689,10 265,November
STP,QR1,E54000043,Gloucestershire  STP,316 543,296 634,10 449,9 460,November
STP,QRL,E54000042,Hampshire And The Isle Of Wight  STP,787 026,726 887,31 681,28 458,November
STP,QRV,E54000027,North West London Health And Care Partnership  STP,947 263,876 086,38 482,32 695,November
STP,QSL,E54000038,Somerset  STP,277 346,252 728,11 905,12 713,November
STP,QT1,E54000014,Nottingham And Nottinghamshire Health And Care  STP,482 905,449 412,19 027,14 466,November
STP,QT6,E54000036,Cornwall And The Isles Of Scilly Health And Social Care Partnership  STP,326 440,300 271,12 196,13 973,November
STP,QU9,E54000044,"Buckinghamshire, Oxfordshire And Berkshire West  STP",776 949,717 600,29 335,30 014,November
STP,QUA,E54000016,The Black Country And West Birmingham  STP,590 562,532 768,35 054,22 740,November
STP,QUE,E54000021,Cambridgeshire And Peterborough  STP,441 766,412 934,14 506,14 326,November
STP,QUY,E54000039,"Bristol, North Somerset And South Gloucestershire  STP",432 461,393 209,22 400,16 852,November
STP,QVV,E54000041,Dorset  STP,368 612,347 210,10 784,10 618,November
STP,QWE,E54000031,South West London Health And Care Partnership  STP,616 165,564 126,28 143,23 896,November
STP,QWO,E54000054,West Yorkshire And Harrogate (Health And Care Partnership)  STP,1 190 704,1 111 280,36 812,42 612,November
STP,QWU,E54000018,Coventry And Warwickshire  STP,416 262,381 715,18 696,15 851,November
STP,QXU,E54000052,Surrey Heartlands Health And Care Partnership  STP,423 051,388 872,18 265,15 914,November
STP,QYG,E54000008,Cheshire And Merseyside  STP,1 119 662,1 017 086,52 207,50 369,November
CCG,00L,E38000130,NHS Northumberland CCG,157 544,149 790,4 556,3 198,November
CCG,00N,E38000163,NHS South Tyneside CCG,59 932,55 622,2 398,1 912,November
CCG,00P,E38000176,NHS Sunderland CCG,124 303,114 286,6 103,3 914,November
CCG,00Q,E38000014,NHS Blackburn with Darwen CCG,67 738,61 629,3 720,2 389,November
CCG,00R,E38000015,NHS Blackpool CCG,82 819,76 600,3 874,2 345,November
CCG,00T,E38000016,NHS Bolton CCG,134 861,122 177,6 733,5 951,November
CCG,00V,E38000024,NHS Bury CCG,28 395,21 191,1 846,5 358,November
CCG,00X,E38000034,NHS Chorley and South Ribble CCG,71 743,65 785,2 558,3 400,November
CCG,00Y,E38000135,NHS Oldham CCG,96 944,88 496,4 674,3 774,November
CCG,01A,E38000050,NHS East Lancashire CCG,150 543,137 728,6 235,6 580,November
CCG,01D,E38000080,"NHS Heywood, Middleton and Rochdale CCG",89 769,81 455,4 634,3 680,November
CCG,01E,E38000227,NHS Greater Preston CCG,80 811,73 736,3 548,3 527,November
CCG,01F,E38000068,NHS Halton CCG,55 379,49 131,2 926,3 322,November
CCG,01G,E38000143,NHS Salford CCG,91 868,79 062,5 491,7 315,November
CCG,01H,E38000215,NHS North Cumbria CCG,163 626,149 052,6 362,8 212,November
CCG,01J,E38000091,NHS Knowsley CCG,72 028,65 271,4 175,2 582,November
CCG,01K,E38000228,NHS Morecambe Bay CCG,144 369,132 143,5 875,6 351,November
CCG,01T,E38000161,NHS South Sefton CCG,52 153,48 439,2 122,1 592,November
CCG,01V,E38000170,NHS Southport and Formby CCG,52 651,48 616,1 610,2 425,November
CCG,01W,E38000174,NHS Stockport CCG,140 446,128 171,6 614,5 661,November
CCG,01X,E38000172,NHS St Helens CCG,72 760,65 776,3 727,3 257,November
CCG,01Y,E38000182,NHS Tameside and Glossop CCG,97 437,87 018,5 743,4 676,November
CCG,02A,E38000187,NHS Trafford CCG,62 456,53 851,3 476,5 129,November
CCG,02E,E38000194,NHS Warrington CCG,97 569,90 408,2 682,4 479,November
CCG,02G,E38000200,NHS West Lancashire CCG,47 652,43 571,1 851,2 230,November
CCG,02H,E38000205,NHS Wigan Borough CCG,100 595,89 710,5 168,5 717,November
CCG,02M,E38000226,NHS Fylde and Wyre CCG,86 452,79 988,2 258,4 206,November
CCG,02P,E38000006,NHS Barnsley CCG,113 308,103 748,4 168,5 392,November
CCG,02Q,E38000008,NHS Bassetlaw CCG,56 705,53 413,2 030,1 262,November
CCG,02T,E38000025,NHS Calderdale CCG,90 704,85 212,2 403,3 089,November
CCG,02X,E38000044,NHS Doncaster CCG,136 525,125 103,6 424,4 998,November
CCG,02Y,E38000052,NHS East Riding of Yorkshire CCG,127 469,118 888,3 821,4 760,November
CCG,03A,E38000064,NHS Greater Huddersfield CCG,109 580,103 455,3 107,3 018,November
CCG,03F,E38000085,NHS Hull CCG,103 151,93 279,6 707,3 165,November
CCG,03H,E38000119,NHS North East Lincolnshire CCG,88 250,81 482,2 481,4 287,November
CCG,03J,E38000121,NHS North Kirklees CCG,96 927,90 884,2 772,3 271,November
CCG,03K,E38000122,NHS North Lincolnshire CCG,83 669,77 950,1 778,3 941,November
CCG,03L,E38000141,NHS Rotherham CCG,126 768,117 515,4 513,4 740,November
CCG,03N,E38000146,NHS Sheffield CCG,268 238,250 012,9 770,8 456,November
CCG,03Q,E38000188,NHS Vale of York CCG,139 440,131 673,4 260,3 507,November
CCG,03R,E38000190,NHS Wakefield CCG,186 182,173 439,5 547,7 196,November
CCG,03W,E38000051,NHS East Leicestershire and Rutland CCG,165 641,155 802,5 421,4 418,November
CCG,04C,E38000097,NHS Leicester City CCG,177 970,164 419,6 916,6 635,November
CCG,04F,E38000107,NHS Milton Keynes CCG,118 050,110 345,4 917,2 788,November
CCG,04V,E38000201,NHS West Leicestershire CCG,177 390,167 146,5 535,4 709,November
CCG,04Y,E38000028,NHS Cannock Chase CCG,53 791,49 057,1 871,2 863,November
CCG,05A,E38000038,NHS Coventry and Rugby CCG,197 342,180 453,9 724,7 165,November
CCG,05C,E38000046,NHS Dudley CCG,132 063,117 362,8 474,6 227,November
CCG,05D,E38000053,NHS East Staffordshire CCG,58 447,50 958,3 076,4 413,November
CCG,05G,E38000126,NHS North Staffordshire CCG,81 846,75 969,2 877,3 000,November
CCG,05H,E38000195,NHS Warwickshire North CCG,77 373,70 597,3 916,2 860,November
CCG,05L,E38000144,NHS Sandwell and West Birmingham CCG,234 185,212 075,15 284,6 826,November
CCG,05N,E38000147,NHS Shropshire CCG,146 022,133 217,6 415,6 390,November
CCG,05Q,E38000153,NHS South East Staffordshire and Seisdon Peninsula CCG,84 153,75 940,3 373,4 840,November
CCG,05R,E38000164,NHS South Warwickshire CCG,141 547,130 665,5 056,5 826,November
CCG,05V,E38000173,NHS Stafford and Surrounds CCG,64 253,57 322,3 705,3 226,November
CCG,05W,E38000175,NHS Stoke on Trent CCG,98 387,88 744,5 471,4 172,November
CCG,05X,E38000183,NHS Telford and Wrekin CCG,76 987,71 254,3 207,2 526,November
CCG,05Y,E38000191,NHS Walsall CCG,126 027,113 878,6 238,5 911,November
CCG,06A,E38000210,NHS Wolverhampton CCG,98 287,89 453,5 058,3 776,November
CCG,06F,E38000010,NHS Bedfordshire CCG,210 105,198 850,6 536,4 719,November
CCG,06H,E38000026,NHS Cambridgeshire and Peterborough CCG,441 766,412 934,14 506,14 326,November
CCG,06K,E38000049,NHS East and North Hertfordshire CCG,236 581,219 970,7 545,9 066,November
CCG,06L,E38000086,NHS Ipswich and East Suffolk CCG,190 770,178 654,5 007,7 109,November
CCG,06N,E38000079,NHS Herts Valley CCG,238 011,217 022,10 017,10 972,November
CCG,06P,E38000102,NHS Luton CCG,87 612,80 934,4 112,2 566,November
CCG,06Q,E38000106,NHS Mid Essex CCG,158 663,150 204,4 691,3 768,November
CCG,06T,E38000117,NHS North East Essex CCG,160 929,148 940,7 508,4 481,November
CCG,07G,E38000185,NHS Thurrock CCG,73 120,69 399,1 714,2 007,November
CCG,07H,E38000197,NHS West Essex CCG,124 261,117 501,3 860,2 900,November
CCG,07K,E38000204,NHS West Suffolk CCG,110 813,105 805,2 288,2 720,November
CCG,07L,E38000004,NHS Barking and Dagenham CCG,77 430,68 208,4 912,4 310,November
CCG,07P,E38000020,NHS Brent CCG,148 606,132 700,7 871,8 035,November
CCG,07T,E38000035,NHS City and Hackney CCG,130 078,117 966,7 630,4 482,November
CCG,07W,E38000048,NHS Ealing CCG,178 719,168 618,6 026,4 075,November
CCG,07Y,E38000084,NHS Hounslow CCG,115 725,107 756,4 367,3 602,November
CCG,08C,E38000070,NHS Hammersmith and Fulham CCG,86 011,80 018,2 735,3 258,November
CCG,08E,E38000074,NHS Harrow CCG,108 131,98 382,5 501,4 248,November
CCG,08F,E38000077,NHS Havering CCG,96 582,85 273,5 766,5 543,November
CCG,08G,E38000082,NHS Hillingdon CCG,112 770,104 862,4 668,3 240,November
CCG,08M,E38000113,NHS Newham CCG,136 631,124 044,8 539,4 048,November
CCG,08N,E38000138,NHS Redbridge CCG,114 418,103 064,5 680,5 674,November
CCG,08V,E38000186,NHS Tower Hamlets CCG,144 028,131 019,8 157,4 852,November
CCG,08W,E38000192,NHS Waltham Forest CCG,96 975,90 139,3 827,3 009,November
CCG,08Y,E38000202,NHS West London CCG,115 809,107 722,4 107,3 980,November
CCG,09A,E38000031,NHS Central London (Westminster) CCG,81 492,76 028,3 207,2 257,November
CCG,09D,E38000021,NHS Brighton and Hove CCG,123 737,115 302,4 099,4 336,November
CCG,10C,E38000178,NHS Surrey Heath CCG,43 361,40 835,1 522,1 004,November
CCG,10J,E38000120,NHS North Hampshire CCG,96 797,90 064,3 395,3 338,November
CCG,10K,E38000059,NHS Fareham and Gosport CCG,83 371,76 632,3 404,3 335,November
CCG,10L,E38000087,NHS Isle of Wight CCG,70 810,64 928,3 717,2 165,November
CCG,10Q,E38000136,NHS Oxfordshire CCG,329 260,305 571,12 612,11 077,November
CCG,10R,E38000137,NHS Portsmouth CCG,80 179,75 364,2 949,1 866,November
CCG,10V,E38000154,NHS South Eastern Hampshire CCG,94 805,84 731,4 491,5 583,November
CCG,10X,E38000167,NHS Southampton CCG,116 206,108 277,4 287,3 642,November
CCG,11A,E38000198,NHS West Hampshire CCG,244 858,226 891,9 438,8 529,November
CCG,11J,E38000045,NHS Dorset CCG,368 612,347 210,10 784,10 618,November
CCG,11M,E38000062,NHS Gloucestershire CCG,316 543,296 634,10 449,9 460,November
CCG,11N,E38000089,NHS Kernow CCG,326 440,300 271,12 196,13 973,November
CCG,11X,E38000150,NHS Somerset CCG,277 346,252 728,11 905,12 713,November
CCG,12F,E38000208,NHS Wirral CCG,166 122,149 956,7 546,8 620,November
CCG,13T,E38000212,NHS Newcastle Gateshead CCG,219 379,201 086,8 988,9 305,November
CCG,14L,E38000217,NHS Manchester CCG,247 042,219 851,16 147,11 044,November
CCG,14Y,E38000223,NHS Buckinghamshire CCG,226 221,210 607,6 940,8 674,November
CCG,15A,E38000221,NHS Berkshire West CCG,221 468,201 422,9 783,10 263,November
CCG,15C,E38000222,"NHS Bristol, North Somerset and South Gloucestershire CCG",432 461,393 209,22 400,16 852,November
CCG,15D,E38000224,NHS East Berkshire CCG,173 930,158 320,7 211,8 399,November
CCG,15E,E38000220,NHS Birmingham and Solihull CCG,532 028,481 531,30 854,19 643,November
CCG,15F,E38000225,NHS Leeds CCG,391 088,363 734,14 286,13 068,November
CCG,15M,E38000229,NHS Derby and Derbyshire CCG,504 679,466 479,16 125,22 075,November
CCG,15N,E38000230,NHS Devon CCG,644 980,600 311,23 558,21 111,November
CCG,16C,E38000247,NHS Tees Valley CCG,322 003,296 480,13 687,11 836,November
CCG,18C,E38000236,NHS Herefordshire CCG,379 648,352 524,13 506,13 618,November
CCG,26A,E38000239,NHS Norfolk and Waveney CCG,542 724,508 354,15 915,18 455,November
CCG,27D,E38000233,NHS Cheshire CCG,324 180,293 931,15 285,14 964,November
CCG,36J,E38000232,NHS Bradford District and Craven CCG,316 223,294 556,8 697,12 970,November
CCG,36L,E38000245,NHS South West London CCG,616 165,564 126,28 143,23 896,November
CCG,42D,E38000241,NHS North Yorkshire CCG,204 197,191 431,5 281,7 485,November
CCG,52R,E38000243,NHS Nottingham and Nottinghamshire CCG,482 905,449 412,19 027,14 466,November
CCG,70F,E38000248,NHS West Sussex CCG,376 746,353 608,11 795,11 343,November
CCG,71E,E38000238,NHS Lincolnshire CCG,327 948,305 577,11 310,11 061,November
CCG,72Q,E38000244,NHS South East London CCG,699 429,623 325,39 669,36 435,November
CCG,78H,E38000242,NHS Northamptonshire CCG,339 723,318 769,10 689,10 265,November
CCG,84H,E38000234,NHS County Durham CCG,291 862,275 362,9 081,7 419,November
CCG,91Q,E38000237,NHS Kent and Medway CCG,778 931,692 639,33 065,53 227,November
CCG,92A,E38000246,NHS Surrey Heartlands CCG,423 051,388 872,18 265,15 914,November
CCG,92G,E38000231,"NHS Bath and North East Somerset, Swindon and Wiltshire CCG",461 497,436 501,12 820,12 176,November
CCG,93C,E38000240,NHS North Central London CCG,565 286,517 120,26 219,21 947,November
CCG,97R,E38000235,NHS East Sussex CCG,258 092,236 485,10 381,11 226,November
CCG,99A,E38000101,NHS Liverpool CCG,226 820,205 558,12 134,9 128,November
CCG,99C,E38000127,NHS North Tyneside CCG,98 484,91 762,4 005,2 717,November
CCG,99E,E38000007,NHS Basildon and Brentwood CCG,106 894,100 543,2 481,3 870,November
CCG,99F,E38000030,NHS Castle Point and Rochford CCG,65 783,62 740,1 402,1 641,November
CCG,99G,E38000168,NHS Southend CCG,64 467,61 473,1 388,1 606,November
CCG,99M,E38000118,NHS North East Hampshire and Farnham CCG,98 936,90 936,3 367,4 633,November
