Type,NHS_area_code,ONS_code,Name,Count_gp_appointments,Attended,Did_not_attend,Unknown,Month
National,ENG,ENG,England,22 413 336,20 538 092,690 411,1 184 833,July
Region,Y56,E40000003,London,3 207 428,2 962 009,121 030,124 389,July
Region,Y58,E40000006,South West,2 585 106,2 361 514,71 865,151 727,July
Region,Y59,E40000005,South East,3 331 656,3 088 348,97 716,145 592,July
Region,Y60,E40000008,Midlands,4 233 213,3 871 599,134 634,226 980,July
Region,Y61,E40000007,East of England,2 653 063,2 430 947,59 336,162 780,July
Region,Y62,E40000010,North West,2 568 078,2 355 432,104 874,107 772,July
Region,Y63,E40000009,North East and Yorkshire,3 834 792,3 468 243,100 956,265 593,July
STP,QE1,E54000048,Healthier Lancashire And South Cumbria  STP,626 295,582 736,22 536,21 023,July
STP,QF7,E54000009,South Yorkshire And Bassetlaw  STP,661 452,591 373,19 020,51 059,July
STP,QGH,E54000019,Herefordshire And Worcestershire  STP,323 125,304 486,10 221,8 418,July
STP,QH8,E54000026,Mid And South Essex  STP,444 369,408 974,7 570,27 825,July
STP,QHG,E54000024,"Bedfordshire, Luton And Milton Keynes  STP",378 301,343 870,8 559,25 872,July
STP,QHL,E54000017,Birmingham And Solihull  STP,465 281,425 854,19 099,20 328,July
STP,QHM,E54000050,Cumbria And North East  STP,1 365 376,1 245 266,40 971,79 139,July
STP,QJ2,E54000012,Joined Up Care Derbyshire  STP,467 423,418 604,10 000,38 819,July
STP,QJG,E54000023,Suffolk And North East Essex  STP,421 818,390 335,8 843,22 640,July
STP,QJK,E54000037,Devon  STP,608 676,552 717,15 914,40 045,July
STP,QJM,E54000013,Lincolnshire  STP,297 015,268 718,7 814,20 483,July
STP,QK1,E54000015,"Leicester, Leicestershire And Rutland  STP",456 706,416 981,11 025,28 700,July
STP,QKK,E54000030,Our Healthier South East London  STP,622 988,571 119,27 013,24 856,July
STP,QKS,E54000032,Kent And Medway  STP,636 758,586 282,21 428,29 048,July
STP,QM7,E54000025,Hertfordshire And West Essex  STP,537 073,492 071,13 406,31 596,July
STP,QMF,E54000029,East London Health And Care Partnership  STP,691 891,639 202,27 911,24 778,July
STP,QMJ,E54000028,North London Partners In Health And Care  STP,478 466,443 306,19 085,16 075,July
STP,QMM,E54000022,Norfolk And Waveney Health And Care Partnership  STP,473 296,430 861,10 865,31 570,July
STP,QNC,E54000010,Staffordshire And Stoke On Trent  STP,382 981,355 018,13 199,14 764,July
STP,QNQ,E54000034,Frimley Health And Care Ics  STP,266 980,251 482,8 252,7 246,July
STP,QNX,E54000053,Sussex And East Surrey Health And Care Partnership  STP,700 181,636 030,17 358,46 793,July
STP,QOC,E54000011,Shropshire And Telford And Wrekin  STP,198 794,187 455,5 934,5 405,July
STP,QOP,E54000007,Greater Manchester Health And Social Care Partnership  STP,950 126,861 069,43 552,45 505,July
STP,QOQ,E54000051,"Humber, Coast And Vale  STP",697 614,625 612,15 874,56 128,July
STP,QOX,E54000040,"Bath And North East Somerset, Swindon And Wiltshire  STP",430 278,389 574,7 816,32 888,July
STP,QPM,E54000020,Northamptonshire  STP,305 928,279 742,6 494,19 692,July
STP,QR1,E54000043,Gloucestershire  STP,273 646,251 285,6 340,16 021,July
STP,QRL,E54000042,Hampshire And The Isle Of Wight  STP,671 915,626 475,18 967,26 473,July
STP,QRV,E54000027,North West London Health And Care Partnership  STP,872 474,806 062,26 205,40 207,July
STP,QSL,E54000038,Somerset  STP,239 881,223 108,8 288,8 485,July
STP,QT1,E54000014,Nottingham And Nottinghamshire Health And Care  STP,456 346,406 186,12 902,37 258,July
STP,QT6,E54000036,Cornwall And The Isles Of Scilly Health And Social Care Partnership  STP,305 476,276 858,12 921,15 697,July
STP,QU9,E54000044,"Buckinghamshire, Oxfordshire And Berkshire West  STP",681 258,637 924,19 215,24 119,July
STP,QUA,E54000016,The Black Country And West Birmingham  STP,520 446,474 352,24 710,21 384,July
STP,QUE,E54000021,Cambridgeshire And Peterborough  STP,398 206,364 836,10 093,23 277,July
STP,QUY,E54000039,"Bristol, North Somerset And South Gloucestershire  STP",376 999,353 130,13 443,10 426,July
STP,QVV,E54000041,Dorset  STP,350 150,314 842,7 143,28 165,July
STP,QWE,E54000031,South West London Health And Care Partnership  STP,541 609,502 320,20 816,18 473,July
STP,QWO,E54000054,West Yorkshire And Harrogate (Health And Care Partnership)  STP,1 110 350,1 005 992,25 091,79 267,July
STP,QWU,E54000018,Coventry And Warwickshire  STP,359 168,334 203,13 236,11 729,July
STP,QXU,E54000052,Surrey Heartlands Health And Care Partnership  STP,374 564,350 155,12 496,11 913,July
STP,QYG,E54000008,Cheshire And Merseyside  STP,991 657,911 627,38 786,41 244,July
CCG,00L,E38000130,NHS Northumberland CCG,156 063,141 080,3 939,11 044,July
CCG,00N,E38000163,NHS South Tyneside CCG,55 149,51 706,1 770,1 673,July
CCG,00P,E38000176,NHS Sunderland CCG,116 789,107 152,5 602,4 035,July
CCG,00Q,E38000014,NHS Blackburn with Darwen CCG,58 027,53 610,3 041,1 376,July
CCG,00R,E38000015,NHS Blackpool CCG,75 096,70 784,3 120,1 192,July
CCG,00T,E38000016,NHS Bolton CCG,122 253,111 027,5 664,5 562,July
CCG,00V,E38000024,NHS Bury CCG,17 232,13 858,939,2 435,July
CCG,00X,E38000034,NHS Chorley and South Ribble CCG,58 100,53 380,1 886,2 834,July
CCG,00Y,E38000135,NHS Oldham CCG,84 356,78 202,3 668,2 486,July
CCG,01A,E38000050,NHS East Lancashire CCG,132 699,122 799,5 083,4 817,July
CCG,01D,E38000080,"NHS Heywood, Middleton and Rochdale CCG",79 472,73 785,3 400,2 287,July
CCG,01E,E38000227,NHS Greater Preston CCG,65 154,60 659,2 486,2 009,July
CCG,01F,E38000068,NHS Halton CCG,48 717,44 114,2 166,2 437,July
CCG,01G,E38000143,NHS Salford CCG,109 285,93 376,5 306,10 603,July
CCG,01H,E38000215,NHS North Cumbria CCG,146 755,136 418,4 633,5 704,July
CCG,01J,E38000091,NHS Knowsley CCG,66 213,60 275,2 741,3 197,July
CCG,01K,E38000228,NHS Morecambe Bay CCG,124 439,116 898,4 111,3 430,July
CCG,01T,E38000161,NHS South Sefton CCG,47 488,44 719,1 714,1 055,July
CCG,01V,E38000170,NHS Southport and Formby CCG,47 884,44 731,1 369,1 784,July
CCG,01W,E38000174,NHS Stockport CCG,118 510,109 392,4 698,4 420,July
CCG,01X,E38000172,NHS St Helens CCG,64 917,59 311,2 780,2 826,July
CCG,01Y,E38000182,NHS Tameside and Glossop CCG,91 355,83 413,4 115,3 827,July
CCG,02A,E38000187,NHS Trafford CCG,46 877,42 342,2 362,2 173,July
CCG,02E,E38000194,NHS Warrington CCG,87 106,80 823,1 983,4 300,July
CCG,02G,E38000200,NHS West Lancashire CCG,38 667,35 482,1 176,2 009,July
CCG,02H,E38000205,NHS Wigan Borough CCG,79 657,71 481,3 450,4 726,July
CCG,02M,E38000226,NHS Fylde and Wyre CCG,74 113,69 124,1 633,3 356,July
CCG,02P,E38000006,NHS Barnsley CCG,106 909,96 056,3 070,7 783,July
CCG,02Q,E38000008,NHS Bassetlaw CCG,52 325,45 883,1 432,5 010,July
CCG,02T,E38000025,NHS Calderdale CCG,80 695,74 534,1 683,4 478,July
CCG,02X,E38000044,NHS Doncaster CCG,126 003,115 342,3 745,6 916,July
CCG,02Y,E38000052,NHS East Riding of Yorkshire CCG,113 108,105 065,2 629,5 414,July
CCG,03A,E38000064,NHS Greater Huddersfield CCG,101 906,93 814,2 287,5 805,July
CCG,03F,E38000085,NHS Hull CCG,101 648,89 366,3 931,8 351,July
CCG,03H,E38000119,NHS North East Lincolnshire CCG,80 839,72 139,1 750,6 950,July
CCG,03J,E38000121,NHS North Kirklees CCG,87 318,81 083,1 782,4 453,July
CCG,03K,E38000122,NHS North Lincolnshire CCG,82 465,71 732,1 257,9 476,July
CCG,03L,E38000141,NHS Rotherham CCG,118 725,106 123,3 206,9 396,July
CCG,03N,E38000146,NHS Sheffield CCG,257 490,227 969,7 567,21 954,July
CCG,03Q,E38000188,NHS Vale of York CCG,119 818,111 284,2 812,5 722,July
CCG,03R,E38000190,NHS Wakefield CCG,178 052,160 035,4 185,13 832,July
CCG,03W,E38000051,NHS East Leicestershire and Rutland CCG,143 954,133 986,3 895,6 073,July
CCG,04C,E38000097,NHS Leicester City CCG,152 122,137 835,4 084,10 203,July
CCG,04F,E38000107,NHS Milton Keynes CCG,105 131,94 998,2 263,7 870,July
CCG,04V,E38000201,NHS West Leicestershire CCG,160 630,145 160,3 046,12 424,July
CCG,04Y,E38000028,NHS Cannock Chase CCG,46 424,43 173,1 206,2 045,July
CCG,05A,E38000038,NHS Coventry and Rugby CCG,174 098,161 198,7 109,5 791,July
CCG,05C,E38000046,NHS Dudley CCG,115 448,104 745,6 380,4 323,July
CCG,05D,E38000053,NHS East Staffordshire CCG,52 398,46 250,1 926,4 222,July
CCG,05G,E38000126,NHS North Staffordshire CCG,73 117,69 101,2 064,1 952,July
CCG,05H,E38000195,NHS Warwickshire North CCG,60 044,55 568,2 843,1 633,July
CCG,05L,E38000144,NHS Sandwell and West Birmingham CCG,208 988,190 063,9 941,8 984,July
CCG,05N,E38000147,NHS Shropshire CCG,129 109,121 631,3 486,3 992,July
CCG,05Q,E38000153,NHS South East Staffordshire and Seisdon Peninsula CCG,69 716,65 626,2 250,1 840,July
CCG,05R,E38000164,NHS South Warwickshire CCG,125 026,117 437,3 284,4 305,July
CCG,05V,E38000173,NHS Stafford and Surrounds CCG,56 757,53 327,1 716,1 714,July
CCG,05W,E38000175,NHS Stoke on Trent CCG,84 569,77 541,4 037,2 991,July
CCG,05X,E38000183,NHS Telford and Wrekin CCG,69 685,65 824,2 448,1 413,July
CCG,05Y,E38000191,NHS Walsall CCG,109 247,99 223,4 675,5 349,July
CCG,06A,E38000210,NHS Wolverhampton CCG,86 763,80 321,3 714,2 728,July
CCG,06F,E38000010,NHS Bedfordshire CCG,193 055,174 893,3 785,14 377,July
CCG,06H,E38000026,NHS Cambridgeshire and Peterborough CCG,398 206,364 836,10 093,23 277,July
CCG,06K,E38000049,NHS East and North Hertfordshire CCG,212 317,189 740,3 859,18 718,July
CCG,06L,E38000086,NHS Ipswich and East Suffolk CCG,175 617,160 250,2 712,12 655,July
CCG,06N,E38000079,NHS Herts Valley CCG,209 130,194 645,6 922,7 563,July
CCG,06P,E38000102,NHS Luton CCG,80 115,73 979,2 511,3 625,July
CCG,06Q,E38000106,NHS Mid Essex CCG,154 713,142 256,3 014,9 443,July
CCG,06T,E38000117,NHS North East Essex CCG,146 214,136 184,4 569,5 461,July
CCG,07G,E38000185,NHS Thurrock CCG,72 426,67 646,1 513,3 267,July
CCG,07H,E38000197,NHS West Essex CCG,115 626,107 686,2 625,5 315,July
CCG,07K,E38000204,NHS West Suffolk CCG,99 987,93 901,1 562,4 524,July
CCG,07L,E38000004,NHS Barking and Dagenham CCG,68 382,61 924,3 133,3 325,July
CCG,07P,E38000020,NHS Brent CCG,138 301,125 374,5 555,7 372,July
CCG,07T,E38000035,NHS City and Hackney CCG,114 276,105 467,5 479,3 330,July
CCG,07W,E38000048,NHS Ealing CCG,165 801,155 319,3 541,6 941,July
CCG,07Y,E38000084,NHS Hounslow CCG,109 586,99 811,2 464,7 311,July
CCG,08C,E38000070,NHS Hammersmith and Fulham CCG,83 626,78 170,1 836,3 620,July
CCG,08E,E38000074,NHS Harrow CCG,100 307,92 529,4 277,3 501,July
CCG,08F,E38000077,NHS Havering CCG,83 137,77 509,2 458,3 170,July
CCG,08G,E38000082,NHS Hillingdon CCG,99 350,93 032,3 559,2 759,July
CCG,08M,E38000113,NHS Newham CCG,120 247,110 392,6 099,3 756,July
CCG,08N,E38000138,NHS Redbridge CCG,93 388,85 150,3 491,4 747,July
CCG,08V,E38000186,NHS Tower Hamlets CCG,124 009,115 115,5 097,3 797,July
CCG,08W,E38000192,NHS Waltham Forest CCG,88 452,83 645,2 154,2 653,July
CCG,08Y,E38000202,NHS West London CCG,104 844,96 226,2 791,5 827,July
CCG,09A,E38000031,NHS Central London (Westminster) CCG,70 659,65 601,2 182,2 876,July
CCG,09D,E38000021,NHS Brighton and Hove CCG,113 447,102 972,2 869,7 606,July
CCG,10C,E38000178,NHS Surrey Heath CCG,35 556,34 171,895,490,July
CCG,10J,E38000120,NHS North Hampshire CCG,86 398,82 536,2 347,1 515,July
CCG,10K,E38000059,NHS Fareham and Gosport CCG,65 989,63 310,1 516,1 163,July
CCG,10L,E38000087,NHS Isle of Wight CCG,65 975,58 706,2 556,4 713,July
CCG,10Q,E38000136,NHS Oxfordshire CCG,291 970,274 958,8 433,8 579,July
CCG,10R,E38000137,NHS Portsmouth CCG,75 198,69 595,1 745,3 858,July
CCG,10V,E38000154,NHS South Eastern Hampshire CCG,80 558,73 026,3 620,3 912,July
CCG,10X,E38000167,NHS Southampton CCG,95 735,89 683,2 778,3 274,July
CCG,11A,E38000198,NHS West Hampshire CCG,202 062,189 619,4 405,8 038,July
CCG,11J,E38000045,NHS Dorset CCG,350 150,314 842,7 143,28 165,July
CCG,11M,E38000062,NHS Gloucestershire CCG,273 646,251 285,6 340,16 021,July
CCG,11N,E38000089,NHS Kernow CCG,305 476,276 858,12 921,15 697,July
CCG,11X,E38000150,NHS Somerset CCG,239 881,223 108,8 288,8 485,July
CCG,12F,E38000208,NHS Wirral CCG,148 697,135 767,5 647,7 283,July
CCG,13T,E38000212,NHS Newcastle Gateshead CCG,202 013,185 325,6 677,10 011,July
CCG,14L,E38000217,NHS Manchester CCG,201 129,184 193,9 950,6 986,July
CCG,14Y,E38000223,NHS Buckinghamshire CCG,197 803,187 102,5 253,5 448,July
CCG,15A,E38000221,NHS Berkshire West CCG,191 485,175 864,5 529,10 092,July
CCG,15C,E38000222,"NHS Bristol, North Somerset and South Gloucestershire CCG",376 999,353 130,13 443,10 426,July
CCG,15D,E38000224,NHS East Berkshire CCG,149 541,139 762,5 272,4 507,July
CCG,15E,E38000220,NHS Birmingham and Solihull CCG,465 281,425 854,19 099,20 328,July
CCG,15F,E38000225,NHS Leeds CCG,370 052,333 015,10 219,26 818,July
CCG,15M,E38000229,NHS Derby and Derbyshire CCG,467 423,418 604,10 000,38 819,July
CCG,15N,E38000230,NHS Devon CCG,608 676,552 717,15 914,40 045,July
CCG,16C,E38000247,NHS Tees Valley CCG,309 796,277 049,9 741,23 006,July
CCG,18C,E38000236,NHS Herefordshire CCG,323 125,304 486,10 221,8 418,July
CCG,26A,E38000239,NHS Norfolk and Waveney CCG,473 296,430 861,10 865,31 570,July
CCG,27D,E38000233,NHS Cheshire CCG,275 401,255 089,10 560,9 752,July
CCG,36J,E38000232,NHS Bradford District and Craven CCG,292 327,263 511,4 935,23 881,July
CCG,36L,E38000245,NHS South West London CCG,541 609,502 320,20 816,18 473,July
CCG,42D,E38000241,NHS North Yorkshire CCG,199 736,176 026,3 495,20 215,July
CCG,52R,E38000243,NHS Nottingham and Nottinghamshire CCG,456 346,406 186,12 902,37 258,July
CCG,70F,E38000248,NHS West Sussex CCG,355 273,321 744,6 914,26 615,July
CCG,71E,E38000238,NHS Lincolnshire CCG,297 015,268 718,7 814,20 483,July
CCG,72Q,E38000244,NHS South East London CCG,622 988,571 119,27 013,24 856,July
CCG,78H,E38000242,NHS Northamptonshire CCG,305 928,279 742,6 494,19 692,July
CCG,84H,E38000234,NHS County Durham CCG,284 606,260 583,6 021,18 002,July
CCG,91Q,E38000237,NHS Kent and Medway CCG,636 758,586 282,21 428,29 048,July
CCG,92A,E38000246,NHS Surrey Heartlands CCG,374 564,350 155,12 496,11 913,July
CCG,92G,E38000231,"NHS Bath and North East Somerset, Swindon and Wiltshire CCG",430 278,389 574,7 816,32 888,July
CCG,93C,E38000240,NHS North Central London CCG,478 466,443 306,19 085,16 075,July
CCG,97R,E38000235,NHS East Sussex CCG,231 461,211 314,7 575,12 572,July
CCG,99A,E38000101,NHS Liverpool CCG,205 234,186 798,9 826,8 610,July
CCG,99C,E38000127,NHS North Tyneside CCG,94 205,85 953,2 588,5 664,July
CCG,99E,E38000007,NHS Basildon and Brentwood CCG,94 643,86 207,1 395,7 041,July
CCG,99F,E38000030,NHS Castle Point and Rochford CCG,59 652,54 802,710,4 140,July
CCG,99G,E38000168,NHS Southend CCG,62 935,58 063,938,3 934,July
CCG,99M,E38000118,NHS North East Hampshire and Farnham CCG,81 883,77 549,2 085,2 249,July
