Type,NHS_area_code,ONS_code,Name,Count_gp_appointments,Attended,Did_not_attend,Unknown,Month
National,ENG,ENG,England,23 809 758,21 370 874,1 200 883,1 238 001,February
Region,Y56,E40000003,London,3 340 810,2 972 642,222 285,145 883,February
Region,Y58,E40000006,South West,2 728 419,2 453 550,121 035,153 834,February
Region,Y59,E40000005,South East,3 521 051,3 211 015,149 146,160 890,February
Region,Y60,E40000008,Midlands,4 630 451,4 151 243,239 906,239 302,February
Region,Y61,E40000007,East of England,2 819 045,2 532 274,119 295,167 476,February
Region,Y62,E40000010,North West,2 787 458,2 497 513,160 997,128 948,February
Region,Y63,E40000009,North East and Yorkshire,3 982 524,3 552 637,188 219,241 668,February
Regional Local Office,Q71,E39000018,NHS England London,3 340 810,2 972 642,222 285,145 883,February
Regional Local Office,Q72,E39000048,NHS England North East and Yorkshire (Yorkshire and Humber),2 532 864,2 256 631,116 440,159 793,February
Regional Local Office,Q74,E39000047,NHS England North East and Yorkshire (Cumbria and North East),1 449 660,1 296 006,71 779,81 875,February
Regional Local Office,Q75,E39000026,NHS England North West (Cheshire and Merseyside),1 027 816,921 384,57 739,48 693,February
Regional Local Office,Q76,E39000032,NHS England Midlands (North Midlands),1 594 799,1 434 218,71 212,89 369,February
Regional Local Office,Q77,E39000033,NHS England Midlands (West Midlands),1 856 339,1 659 185,116 517,80 637,February
Regional Local Office,Q78,E39000045,NHS England Midlands (Central Midlands),1 179 313,1 057 840,52 177,69 296,February
Regional Local Office,Q79,E39000046,NHS England East of England (East),2 819 045,2 532 274,119 295,167 476,February
Regional Local Office,Q83,E39000037,NHS England North West (Greater Manchester),1 095 567,972 584,69 725,53 258,February
Regional Local Office,Q84,E39000040,NHS England North West (Lancashire and South Cumbria),664 075,603 545,33 533,26 997,February
Regional Local Office,Q85,E39000044,NHS England South West (South West South),1 566 062,1 404 129,70 975,90 958,February
Regional Local Office,Q86,E39000043,NHS England South West (South West North),1 162 357,1 049 421,50 060,62 876,February
Regional Local Office,Q87,E39000041,"NHS England South East (Hampshire, Isle of Wight and Thames Valley)",1 688 668,1 550 276,70 839,67 553,February
Regional Local Office,Q88,E39000042,"NHS England South East (Kent, Surrey and Sussex)",1 832 383,1 660 739,78 307,93 337,February
STP,E54000005,E54000005,West Yorkshire And Harrogate (Health And Care Partnership)  STP,1 224 186,1 092 010,53 970,78 206,February
STP,E54000006,E54000006,"Humber, Coast And Vale  STP",594 444,535 357,25 572,33 515,February
STP,E54000007,E54000007,Greater Manchester Health And Social Care Partnership  STP,1 095 567,972 584,69 725,53 258,February
STP,E54000008,E54000008,Cheshire And Merseyside  STP,1 027 816,921 384,57 739,48 693,February
STP,E54000009,E54000009,South Yorkshire And Bassetlaw  STP,714 234,629 264,36 898,48 072,February
STP,E54000010,E54000010,Staffordshire And Stoke On Trent  STP,426 518,384 626,21 380,20 512,February
STP,E54000011,E54000011,Shropshire And Telford And Wrekin  STP,214 619,197 528,9 809,7 282,February
STP,E54000012,E54000012,Joined Up Care Derbyshire  STP,474 393,425 812,18 222,30 359,February
STP,E54000013,E54000013,Lincolnshire  STP,346 490,310 990,14 760,20 740,February
STP,E54000014,E54000014,Nottingham And Nottinghamshire Health And Care  STP,479 269,426 252,21 801,31 216,February
STP,E54000015,E54000015,"Leicester, Leicestershire And Rutland  STP",502 526,450 496,24 051,27 979,February
STP,E54000016,E54000016,The Black Country And West Birmingham  STP,568 831,498 587,42 173,28 071,February
STP,E54000017,E54000017,Birmingham And Solihull  STP,528 831,463 243,38 985,26 603,February
STP,E54000018,E54000018,Coventry And Warwickshire  STP,392 268,357 823,19 729,14 716,February
STP,E54000019,E54000019,Herefordshire And Worcestershire  STP,366 409,339 532,15 630,11 247,February
STP,E54000020,E54000020,Northamptonshire  STP,330 297,296 354,13 366,20 577,February
STP,E54000021,E54000021,Cambridgeshire And Peterborough  STP,437 951,394 982,19 971,22 998,February
STP,E54000022,E54000022,Norfolk And Waveney Health And Care Partnership  STP,504 326,454 128,19 680,30 518,February
STP,E54000023,E54000023,Suffolk And North East Essex  STP,451 207,410 780,15 946,24 481,February
STP,E54000024,E54000024,"Bedfordshire, Luton And Milton Keynes  STP",404 049,360 412,19 590,24 047,February
STP,E54000025,E54000025,Hertfordshire And West Essex  STP,558 180,496 304,26 708,35 168,February
STP,E54000026,E54000026,Mid And South Essex  STP,463 332,415 668,17 400,30 264,February
STP,E54000027,E54000027,North West London Health And Care Partnership  STP,913 338,812 289,56 640,44 409,February
STP,E54000028,E54000028,North London Partners In Health And Care  STP,471 533,420 722,32 523,18 288,February
STP,E54000029,E54000029,East London Health And Care Partnership  STP,752 656,665 546,55 653,31 457,February
STP,E54000030,E54000030,Our Healthier South East London  STP,641 024,565 283,44 210,31 531,February
STP,E54000031,E54000031,South West London Health And Care Partnership  STP,562 259,508 802,33 259,20 198,February
STP,E54000032,E54000032,Kent And Medway  STP,689 019,620 900,32 242,35 877,February
STP,E54000033,E54000033,Sussex And East Surrey  STP,821 973,744 359,33 138,44 476,February
STP,E54000034,E54000034,Frimley Health  STP,267 803,247 256,12 235,8 312,February
STP,E54000035,E54000035,Surrey Heartlands  STP,321 391,295 480,12 927,12 984,February
STP,E54000036,E54000036,Cornwall And The Isles Of Scilly  STP,310 536,269 013,21 280,20 243,February
STP,E54000037,E54000037,Devon  STP,649 306,587 005,24 758,37 543,February
STP,E54000038,E54000038,Somerset  STP,231 090,211 906,10 364,8 820,February
STP,E54000039,E54000039,"Bristol, North Somerset And South Gloucestershire  STP",423 542,387 434,21 775,14 333,February
STP,E54000040,E54000040,"Bath And North East Somerset, Swindon And Wiltshire  STP",451 743,404 550,16 736,30 457,February
STP,E54000041,E54000041,Dorset  STP,375 130,336 205,14 573,24 352,February
STP,E54000042,E54000042,Hampshire And The Isle Of Wight  STP,717 039,651 873,31 324,33 842,February
STP,E54000043,E54000043,Gloucestershire  STP,287 072,257 437,11 549,18 086,February
STP,E54000044,E54000044,"Buckinghamshire, Oxfordshire And Berkshire West  STP",703 826,651 147,27 280,25 399,February
STP,E54000048,E54000048,Healthier Lancashire And South Cumbria  STP,664 075,603 545,33 533,26 997,February
STP,E54000049,E54000049,Cumbria And North East  STP,1 449 660,1 296 006,71 779,81 875,February
CCG,00C,E38000042,NHS Darlington CCG,48 650,42 280,2 693,3 677,February
CCG,00D,E38000047,"NHS Durham Dales, Easington and Sedgefield CCG",159 819,140 323,7 918,11 578,February
CCG,00J,E38000116,NHS North Durham CCG,128 916,115 408,5 373,8 135,February
CCG,00K,E38000075,NHS Hartlepool and Stockton-on-Tees CCG,119 073,104 742,6 244,8 087,February
CCG,00L,E38000130,NHS Northumberland CCG,153 629,138 472,5 495,9 662,February
CCG,00M,E38000162,NHS South Tees CCG,143 650,127 318,7 451,8 881,February
CCG,00N,E38000163,NHS South Tyneside CCG,59 884,54 995,3 020,1 869,February
CCG,00P,E38000176,NHS Sunderland CCG,114 726,103 634,6 929,4 163,February
CCG,00Q,E38000014,NHS Blackburn with Darwen CCG,59 276,52 839,4 106,2 331,February
CCG,00R,E38000015,NHS Blackpool CCG,75 260,68 534,4 252,2 474,February
CCG,00T,E38000016,NHS Bolton CCG,134 415,118 098,9 844,6 473,February
CCG,00V,E38000024,NHS Bury CCG,26 375,21 137,1 344,3 894,February
CCG,00X,E38000034,NHS Chorley and South Ribble CCG,65 461,59 455,2 871,3 135,February
CCG,00Y,E38000135,NHS Oldham CCG,98 721,89 518,6 132,3 071,February
CCG,01A,E38000050,NHS East Lancashire CCG,140 288,126 462,8 285,5 541,February
CCG,01C,E38000056,NHS Eastern Cheshire CCG,75 468,69 603,3 460,2 405,February
CCG,01D,E38000080,"NHS Heywood, Middleton and Rochdale CCG",90 928,82 124,5 686,3 118,February
CCG,01E,E38000227,NHS Greater Preston CCG,64 826,58 759,3 308,2 759,February
CCG,01F,E38000068,NHS Halton CCG,55 014,47 803,3 247,3 964,February
CCG,01G,E38000143,NHS Salford CCG,116 881,100 072,7 959,8 850,February
CCG,01H,E38000215,NHS North Cumbria CCG,162 128,148 500,6 749,6 879,February
CCG,01J,E38000091,NHS Knowsley CCG,68 222,59 826,4 819,3 577,February
CCG,01K,E38000228,NHS Morecambe Bay CCG,138 818,127 614,6 466,4 738,February
CCG,01R,E38000151,NHS South Cheshire CCG,76 361,69 435,3 606,3 320,February
CCG,01T,E38000161,NHS South Sefton CCG,48 013,43 422,3 015,1 576,February
CCG,01V,E38000170,NHS Southport and Formby CCG,49 099,44 696,1 951,2 452,February
CCG,01W,E38000174,NHS Stockport CCG,117 337,106 357,6 166,4 814,February
CCG,01X,E38000172,NHS St Helens CCG,68 661,61 306,3 874,3 481,February
CCG,01Y,E38000182,NHS Tameside and Glossop CCG,98 925,89 352,6 288,3 285,February
CCG,02A,E38000187,NHS Trafford CCG,70 666,63 813,3 863,2 990,February
CCG,02D,E38000189,NHS Vale Royal CCG,39 527,34 558,2 209,2 760,February
CCG,02E,E38000194,NHS Warrington CCG,83 985,76 963,3 387,3 635,February
CCG,02F,E38000196,NHS West Cheshire CCG,103 913,95 219,5 248,3 446,February
CCG,02G,E38000200,NHS West Lancashire CCG,43 544,39 364,1 872,2 308,February
CCG,02H,E38000205,NHS Wigan Borough CCG,120 016,106 651,5 743,7 622,February
CCG,02M,E38000226,NHS Fylde and Wyre CCG,76 602,70 518,2 373,3 711,February
CCG,02N,E38000001,"NHS Airedale, Wharfedale and Craven CCG",83 364,74 412,2 936,6 016,February
CCG,02P,E38000006,NHS Barnsley CCG,114 961,103 188,5 443,6 330,February
CCG,02Q,E38000008,NHS Bassetlaw CCG,57 238,51 593,2 547,3 098,February
CCG,02R,E38000019,NHS Bradford Districts CCG,158 549,139 026,6 365,13 158,February
CCG,02T,E38000025,NHS Calderdale CCG,91 551,81 002,3 995,6 554,February
CCG,02W,E38000018,NHS Bradford City CCG,72 901,63 127,5 059,4 715,February
CCG,02X,E38000044,NHS Doncaster CCG,140 984,125 389,7 436,8 159,February
CCG,02Y,E38000052,NHS East Riding of Yorkshire CCG,121 770,111 246,4 447,6 077,February
CCG,03A,E38000064,NHS Greater Huddersfield CCG,99 606,89 513,4 278,5 815,February
CCG,03D,E38000069,"NHS Hambleton, Richmondshire and Whitby CCG",64 722,57 830,2 498,4 394,February
CCG,03E,E38000073,NHS Harrogate and Rural District CCG,72 220,66 141,2 526,3 553,February
CCG,03F,E38000085,NHS Hull CCG,112 105,99 463,7 248,5 394,February
CCG,03H,E38000119,NHS North East Lincolnshire CCG,82 487,74 203,3 614,4 670,February
CCG,03J,E38000121,NHS North Kirklees CCG,83 787,74 200,4 432,5 155,February
CCG,03K,E38000122,NHS North Lincolnshire CCG,82 747,74 032,2 546,6 169,February
CCG,03L,E38000141,NHS Rotherham CCG,123 289,106 854,6 725,9 710,February
CCG,03M,E38000145,NHS Scarborough and Ryedale CCG,59 126,51 709,2 521,4 896,February
CCG,03N,E38000146,NHS Sheffield CCG,277 762,242 240,14 747,20 775,February
CCG,03Q,E38000188,NHS Vale of York CCG,136 209,124 704,5 196,6 309,February
CCG,03R,E38000190,NHS Wakefield CCG,183 403,165 473,6 980,10 950,February
CCG,03T,E38000099,NHS Lincolnshire East CCG,112 600,101 887,4 913,5 800,February
CCG,03V,E38000037,NHS Corby CCG,31 972,26 755,1 456,3 761,February
CCG,03W,E38000051,NHS East Leicestershire and Rutland CCG,159 314,143 744,6 486,9 084,February
CCG,04C,E38000097,NHS Leicester City CCG,166 658,146 786,10 667,9 205,February
CCG,04D,E38000100,NHS Lincolnshire West CCG,90 964,80 744,4 264,5 956,February
CCG,04E,E38000103,NHS Mansfield and Ashfield CCG,90 852,80 183,3 973,6 696,February
CCG,04F,E38000107,NHS Milton Keynes CCG,117 868,106 175,5 249,6 444,February
CCG,04G,E38000108,NHS Nene CCG,298 325,269 599,11 910,16 816,February
CCG,04H,E38000109,NHS Newark and Sherwood CCG,60 544,55 120,2 185,3 239,February
CCG,04K,E38000132,NHS Nottingham City CCG,154 331,135 257,8 966,10 108,February
CCG,04L,E38000133,NHS Nottingham North and East CCG,62 627,55 289,2 639,4 699,February
CCG,04M,E38000134,NHS Nottingham West CCG,50 159,45 408,2 136,2 615,February
CCG,04N,E38000142,NHS Rushcliffe CCG,60 756,54 995,1 902,3 859,February
CCG,04Q,E38000165,NHS South West  Lincolnshire CCG,57 748,51 916,2 299,3 533,February
CCG,04V,E38000201,NHS West Leicestershire CCG,176 554,159 966,6 898,9 690,February
CCG,04Y,E38000028,NHS Cannock Chase CCG,53 235,47 708,2 385,3 142,February
CCG,05A,E38000038,NHS Coventry and Rugby CCG,186 968,168 847,11 746,6 375,February
CCG,05C,E38000046,NHS Dudley CCG,123 361,108 347,7 165,7 849,February
CCG,05D,E38000053,NHS East Staffordshire CCG,56 355,50 570,2 179,3 606,February
CCG,05F,E38000078,NHS Herefordshire CCG,86 191,79 560,3 806,2 825,February
CCG,05G,E38000126,NHS North Staffordshire CCG,77 673,71 416,3 201,3 056,February
CCG,05H,E38000195,NHS Warwickshire North CCG,71 859,65 682,3 309,2 868,February
CCG,05J,E38000139,NHS Redditch and Bromsgrove CCG,77 198,71 971,3 278,1 949,February
CCG,05L,E38000144,NHS Sandwell and West Birmingham CCG,223 252,193 409,18 494,11 349,February
CCG,05N,E38000147,NHS Shropshire CCG,139 743,128 534,5 768,5 441,February
CCG,05Q,E38000153,NHS South East Staffordshire and Seisdon Peninsula CCG,83 379,75 831,3 961,3 587,February
CCG,05R,E38000164,NHS South Warwickshire CCG,133 441,123 294,4 674,5 473,February
CCG,05T,E38000166,NHS South Worcestershire CCG,132 235,121 668,5 451,5 116,February
CCG,05V,E38000173,NHS Stafford and Surrounds CCG,61 385,56 188,2 592,2 605,February
CCG,05W,E38000175,NHS Stoke on Trent CCG,94 491,82 913,7 062,4 516,February
CCG,05X,E38000183,NHS Telford and Wrekin CCG,74 876,68 994,4 041,1 841,February
CCG,05Y,E38000191,NHS Walsall CCG,124 709,110 768,8 876,5 065,February
CCG,06A,E38000210,NHS Wolverhampton CCG,97 509,86 063,7 638,3 808,February
CCG,06D,E38000211,NHS Wyre Forest CCG,70 785,66 333,3 095,1 357,February
CCG,06F,E38000010,NHS Bedfordshire CCG,199 932,177 854,8 443,13 635,February
CCG,06H,E38000026,NHS Cambridgeshire and Peterborough CCG,437 951,394 982,19 971,22 998,February
CCG,06K,E38000049,NHS East and North Hertfordshire CCG,216 506,188 913,9 104,18 489,February
CCG,06L,E38000086,NHS Ipswich and East Suffolk CCG,184 563,166 790,6 028,11 745,February
CCG,06M,E38000063,NHS Great Yarmouth and Waveney CCG,108 292,97 041,5 380,5 871,February
CCG,06N,E38000079,NHS Herts Valley CCG,226 707,205 070,12 241,9 396,February
CCG,06P,E38000102,NHS Luton CCG,86 249,76 383,5 898,3 968,February
CCG,06Q,E38000106,NHS Mid Essex CCG,158 705,143 370,5 617,9 718,February
CCG,06T,E38000117,NHS North East Essex CCG,158 174,144 098,6 404,7 672,February
CCG,06V,E38000124,NHS North Norfolk CCG,83 326,74 033,3 134,6 159,February
CCG,06W,E38000218,NHS Norwich CCG,108 714,97 691,4 309,6 714,February
CCG,06Y,E38000219,NHS South Norfolk CCG,105 991,97 043,3 356,5 592,February
CCG,07G,E38000185,NHS Thurrock CCG,71 520,64 587,2 984,3 949,February
CCG,07H,E38000197,NHS West Essex CCG,114 967,102 321,5 363,7 283,February
CCG,07J,E38000203,NHS West Norfolk CCG,98 003,88 320,3 501,6 182,February
CCG,07K,E38000204,NHS West Suffolk CCG,108 470,99 892,3 514,5 064,February
CCG,07L,E38000004,NHS Barking and Dagenham CCG,75 060,63 848,6 573,4 639,February
CCG,07M,E38000005,NHS Barnet CCG,106 013,95 986,5 530,4 497,February
CCG,07N,E38000011,NHS Bexley CCG,75 811,67 727,3 463,4 621,February
CCG,07P,E38000020,NHS Brent CCG,136 860,121 898,9 841,5 121,February
CCG,07Q,E38000023,NHS Bromley CCG,105 926,93 810,4 607,7 509,February
CCG,07R,E38000027,NHS Camden CCG,86 543,77 921,6 018,2 604,February
CCG,07T,E38000035,NHS City and Hackney CCG,121 812,109 082,8 938,3 792,February
CCG,07V,E38000040,NHS Croydon CCG,138 008,123 913,8 690,5 405,February
CCG,07W,E38000048,NHS Ealing CCG,174 750,157 147,9 644,7 959,February
CCG,07X,E38000057,NHS Enfield CCG,98 863,86 824,7 299,4 740,February
CCG,07Y,E38000084,NHS Hounslow CCG,124 062,110 157,7 078,6 827,February
CCG,08A,E38000066,NHS Greenwich CCG,100 765,85 886,7 721,7 158,February
CCG,08C,E38000070,NHS Hammersmith and Fulham CCG,79 491,69 206,5 113,5 172,February
CCG,08D,E38000072,NHS Haringey CCG,93 741,83 551,6 523,3 667,February
CCG,08E,E38000074,NHS Harrow CCG,102 897,91 989,5 608,5 300,February
