Type,NHS_area_code,ONS_code,Name,Count_gp_appointments,Attended,Did_not_attend,Unknown,Month
National,ENG,ENG,England,23 771 858,20 467 746,1 153 429,2 150 683,March
Region,Y56,E40000003,London,3 299 719,2 855 121,203 822,240 776,March
Region,Y58,E40000006,South West,2 714 127,2 316 210,120 963,276 954,March
Region,Y59,E40000005,South East,3 451 152,3 027 327,155 315,268 510,March
Region,Y60,E40000008,Midlands,4 602 936,3 952 900,225 910,424 126,March
Region,Y61,E40000007,East of England,2 856 687,2 438 988,115 725,301 974,March
Region,Y62,E40000010,North West,2 742 405,2 390 433,159 111,192 861,March
Region,Y63,E40000009,North East and Yorkshire,4 104 832,3 486 767,172 583,445 482,March
Regional Local Office,Q71,E39000018,NHS England London,3 299 719,2 855 121,203 822,240 776,March
Regional Local Office,Q72,E39000048,NHS England North East and Yorkshire (Yorkshire and Humber),2 614 174,2 212 999,104 822,296 353,March
Regional Local Office,Q74,E39000047,NHS England North East and Yorkshire (Cumbria and North East),1 490 658,1 273 768,67 761,149 129,March
Regional Local Office,Q75,E39000026,NHS England North West (Cheshire and Merseyside),1 020 396,893 237,58 668,68 491,March
Regional Local Office,Q76,E39000032,NHS England Midlands (North Midlands),1 606 366,1 372 216,65 546,168 604,March
Regional Local Office,Q77,E39000033,NHS England Midlands (West Midlands),1 797 997,1 555 360,110 190,132 447,March
Regional Local Office,Q78,E39000045,NHS England Midlands (Central Midlands),1 198 573,1 025 324,50 174,123 075,March
Regional Local Office,Q79,E39000046,NHS England East of England (East),2 856 687,2 438 988,115 725,301 974,March
Regional Local Office,Q83,E39000037,NHS England North West (Greater Manchester),1 068 657,919 471,68 086,81 100,March
Regional Local Office,Q84,E39000040,NHS England North West (Lancashire and South Cumbria),653 352,577 725,32 357,43 270,March
Regional Local Office,Q85,E39000044,NHS England South West (South West South),1 556 691,1 325 612,73 096,157 983,March
Regional Local Office,Q86,E39000043,NHS England South West (South West North),1 157 436,990 598,47 867,118 971,March
Regional Local Office,Q87,E39000041,"NHS England South East (Hampshire, Isle of Wight and Thames Valley)",1 654 690,1 465 049,75 121,114 520,March
Regional Local Office,Q88,E39000042,"NHS England South East (Kent, Surrey and Sussex)",1 796 462,1 562 278,80 194,153 990,March
STP,E54000005,E54000005,West Yorkshire And Harrogate (Health And Care Partnership)  STP,1 276 462,1 084 716,46 211,145 535,March
STP,E54000006,E54000006,"Humber, Coast And Vale  STP",611 351,516 686,23 086,71 579,March
STP,E54000007,E54000007,Greater Manchester Health And Social Care Partnership  STP,1 068 657,919 471,68 086,81 100,March
STP,E54000008,E54000008,Cheshire And Merseyside  STP,1 020 396,893 237,58 668,68 491,March
STP,E54000009,E54000009,South Yorkshire And Bassetlaw  STP,726 361,611 597,35 525,79 239,March
STP,E54000010,E54000010,Staffordshire And Stoke On Trent  STP,415 481,364 479,20 593,30 409,March
STP,E54000011,E54000011,Shropshire And Telford And Wrekin  STP,210 605,188 891,10 145,11 569,March
STP,E54000012,E54000012,Joined Up Care Derbyshire  STP,492 783,413 006,15 855,63 922,March
STP,E54000013,E54000013,Lincolnshire  STP,340 210,289 514,13 739,36 957,March
STP,E54000014,E54000014,Nottingham And Nottinghamshire Health And Care  STP,487 497,405 840,18 953,62 704,March
STP,E54000015,E54000015,"Leicester, Leicestershire And Rutland  STP",522 803,451 169,23 330,48 304,March
STP,E54000016,E54000016,The Black Country And West Birmingham  STP,551 535,468 973,39 370,43 192,March
STP,E54000017,E54000017,Birmingham And Solihull  STP,521 215,437 288,36 209,47 718,March
STP,E54000018,E54000018,Coventry And Warwickshire  STP,378 480,338 229,19 236,21 015,March
STP,E54000019,E54000019,Herefordshire And Worcestershire  STP,346 767,310 870,15 375,20 522,March
STP,E54000020,E54000020,Northamptonshire  STP,335 560,284 641,13 105,37 814,March
STP,E54000021,E54000021,Cambridgeshire And Peterborough  STP,431 304,367 915,20 619,42 770,March
STP,E54000022,E54000022,Norfolk And Waveney Health And Care Partnership  STP,513 556,438 017,19 480,56 059,March
STP,E54000023,E54000023,Suffolk And North East Essex  STP,445 855,387 795,14 781,43 279,March
STP,E54000024,E54000024,"Bedfordshire, Luton And Milton Keynes  STP",424 054,358 212,19 247,46 595,March
STP,E54000025,E54000025,Hertfordshire And West Essex  STP,570 792,484 522,26 511,59 759,March
STP,E54000026,E54000026,Mid And South Essex  STP,471 126,402 527,15 087,53 512,March
STP,E54000027,E54000027,North West London Health And Care Partnership  STP,894 707,773 727,49 215,71 765,March
STP,E54000028,E54000028,North London Partners In Health And Care  STP,470 446,408 681,29 476,32 289,March
STP,E54000029,E54000029,East London Health And Care Partnership  STP,731 435,631 620,50 611,49 204,March
STP,E54000030,E54000030,Our Healthier South East London  STP,642 813,548 392,41 610,52 811,March
STP,E54000031,E54000031,South West London Health And Care Partnership  STP,560 318,492 701,32 910,34 707,March
STP,E54000032,E54000032,Kent And Medway  STP,674 555,587 499,34 004,53 052,March
STP,E54000033,E54000033,Sussex And East Surrey  STP,807 115,695 544,31 575,79 996,March
STP,E54000034,E54000034,Frimley Health  STP,261 526,236 442,11 652,13 432,March
STP,E54000035,E54000035,Surrey Heartlands  STP,314 792,279 235,14 615,20 942,March
STP,E54000036,E54000036,Cornwall And The Isles Of Scilly  STP,315 619,258 777,23 160,33 682,March
STP,E54000037,E54000037,Devon  STP,630 222,542 771,24 745,62 706,March
STP,E54000038,E54000038,Somerset  STP,225 033,199 082,11 317,14 634,March
STP,E54000039,E54000039,"Bristol, North Somerset And South Gloucestershire  STP",406 840,358 922,21 855,26 063,March
STP,E54000040,E54000040,"Bath And North East Somerset, Swindon And Wiltshire  STP",463 568,388 015,15 704,59 849,March
STP,E54000041,E54000041,Dorset  STP,385 817,324 982,13 874,46 961,March
STP,E54000042,E54000042,Hampshire And The Isle Of Wight  STP,701 999,610 947,32 437,58 615,March
STP,E54000043,E54000043,Gloucestershire  STP,287 028,243 661,10 308,33 059,March
STP,E54000044,E54000044,"Buckinghamshire, Oxfordshire And Berkshire West  STP",691 165,617 660,31 032,42 473,March
STP,E54000048,E54000048,Healthier Lancashire And South Cumbria  STP,653 352,577 725,32 357,43 270,March
STP,E54000049,E54000049,Cumbria And North East  STP,1 490 658,1 273 768,67 761,149 129,March
CCG,00C,E38000042,NHS Darlington CCG,49 066,40 425,2 576,6 065,March
CCG,00D,E38000047,"NHS Durham Dales, Easington and Sedgefield CCG",169 909,141 615,6 727,21 567,March
CCG,00J,E38000116,NHS North Durham CCG,133 485,114 558,5 334,13 593,March
CCG,00K,E38000075,NHS Hartlepool and Stockton-on-Tees CCG,124 806,104 020,5 885,14 901,March
CCG,00L,E38000130,NHS Northumberland CCG,160 587,139 231,4 996,16 360,March
CCG,00M,E38000162,NHS South Tees CCG,148 957,124 635,6 950,17 372,March
CCG,00N,E38000163,NHS South Tyneside CCG,58 817,52 169,2 733,3 915,March
CCG,00P,E38000176,NHS Sunderland CCG,114 427,101 722,7 095,5 610,March
CCG,00Q,E38000014,NHS Blackburn with Darwen CCG,56 978,49 883,4 085,3 010,March
CCG,00R,E38000015,NHS Blackpool CCG,73 980,66 225,3 955,3 800,March
CCG,00T,E38000016,NHS Bolton CCG,132 474,112 668,9 522,10 284,March
CCG,00V,E38000024,NHS Bury CCG,24 919,19 650,1 297,3 972,March
CCG,00X,E38000034,NHS Chorley and South Ribble CCG,61 745,53 569,2 550,5 626,March
CCG,00Y,E38000135,NHS Oldham CCG,93 116,81 465,6 055,5 596,March
CCG,01A,E38000050,NHS East Lancashire CCG,138 374,122 424,7 701,8 249,March
CCG,01C,E38000056,NHS Eastern Cheshire CCG,71 625,63 009,3 824,4 792,March
CCG,01D,E38000080,"NHS Heywood, Middleton and Rochdale CCG",88 804,77 385,6 063,5 356,March
CCG,01E,E38000227,NHS Greater Preston CCG,63 628,56 353,3 233,4 042,March
CCG,01F,E38000068,NHS Halton CCG,53 701,45 097,3 557,5 047,March
CCG,01G,E38000143,NHS Salford CCG,118 046,97 746,7 652,12 648,March
CCG,01H,E38000215,NHS North Cumbria CCG,159 792,139 218,7 238,13 336,March
CCG,01J,E38000091,NHS Knowsley CCG,68 471,58 717,5 092,4 662,March
CCG,01K,E38000228,NHS Morecambe Bay CCG,139 698,123 526,6 433,9 739,March
CCG,01R,E38000151,NHS South Cheshire CCG,74 632,65 656,4 302,4 674,March
CCG,01T,E38000161,NHS South Sefton CCG,47 358,42 060,2 973,2 325,March
CCG,01V,E38000170,NHS Southport and Formby CCG,49 378,43 680,1 949,3 749,March
CCG,01W,E38000174,NHS Stockport CCG,116 365,102 491,5 911,7 963,March
CCG,01X,E38000172,NHS St Helens CCG,67 979,59 104,3 740,5 135,March
CCG,01Y,E38000182,NHS Tameside and Glossop CCG,95 515,83 269,6 022,6 224,March
CCG,02A,E38000187,NHS Trafford CCG,66 783,57 989,3 969,4 825,March
CCG,02D,E38000189,NHS Vale Royal CCG,39 548,34 283,2 071,3 194,March
CCG,02E,E38000194,NHS Warrington CCG,88 722,79 678,3 063,5 981,March
CCG,02F,E38000196,NHS West Cheshire CCG,102 786,91 595,5 327,5 864,March
CCG,02G,E38000200,NHS West Lancashire CCG,44 397,39 346,1 964,3 087,March
CCG,02H,E38000205,NHS Wigan Borough CCG,120 654,103 686,5 517,11 451,March
CCG,02M,E38000226,NHS Fylde and Wyre CCG,74 552,66 399,2 436,5 717,March
CCG,02N,E38000001,"NHS Airedale, Wharfedale and Craven CCG",88 552,73 513,2 240,12 799,March
CCG,02P,E38000006,NHS Barnsley CCG,114 720,97 612,4 835,12 273,March
CCG,02Q,E38000008,NHS Bassetlaw CCG,56 688,48 867,2 549,5 272,March
CCG,02R,E38000019,NHS Bradford Districts CCG,167 135,141 238,5 065,20 832,March
CCG,02T,E38000025,NHS Calderdale CCG,92 574,78 662,3 334,10 578,March
CCG,02W,E38000018,NHS Bradford City CCG,71 638,60 921,4 020,6 697,March
CCG,02X,E38000044,NHS Doncaster CCG,137 732,119 382,6 767,11 583,March
CCG,02Y,E38000052,NHS East Riding of Yorkshire CCG,124 481,109 232,4 055,11 194,March
CCG,03A,E38000064,NHS Greater Huddersfield CCG,102 516,90 103,3 898,8 515,March
CCG,03D,E38000069,"NHS Hambleton, Richmondshire and Whitby CCG",66 896,57 465,2 259,7 172,March
CCG,03E,E38000073,NHS Harrogate and Rural District CCG,77 634,65 924,2 010,9 700,March
CCG,03F,E38000085,NHS Hull CCG,117 338,97 127,6 697,13 514,March
CCG,03H,E38000119,NHS North East Lincolnshire CCG,81 520,69 384,3 044,9 092,March
CCG,03J,E38000121,NHS North Kirklees CCG,87 716,76 088,3 480,8 148,March
CCG,03K,E38000122,NHS North Lincolnshire CCG,87 134,74 490,2 133,10 511,March
CCG,03L,E38000141,NHS Rotherham CCG,126 624,106 798,6 641,13 185,March
CCG,03M,E38000145,NHS Scarborough and Ryedale CCG,62 050,49 772,2 085,10 193,March
CCG,03N,E38000146,NHS Sheffield CCG,290 597,238 938,14 733,36 926,March
CCG,03Q,E38000188,NHS Vale of York CCG,138 828,116 681,5 072,17 075,March
CCG,03R,E38000190,NHS Wakefield CCG,189 773,160 820,6 183,22 770,March
CCG,03T,E38000099,NHS Lincolnshire East CCG,112 854,98 084,4 817,9 953,March
CCG,03V,E38000037,NHS Corby CCG,37 510,28 146,1 175,8 189,March
CCG,03W,E38000051,NHS East Leicestershire and Rutland CCG,164 233,141 211,6 596,16 426,March
CCG,04C,E38000097,NHS Leicester City CCG,175 203,150 660,10 030,14 513,March
CCG,04D,E38000100,NHS Lincolnshire West CCG,91 677,77 248,3 699,10 730,March
CCG,04E,E38000103,NHS Mansfield and Ashfield CCG,93 749,75 402,3 717,14 630,March
CCG,04F,E38000107,NHS Milton Keynes CCG,121 042,100 660,5 107,15 275,March
CCG,04G,E38000108,NHS Nene CCG,298 050,256 495,11 930,29 625,March
CCG,04H,E38000109,NHS Newark and Sherwood CCG,60 371,52 212,1 848,6 311,March
CCG,04K,E38000132,NHS Nottingham City CCG,154 160,127 372,7 592,19 196,March
CCG,04L,E38000133,NHS Nottingham North and East CCG,65 415,55 009,2 270,8 136,March
CCG,04M,E38000134,NHS Nottingham West CCG,50 382,42 189,1 872,6 321,March
CCG,04N,E38000142,NHS Rushcliffe CCG,63 420,53 656,1 654,8 110,March
CCG,04Q,E38000165,NHS South West  Lincolnshire CCG,55 445,46 334,2 149,6 962,March
CCG,04V,E38000201,NHS West Leicestershire CCG,183 367,159 298,6 704,17 365,March
CCG,04Y,E38000028,NHS Cannock Chase CCG,52 206,45 412,2 318,4 476,March
CCG,05A,E38000038,NHS Coventry and Rugby CCG,181 315,160 594,11 366,9 355,March
CCG,05C,E38000046,NHS Dudley CCG,120 979,104 076,8 237,8 666,March
CCG,05D,E38000053,NHS East Staffordshire CCG,55 850,47 350,2 311,6 189,March
CCG,05F,E38000078,NHS Herefordshire CCG,81 023,72 212,3 442,5 369,March
CCG,05G,E38000126,NHS North Staffordshire CCG,76 679,69 152,3 039,4 488,March
CCG,05H,E38000195,NHS Warwickshire North CCG,69 472,62 531,3 298,3 643,March
CCG,05J,E38000139,NHS Redditch and Bromsgrove CCG,75 285,67 278,3 449,4 558,March
CCG,05L,E38000144,NHS Sandwell and West Birmingham CCG,220 304,184 374,16 077,19 853,March
CCG,05N,E38000147,NHS Shropshire CCG,139 575,124 383,6 213,8 979,March
CCG,05Q,E38000153,NHS South East Staffordshire and Seisdon Peninsula CCG,78 262,69 516,3 929,4 817,March
CCG,05R,E38000164,NHS South Warwickshire CCG,127 693,115 104,4 572,8 017,March
CCG,05T,E38000166,NHS South Worcestershire CCG,125 078,111 253,5 634,8 191,March
CCG,05V,E38000173,NHS Stafford and Surrounds CCG,59 821,52 895,2 752,4 174,March
CCG,05W,E38000175,NHS Stoke on Trent CCG,92 663,80 154,6 244,6 265,March
CCG,05X,E38000183,NHS Telford and Wrekin CCG,71 030,64 508,3 932,2 590,March
CCG,05Y,E38000191,NHS Walsall CCG,120 059,103 234,7 906,8 919,March
CCG,06A,E38000210,NHS Wolverhampton CCG,90 193,77 289,7 150,5 754,March
CCG,06D,E38000211,NHS Wyre Forest CCG,65 381,60 127,2 850,2 404,March
CCG,06F,E38000010,NHS Bedfordshire CCG,213 432,179 647,8 998,24 787,March
CCG,06H,E38000026,NHS Cambridgeshire and Peterborough CCG,431 304,367 915,20 619,42 770,March
CCG,06K,E38000049,NHS East and North Hertfordshire CCG,223 717,185 506,8 449,29 762,March
CCG,06L,E38000086,NHS Ipswich and East Suffolk CCG,184 247,156 745,5 641,21 861,March
CCG,06M,E38000063,NHS Great Yarmouth and Waveney CCG,107 196,92 069,4 657,10 470,March
CCG,06N,E38000079,NHS Herts Valley CCG,227 635,196 259,13 041,18 335,March
CCG,06P,E38000102,NHS Luton CCG,89 580,77 905,5 142,6 533,March
CCG,06Q,E38000106,NHS Mid Essex CCG,156 858,135 577,5 232,16 049,March
CCG,06T,E38000117,NHS North East Essex CCG,151 667,133 029,5 982,12 656,March
CCG,06V,E38000124,NHS North Norfolk CCG,89 724,76 382,3 355,9 987,March
CCG,06W,E38000218,NHS Norwich CCG,110 976,95 046,4 031,11 899,March
CCG,06Y,E38000219,NHS South Norfolk CCG,108 547,92 684,3 734,12 129,March
CCG,07G,E38000185,NHS Thurrock CCG,76 314,66 697,2 559,7 058,March
CCG,07H,E38000197,NHS West Essex CCG,119 440,102 757,5 021,11 662,March
CCG,07J,E38000203,NHS West Norfolk CCG,97 113,81 836,3 703,11 574,March
CCG,07K,E38000204,NHS West Suffolk CCG,109 941,98 021,3 158,8 762,March
CCG,07L,E38000004,NHS Barking and Dagenham CCG,75 091,63 109,5 832,6 150,March
CCG,07M,E38000005,NHS Barnet CCG,102 999,90 067,5 045,7 887,March
CCG,07N,E38000011,NHS Bexley CCG,79 574,68 510,3 151,7 913,March
CCG,07P,E38000020,NHS Brent CCG,138 235,118 108,10 156,9 971,March
CCG,07Q,E38000023,NHS Bromley CCG,106 397,91 761,5 381,9 255,March
CCG,07R,E38000027,NHS Camden CCG,87 294,74 803,4 942,7 549,March
CCG,07T,E38000035,NHS City and Hackney CCG,114 373,99 777,8 205,6 391,March
CCG,07V,E38000040,NHS Croydon CCG,134 526,117 326,9 060,8 140,March
CCG,07W,E38000048,NHS Ealing CCG,169 300,149 456,7 223,12 621,March
CCG,07X,E38000057,NHS Enfield CCG,100 130,86 910,6 730,6 490,March
CCG,07Y,E38000084,NHS Hounslow CCG,118 231,101 305,5 940,10 986,March
CCG,08A,E38000066,NHS Greenwich CCG,100 305,81 284,7 603,11 418,March
CCG,08C,E38000070,NHS Hammersmith and Fulham CCG,83 385,69 958,4 654,8 773,March
CCG,08D,E38000072,NHS Haringey CCG,94 800,83 103,6 453,5 244,March
CCG,08E,E38000074,NHS Harrow CCG,98 906,86 311,5 664,6 931,March
