Type,NHS_area_code,ONS_code,Name,Count_gp_appointments,Attended,Did_not_attend,Unknown,Month
National,ENG,ENG,England,28 477 155,25 693 182,1 187 779,1 596 194,June
Region,Y56,E40000003,London,4 274 734,3 807 104,240 708,226 922,June
Region,Y58,E40000006,South West,3 090 392,2 823 536,103 291,163 565,June
Region,Y59,E40000005,South East,4 335 058,3 896 417,172 247,266 394,June
Region,Y60,E40000011,Midlands,5 543 969,5 009 283,226 221,308 465,June
Region,Y61,E40000007,East of England,3 280 993,2 975 857,109 258,195 878,June
Region,Y62,E40000010,North West,3 362 931,3 018 548,169 446,174 937,June
Region,Y63,E40000012,North East and Yorkshire,4 589 078,4 162 437,166 608,260 033,June
ICB,QE1,E54000048,NHS Lancashire and South Cumbria Integrated Care Board,783 484,707 622,36 716,39 146,June
ICB,QF7,E54000061,NHS South Yorkshire Integrated Care Board,745 560,667 544,29 194,48 822,June
ICB,QGH,E54000019,NHS Herefordshire and Worcestershire Integrated Care Board,423 483,390 219,15 618,17 646,June
ICB,QH8,E54000026,NHS Mid and South Essex Integrated Care Board,527 218,477 679,16 438,33 101,June
ICB,QHG,E54000024,"NHS Bedfordshire, Luton and Milton Keynes Integrated Care Board",458 021,411 922,19 012,27 087,June
ICB,QHL,E54000055,NHS Birmingham and Solihull Integrated Care Board,718 242,637 714,42 220,38 308,June
ICB,QHM,E54000050,NHS North East and North Cumbria Integrated Care Board,1 573 362,1 427 146,60 718,85 498,June
ICB,QJ2,E54000058,NHS Derby and Derbyshire Integrated Care Board,547 219,496 675,17 026,33 518,June
ICB,QJG,E54000023,NHS Suffolk and North East Essex Integrated Care Board,559 269,516 754,14 935,27 580,June
ICB,QJK,E54000037,NHS Devon Integrated Care Board,705 171,643 291,20 717,41 163,June
ICB,QJM,E54000013,NHS Lincolnshire Integrated Care Board,487 094,446 990,13 385,26 719,June
ICB,QK1,E54000015,"NHS Leicester, Leicestershire and Rutland Integrated Care Board",600 852,542 779,21 809,36 264,June
ICB,QKK,E54000030,NHS South East London Integrated Care Board,691 737,611 755,41 018,38 964,June
ICB,QKS,E54000032,NHS Kent and Medway Integrated Care Board,855 519,762 740,36 619,56 160,June
ICB,QM7,E54000025,NHS Hertfordshire and West Essex Integrated Care Board,650 060,588 177,22 711,39 172,June
ICB,QMF,E54000029,NHS North East London Integrated Care Board,977 083,863 655,62 727,50 701,June
ICB,QMJ,E54000028,NHS North Central London Integrated Care Board,656 896,588 369,36 038,32 489,June
ICB,QMM,E54000022,NHS Norfolk and Waveney Integrated Care Board,572 887,515 631,19 272,37 984,June
ICB,QNC,E54000010,NHS Staffordshire and Stoke-on-Trent Integrated Care Board,503 567,453 071,20 525,29 971,June
ICB,QNQ,E54000034,NHS Frimley Integrated Care Board,363 237,327 451,17 930,17 856,June
ICB,QNX,E54000053,NHS Sussex Integrated Care Board,880 903,797 645,28 974,54 284,June
ICB,QOC,E54000011,"NHS Shropshire, Telford and Wrekin Integrated Care Board",236 570,215 709,8 726,12 135,June
ICB,QOP,E54000057,NHS Greater Manchester Integrated Care Board,1 392 839,1 248 344,73 968,70 527,June
ICB,QOQ,E54000051,NHS Humber and North Yorkshire Integrated Care Board,911 237,837 366,26 920,46 951,June
ICB,QOX,E54000040,"NHS Bath and North East Somerset, Swindon and Wiltshire Integrated Care Board",505 476,464 814,14 460,26 202,June
ICB,QPM,E54000059,NHS Northamptonshire Integrated Care Board,374 311,345 094,11 286,17 931,June
ICB,QR1,E54000043,NHS Gloucestershire Integrated Care Board,357 508,326 593,10 881,20 034,June
ICB,QRL,E54000042,NHS Hampshire and the Isle of Wight Integrated Care Board,894 958,806 251,37 503,51 204,June
ICB,QRV,E54000027,NHS North West London Integrated Care Board,1 252 145,1 118 312,64 012,69 821,June
ICB,QSL,E54000038,NHS Somerset Integrated Care Board,284 723,259 851,11 159,13 713,June
ICB,QT1,E54000060,NHS Nottingham and Nottinghamshire Integrated Care Board,596 802,538 208,23 491,35 103,June
ICB,QT6,E54000036,NHS Cornwall and the Isles of Scilly Integrated Care Board,346 291,314 207,11 459,20 625,June
ICB,QU9,E54000044,"NHS Buckinghamshire, Oxfordshire and Berkshire West Integrated Care Board",822 771,750 935,33 442,38 394,June
ICB,QUA,E54000062,NHS Black Country Integrated Care Board,600 885,535 472,31 195,34 218,June
ICB,QUE,E54000056,NHS Cambridgeshire and Peterborough Integrated Care Board,513 538,465 694,16 890,30 954,June
ICB,QUY,E54000039,"NHS Bristol, North Somerset and South Gloucestershire Integrated Care Board",480 163,440 155,21 748,18 260,June
ICB,QVV,E54000041,NHS Dorset Integrated Care Board,411 060,374 625,12 867,23 568,June
ICB,QWE,E54000031,NHS South West London Integrated Care Board,696 873,625 013,36 913,34 947,June
ICB,QWO,E54000054,NHS West Yorkshire Integrated Care Board,1 358 919,1 230 381,49 776,78 762,June
ICB,QWU,E54000018,NHS Coventry and Warwickshire Integrated Care Board,454 944,407 352,20 940,26 652,June
ICB,QXU,E54000052,NHS Surrey Heartlands Integrated Care Board,517 670,451 395,17 779,48 496,June
ICB,QYG,E54000008,NHS Cheshire and Merseyside Integrated Care Board,1 186 608,1 062 582,58 762,65 264,June
Sub ICB Location,00L,E38000130,NHS North East and North Cumbria ICB - 00L,174 039,159 519,5 715,8 805,June
Sub ICB Location,00N,E38000163,NHS North East and North Cumbria ICB - 00N,62 880,56 418,2 614,3 848,June
Sub ICB Location,00P,E38000176,NHS North East and North Cumbria ICB - 00P,124 012,111 220,6 359,6 433,June
Sub ICB Location,00Q,E38000014,NHS Lancashire and South Cumbria ICB - 00Q,69 116,61 243,3 816,4 057,June
Sub ICB Location,00R,E38000015,NHS Lancashire and South Cumbria ICB - 00R,81 861,73 622,4 519,3 720,June
Sub ICB Location,00T,E38000016,NHS Greater Manchester ICB - 00T,149 736,133 247,9 355,7 134,June
Sub ICB Location,00V,E38000024,NHS Greater Manchester ICB - 00V,84 977,78 383,3 697,2 897,June
Sub ICB Location,00X,E38000034,NHS Lancashire and South Cumbria ICB - 00X,79 842,71 337,3 423,5 082,June
Sub ICB Location,00Y,E38000135,NHS Greater Manchester ICB - 00Y,101 715,91 147,5 647,4 921,June
Sub ICB Location,01A,E38000050,NHS Lancashire and South Cumbria ICB - 01A,164 971,146 618,9 139,9 214,June
Sub ICB Location,01D,E38000080,NHS Greater Manchester ICB - 01D,95 793,85 601,5 486,4 706,June
Sub ICB Location,01E,E38000227,NHS Lancashire and South Cumbria ICB - 01E,91 178,81 840,4 064,5 274,June
Sub ICB Location,01F,E38000068,NHS Cheshire and Merseyside ICB - 01F,51 629,45 407,2 677,3 545,June
Sub ICB Location,01G,E38000143,NHS Greater Manchester ICB - 01G,140 839,120 791,7 613,12 435,June
Sub ICB Location,01H,E38000215,NHS North East and North Cumbria ICB - 01H,173 712,157 766,6 521,9 425,June
Sub ICB Location,01J,E38000091,NHS Cheshire and Merseyside ICB - 01J,73 516,63 871,4 340,5 305,June
Sub ICB Location,01K,E38000228,NHS Lancashire and South Cumbria ICB - 01K,149 823,138 806,6 131,4 886,June
Sub ICB Location,01T,E38000161,NHS Cheshire and Merseyside ICB - 01T,50 948,46 078,2 165,2 705,June
Sub ICB Location,01V,E38000170,NHS Cheshire and Merseyside ICB - 01V,62 387,57 438,1 849,3 100,June
Sub ICB Location,01W,E38000174,NHS Greater Manchester ICB - 01W,143 937,130 107,6 329,7 501,June
Sub ICB Location,01X,E38000172,NHS Cheshire and Merseyside ICB - 01X,81 011,71 283,3 585,6 143,June
Sub ICB Location,01Y,E38000263,NHS Greater Manchester ICB - 01Y,105 022,93 204,6 079,5 739,June
Sub ICB Location,02A,E38000187,NHS Greater Manchester ICB - 02A,113 657,104 793,4 531,4 333,June
Sub ICB Location,02E,E38000194,NHS Cheshire and Merseyside ICB - 02E,93 781,86 135,3 054,4 592,June
Sub ICB Location,02G,E38000200,NHS Lancashire and South Cumbria ICB - 02G,52 561,47 570,1 957,3 034,June
Sub ICB Location,02H,E38000205,NHS Greater Manchester ICB - 02H,174 903,161 599,6 580,6 724,June
Sub ICB Location,02M,E38000226,NHS Lancashire and South Cumbria ICB - 02M,94 132,86 586,3 667,3 879,June
Sub ICB Location,02P,E38000006,NHS South Yorkshire ICB - 02P,127 403,114 272,4 536,8 595,June
Sub ICB Location,02Q,E38000008,NHS Nottingham and Nottinghamshire ICB - 02Q,82 303,76 438,2 482,3 383,June
Sub ICB Location,02T,E38000025,NHS West Yorkshire ICB - 02T,107 093,98 320,3 745,5 028,June
Sub ICB Location,02X,E38000044,NHS South Yorkshire ICB - 02X,162 099,146 161,7 073,8 865,June
Sub ICB Location,02Y,E38000052,NHS Humber and North Yorkshire ICB - 02Y,154 779,143 572,4 105,7 102,June
Sub ICB Location,03F,E38000085,NHS Humber and North Yorkshire ICB - 03F,129 715,116 449,5 528,7 738,June
Sub ICB Location,03H,E38000119,NHS Humber and North Yorkshire ICB - 03H,116 486,107 002,3 084,6 400,June
Sub ICB Location,03K,E38000122,NHS Humber and North Yorkshire ICB - 03K,99 401,90 093,2 787,6 521,June
Sub ICB Location,03L,E38000141,NHS South Yorkshire ICB - 03L,153 700,135 687,5 557,12 456,June
Sub ICB Location,03N,E38000146,NHS South Yorkshire ICB - 03N,302 358,271 424,12 028,18 906,June
Sub ICB Location,03Q,E38000188,NHS Humber and North Yorkshire ICB - 03Q,110 333,103 156,2 901,4 276,June
Sub ICB Location,03R,E38000190,NHS West Yorkshire ICB - 03R,216 006,195 851,7 057,13 098,June
Sub ICB Location,03W,E38000051,"NHS Leicester, Leicestershire and Rutland ICB - 03W",179 468,162 812,5 512,11 144,June
Sub ICB Location,04C,E38000097,"NHS Leicester, Leicestershire and Rutland ICB - 04C",214 817,191 517,9 747,13 553,June
Sub ICB Location,04V,E38000201,"NHS Leicester, Leicestershire and Rutland ICB - 04V",206 567,188 450,6 550,11 567,June
Sub ICB Location,04Y,E38000028,NHS Staffordshire and Stoke-on-Trent ICB - 04Y,61 802,56 222,2 499,3 081,June
Sub ICB Location,05D,E38000053,NHS Staffordshire and Stoke-on-Trent ICB - 05D,56 997,52 096,2 055,2 846,June
Sub ICB Location,05G,E38000126,NHS Staffordshire and Stoke-on-Trent ICB - 05G,99 366,90 323,3 119,5 924,June
Sub ICB Location,05Q,E38000153,NHS Staffordshire and Stoke-on-Trent ICB - 05Q,94 532,87 156,3 855,3 521,June
Sub ICB Location,05V,E38000173,NHS Staffordshire and Stoke-on-Trent ICB - 05V,66 382,60 685,2 576,3 121,June
Sub ICB Location,05W,E38000175,NHS Staffordshire and Stoke-on-Trent ICB - 05W,124 488,106 589,6 421,11 478,June
Sub ICB Location,06H,E38000260,NHS Cambridgeshire and Peterborough ICB - 06H,513 538,465 694,16 890,30 954,June
Sub ICB Location,06K,E38000049,NHS Hertfordshire and West Essex ICB - 06K,257 567,232 652,8 190,16 725,June
Sub ICB Location,06L,E38000086,NHS Suffolk and North East Essex ICB - 06L,227 706,211 717,4 870,11 119,June
Sub ICB Location,06N,E38000079,NHS Hertfordshire and West Essex ICB - 06N,257 997,232 350,10 026,15 621,June
Sub ICB Location,06Q,E38000106,NHS Mid and South Essex ICB - 06Q,162 571,147 954,5 112,9 505,June
Sub ICB Location,06T,E38000117,NHS Suffolk and North East Essex ICB - 06T,182 284,164 891,6 642,10 751,June
Sub ICB Location,07G,E38000185,NHS Mid and South Essex ICB - 07G,92 534,82 761,2 766,7 007,June
Sub ICB Location,07H,E38000197,NHS Hertfordshire and West Essex ICB - 07H,134 496,123 175,4 495,6 826,June
Sub ICB Location,07K,E38000204,NHS Suffolk and North East Essex ICB - 07K,149 279,140 146,3 423,5 710,June
Sub ICB Location,09D,E38000021,NHS Sussex ICB - 09D,131 516,118 354,5 233,7 929,June
Sub ICB Location,10Q,E38000136,"NHS Buckinghamshire, Oxfordshire and Berkshire West ICB - 10Q",348 460,319 657,14 811,13 992,June
Sub ICB Location,10R,E38000137,NHS Hampshire and Isle Of Wight ICB - 10R,95 187,81 219,3 476,10 492,June
Sub ICB Location,11J,E38000045,NHS Dorset ICB - 11J,411 060,374 625,12 867,23 568,June
Sub ICB Location,11M,E38000062,NHS Gloucestershire ICB - 11M,357 508,326 593,10 881,20 034,June
Sub ICB Location,11N,E38000089,NHS Cornwall and The Isles Of Scilly ICB - 11N,346 291,314 207,11 459,20 625,June
Sub ICB Location,11X,E38000150,NHS Somerset ICB - 11X,284 723,259 851,11 159,13 713,June
Sub ICB Location,12F,E38000208,NHS Cheshire and Merseyside ICB - 12F,187 889,168 180,9 696,10 013,June
Sub ICB Location,13T,E38000212,NHS North East and North Cumbria ICB - 13T,252 482,230 401,11 034,11 047,June
Sub ICB Location,14L,E38000217,NHS Greater Manchester ICB - 14L,282 260,249 472,18 651,14 137,June
Sub ICB Location,14Y,E38000223,"NHS Buckinghamshire, Oxfordshire and Berkshire West ICB - 14Y",238 105,218 104,9 111,10 890,June
Sub ICB Location,15A,E38000221,"NHS Buckinghamshire, Oxfordshire and Berkshire West ICB - 15A",236 206,213 174,9 520,13 512,June
Sub ICB Location,15C,E38000222,"NHS Bristol, North Somerset and South Gloucestershire ICB - 15C",480 163,440 155,21 748,18 260,June
Sub ICB Location,15E,E38000258,NHS Birmingham and Solihull ICB - 15E,718 242,637 714,42 220,38 308,June
Sub ICB Location,15F,E38000225,NHS West Yorkshire ICB - 15F,391 832,352 615,17 041,22 176,June
Sub ICB Location,15M,E38000261,NHS Derby and Derbyshire ICB - 15M,547 219,496 675,17 026,33 518,June
Sub ICB Location,15N,E38000230,NHS Devon ICB - 15N,705 171,643 291,20 717,41 163,June
Sub ICB Location,16C,E38000247,NHS North East and North Cumbria ICB - 16C,340 891,306 267,13 531,21 093,June
Sub ICB Location,18C,E38000236,NHS Herefordshire and Worcestershire ICB - 18C,423 483,390 219,15 618,17 646,June
Sub ICB Location,26A,E38000239,NHS Norfolk and Waveney ICB - 26A,572 887,515 631,19 272,37 984,June
Sub ICB Location,27D,E38000233,NHS Cheshire and Merseyside ICB - 27D,350 086,314 694,15 982,19 410,June
Sub ICB Location,36J,E38000232,NHS West Yorkshire ICB - 36J,393 621,355 419,13 744,24 458,June
Sub ICB Location,36L,E38000245,NHS South West London ICB - 36L,696 873,625 013,36 913,34 947,June
Sub ICB Location,42D,E38000241,NHS Humber and North Yorkshire ICB - 42D,300 523,277 094,8 515,14 914,June
Sub ICB Location,52R,E38000243,NHS Nottingham and Nottinghamshire ICB - 52R,514 499,461 770,21 009,31 720,June
Sub ICB Location,70F,E38000248,NHS Sussex ICB - 70F,458 986,423 698,12 382,22 906,June
Sub ICB Location,71E,E38000238,NHS Lincolnshire ICB - 71E,487 094,446 990,13 385,26 719,June
Sub ICB Location,72Q,E38000244,NHS South East London ICB - 72Q,691 737,611 755,41 018,38 964,June
Sub ICB Location,78H,E38000262,NHS Northamptonshire ICB - 78H,374 311,345 094,11 286,17 931,June
Sub ICB Location,84H,E38000234,NHS North East and North Cumbria ICB - 84H,342 285,311 652,10 875,19 758,June
Sub ICB Location,91Q,E38000237,NHS Kent and Medway ICB - 91Q,855 519,762 740,36 619,56 160,June
Sub ICB Location,92A,E38000246,NHS Surrey Heartlands ICB - 92A,517 670,451 395,17 779,48 496,June
Sub ICB Location,92G,E38000231,"NHS Bath and North East Somerset, Swindon and Wiltshire ICB - 92G",505 476,464 814,14 460,26 202,June
Sub ICB Location,93C,E38000240,NHS North Central London ICB - 93C,656 896,588 369,36 038,32 489,June
Sub ICB Location,97R,E38000235,NHS Sussex ICB - 97R,290 401,255 593,11 359,23 449,June
Sub ICB Location,99A,E38000101,NHS Cheshire and Merseyside ICB - 99A,235 361,209 496,15 414,10 451,June
Sub ICB Location,99C,E38000127,NHS North East and North Cumbria ICB - 99C,103 061,93 903,4 069,5 089,June
Sub ICB Location,99E,E38000007,NHS Mid and South Essex ICB - 99E,129 899,118 018,3 129,8 752,June
Sub ICB Location,99F,E38000030,NHS Mid and South Essex ICB - 99F,70 784,64 013,2 431,4 340,June
Sub ICB Location,99G,E38000168,NHS Mid and South Essex ICB - 99G,71 430,64 933,3 000,3 497,June
Sub ICB Location,A3A8R,E38000255,NHS North East London ICB - A3A8R,977 083,863 655,62 727,50 701,June
Sub ICB Location,B2M3M,E38000251,NHS Coventry and Warwickshire ICB - B2M3M,454 944,407 352,20 940,26 652,June
Sub ICB Location,D2P2L,E38000259,NHS Black Country ICB - D2P2L,600 885,535 472,31 195,34 218,June
Sub ICB Location,D4U1Y,E38000252,NHS Frimley ICB - D4U1Y,363 237,327 451,17 930,17 856,June
Sub ICB Location,D9Y0V,E38000253,NHS Hampshire and Isle Of Wight ICB - D9Y0V,799 771,725 032,34 027,40 712,June
Sub ICB Location,M1J4Y,E38000249,"NHS Bedfordshire, Luton and Milton Keynes ICB - M1J4Y",458 021,411 922,19 012,27 087,June
Sub ICB Location,M2L0M,E38000257,"NHS Shropshire, Telford and Wrekin ICB - M2L0M",236 570,215 709,8 726,12 135,June
Sub ICB Location,W2U3Z,E38000256,NHS North West London ICB - W2U3Z,1 252 145,1 118 312,64 012,69 821,June
Sub ICB Location,X2C4Y,E38000254,NHS West Yorkshire ICB - X2C4Y,250 367,228 176,8 189,14 002,June
