Type,NHS_area_code,ONS_code,Name,Count_gp_appointments,Attended,Did_not_attend,Unknown,Month
National,ENG,ENG,England,38 464 170,33 907 103,1 977 741,2 579 326,October
Region,Y56,E40000003,London,5 439 476,4 772 884,348 249,318 343,October
Region,Y58,E40000006,South West,4 316 669,3 826 443,190 392,299 834,October
Region,Y59,E40000005,South East,5 917 188,5 131 972,325 519,459 697,October
Region,Y60,E40000011,Midlands,7 541 753,6 670 403,376 563,494 787,October
Region,Y61,E40000007,East of England,4 471 393,3 985 386,181 002,305 005,October
Region,Y62,E40000010,North West,4 541 230,3 956 287,290 274,294 669,October
Region,Y63,E40000012,North East and Yorkshire,6 236 461,5 563 728,265 742,406 991,October
ICB,QE1,E54000048,NHS Lancashire and South Cumbria Integrated Care Board,1 099 330,950 278,67 368,81 684,October
ICB,QF7,E54000061,NHS South Yorkshire Integrated Care Board,1 042 184,915 754,47 987,78 443,October
ICB,QGH,E54000019,NHS Herefordshire and Worcestershire Integrated Care Board,601 593,534 712,29 193,37 688,October
ICB,QH8,E54000026,NHS Mid and South Essex Integrated Care Board,723 558,645 502,25 044,53 012,October
ICB,QHG,E54000024,"NHS Bedfordshire, Luton and Milton Keynes Integrated Care Board",638 177,567 036,29 597,41 544,October
ICB,QHL,E54000055,NHS Birmingham and Solihull Integrated Care Board,919 840,804 222,60 399,55 219,October
ICB,QHM,E54000050,NHS North East and North Cumbria Integrated Care Board,2 156 208,1 928 087,98 435,129 686,October
ICB,QJ2,E54000058,NHS Derby and Derbyshire Integrated Care Board,773 189,685 211,31 423,56 555,October
ICB,QJG,E54000023,NHS Suffolk and North East Essex Integrated Care Board,735 518,664 921,27 985,42 612,October
ICB,QJK,E54000037,NHS Devon Integrated Care Board,1 015 830,907 957,35 444,72 429,October
ICB,QJM,E54000013,NHS Lincolnshire Integrated Care Board,604 071,543 035,19 473,41 563,October
ICB,QK1,E54000015,"NHS Leicester, Leicestershire and Rutland Integrated Care Board",802 246,713 887,36 177,52 182,October
ICB,QKK,E54000030,NHS South East London Integrated Care Board,931 440,804 362,64 997,62 081,October
ICB,QKS,E54000032,NHS Kent and Medway Integrated Care Board,1 161 540,1 000 755,67 109,93 676,October
ICB,QM7,E54000025,NHS Hertfordshire and West Essex Integrated Care Board,903 875,795 239,42 573,66 063,October
ICB,QMF,E54000029,NHS North East London Integrated Care Board,1 217 647,1 061 039,89 800,66 808,October
ICB,QMJ,E54000028,NHS North Central London Integrated Care Board,839 737,745 411,51 241,43 085,October
ICB,QMM,E54000022,NHS Norfolk and Waveney Integrated Care Board,781 469,700 687,28 048,52 734,October
ICB,QNC,E54000010,NHS Staffordshire and Stoke-on-Trent Integrated Care Board,706 063,617 644,41 861,46 558,October
ICB,QNQ,E54000034,NHS Frimley Integrated Care Board,481 170,415 661,39 945,25 564,October
ICB,QNX,E54000053,NHS Sussex Integrated Care Board,1 233 204,1 093 492,49 328,90 384,October
ICB,QOC,E54000011,"NHS Shropshire, Telford and Wrekin Integrated Care Board",324 820,287 825,15 547,21 448,October
ICB,QOP,E54000057,NHS Greater Manchester Integrated Care Board,1 792 767,1 565 117,119 399,108 251,October
ICB,QOQ,E54000051,NHS Humber and North Yorkshire Integrated Care Board,1 237 154,1 106 138,47 064,83 952,October
ICB,QOX,E54000040,"NHS Bath and North East Somerset, Swindon and Wiltshire Integrated Care Board",706 376,642 883,24 256,39 237,October
ICB,QPM,E54000059,NHS Northamptonshire Integrated Care Board,529 824,478 135,20 579,31 110,October
ICB,QR1,E54000043,NHS Gloucestershire Integrated Care Board,483 747,433 646,19 414,30 687,October
ICB,QRL,E54000042,NHS Hampshire and the Isle of Wight Integrated Care Board,1 222 582,1 051 389,71 119,100 074,October
ICB,QRV,E54000027,NHS North West London Integrated Care Board,1 581 699,1 395 037,90 297,96 365,October
ICB,QSL,E54000038,NHS Somerset Integrated Care Board,413 505,357 309,29 129,27 067,October
ICB,QT1,E54000060,NHS Nottingham and Nottinghamshire Integrated Care Board,827 495,738 415,36 781,52 299,October
ICB,QT6,E54000036,NHS Cornwall and the Isles of Scilly Integrated Care Board,483 590,431 532,17 002,35 056,October
ICB,QU9,E54000044,"NHS Buckinghamshire, Oxfordshire and Berkshire West Integrated Care Board",1 115 932,979 136,67 001,69 795,October
ICB,QUA,E54000062,NHS Black Country Integrated Care Board,833 554,732 046,46 213,55 295,October
ICB,QUE,E54000056,NHS Cambridgeshire and Peterborough Integrated Care Board,688 796,612 001,27 755,49 040,October
ICB,QUY,E54000039,"NHS Bristol, North Somerset and South Gloucestershire Integrated Care Board",605 083,518 713,42 276,44 094,October
ICB,QVV,E54000041,NHS Dorset Integrated Care Board,608 538,534 403,22 871,51 264,October
ICB,QWE,E54000031,NHS South West London Integrated Care Board,868 953,767 035,51 914,50 004,October
ICB,QWO,E54000054,NHS West Yorkshire Integrated Care Board,1 800 915,1 613 749,72 256,114 910,October
ICB,QWU,E54000018,NHS Coventry and Warwickshire Integrated Care Board,619 058,535 271,38 917,44 870,October
ICB,QXU,E54000052,NHS Surrey Heartlands Integrated Care Board,702 760,591 539,31 017,80 204,October
ICB,QYG,E54000008,NHS Cheshire and Merseyside Integrated Care Board,1 649 133,1 440 892,103 507,104 734,October
Sub ICB Location,00L,E38000130,NHS North East and North Cumbria ICB - 00L,253 706,223 282,11 523,18 901,October
Sub ICB Location,00N,E38000163,NHS North East and North Cumbria ICB - 00N,82 733,74 517,4 139,4 077,October
Sub ICB Location,00P,E38000176,NHS North East and North Cumbria ICB - 00P,174 828,157 896,9 311,7 621,October
Sub ICB Location,00Q,E38000014,NHS Lancashire and South Cumbria ICB - 00Q,90 690,80 196,5 422,5 072,October
Sub ICB Location,00R,E38000015,NHS Lancashire and South Cumbria ICB - 00R,113 175,93 980,10 256,8 939,October
Sub ICB Location,00T,E38000016,NHS Greater Manchester ICB - 00T,203 783,179 564,12 566,11 653,October
Sub ICB Location,00V,E38000024,NHS Greater Manchester ICB - 00V,104 611,93 657,6 952,4 002,October
Sub ICB Location,00X,E38000034,NHS Lancashire and South Cumbria ICB - 00X,119 964,102 902,6 546,10 516,October
Sub ICB Location,00Y,E38000135,NHS Greater Manchester ICB - 00Y,139 838,120 063,8 409,11 366,October
Sub ICB Location,01A,E38000050,NHS Lancashire and South Cumbria ICB - 01A,228 064,201 140,14 150,12 774,October
Sub ICB Location,01D,E38000080,NHS Greater Manchester ICB - 01D,132 144,115 778,9 497,6 869,October
Sub ICB Location,01E,E38000227,NHS Lancashire and South Cumbria ICB - 01E,125 591,104 896,7 478,13 217,October
Sub ICB Location,01F,E38000068,NHS Cheshire and Merseyside ICB - 01F,72 733,63 148,4 587,4 998,October
Sub ICB Location,01G,E38000143,NHS Greater Manchester ICB - 01G,185 516,155 307,12 031,18 178,October
Sub ICB Location,01H,E38000215,NHS North East and North Cumbria ICB - 01H,235 164,211 196,10 429,13 539,October
Sub ICB Location,01J,E38000091,NHS Cheshire and Merseyside ICB - 01J,100 555,87 472,6 784,6 299,October
Sub ICB Location,01K,E38000228,NHS Lancashire and South Cumbria ICB - 01K,208 543,181 845,13 165,13 533,October
Sub ICB Location,01T,E38000161,NHS Cheshire and Merseyside ICB - 01T,70 046,62 116,4 763,3 167,October
Sub ICB Location,01V,E38000170,NHS Cheshire and Merseyside ICB - 01V,86 620,77 096,5 499,4 025,October
Sub ICB Location,01W,E38000174,NHS Greater Manchester ICB - 01W,214 645,184 703,17 160,12 782,October
Sub ICB Location,01X,E38000172,NHS Cheshire and Merseyside ICB - 01X,113 092,97 156,5 545,10 391,October
Sub ICB Location,01Y,E38000263,NHS Greater Manchester ICB - 01Y,121 975,108 388,7 645,5 942,October
Sub ICB Location,02A,E38000187,NHS Greater Manchester ICB - 02A,134 203,116 335,8 768,9 100,October
Sub ICB Location,02E,E38000194,NHS Cheshire and Merseyside ICB - 02E,128 215,116 067,4 907,7 241,October
Sub ICB Location,02G,E38000200,NHS Lancashire and South Cumbria ICB - 02G,75 457,67 470,3 475,4 512,October
Sub ICB Location,02H,E38000205,NHS Greater Manchester ICB - 02H,196 241,175 441,9 965,10 835,October
Sub ICB Location,02M,E38000226,NHS Lancashire and South Cumbria ICB - 02M,137 846,117 849,6 876,13 121,October
Sub ICB Location,02P,E38000006,NHS South Yorkshire ICB - 02P,171 822,149 848,8 287,13 687,October
Sub ICB Location,02Q,E38000008,NHS Nottingham and Nottinghamshire ICB - 02Q,109 257,101 744,3 361,4 152,October
Sub ICB Location,02T,E38000025,NHS West Yorkshire ICB - 02T,144 110,128 917,6 578,8 615,October
Sub ICB Location,02X,E38000044,NHS South Yorkshire ICB - 02X,218 294,192 366,12 703,13 225,October
Sub ICB Location,02Y,E38000052,NHS Humber and North Yorkshire ICB - 02Y,228 548,207 850,7 501,13 197,October
Sub ICB Location,03F,E38000085,NHS Humber and North Yorkshire ICB - 03F,178 372,155 594,10 977,11 801,October
Sub ICB Location,03H,E38000119,NHS Humber and North Yorkshire ICB - 03H,129 168,117 209,3 949,8 010,October
Sub ICB Location,03K,E38000122,NHS Humber and North Yorkshire ICB - 03K,122 174,108 669,3 704,9 801,October
Sub ICB Location,03L,E38000141,NHS South Yorkshire ICB - 03L,214 434,186 201,8 390,19 843,October
Sub ICB Location,03N,E38000146,NHS South Yorkshire ICB - 03N,437 634,387 339,18 607,31 688,October
Sub ICB Location,03Q,E38000188,NHS Humber and North Yorkshire ICB - 03Q,140 096,130 403,3 511,6 182,October
Sub ICB Location,03R,E38000190,NHS West Yorkshire ICB - 03R,284 321,255 071,11 515,17 735,October
Sub ICB Location,03W,E38000051,"NHS Leicester, Leicestershire and Rutland ICB - 03W",245 094,219 514,11 154,14 426,October
Sub ICB Location,04C,E38000097,"NHS Leicester, Leicestershire and Rutland ICB - 04C",274 858,241 171,13 765,19 922,October
Sub ICB Location,04V,E38000201,"NHS Leicester, Leicestershire and Rutland ICB - 04V",282 294,253 202,11 258,17 834,October
Sub ICB Location,04Y,E38000028,NHS Staffordshire and Stoke-on-Trent ICB - 04Y,88 238,79 239,4 577,4 422,October
Sub ICB Location,05D,E38000053,NHS Staffordshire and Stoke-on-Trent ICB - 05D,87 219,79 443,3 190,4 586,October
Sub ICB Location,05G,E38000126,NHS Staffordshire and Stoke-on-Trent ICB - 05G,134 644,122 132,4 713,7 799,October
Sub ICB Location,05Q,E38000153,NHS Staffordshire and Stoke-on-Trent ICB - 05Q,127 773,114 015,8 513,5 245,October
Sub ICB Location,05V,E38000173,NHS Staffordshire and Stoke-on-Trent ICB - 05V,94 420,78 984,7 573,7 863,October
Sub ICB Location,05W,E38000175,NHS Staffordshire and Stoke-on-Trent ICB - 05W,173 769,143 831,13 295,16 643,October
Sub ICB Location,06H,E38000260,NHS Cambridgeshire and Peterborough ICB - 06H,688 796,612 001,27 755,49 040,October
Sub ICB Location,06K,E38000049,NHS Hertfordshire and West Essex ICB - 06K,354 894,311 382,14 170,29 342,October
Sub ICB Location,06L,E38000086,NHS Suffolk and North East Essex ICB - 06L,290 347,261 811,9 080,19 456,October
Sub ICB Location,06N,E38000079,NHS Hertfordshire and West Essex ICB - 06N,366 821,321 296,18 841,26 684,October
Sub ICB Location,06Q,E38000106,NHS Mid and South Essex ICB - 06Q,236 236,210 364,8 477,17 395,October
Sub ICB Location,06T,E38000117,NHS Suffolk and North East Essex ICB - 06T,244 039,219 439,11 486,13 114,October
Sub ICB Location,07G,E38000185,NHS Mid and South Essex ICB - 07G,117 126,103 890,4 265,8 971,October
Sub ICB Location,07H,E38000197,NHS Hertfordshire and West Essex ICB - 07H,182 160,162 561,9 562,10 037,October
Sub ICB Location,07K,E38000204,NHS Suffolk and North East Essex ICB - 07K,201 132,183 671,7 419,10 042,October
Sub ICB Location,09D,E38000021,NHS Sussex ICB - 09D,181 452,159 682,9 208,12 562,October
Sub ICB Location,10Q,E38000136,"NHS Buckinghamshire, Oxfordshire and Berkshire West ICB - 10Q",469 188,414 601,33 475,21 112,October
Sub ICB Location,10R,E38000137,NHS Hampshire and Isle Of Wight ICB - 10R,123 335,105 341,5 136,12 858,October
Sub ICB Location,11J,E38000045,NHS Dorset ICB - 11J,608 538,534 403,22 871,51 264,October
Sub ICB Location,11M,E38000062,NHS Gloucestershire ICB - 11M,483 747,433 646,19 414,30 687,October
Sub ICB Location,11N,E38000089,NHS Cornwall and The Isles Of Scilly ICB - 11N,483 590,431 532,17 002,35 056,October
Sub ICB Location,11X,E38000150,NHS Somerset ICB - 11X,413 505,357 309,29 129,27 067,October
Sub ICB Location,12F,E38000208,NHS Cheshire and Merseyside ICB - 12F,262 481,231 630,17 049,13 802,October
Sub ICB Location,13T,E38000212,NHS North East and North Cumbria ICB - 13T,333 636,300 032,16 544,17 060,October
Sub ICB Location,14L,E38000217,NHS Greater Manchester ICB - 14L,359 811,315 881,26 406,17 524,October
Sub ICB Location,14Y,E38000223,"NHS Buckinghamshire, Oxfordshire and Berkshire West ICB - 14Y",322 759,284 054,18 254,20 451,October
Sub ICB Location,15A,E38000221,"NHS Buckinghamshire, Oxfordshire and Berkshire West ICB - 15A",323 985,280 481,15 272,28 232,October
Sub ICB Location,15C,E38000222,"NHS Bristol, North Somerset and South Gloucestershire ICB - 15C",605 083,518 713,42 276,44 094,October
Sub ICB Location,15E,E38000258,NHS Birmingham and Solihull ICB - 15E,919 840,804 222,60 399,55 219,October
Sub ICB Location,15F,E38000225,NHS West Yorkshire ICB - 15F,535 088,479 160,25 335,30 593,October
Sub ICB Location,15M,E38000261,NHS Derby and Derbyshire ICB - 15M,773 189,685 211,31 423,56 555,October
Sub ICB Location,15N,E38000230,NHS Devon ICB - 15N,1 015 830,907 957,35 444,72 429,October
Sub ICB Location,16C,E38000247,NHS North East and North Cumbria ICB - 16C,482 249,425 066,23 821,33 362,October
Sub ICB Location,18C,E38000236,NHS Herefordshire and Worcestershire ICB - 18C,601 593,534 712,29 193,37 688,October
Sub ICB Location,26A,E38000239,NHS Norfolk and Waveney ICB - 26A,781 469,700 687,28 048,52 734,October
Sub ICB Location,27D,E38000233,NHS Cheshire and Merseyside ICB - 27D,503 735,430 905,32 628,40 202,October
Sub ICB Location,36J,E38000232,NHS West Yorkshire ICB - 36J,498 392,444 968,16 661,36 763,October
Sub ICB Location,36L,E38000245,NHS South West London ICB - 36L,868 953,767 035,51 914,50 004,October
Sub ICB Location,42D,E38000241,NHS Humber and North Yorkshire ICB - 42D,438 796,386 413,17 422,34 961,October
Sub ICB Location,52R,E38000243,NHS Nottingham and Nottinghamshire ICB - 52R,718 238,636 671,33 420,48 147,October
Sub ICB Location,70F,E38000248,NHS Sussex ICB - 70F,655 205,591 547,21 052,42 606,October
Sub ICB Location,71E,E38000238,NHS Lincolnshire ICB - 71E,604 071,543 035,19 473,41 563,October
Sub ICB Location,72Q,E38000244,NHS South East London ICB - 72Q,931 440,804 362,64 997,62 081,October
Sub ICB Location,78H,E38000262,NHS Northamptonshire ICB - 78H,529 824,478 135,20 579,31 110,October
Sub ICB Location,84H,E38000234,NHS North East and North Cumbria ICB - 84H,448 533,404 401,15 932,28 200,October
Sub ICB Location,91Q,E38000237,NHS Kent and Medway ICB - 91Q,1 161 540,1 000 755,67 109,93 676,October
Sub ICB Location,92A,E38000246,NHS Surrey Heartlands ICB - 92A,702 760,591 539,31 017,80 204,October
Sub ICB Location,92G,E38000231,"NHS Bath and North East Somerset, Swindon and Wiltshire ICB - 92G",706 376,642 883,24 256,39 237,October
Sub ICB Location,93C,E38000240,NHS North Central London ICB - 93C,839 737,745 411,51 241,43 085,October
Sub ICB Location,97R,E38000235,NHS Sussex ICB - 97R,396 547,342 263,19 068,35 216,October
Sub ICB Location,99A,E38000101,NHS Cheshire and Merseyside ICB - 99A,311 656,275 302,21 745,14 609,October
Sub ICB Location,99C,E38000127,NHS North East and North Cumbria ICB - 99C,145 359,131 697,6 736,6 926,October
Sub ICB Location,99E,E38000007,NHS Mid and South Essex ICB - 99E,176 767,158 529,4 755,13 483,October
Sub ICB Location,99F,E38000030,NHS Mid and South Essex ICB - 99F,99 137,88 039,3 388,7 710,October
Sub ICB Location,99G,E38000168,NHS Mid and South Essex ICB - 99G,94 292,84 680,4 159,5 453,October
Sub ICB Location,A3A8R,E38000255,NHS North East London ICB - A3A8R,1 217 647,1 061 039,89 800,66 808,October
Sub ICB Location,B2M3M,E38000251,NHS Coventry and Warwickshire ICB - B2M3M,619 058,535 271,38 917,44 870,October
Sub ICB Location,D2P2L,E38000259,NHS Black Country ICB - D2P2L,833 554,732 046,46 213,55 295,October
Sub ICB Location,D4U1Y,E38000252,NHS Frimley ICB - D4U1Y,481 170,415 661,39 945,25 564,October
Sub ICB Location,D9Y0V,E38000253,NHS Hampshire and Isle Of Wight ICB - D9Y0V,1 099 247,946 048,65 983,87 216,October
Sub ICB Location,M1J4Y,E38000249,"NHS Bedfordshire, Luton and Milton Keynes ICB - M1J4Y",638 177,567 036,29 597,41 544,October
Sub ICB Location,M2L0M,E38000257,"NHS Shropshire, Telford and Wrekin ICB - M2L0M",324 820,287 825,15 547,21 448,October
Sub ICB Location,W2U3Z,E38000256,NHS North West London ICB - W2U3Z,1 581 699,1 395 037,90 297,96 365,October
Sub ICB Location,X2C4Y,E38000254,NHS West Yorkshire ICB - X2C4Y,339 004,305 633,12 167,21 204,October
